original_id,synthetic_id,dtw_distance,dtw_distance_norm,similarity_dtw,rank_for_original,original_len,synthetic_len,original_start_date,original_end_date,synthetic_start_date,synthetic_end_date,original_peak_value,synthetic_peak_value,original_model,synthetic_model,synthetic_metodo_prediccion,synthetic_metodo_deteccion
1,20,4.161512580571585,0.19816726574150403,0.8346080122470503,1,21,17,2005-04-20,2005-04-20,2025-05-03,2025-05-03,786.0,1835.19,,SVR_FEEDBACK,SVR_FEEDBACK,DBSCAN
1,19,5.59181465926488,0.19282119514706483,0.8383486176037545,2,21,29,2005-04-20,2005-04-20,2025-04-21,2025-05-09,786.0,1837.99,,SVR_FEEDBACK,SVR_FEEDBACK,COUTA
1,33,5.658055532975187,0.26943121585596125,0.787754379685482,3,21,11,2005-04-20,2005-04-20,2025-04-10,2025-04-10,786.0,1757.38,,RF_FEEDBACK,RF_FEEDBACK,ARIMA
1,21,5.695809564106461,0.2712290268622124,0.7866403133260025,4,21,13,2005-04-20,2005-04-20,2025-04-11,2025-04-12,786.0,1788.85,,SVR_FEEDBACK,SVR_FEEDBACK,DIF
1,18,5.751754279673128,0.27389306093681565,0.7849952485529704,5,21,12,2005-04-20,2005-04-20,2025-04-10,2025-04-11,786.0,1783.49,,SVR_FEEDBACK,SVR_FEEDBACK,ARIMA
2,39,5.806666914272064,0.2765079482986697,0.7833872098742514,1,21,12,2005-04-26,2005-04-26,2025-04-10,2025-04-11,821.0,1767.95,,RF_FEEDBACK,RF_FEEDBACK,IFOREST
2,33,5.923962186545039,0.2820934374545257,0.7799743534959548,2,21,11,2005-04-26,2005-04-26,2025-04-10,2025-04-10,821.0,1757.38,,RF_FEEDBACK,RF_FEEDBACK,ARIMA
2,34,6.274031114214134,0.29876338639114924,0.769963189968484,3,21,13,2005-04-26,2005-04-26,2025-04-12,2025-04-12,821.0,1785.88,,RF_FEEDBACK,RF_FEEDBACK,ARIMA
2,37,6.274031114214134,0.29876338639114924,0.769963189968484,4,21,13,2005-04-26,2005-04-26,2025-04-12,2025-04-12,821.0,1785.88,,RF_FEEDBACK,RF_FEEDBACK,DIF
2,38,9.035782963900532,0.4302753792333587,0.6991660588718304,5,21,21,2005-04-26,2005-04-26,2025-04-20,2025-04-20,821.0,1792.87,,RF_FEEDBACK,RF_FEEDBACK,DIF
3,3,4.30440182268066,0.2049715153657457,0.8298951363148775,1,21,11,2006-10-16,2006-10-16,2025-05-09,2025-05-09,520.0,1695.51,,ARIMA,ARIMA,DBSCAN
3,5,4.30440182268066,0.2049715153657457,0.8298951363148775,2,21,11,2006-10-16,2006-10-16,2025-05-09,2025-05-09,520.0,1695.51,,ARIMA,ARIMA,DIF
3,7,4.30440182268066,0.2049715153657457,0.8298951363148775,3,21,11,2006-10-16,2006-10-16,2025-05-09,2025-05-09,520.0,1695.51,,ARIMA,ARIMA,IFOREST
3,8,4.30440182268066,0.2049715153657457,0.8298951363148775,4,21,11,2006-10-16,2006-10-16,2025-05-09,2025-05-09,520.0,1695.51,,ARIMA,ARIMA,TIMEGPT
3,41,4.437541071866804,0.21131147961270494,0.8255514926018303,5,21,12,2006-10-16,2006-10-16,2025-04-10,2025-04-11,520.0,1776.64,,RF_DIRECT,RF_DIRECT,ARIMA
4,23,4.146171829251685,0.19743675377388975,0.8351171757910052,1,21,21,2006-11-27,2006-11-27,2025-04-21,2025-04-21,604.0,1808.01,,SVR_FEEDBACK,SVR_FEEDBACK,TIMEGPT
4,21,4.2522499872550075,0.20248809463119083,0.8316090649585225,2,21,13,2006-11-27,2006-11-27,2025-04-11,2025-04-12,604.0,1788.85,,SVR_FEEDBACK,SVR_FEEDBACK,DIF
4,18,4.531340653243133,0.2157781263449111,0.822518499330448,3,21,12,2006-11-27,2006-11-27,2025-04-10,2025-04-11,604.0,1783.49,,SVR_FEEDBACK,SVR_FEEDBACK,ARIMA
4,22,4.531340653243133,0.2157781263449111,0.822518499330448,4,21,12,2006-11-27,2006-11-27,2025-04-10,2025-04-11,604.0,1783.49,,SVR_FEEDBACK,SVR_FEEDBACK,IFOREST
4,20,6.705249654683938,0.3192976026039971,0.7579790928341147,5,21,17,2006-11-27,2006-11-27,2025-05-03,2025-05-03,604.0,1835.19,,SVR_FEEDBACK,SVR_FEEDBACK,DBSCAN
5,20,3.386128533878757,0.16124421589898844,0.8611453011422239,1,21,17,2006-12-01,2006-12-01,2025-05-03,2025-05-03,674.0,1835.19,,SVR_FEEDBACK,SVR_FEEDBACK,DBSCAN
5,18,4.175954469855062,0.19885497475500297,0.8341292492066099,2,21,12,2006-12-01,2006-12-01,2025-04-10,2025-04-11,674.0,1783.49,,SVR_FEEDBACK,SVR_FEEDBACK,ARIMA
5,22,4.175954469855062,0.19885497475500297,0.8341292492066099,3,21,12,2006-12-01,2006-12-01,2025-04-10,2025-04-11,674.0,1783.49,,SVR_FEEDBACK,SVR_FEEDBACK,IFOREST
5,21,4.26643360814692,0.20316350514985332,0.8311422310598181,4,21,13,2006-12-01,2006-12-01,2025-04-11,2025-04-12,674.0,1788.85,,SVR_FEEDBACK,SVR_FEEDBACK,DIF
5,19,4.661458641953183,0.1607399531707994,0.8615194103281228,5,21,29,2006-12-01,2006-12-01,2025-04-21,2025-05-09,674.0,1837.99,,SVR_FEEDBACK,SVR_FEEDBACK,COUTA
6,18,5.076907022723312,0.24175747727253868,0.8053102303007288,1,21,12,2006-12-22,2006-12-22,2025-04-10,2025-04-11,852.0,1783.49,,SVR_FEEDBACK,SVR_FEEDBACK,ARIMA
6,22,5.076907022723312,0.24175747727253868,0.8053102303007288,2,21,12,2006-12-22,2006-12-22,2025-04-10,2025-04-11,852.0,1783.49,,SVR_FEEDBACK,SVR_FEEDBACK,IFOREST
6,21,5.204804258494002,0.24784782183304774,0.8013797696349164,3,21,13,2006-12-22,2006-12-22,2025-04-11,2025-04-12,852.0,1788.85,,SVR_FEEDBACK,SVR_FEEDBACK,DIF
6,20,6.39007349269565,0.3042892139378881,0.7667011191335523,4,21,17,2006-12-22,2006-12-22,2025-05-03,2025-05-03,852.0,1835.19,,SVR_FEEDBACK,SVR_FEEDBACK,DBSCAN
6,19,6.411713554144063,0.2210935708325539,0.8189380600195855,5,21,29,2006-12-22,2006-12-22,2025-04-21,2025-05-09,852.0,1837.99,,SVR_FEEDBACK,SVR_FEEDBACK,COUTA
7,18,7.759821140443673,0.3695152924020797,0.7301853477269586,1,21,12,2007-01-18,2007-01-18,2025-04-10,2025-04-11,946.0,1783.49,,SVR_FEEDBACK,SVR_FEEDBACK,ARIMA
7,22,7.759821140443673,0.3695152924020797,0.7301853477269586,2,21,12,2007-01-18,2007-01-18,2025-04-10,2025-04-11,946.0,1783.49,,SVR_FEEDBACK,SVR_FEEDBACK,IFOREST
7,21,7.939261826349172,0.3780600869690082,0.7256577630076078,3,21,13,2007-01-18,2007-01-18,2025-04-11,2025-04-12,946.0,1788.85,,SVR_FEEDBACK,SVR_FEEDBACK,DIF
7,20,8.916488942092816,0.4245947115282293,0.7019540307904507,4,21,17,2007-01-18,2007-01-18,2025-05-03,2025-05-03,946.0,1835.19,,SVR_FEEDBACK,SVR_FEEDBACK,DBSCAN
7,23,9.346592383208813,0.44507582777184823,0.6920052088490696,5,21,21,2007-01-18,2007-01-18,2025-04-21,2025-04-21,946.0,1808.01,,SVR_FEEDBACK,SVR_FEEDBACK,TIMEGPT
8,35,9.375683403126414,0.33484583582594335,0.7491501813625124,1,21,28,2007-01-23,2007-01-23,2025-04-22,2025-05-09,1038.0,1805.17,,RF_FEEDBACK,RF_FEEDBACK,COUTA
8,40,10.711890555172669,0.5100900264367938,0.662212174435453,2,21,21,2007-01-23,2007-01-23,2025-04-21,2025-04-21,1038.0,1791.92,,RF_FEEDBACK,RF_FEEDBACK,TIMEGPT
8,39,11.492316957212198,0.5472531884386761,0.6463066338929919,3,21,12,2007-01-23,2007-01-23,2025-04-10,2025-04-11,1038.0,1767.95,,RF_FEEDBACK,RF_FEEDBACK,IFOREST
8,34,11.670968140495496,0.5557603876426427,0.6427725040070241,4,21,13,2007-01-23,2007-01-23,2025-04-12,2025-04-12,1038.0,1785.88,,RF_FEEDBACK,RF_FEEDBACK,ARIMA
8,37,11.670968140495496,0.5557603876426427,0.6427725040070241,5,21,13,2007-01-23,2007-01-23,2025-04-12,2025-04-12,1038.0,1785.88,,RF_FEEDBACK,RF_FEEDBACK,DIF
9,43,6.544270283822723,0.29746683108285105,0.7707326122282536,1,22,11,2007-01-29,2007-01-30,2025-05-09,2025-05-09,885.0,1532.68,,RF_DIRECT,RF_DIRECT,DBSCAN
9,55,6.5927968226979115,0.29967258284990506,0.7694245559964135,2,22,11,2007-01-29,2007-01-30,2025-05-09,2025-05-09,885.0,1741.36,,PROPHET_DIRECT,PROPHET_DIRECT,IFOREST
9,56,6.5927968226979115,0.29967258284990506,0.7694245559964135,3,22,11,2007-01-29,2007-01-30,2025-05-09,2025-05-09,885.0,1741.36,,PROPHET_DIRECT,PROPHET_DIRECT,TIMEGPT
9,16,6.807241484447483,0.3094200674748856,0.7636968646191761,4,22,11,2007-01-29,2007-01-30,2025-05-09,2025-05-09,885.0,1690.15,,ARIMA_FEEDBACK,ARIMA_FEEDBACK,IFOREST
9,41,6.937321262975146,0.3153327846806885,0.7602638751551843,5,22,12,2007-01-29,2007-01-30,2025-04-10,2025-04-11,885.0,1776.64,,RF_DIRECT,RF_DIRECT,ARIMA
10,3,4.390802470335333,0.20908583192073016,0.827071142179724,1,21,11,2007-02-14,2007-02-14,2025-05-09,2025-05-09,696.0,1695.51,,ARIMA,ARIMA,DBSCAN
10,5,4.390802470335333,0.20908583192073016,0.827071142179724,2,21,11,2007-02-14,2007-02-14,2025-05-09,2025-05-09,696.0,1695.51,,ARIMA,ARIMA,DIF
10,7,4.390802470335333,0.20908583192073016,0.827071142179724,3,21,11,2007-02-14,2007-02-14,2025-05-09,2025-05-09,696.0,1695.51,,ARIMA,ARIMA,IFOREST
10,8,4.390802470335333,0.20908583192073016,0.827071142179724,4,21,11,2007-02-14,2007-02-14,2025-05-09,2025-05-09,696.0,1695.51,,ARIMA,ARIMA,TIMEGPT
10,16,4.489112860238932,0.21376727905899676,0.823881165074144,5,21,11,2007-02-14,2007-02-14,2025-05-09,2025-05-09,696.0,1690.15,,ARIMA_FEEDBACK,ARIMA_FEEDBACK,IFOREST
11,40,10.191092214406385,0.4852901054479231,0.6732691454228918,1,21,21,2007-07-27,2007-07-27,2025-04-21,2025-04-21,710.0,1791.92,,RF_FEEDBACK,RF_FEEDBACK,TIMEGPT
11,39,11.476415721255334,0.5464959867264445,0.6466230811996846,2,21,12,2007-07-27,2007-07-27,2025-04-10,2025-04-11,710.0,1767.95,,RF_FEEDBACK,RF_FEEDBACK,IFOREST
11,33,11.581753015880382,0.5515120483752562,0.6445325391106052,3,21,11,2007-07-27,2007-07-27,2025-04-10,2025-04-10,710.0,1757.38,,RF_FEEDBACK,RF_FEEDBACK,ARIMA
11,38,11.671532533958095,0.5557872635218141,0.6427614002548869,4,21,21,2007-07-27,2007-07-27,2025-04-20,2025-04-20,710.0,1792.87,,RF_FEEDBACK,RF_FEEDBACK,DIF
11,34,11.822631939800162,0.5629824733238172,0.6398024399297412,5,21,13,2007-07-27,2007-07-27,2025-04-12,2025-04-12,710.0,1785.88,,RF_FEEDBACK,RF_FEEDBACK,ARIMA
12,20,8.750848985004405,0.4167070945240193,0.7058622095317288,1,21,17,2007-08-16,2007-08-16,2025-05-03,2025-05-03,770.0,1835.19,,SVR_FEEDBACK,SVR_FEEDBACK,DBSCAN
12,34,10.495067159482431,0.49976510283249675,0.6667710817589855,2,21,13,2007-08-16,2007-08-16,2025-04-12,2025-04-12,770.0,1785.88,,RF_FEEDBACK,RF_FEEDBACK,ARIMA
12,37,10.495067159482431,0.49976510283249675,0.6667710817589855,3,21,13,2007-08-16,2007-08-16,2025-04-12,2025-04-12,770.0,1785.88,,RF_FEEDBACK,RF_FEEDBACK,DIF
12,33,10.80578794512932,0.5145613307204437,0.6602571845171313,4,21,11,2007-08-16,2007-08-16,2025-04-10,2025-04-10,770.0,1757.38,,RF_FEEDBACK,RF_FEEDBACK,ARIMA
12,39,10.810403262192281,0.514781107723442,0.6601613889302433,5,21,12,2007-08-16,2007-08-16,2025-04-10,2025-04-11,770.0,1767.95,,RF_FEEDBACK,RF_FEEDBACK,IFOREST
13,20,7.594336327549674,0.3616350632166511,0.7344111700808111,1,21,17,2008-09-15,2008-09-15,2025-05-03,2025-05-03,974.0,1835.19,,SVR_FEEDBACK,SVR_FEEDBACK,DBSCAN
13,33,8.562071964839761,0.4077177126114172,0.7103696934699559,2,21,11,2008-09-15,2008-09-15,2025-04-10,2025-04-10,974.0,1757.38,,RF_FEEDBACK,RF_FEEDBACK,ARIMA
13,21,8.659171774921594,0.41234151309150446,0.7080440465217783,3,21,13,2008-09-15,2008-09-15,2025-04-11,2025-04-12,974.0,1788.85,,SVR_FEEDBACK,SVR_FEEDBACK,DIF
13,18,8.883252964849273,0.4230120459452035,0.7027347399127409,4,21,12,2008-09-15,2008-09-15,2025-04-10,2025-04-11,974.0,1783.49,,SVR_FEEDBACK,SVR_FEEDBACK,ARIMA
13,22,8.883252964849273,0.4230120459452035,0.7027347399127409,5,21,12,2008-09-15,2008-09-15,2025-04-10,2025-04-11,974.0,1783.49,,SVR_FEEDBACK,SVR_FEEDBACK,IFOREST
14,34,8.64312652447047,0.41157745354621283,0.7084272970553376,1,21,13,2008-09-19,2008-09-19,2025-04-12,2025-04-12,927.0,1785.88,,RF_FEEDBACK,RF_FEEDBACK,ARIMA
14,37,8.64312652447047,0.41157745354621283,0.7084272970553376,2,21,13,2008-09-19,2008-09-19,2025-04-12,2025-04-12,927.0,1785.88,,RF_FEEDBACK,RF_FEEDBACK,DIF
14,18,8.802111982362325,0.4191481896363012,0.7046480468373635,3,21,12,2008-09-19,2008-09-19,2025-04-10,2025-04-11,927.0,1783.49,,SVR_FEEDBACK,SVR_FEEDBACK,ARIMA
14,22,8.802111982362325,0.4191481896363012,0.7046480468373635,4,21,12,2008-09-19,2008-09-19,2025-04-10,2025-04-11,927.0,1783.49,,SVR_FEEDBACK,SVR_FEEDBACK,IFOREST
14,21,8.898650176655446,0.4237452465074022,0.7023728454603138,5,21,13,2008-09-19,2008-09-19,2025-04-11,2025-04-12,927.0,1788.85,,SVR_FEEDBACK,SVR_FEEDBACK,DIF
15,23,4.39243143489565,0.20916340166169764,0.8270180842603622,1,21,21,2008-09-29,2008-09-29,2025-04-21,2025-04-21,1008.0,1808.01,,SVR_FEEDBACK,SVR_FEEDBACK,TIMEGPT
15,18,5.173128866192681,0.2463394698186991,0.8023496199999721,2,21,12,2008-09-29,2008-09-29,2025-04-10,2025-04-11,1008.0,1783.49,,SVR_FEEDBACK,SVR_FEEDBACK,ARIMA
15,22,5.173128866192681,0.2463394698186991,0.8023496199999721,3,21,12,2008-09-29,2008-09-29,2025-04-10,2025-04-11,1008.0,1783.49,,SVR_FEEDBACK,SVR_FEEDBACK,IFOREST
15,21,5.8269161466899195,0.27747219746142476,0.7827959011453919,4,21,13,2008-09-29,2008-09-29,2025-04-11,2025-04-12,1008.0,1788.85,,SVR_FEEDBACK,SVR_FEEDBACK,DIF
15,19,7.2861952071085305,0.25124811058994934,0.799202006010232,5,21,29,2008-09-29,2008-09-29,2025-04-21,2025-05-09,1008.0,1837.99,,SVR_FEEDBACK,SVR_FEEDBACK,COUTA
16,23,3.1144612551411193,0.1415664206882327,0.8759893264879983,1,22,21,2008-10-01,2008-10-02,2025-04-21,2025-04-21,1162.0,1808.01,,SVR_FEEDBACK,SVR_FEEDBACK,TIMEGPT
16,18,4.440181475488721,0.20182643070403278,0.832066906212237,2,22,12,2008-10-01,2008-10-02,2025-04-10,2025-04-11,1162.0,1783.49,,SVR_FEEDBACK,SVR_FEEDBACK,ARIMA
16,22,4.440181475488721,0.20182643070403278,0.832066906212237,3,22,12,2008-10-01,2008-10-02,2025-04-10,2025-04-11,1162.0,1783.49,,SVR_FEEDBACK,SVR_FEEDBACK,IFOREST
16,21,4.716703478142833,0.21439561264285603,0.8234548853678145,4,22,13,2008-10-01,2008-10-02,2025-04-11,2025-04-12,1162.0,1788.85,,SVR_FEEDBACK,SVR_FEEDBACK,DIF
16,19,5.717413142551957,0.19715217732937784,0.8353156924717897,5,22,29,2008-10-01,2008-10-02,2025-04-21,2025-05-09,1162.0,1837.99,,SVR_FEEDBACK,SVR_FEEDBACK,COUTA
17,18,3.033702799408255,0.13789558179128433,0.8788152586248661,1,22,12,2008-10-09,2008-10-10,2025-04-10,2025-04-11,1509.0,1783.49,,SVR_FEEDBACK,SVR_FEEDBACK,ARIMA
17,22,3.033702799408255,0.13789558179128433,0.8788152586248661,2,22,12,2008-10-09,2008-10-10,2025-04-10,2025-04-11,1509.0,1783.49,,SVR_FEEDBACK,SVR_FEEDBACK,IFOREST
17,21,3.226066914796879,0.14663940521803995,0.8721137573410399,3,22,13,2008-10-09,2008-10-10,2025-04-11,2025-04-12,1509.0,1788.85,,SVR_FEEDBACK,SVR_FEEDBACK,DIF
17,23,3.6411874203510313,0.16550851910686507,0.8579945865743692,4,22,21,2008-10-09,2008-10-10,2025-04-21,2025-04-21,1509.0,1808.01,,SVR_FEEDBACK,SVR_FEEDBACK,TIMEGPT
17,20,3.9208462601608276,0.1782202845527649,0.8487377217237312,5,22,17,2008-10-09,2008-10-10,2025-05-03,2025-05-03,1509.0,1835.19,,SVR_FEEDBACK,SVR_FEEDBACK,DBSCAN
18,23,4.489688874875411,0.18707036978647548,0.8424100419420587,1,24,21,2008-10-14,2008-10-17,2025-04-21,2025-04-21,1610.0,1808.01,,SVR_FEEDBACK,SVR_FEEDBACK,TIMEGPT
18,18,5.808073585405749,0.24200306605857289,0.805150991433092,2,24,12,2008-10-14,2008-10-17,2025-04-10,2025-04-11,1610.0,1783.49,,SVR_FEEDBACK,SVR_FEEDBACK,ARIMA
18,22,5.808073585405749,0.24200306605857289,0.805150991433092,3,24,12,2008-10-14,2008-10-17,2025-04-10,2025-04-11,1610.0,1783.49,,SVR_FEEDBACK,SVR_FEEDBACK,IFOREST
18,21,6.302171215792909,0.26259046732470454,0.7920224537405973,4,24,13,2008-10-14,2008-10-17,2025-04-11,2025-04-12,1610.0,1788.85,,SVR_FEEDBACK,SVR_FEEDBACK,DIF
18,19,7.523411921354553,0.259427997288088,0.794011251261119,5,24,29,2008-10-14,2008-10-17,2025-04-21,2025-05-09,1610.0,1837.99,,SVR_FEEDBACK,SVR_FEEDBACK,COUTA
19,33,2.137368045757901,0.10177943075037624,0.9076226802663592,1,21,11,2008-10-28,2008-10-28,2025-04-10,2025-04-10,3130.0,1757.38,,RF_FEEDBACK,RF_FEEDBACK,ARIMA
19,39,3.041345179043375,0.14482596090682737,0.8734952159958799,2,21,12,2008-10-28,2008-10-28,2025-04-10,2025-04-11,3130.0,1767.95,,RF_FEEDBACK,RF_FEEDBACK,IFOREST
19,34,3.4205746984945975,0.16288450945212368,0.8599306224064638,3,21,13,2008-10-28,2008-10-28,2025-04-12,2025-04-12,3130.0,1785.88,,RF_FEEDBACK,RF_FEEDBACK,ARIMA
19,37,3.4205746984945975,0.16288450945212368,0.8599306224064638,4,21,13,2008-10-28,2008-10-28,2025-04-12,2025-04-12,3130.0,1785.88,,RF_FEEDBACK,RF_FEEDBACK,DIF
19,18,4.0730524891063755,0.19395488043363693,0.8375525879477174,5,21,12,2008-10-28,2008-10-28,2025-04-10,2025-04-11,3130.0,1783.49,,SVR_FEEDBACK,SVR_FEEDBACK,ARIMA
20,57,12.55266432021648,0.5977459200103086,0.625881742194371,1,21,11,2008-11-03,2008-11-03,2025-04-10,2025-04-10,3080.0,1784.84,,PROPHET_FEEDBACK,PROPHET_FEEDBACK,ARIMA
20,18,13.679998478879147,0.6514284989942452,0.6055363587397342,2,21,12,2008-11-03,2008-11-03,2025-04-10,2025-04-11,3080.0,1783.49,,SVR_FEEDBACK,SVR_FEEDBACK,ARIMA
20,22,13.679998478879147,0.6514284989942452,0.6055363587397342,3,21,12,2008-11-03,2008-11-03,2025-04-10,2025-04-11,3080.0,1783.49,,SVR_FEEDBACK,SVR_FEEDBACK,IFOREST
20,6,13.774438370340587,0.6559256366828851,0.6038918522954804,4,21,11,2008-11-03,2008-11-03,2025-04-10,2025-04-10,3080.0,1732.82,,ARIMA,ARIMA,IFOREST
20,28,14.031429380606113,0.6681633038383863,0.5994616940074359,5,21,14,2008-11-03,2008-11-03,2025-04-13,2025-04-13,3080.0,1729.43,,SVR_DIRECT,SVR_DIRECT,DIF
21,21,10.715375990376605,0.5102559995417432,0.6621393990842811,1,21,13,2008-11-07,2008-11-07,2025-04-11,2025-04-12,2945.0,1788.85,,SVR_FEEDBACK,SVR_FEEDBACK,DIF
21,18,10.80810893323516,0.5146718539635791,0.6602090065800122,2,21,12,2008-11-07,2008-11-07,2025-04-10,2025-04-11,2945.0,1783.49,,SVR_FEEDBACK,SVR_FEEDBACK,ARIMA
21,22,10.80810893323516,0.5146718539635791,0.6602090065800122,3,21,12,2008-11-07,2008-11-07,2025-04-10,2025-04-11,2945.0,1783.49,,SVR_FEEDBACK,SVR_FEEDBACK,IFOREST
21,23,12.05802416865976,0.5741916270790361,0.6352466769598645,4,21,21,2008-11-07,2008-11-07,2025-04-21,2025-04-21,2945.0,1808.01,,SVR_FEEDBACK,SVR_FEEDBACK,TIMEGPT
21,33,13.172234917213585,0.6272492817720755,0.6145339937781379,5,21,11,2008-11-07,2008-11-07,2025-04-10,2025-04-10,2945.0,1757.38,,RF_FEEDBACK,RF_FEEDBACK,ARIMA
22,20,7.219047164398267,0.3138716158434029,0.7611093716779003,1,23,17,2008-11-12,2008-11-14,2025-05-03,2025-05-03,4460.0,1835.19,,SVR_FEEDBACK,SVR_FEEDBACK,DBSCAN
22,21,8.498971805711871,0.3695205132918205,0.7301825641124353,2,23,13,2008-11-12,2008-11-14,2025-04-11,2025-04-12,4460.0,1788.85,,SVR_FEEDBACK,SVR_FEEDBACK,DIF
22,18,8.836814573335063,0.38420932927543755,0.7224340848240407,3,23,12,2008-11-12,2008-11-14,2025-04-10,2025-04-11,4460.0,1783.49,,SVR_FEEDBACK,SVR_FEEDBACK,ARIMA
22,22,8.836814573335063,0.38420932927543755,0.7224340848240407,4,23,12,2008-11-12,2008-11-14,2025-04-10,2025-04-11,4460.0,1783.49,,SVR_FEEDBACK,SVR_FEEDBACK,IFOREST
22,33,10.485375816801996,0.45588590507834764,0.6868670110149775,5,23,11,2008-11-12,2008-11-14,2025-04-10,2025-04-10,4460.0,1757.38,,RF_FEEDBACK,RF_FEEDBACK,ARIMA
23,40,8.061297418664335,0.3838713056506826,0.7226105461662202,1,21,21,2008-11-21,2008-11-21,2025-04-21,2025-04-21,4280.0,1791.92,,RF_FEEDBACK,RF_FEEDBACK,TIMEGPT
23,38,8.615954565299635,0.41028355072855405,0.7090772628549762,2,21,21,2008-11-21,2008-11-21,2025-04-20,2025-04-20,4280.0,1792.87,,RF_FEEDBACK,RF_FEEDBACK,DIF
23,39,8.88866477402023,0.4232697511438205,0.7026074988218806,3,21,12,2008-11-21,2008-11-21,2025-04-10,2025-04-11,4280.0,1767.95,,RF_FEEDBACK,RF_FEEDBACK,IFOREST
23,34,9.070547001973585,0.4319308096177898,0.6983577651122119,4,21,13,2008-11-21,2008-11-21,2025-04-12,2025-04-12,4280.0,1785.88,,RF_FEEDBACK,RF_FEEDBACK,ARIMA
23,37,9.070547001973585,0.4319308096177898,0.6983577651122119,5,21,13,2008-11-21,2008-11-21,2025-04-12,2025-04-12,4280.0,1785.88,,RF_FEEDBACK,RF_FEEDBACK,DIF
24,45,3.3506655659920925,0.1456811115648736,0.8728432282820049,1,23,20,2008-11-24,2008-11-26,2025-04-30,2025-04-30,4213.0,1592.63,,RF_DIRECT,RF_DIRECT,DIF
24,3,3.3665648385596523,0.14637238428520227,0.8723168960699713,2,23,11,2008-11-24,2008-11-26,2025-05-09,2025-05-09,4213.0,1695.51,,ARIMA,ARIMA,DBSCAN
24,5,3.3665648385596523,0.14637238428520227,0.8723168960699713,3,23,11,2008-11-24,2008-11-26,2025-05-09,2025-05-09,4213.0,1695.51,,ARIMA,ARIMA,DIF
24,7,3.3665648385596523,0.14637238428520227,0.8723168960699713,4,23,11,2008-11-24,2008-11-26,2025-05-09,2025-05-09,4213.0,1695.51,,ARIMA,ARIMA,IFOREST
24,8,3.3665648385596523,0.14637238428520227,0.8723168960699713,5,23,11,2008-11-24,2008-11-26,2025-05-09,2025-05-09,4213.0,1695.51,,ARIMA,ARIMA,TIMEGPT
25,43,4.948353332273372,0.23563587296539867,0.8092999093657771,1,21,11,2008-12-02,2008-12-02,2025-05-09,2025-05-09,3481.0,1532.68,,RF_DIRECT,RF_DIRECT,DBSCAN
25,44,6.13623782769044,0.2922018013185924,0.7738729345366777,2,21,16,2008-12-02,2008-12-02,2025-04-15,2025-04-15,3481.0,1706.31,,RF_DIRECT,RF_DIRECT,DIF
25,41,6.23900456329468,0.2970954553949848,0.7709532832304044,3,21,12,2008-12-02,2008-12-02,2025-04-10,2025-04-11,3481.0,1776.64,,RF_DIRECT,RF_DIRECT,ARIMA
25,46,6.23900456329468,0.2970954553949848,0.7709532832304044,4,21,12,2008-12-02,2008-12-02,2025-04-10,2025-04-11,3481.0,1776.64,,RF_DIRECT,RF_DIRECT,IFOREST
25,36,6.241130345585826,0.2971966831231346,0.7708931213055503,5,21,17,2008-12-02,2008-12-02,2025-05-03,2025-05-03,3481.0,1785.89,,RF_FEEDBACK,RF_FEEDBACK,DBSCAN
26,43,11.2733203878796,0.5124236539945273,0.6611903995013942,1,22,11,2008-12-04,2008-12-05,2025-05-09,2025-05-09,3558.0,1532.68,,RF_DIRECT,RF_DIRECT,DBSCAN
26,57,11.49755472053332,0.5226161236606054,0.6567643573850018,2,22,11,2008-12-04,2008-12-05,2025-04-10,2025-04-10,3558.0,1784.84,,PROPHET_FEEDBACK,PROPHET_FEEDBACK,ARIMA
26,41,12.866405997145215,0.5848366362338734,0.6309798607232794,3,22,12,2008-12-04,2008-12-05,2025-04-10,2025-04-11,3558.0,1776.64,,RF_DIRECT,RF_DIRECT,ARIMA
26,46,12.866405997145215,0.5848366362338734,0.6309798607232794,4,22,12,2008-12-04,2008-12-05,2025-04-10,2025-04-11,3558.0,1776.64,,RF_DIRECT,RF_DIRECT,IFOREST
26,36,13.249691689258274,0.6022587131481033,0.6241189339736585,5,22,17,2008-12-04,2008-12-05,2025-05-03,2025-05-03,3558.0,1785.89,,RF_FEEDBACK,RF_FEEDBACK,DBSCAN
27,18,3.825109209637642,0.18214805760179248,0.8459177288069029,1,21,12,2008-12-12,2008-12-12,2025-04-10,2025-04-11,3924.0,1783.49,,SVR_FEEDBACK,SVR_FEEDBACK,ARIMA
27,22,3.825109209637642,0.18214805760179248,0.8459177288069029,2,21,12,2008-12-12,2008-12-12,2025-04-10,2025-04-11,3924.0,1783.49,,SVR_FEEDBACK,SVR_FEEDBACK,IFOREST
27,21,4.0114526681426215,0.1910215556258391,0.8396153665535766,3,21,13,2008-12-12,2008-12-12,2025-04-11,2025-04-12,3924.0,1788.85,,SVR_FEEDBACK,SVR_FEEDBACK,DIF
27,23,4.956496561533553,0.23602364578731203,0.8090460108981398,4,21,21,2008-12-12,2008-12-12,2025-04-21,2025-04-21,3924.0,1808.01,,SVR_FEEDBACK,SVR_FEEDBACK,TIMEGPT
27,19,7.275688584939471,0.25088581327377485,0.7994334809688463,5,21,29,2008-12-12,2008-12-12,2025-04-21,2025-05-09,3924.0,1837.99,,SVR_FEEDBACK,SVR_FEEDBACK,COUTA
28,20,5.178920240708462,0.23540546548674826,0.8094508466546254,1,22,17,2008-12-15,2008-12-16,2025-05-03,2025-05-03,5020.0,1835.19,,SVR_FEEDBACK,SVR_FEEDBACK,DBSCAN
28,21,6.9089968786614016,0.3140453126664273,0.7610087645842482,2,22,13,2008-12-15,2008-12-16,2025-04-11,2025-04-12,5020.0,1788.85,,SVR_FEEDBACK,SVR_FEEDBACK,DIF
28,18,7.169207287279661,0.32587305851271187,0.7542200164484393,3,22,12,2008-12-15,2008-12-16,2025-04-10,2025-04-11,5020.0,1783.49,,SVR_FEEDBACK,SVR_FEEDBACK,ARIMA
28,22,7.169207287279661,0.32587305851271187,0.7542200164484393,4,22,12,2008-12-15,2008-12-16,2025-04-10,2025-04-11,5020.0,1783.49,,SVR_FEEDBACK,SVR_FEEDBACK,IFOREST
28,19,7.470314019524105,0.25759703515600363,0.7951672690417492,5,22,29,2008-12-15,2008-12-16,2025-04-21,2025-05-09,5020.0,1837.99,,SVR_FEEDBACK,SVR_FEEDBACK,COUTA
29,39,5.049292354721448,0.2404424930819737,0.806163933900252,1,21,12,2008-12-23,2008-12-23,2025-04-10,2025-04-11,4666.0,1767.95,,RF_FEEDBACK,RF_FEEDBACK,IFOREST
29,34,5.140766156083586,0.24479838838493267,0.8033429423839895,2,21,13,2008-12-23,2008-12-23,2025-04-12,2025-04-12,4666.0,1785.88,,RF_FEEDBACK,RF_FEEDBACK,ARIMA
29,37,5.140766156083586,0.24479838838493267,0.8033429423839895,3,21,13,2008-12-23,2008-12-23,2025-04-12,2025-04-12,4666.0,1785.88,,RF_FEEDBACK,RF_FEEDBACK,DIF
29,33,5.581485834696598,0.26578503974745704,0.7900235573960607,4,21,11,2008-12-23,2008-12-23,2025-04-10,2025-04-10,4666.0,1757.38,,RF_FEEDBACK,RF_FEEDBACK,ARIMA
29,38,7.98735405128937,0.38035019291854144,0.7244538415904818,5,21,21,2008-12-23,2008-12-23,2025-04-20,2025-04-20,4666.0,1792.87,,RF_FEEDBACK,RF_FEEDBACK,DIF
30,55,3.3842089744410906,0.1611528083067186,0.8612130917189754,1,21,11,2008-12-29,2008-12-29,2025-05-09,2025-05-09,4735.0,1741.36,,PROPHET_DIRECT,PROPHET_DIRECT,IFOREST
30,56,3.3842089744410906,0.1611528083067186,0.8612130917189754,2,21,11,2008-12-29,2008-12-29,2025-05-09,2025-05-09,4735.0,1741.36,,PROPHET_DIRECT,PROPHET_DIRECT,TIMEGPT
30,64,3.5221556218407075,0.16772169627812894,0.8563684336664231,3,21,11,2008-12-29,2008-12-29,2025-05-09,2025-05-09,4735.0,1755.65,,PROPHET_FEEDBACK,PROPHET_FEEDBACK,IFOREST
30,13,5.285917361912049,0.25171035056724045,0.7989068713435402,4,21,14,2008-12-29,2008-12-29,2025-04-13,2025-04-13,4735.0,1731.18,,ARIMA_FEEDBACK,ARIMA_FEEDBACK,DIF
30,10,5.3140520258292625,0.2530500964680601,0.7980526898474961,5,21,13,2008-12-29,2008-12-29,2025-04-12,2025-04-12,4735.0,1735.04,,ARIMA_FEEDBACK,ARIMA_FEEDBACK,ARIMA
31,55,2.5725505129340585,0.1118500223014808,0.8994018796978065,1,23,11,2009-01-05,2009-01-07,2025-05-09,2025-05-09,4342.0,1741.36,,PROPHET_DIRECT,PROPHET_DIRECT,IFOREST
31,56,2.5725505129340585,0.1118500223014808,0.8994018796978065,2,23,11,2009-01-05,2009-01-07,2025-05-09,2025-05-09,4342.0,1741.36,,PROPHET_DIRECT,PROPHET_DIRECT,TIMEGPT
31,45,4.056767335990589,0.17638118852132995,0.8500645962019887,3,23,20,2009-01-05,2009-01-07,2025-04-30,2025-04-30,4342.0,1592.63,,RF_DIRECT,RF_DIRECT,DIF
31,6,4.217092003434304,0.18335182623627408,0.8450572161455683,4,23,11,2009-01-05,2009-01-07,2025-04-10,2025-04-10,4342.0,1732.82,,ARIMA,ARIMA,IFOREST
31,3,4.2594389970958755,0.18519299987373372,0.8437444366500109,5,23,11,2009-01-05,2009-01-07,2025-05-09,2025-05-09,4342.0,1695.51,,ARIMA,ARIMA,DBSCAN
32,43,3.5824321462635824,0.16283782483016285,0.8599651461682147,1,22,11,2009-01-14,2009-01-15,2025-05-09,2025-05-09,3829.0,1532.68,,RF_DIRECT,RF_DIRECT,DBSCAN
32,41,4.5133807431591,0.20515367014359545,0.8297697005568169,2,22,12,2009-01-14,2009-01-15,2025-04-10,2025-04-11,3829.0,1776.64,,RF_DIRECT,RF_DIRECT,ARIMA
32,46,4.5133807431591,0.20515367014359545,0.8297697005568169,3,22,12,2009-01-14,2009-01-15,2025-04-10,2025-04-11,3829.0,1776.64,,RF_DIRECT,RF_DIRECT,IFOREST
32,6,4.972116438448911,0.22600529265676866,0.8156571639531732,4,22,11,2009-01-14,2009-01-15,2025-04-10,2025-04-10,3829.0,1732.82,,ARIMA,ARIMA,IFOREST
32,44,5.451564190124779,0.24779837227839907,0.8014115278689333,5,22,16,2009-01-14,2009-01-15,2025-04-15,2025-04-15,3829.0,1706.31,,RF_DIRECT,RF_DIRECT,DIF
33,18,6.840624130987106,0.2974184404777002,0.7707613587115404,1,23,12,2009-01-27,2009-01-29,2025-04-10,2025-04-11,3861.0,1783.49,,SVR_FEEDBACK,SVR_FEEDBACK,ARIMA
33,22,6.840624130987106,0.2974184404777002,0.7707613587115404,2,23,12,2009-01-27,2009-01-29,2025-04-10,2025-04-11,3861.0,1783.49,,SVR_FEEDBACK,SVR_FEEDBACK,IFOREST
33,23,6.992481371916046,0.30402092921374113,0.7668588575514272,3,23,21,2009-01-27,2009-01-29,2025-04-21,2025-04-21,3861.0,1808.01,,SVR_FEEDBACK,SVR_FEEDBACK,TIMEGPT
33,21,7.240173538327996,0.31479015384034764,0.7605776458540683,4,23,13,2009-01-27,2009-01-29,2025-04-11,2025-04-12,3861.0,1788.85,,SVR_FEEDBACK,SVR_FEEDBACK,DIF
33,19,8.10746438099289,0.2795677372756169,0.7815139213568665,5,23,29,2009-01-27,2009-01-29,2025-04-21,2025-05-09,3861.0,1837.99,,SVR_FEEDBACK,SVR_FEEDBACK,COUTA
34,41,5.470495828044131,0.2604998013354348,0.7933361028225085,1,21,12,2009-02-11,2009-02-11,2025-04-10,2025-04-11,3480.0,1776.64,,RF_DIRECT,RF_DIRECT,ARIMA
34,46,5.470495828044131,0.2604998013354348,0.7933361028225085,2,21,12,2009-02-11,2009-02-11,2025-04-10,2025-04-11,3480.0,1776.64,,RF_DIRECT,RF_DIRECT,IFOREST
34,64,6.189084442513558,0.2947183067863599,0.7723687807289257,3,21,11,2009-02-11,2009-02-11,2025-05-09,2025-05-09,3480.0,1755.65,,PROPHET_FEEDBACK,PROPHET_FEEDBACK,IFOREST
34,48,6.288110748218221,0.2994338451532486,0.769565918057233,4,21,11,2009-02-11,2009-02-11,2025-04-10,2025-04-10,3480.0,1784.84,,PROPHET_DIRECT,PROPHET_DIRECT,ARIMA
34,54,6.288110748218221,0.2994338451532486,0.769565918057233,5,21,11,2009-02-11,2009-02-11,2025-04-10,2025-04-10,3480.0,1784.84,,PROPHET_DIRECT,PROPHET_DIRECT,IFOREST
35,28,9.639164407202964,0.41909410466099845,0.7046749026125269,1,23,14,2009-02-23,2009-02-25,2025-04-13,2025-04-13,3506.0,1729.43,,SVR_DIRECT,SVR_DIRECT,DIF
35,57,11.287335837322905,0.4907537320575176,0.6708016076000789,2,23,11,2009-02-23,2009-02-25,2025-04-10,2025-04-10,3506.0,1784.84,,PROPHET_FEEDBACK,PROPHET_FEEDBACK,ARIMA
35,29,11.832917544569824,0.5144746758508619,0.6602949629634317,3,23,17,2009-02-23,2009-02-25,2025-04-16,2025-04-16,3506.0,1710.79,,SVR_DIRECT,SVR_DIRECT,DIF
35,25,13.974172642195123,0.607572723573701,0.6220558394253907,4,23,20,2009-02-23,2009-02-25,2025-04-19,2025-04-19,3506.0,1619.94,,SVR_DIRECT,SVR_DIRECT,ARIMA
35,31,13.974172642195123,0.607572723573701,0.6220558394253907,5,23,20,2009-02-23,2009-02-25,2025-04-19,2025-04-19,3506.0,1619.94,,SVR_DIRECT,SVR_DIRECT,IFOREST
36,64,11.152733284280789,0.5310825373467042,0.6531326532748223,1,21,11,2009-03-25,2009-03-25,2025-05-09,2025-05-09,3698.0,1755.65,,PROPHET_FEEDBACK,PROPHET_FEEDBACK,IFOREST
36,24,11.389261121499734,0.5423457676904635,0.6483630460486289,2,21,11,2009-03-25,2009-03-25,2025-04-10,2025-04-10,3698.0,1754.17,,SVR_DIRECT,SVR_DIRECT,ARIMA
36,30,11.389261121499734,0.5423457676904635,0.6483630460486289,3,21,11,2009-03-25,2009-03-25,2025-04-10,2025-04-10,3698.0,1754.17,,SVR_DIRECT,SVR_DIRECT,IFOREST
36,39,12.959610217349251,0.61712429606425,0.6183816559022678,4,21,12,2009-03-25,2009-03-25,2025-04-10,2025-04-11,3698.0,1767.95,,RF_FEEDBACK,RF_FEEDBACK,IFOREST
36,35,13.025229591098716,0.4651867711106684,0.6825068446679745,5,21,28,2009-03-25,2009-03-25,2025-04-22,2025-05-09,3698.0,1805.17,,RF_FEEDBACK,RF_FEEDBACK,COUTA
37,24,7.821133593820377,0.3724349330390656,0.7286319926188701,1,21,11,2009-03-31,2009-03-31,2025-04-10,2025-04-10,3568.0,1754.17,,SVR_DIRECT,SVR_DIRECT,ARIMA
37,30,7.821133593820377,0.3724349330390656,0.7286319926188701,2,21,11,2009-03-31,2009-03-31,2025-04-10,2025-04-10,3568.0,1754.17,,SVR_DIRECT,SVR_DIRECT,IFOREST
37,55,8.310713812747357,0.3957482767974932,0.7164615687683119,3,21,11,2009-03-31,2009-03-31,2025-05-09,2025-05-09,3568.0,1741.36,,PROPHET_DIRECT,PROPHET_DIRECT,IFOREST
37,56,8.310713812747357,0.3957482767974932,0.7164615687683119,4,21,11,2009-03-31,2009-03-31,2025-05-09,2025-05-09,3568.0,1741.36,,PROPHET_DIRECT,PROPHET_DIRECT,TIMEGPT
37,43,8.71700887940283,0.4150956609239443,0.7066660068387745,5,21,11,2009-03-31,2009-03-31,2025-05-09,2025-05-09,3568.0,1532.68,,RF_DIRECT,RF_DIRECT,DBSCAN
38,43,4.295190693761294,0.20453289017910922,0.8301973388632866,1,21,11,2009-04-03,2009-04-03,2025-05-09,2025-05-09,3394.0,1532.68,,RF_DIRECT,RF_DIRECT,DBSCAN
38,41,4.907931347525002,0.23371101654880963,0.8105625925246301,2,21,12,2009-04-03,2009-04-03,2025-04-10,2025-04-11,3394.0,1776.64,,RF_DIRECT,RF_DIRECT,ARIMA
38,46,4.907931347525002,0.23371101654880963,0.8105625925246301,3,21,12,2009-04-03,2009-04-03,2025-04-10,2025-04-11,3394.0,1776.64,,RF_DIRECT,RF_DIRECT,IFOREST
38,55,5.024813957989632,0.2392768551423634,0.8069221948675253,4,21,11,2009-04-03,2009-04-03,2025-05-09,2025-05-09,3394.0,1741.36,,PROPHET_DIRECT,PROPHET_DIRECT,IFOREST
38,56,5.024813957989632,0.2392768551423634,0.8069221948675253,5,21,11,2009-04-03,2009-04-03,2025-05-09,2025-05-09,3394.0,1741.36,,PROPHET_DIRECT,PROPHET_DIRECT,TIMEGPT
39,24,9.748503287840693,0.46421444227812825,0.6829600713705086,1,21,11,2009-05-12,2009-05-12,2025-04-10,2025-04-10,3383.0,1754.17,,SVR_DIRECT,SVR_DIRECT,ARIMA
39,30,9.748503287840693,0.46421444227812825,0.6829600713705086,2,21,11,2009-05-12,2009-05-12,2025-04-10,2025-04-10,3383.0,1754.17,,SVR_DIRECT,SVR_DIRECT,IFOREST
39,63,11.629341519897931,0.5537781676141872,0.643592515870841,3,21,15,2009-05-12,2009-05-12,2025-04-14,2025-04-14,3383.0,1785.19,,PROPHET_FEEDBACK,PROPHET_FEEDBACK,IFOREST
39,57,12.199978807320925,0.5809513717771869,0.632530524247482,4,21,11,2009-05-12,2009-05-12,2025-04-10,2025-04-10,3383.0,1784.84,,PROPHET_FEEDBACK,PROPHET_FEEDBACK,ARIMA
39,61,12.210204285268086,0.5814382992984802,0.6323357670315662,5,21,16,2009-05-12,2009-05-12,2025-04-15,2025-04-15,3383.0,1779.7,,PROPHET_FEEDBACK,PROPHET_FEEDBACK,DIF
40,3,2.8379315947747723,0.12899689067158057,0.8857420319423137,1,22,11,2009-05-26,2009-05-27,2025-05-09,2025-05-09,3210.0,1695.51,,ARIMA,ARIMA,DBSCAN
40,5,2.8379315947747723,0.12899689067158057,0.8857420319423137,2,22,11,2009-05-26,2009-05-27,2025-05-09,2025-05-09,3210.0,1695.51,,ARIMA,ARIMA,DIF
40,7,2.8379315947747723,0.12899689067158057,0.8857420319423137,3,22,11,2009-05-26,2009-05-27,2025-05-09,2025-05-09,3210.0,1695.51,,ARIMA,ARIMA,IFOREST
40,8,2.8379315947747723,0.12899689067158057,0.8857420319423137,4,22,11,2009-05-26,2009-05-27,2025-05-09,2025-05-09,3210.0,1695.51,,ARIMA,ARIMA,TIMEGPT
40,55,2.9534128243773297,0.1342460374716968,0.8816429301609559,5,22,11,2009-05-26,2009-05-27,2025-05-09,2025-05-09,3210.0,1741.36,,PROPHET_DIRECT,PROPHET_DIRECT,IFOREST
41,41,2.6179739105275606,0.12466542431083621,0.8891533236320235,1,21,12,2009-06-12,2009-06-12,2025-04-10,2025-04-11,2704.0,1776.64,,RF_DIRECT,RF_DIRECT,ARIMA
41,46,2.6179739105275606,0.12466542431083621,0.8891533236320235,2,21,12,2009-06-12,2009-06-12,2025-04-10,2025-04-11,2704.0,1776.64,,RF_DIRECT,RF_DIRECT,IFOREST
41,55,3.5749593191556754,0.17023615805503217,0.8545283728559799,3,21,11,2009-06-12,2009-06-12,2025-05-09,2025-05-09,2704.0,1741.36,,PROPHET_DIRECT,PROPHET_DIRECT,IFOREST
41,56,3.5749593191556754,0.17023615805503217,0.8545283728559799,4,21,11,2009-06-12,2009-06-12,2025-05-09,2025-05-09,2704.0,1741.36,,PROPHET_DIRECT,PROPHET_DIRECT,TIMEGPT
41,43,3.5803414921313825,0.17049245200625632,0.8543412631888163,5,21,11,2009-06-12,2009-06-12,2025-05-09,2025-05-09,2704.0,1532.68,,RF_DIRECT,RF_DIRECT,DBSCAN
42,48,2.223449523153317,0.10587854872158653,0.9042584297850936,1,21,11,2009-07-23,2009-07-23,2025-04-10,2025-04-10,1226.0,1784.84,,PROPHET_DIRECT,PROPHET_DIRECT,ARIMA
42,54,2.223449523153317,0.10587854872158653,0.9042584297850936,2,21,11,2009-07-23,2009-07-23,2025-04-10,2025-04-10,1226.0,1784.84,,PROPHET_DIRECT,PROPHET_DIRECT,IFOREST
42,51,3.796613655599799,0.1807911264571333,0.8468898330904787,3,21,17,2009-07-23,2009-07-23,2025-05-03,2025-05-03,1226.0,1750.74,,PROPHET_DIRECT,PROPHET_DIRECT,DBSCAN
42,3,4.118437574645922,0.19611607498313915,0.8360392615023556,4,21,11,2009-07-23,2009-07-23,2025-05-09,2025-05-09,1226.0,1695.51,,ARIMA,ARIMA,DBSCAN
42,5,4.118437574645922,0.19611607498313915,0.8360392615023556,5,21,11,2009-07-23,2009-07-23,2025-05-09,2025-05-09,1226.0,1695.51,,ARIMA,ARIMA,DIF
43,65,4.482186019106076,0.21343742948124172,0.8241051212896171,1,21,21,2009-10-05,2009-10-05,2025-04-21,2025-04-21,883.0,1780.36,,PROPHET_FEEDBACK,PROPHET_FEEDBACK,TIMEGPT
43,55,5.005702462412771,0.23836678392441765,0.8075151990357599,2,21,11,2009-10-05,2009-10-05,2025-05-09,2025-05-09,883.0,1741.36,,PROPHET_DIRECT,PROPHET_DIRECT,IFOREST
43,56,5.005702462412771,0.23836678392441765,0.8075151990357599,3,21,11,2009-10-05,2009-10-05,2025-05-09,2025-05-09,883.0,1741.36,,PROPHET_DIRECT,PROPHET_DIRECT,TIMEGPT
43,64,5.183636799279818,0.24683984758475325,0.8020276236255158,4,21,11,2009-10-05,2009-10-05,2025-05-09,2025-05-09,883.0,1755.65,,PROPHET_FEEDBACK,PROPHET_FEEDBACK,IFOREST
43,60,5.347315857762047,0.2546340884648594,0.7970451378565493,5,21,17,2009-10-05,2009-10-05,2025-05-03,2025-05-03,883.0,1763.5,,PROPHET_FEEDBACK,PROPHET_FEEDBACK,DBSCAN
44,48,10.086287927687197,0.48029942512796175,0.6755390044913088,1,21,11,2010-08-17,2010-08-17,2025-04-10,2025-04-10,1002.0,1784.84,,PROPHET_DIRECT,PROPHET_DIRECT,ARIMA
44,54,10.086287927687197,0.48029942512796175,0.6755390044913088,2,21,11,2010-08-17,2010-08-17,2025-04-10,2025-04-10,1002.0,1784.84,,PROPHET_DIRECT,PROPHET_DIRECT,IFOREST
44,24,10.635624673730637,0.506458317796697,0.6638086086992248,3,21,11,2010-08-17,2010-08-17,2025-04-10,2025-04-10,1002.0,1754.17,,SVR_DIRECT,SVR_DIRECT,ARIMA
44,30,10.635624673730637,0.506458317796697,0.6638086086992248,4,21,11,2010-08-17,2010-08-17,2025-04-10,2025-04-10,1002.0,1754.17,,SVR_DIRECT,SVR_DIRECT,IFOREST
44,29,10.881587136063565,0.518170816003027,0.6586874082013747,5,21,17,2010-08-17,2010-08-17,2025-04-16,2025-04-16,1002.0,1710.79,,SVR_DIRECT,SVR_DIRECT,DIF
45,57,10.54361731899266,0.4792553326814845,0.6760158154625503,1,22,11,2010-09-30,2010-10-01,2025-04-10,2025-04-10,1226.0,1784.84,,PROPHET_FEEDBACK,PROPHET_FEEDBACK,ARIMA
45,64,13.503329629462606,0.6137877104301185,0.619660190455579,2,22,11,2010-09-30,2010-10-01,2025-05-09,2025-05-09,1226.0,1755.65,,PROPHET_FEEDBACK,PROPHET_FEEDBACK,IFOREST
45,27,14.0479782967693,0.6385444680349681,0.6102977487081901,3,22,17,2010-09-30,2010-10-01,2025-05-03,2025-05-03,1226.0,1671.25,,SVR_DIRECT,SVR_DIRECT,DBSCAN
45,9,14.141674739576484,0.6428033972534766,0.6087155661303425,4,22,11,2010-09-30,2010-10-01,2025-04-10,2025-04-10,1226.0,1736.87,,ARIMA_FEEDBACK,ARIMA_FEEDBACK,ARIMA
45,16,14.294800283697699,0.6497636492589863,0.6061474323604861,5,22,11,2010-09-30,2010-10-01,2025-05-09,2025-05-09,1226.0,1690.15,,ARIMA_FEEDBACK,ARIMA_FEEDBACK,IFOREST
46,41,5.262390189235404,0.2505900090112097,0.7996225723813827,1,21,12,2011-01-18,2011-01-18,2025-04-10,2025-04-11,839.0,1776.64,,RF_DIRECT,RF_DIRECT,ARIMA
46,46,5.262390189235404,0.2505900090112097,0.7996225723813827,2,21,12,2011-01-18,2011-01-18,2025-04-10,2025-04-11,839.0,1776.64,,RF_DIRECT,RF_DIRECT,IFOREST
46,48,5.652562098242954,0.26916962372585496,0.7879167459620854,3,21,11,2011-01-18,2011-01-18,2025-04-10,2025-04-10,839.0,1784.84,,PROPHET_DIRECT,PROPHET_DIRECT,ARIMA
46,54,5.652562098242954,0.26916962372585496,0.7879167459620854,4,21,11,2011-01-18,2011-01-18,2025-04-10,2025-04-10,839.0,1784.84,,PROPHET_DIRECT,PROPHET_DIRECT,IFOREST
46,55,5.861079553908353,0.27909902637658823,0.7818002980056864,5,21,11,2011-01-18,2011-01-18,2025-05-09,2025-05-09,839.0,1741.36,,PROPHET_DIRECT,PROPHET_DIRECT,IFOREST
47,21,5.076825225537615,0.24175358216845785,0.80531275637934,1,21,13,2011-08-09,2011-08-09,2025-04-11,2025-04-12,872.0,1788.85,,SVR_FEEDBACK,SVR_FEEDBACK,DIF
47,20,5.312774291649999,0.25298925198333333,0.7980914428572462,2,21,17,2011-08-09,2011-08-09,2025-05-03,2025-05-03,872.0,1835.19,,SVR_FEEDBACK,SVR_FEEDBACK,DBSCAN
47,18,5.426884966879078,0.2584230936609085,0.7946453025515261,3,21,12,2011-08-09,2011-08-09,2025-04-10,2025-04-11,872.0,1783.49,,SVR_FEEDBACK,SVR_FEEDBACK,ARIMA
47,22,5.426884966879078,0.2584230936609085,0.7946453025515261,4,21,12,2011-08-09,2011-08-09,2025-04-10,2025-04-11,872.0,1783.49,,SVR_FEEDBACK,SVR_FEEDBACK,IFOREST
47,19,6.199265482764485,0.21376777526774085,0.823880828257624,5,21,29,2011-08-09,2011-08-09,2025-04-21,2025-05-09,872.0,1837.99,,SVR_FEEDBACK,SVR_FEEDBACK,COUTA
48,64,7.764958301774798,0.36975991913213324,0.7300549432294605,1,21,11,2012-01-03,2012-01-03,2025-05-09,2025-05-09,790.0,1755.65,,PROPHET_FEEDBACK,PROPHET_FEEDBACK,IFOREST
48,48,7.934323154410485,0.377824912114785,0.7257816223290142,2,21,11,2012-01-03,2012-01-03,2025-04-10,2025-04-10,790.0,1784.84,,PROPHET_DIRECT,PROPHET_DIRECT,ARIMA
48,54,7.934323154410485,0.377824912114785,0.7257816223290142,3,21,11,2012-01-03,2012-01-03,2025-04-10,2025-04-10,790.0,1784.84,,PROPHET_DIRECT,PROPHET_DIRECT,IFOREST
48,41,8.125455032008434,0.3869264300956397,0.7210187781417087,4,21,12,2012-01-03,2012-01-03,2025-04-10,2025-04-11,790.0,1776.64,,RF_DIRECT,RF_DIRECT,ARIMA
48,46,8.125455032008434,0.3869264300956397,0.7210187781417087,5,21,12,2012-01-03,2012-01-03,2025-04-10,2025-04-11,790.0,1776.64,,RF_DIRECT,RF_DIRECT,IFOREST
49,57,6.925595503993604,0.3297902620949335,0.7519982876281659,1,21,11,2012-06-05,2012-06-05,2025-04-10,2025-04-10,881.0,1784.84,,PROPHET_FEEDBACK,PROPHET_FEEDBACK,ARIMA
49,64,8.861630362151702,0.4219823981977001,0.703243585340758,2,21,11,2012-06-05,2012-06-05,2025-05-09,2025-05-09,881.0,1755.65,,PROPHET_FEEDBACK,PROPHET_FEEDBACK,IFOREST
49,43,8.955933860651179,0.42647304098338945,0.7010297224479018,3,21,11,2012-06-05,2012-06-05,2025-05-09,2025-05-09,881.0,1532.68,,RF_DIRECT,RF_DIRECT,DBSCAN
49,41,9.223970213317605,0.43923667682464784,0.6948127546376008,4,21,12,2012-06-05,2012-06-05,2025-04-10,2025-04-11,881.0,1776.64,,RF_DIRECT,RF_DIRECT,ARIMA
49,46,9.223970213317605,0.43923667682464784,0.6948127546376008,5,21,12,2012-06-05,2012-06-05,2025-04-10,2025-04-11,881.0,1776.64,,RF_DIRECT,RF_DIRECT,IFOREST
50,48,4.149138525013838,0.19757802500065896,0.8350186619359935,1,21,11,2013-01-02,2013-01-02,2025-04-10,2025-04-10,767.0,1784.84,,PROPHET_DIRECT,PROPHET_DIRECT,ARIMA
50,54,4.149138525013838,0.19757802500065896,0.8350186619359935,2,21,11,2013-01-02,2013-01-02,2025-04-10,2025-04-10,767.0,1784.84,,PROPHET_DIRECT,PROPHET_DIRECT,IFOREST
50,41,4.600779348172292,0.21908473086534724,0.8202875277505662,3,21,12,2013-01-02,2013-01-02,2025-04-10,2025-04-11,767.0,1776.64,,RF_DIRECT,RF_DIRECT,ARIMA
50,46,4.600779348172292,0.21908473086534724,0.8202875277505662,4,21,12,2013-01-02,2013-01-02,2025-04-10,2025-04-11,767.0,1776.64,,RF_DIRECT,RF_DIRECT,IFOREST
50,3,4.829606231910837,0.2299812491386113,0.8130205242562248,5,21,11,2013-01-02,2013-01-02,2025-05-09,2025-05-09,767.0,1695.51,,ARIMA,ARIMA,DBSCAN
51,41,4.236189469380663,0.20172330806574584,0.8321383077853145,1,21,12,2013-10-18,2013-10-18,2025-04-10,2025-04-11,503.0,1776.64,,RF_DIRECT,RF_DIRECT,ARIMA
51,46,4.236189469380663,0.20172330806574584,0.8321383077853145,2,21,12,2013-10-18,2013-10-18,2025-04-10,2025-04-11,503.0,1776.64,,RF_DIRECT,RF_DIRECT,IFOREST
51,3,5.409348009528884,0.2575880004537564,0.795172981643579,3,21,11,2013-10-18,2013-10-18,2025-05-09,2025-05-09,503.0,1695.51,,ARIMA,ARIMA,DBSCAN
51,5,5.409348009528884,0.2575880004537564,0.795172981643579,4,21,11,2013-10-18,2013-10-18,2025-05-09,2025-05-09,503.0,1695.51,,ARIMA,ARIMA,DIF
51,7,5.409348009528884,0.2575880004537564,0.795172981643579,5,21,11,2013-10-18,2013-10-18,2025-05-09,2025-05-09,503.0,1695.51,,ARIMA,ARIMA,IFOREST
52,57,10.621699031996249,0.5057951919998214,0.6641009383699231,1,21,11,2014-09-05,2014-09-05,2025-04-10,2025-04-10,289.0,1784.84,,PROPHET_FEEDBACK,PROPHET_FEEDBACK,ARIMA
52,24,11.977274324510725,0.5703463964052726,0.6368021745324026,2,21,11,2014-09-05,2014-09-05,2025-04-10,2025-04-10,289.0,1754.17,,SVR_DIRECT,SVR_DIRECT,ARIMA
52,30,11.977274324510725,0.5703463964052726,0.6368021745324026,3,21,11,2014-09-05,2014-09-05,2025-04-10,2025-04-10,289.0,1754.17,,SVR_DIRECT,SVR_DIRECT,IFOREST
52,28,12.00377875894962,0.5716085123309342,0.6362907760768285,4,21,14,2014-09-05,2014-09-05,2025-04-13,2025-04-13,289.0,1729.43,,SVR_DIRECT,SVR_DIRECT,DIF
52,27,13.40288821297955,0.6382327720466452,0.6104138661264231,5,21,17,2014-09-05,2014-09-05,2025-05-03,2025-05-03,289.0,1671.25,,SVR_DIRECT,SVR_DIRECT,DBSCAN
53,20,11.074324958112093,0.5273488075291473,0.654729289780073,1,21,17,2014-09-08,2014-09-08,2025-05-03,2025-05-03,385.0,1835.19,,SVR_FEEDBACK,SVR_FEEDBACK,DBSCAN
53,21,11.19856831725115,0.5332651579643405,0.6522029114179201,2,21,13,2014-09-08,2014-09-08,2025-04-11,2025-04-12,385.0,1788.85,,SVR_FEEDBACK,SVR_FEEDBACK,DIF
53,33,11.899120154273986,0.5666247692511421,0.6383149428168476,3,21,11,2014-09-08,2014-09-08,2025-04-10,2025-04-10,385.0,1757.38,,RF_FEEDBACK,RF_FEEDBACK,ARIMA
53,18,12.138947706540817,0.578045128882896,0.6336954385505462,4,21,12,2014-09-08,2014-09-08,2025-04-10,2025-04-11,385.0,1783.49,,SVR_FEEDBACK,SVR_FEEDBACK,ARIMA
53,22,12.138947706540817,0.578045128882896,0.6336954385505462,5,21,12,2014-09-08,2014-09-08,2025-04-10,2025-04-11,385.0,1783.49,,SVR_FEEDBACK,SVR_FEEDBACK,IFOREST
54,20,6.641418109705938,0.3162580052240923,0.759729472513066,1,21,17,2014-11-04,2014-11-04,2025-05-03,2025-05-03,546.0,1835.19,,SVR_FEEDBACK,SVR_FEEDBACK,DBSCAN
54,18,7.558352234261545,0.3599215349648355,0.735336542799771,2,21,12,2014-11-04,2014-11-04,2025-04-10,2025-04-11,546.0,1783.49,,SVR_FEEDBACK,SVR_FEEDBACK,ARIMA
54,22,7.558352234261545,0.3599215349648355,0.735336542799771,3,21,12,2014-11-04,2014-11-04,2025-04-10,2025-04-11,546.0,1783.49,,SVR_FEEDBACK,SVR_FEEDBACK,IFOREST
54,21,7.699926885328447,0.3666631850156403,0.7317091811385523,4,21,13,2014-11-04,2014-11-04,2025-04-11,2025-04-12,546.0,1788.85,,SVR_FEEDBACK,SVR_FEEDBACK,DIF
54,33,9.599489004855597,0.4571185240407427,0.6862859702221717,5,21,11,2014-11-04,2014-11-04,2025-04-10,2025-04-10,546.0,1757.38,,RF_FEEDBACK,RF_FEEDBACK,ARIMA
55,33,6.254762624762584,0.28430739203466293,0.7786297939278779,1,22,11,2014-11-06,2014-11-07,2025-04-10,2025-04-10,678.0,1757.38,,RF_FEEDBACK,RF_FEEDBACK,ARIMA
55,20,6.355456503794038,0.2888843865360926,0.7758647792200538,2,22,17,2014-11-06,2014-11-07,2025-05-03,2025-05-03,678.0,1835.19,,SVR_FEEDBACK,SVR_FEEDBACK,DBSCAN
55,39,7.3280432061604905,0.333092873007295,0.7501352833311019,3,22,12,2014-11-06,2014-11-07,2025-04-10,2025-04-11,678.0,1767.95,,RF_FEEDBACK,RF_FEEDBACK,IFOREST
55,18,7.481617542674788,0.34007352466703583,0.7462277118328019,4,22,12,2014-11-06,2014-11-07,2025-04-10,2025-04-11,678.0,1783.49,,SVR_FEEDBACK,SVR_FEEDBACK,ARIMA
55,22,7.481617542674788,0.34007352466703583,0.7462277118328019,5,22,12,2014-11-06,2014-11-07,2025-04-10,2025-04-11,678.0,1783.49,,SVR_FEEDBACK,SVR_FEEDBACK,IFOREST
56,18,6.937934507351289,0.33037783368339474,0.7516661618085719,1,21,12,2014-12-01,2014-12-01,2025-04-10,2025-04-11,607.0,1783.49,,SVR_FEEDBACK,SVR_FEEDBACK,ARIMA
56,22,6.937934507351289,0.33037783368339474,0.7516661618085719,2,21,12,2014-12-01,2014-12-01,2025-04-10,2025-04-11,607.0,1783.49,,SVR_FEEDBACK,SVR_FEEDBACK,IFOREST
56,23,7.595809317838098,0.361705205611338,0.7343733400439266,3,21,21,2014-12-01,2014-12-01,2025-04-21,2025-04-21,607.0,1808.01,,SVR_FEEDBACK,SVR_FEEDBACK,TIMEGPT
56,21,7.934671056984387,0.3778414789040184,0.7257728957292198,4,21,13,2014-12-01,2014-12-01,2025-04-11,2025-04-12,607.0,1788.85,,SVR_FEEDBACK,SVR_FEEDBACK,DIF
56,20,9.764336958188592,0.46496842658040916,0.682608568113814,5,21,17,2014-12-01,2014-12-01,2025-05-03,2025-05-03,607.0,1835.19,,SVR_FEEDBACK,SVR_FEEDBACK,DBSCAN
57,34,5.818662713662606,0.24244427973594193,0.8048650682447757,1,24,13,2014-12-15,2014-12-18,2025-04-12,2025-04-12,1111.0,1785.88,,RF_FEEDBACK,RF_FEEDBACK,ARIMA
57,37,5.818662713662606,0.24244427973594193,0.8048650682447757,2,24,13,2014-12-15,2014-12-18,2025-04-12,2025-04-12,1111.0,1785.88,,RF_FEEDBACK,RF_FEEDBACK,DIF
57,33,5.858440990113403,0.24410170792139177,0.8037928037819113,3,24,11,2014-12-15,2014-12-18,2025-04-10,2025-04-10,1111.0,1757.38,,RF_FEEDBACK,RF_FEEDBACK,ARIMA
57,39,5.971266111141018,0.24880275463087576,0.8007669716388338,4,24,12,2014-12-15,2014-12-18,2025-04-10,2025-04-11,1111.0,1767.95,,RF_FEEDBACK,RF_FEEDBACK,IFOREST
57,20,9.06723339016752,0.37780139125698,0.7257940123631981,5,24,17,2014-12-15,2014-12-18,2025-05-03,2025-05-03,1111.0,1835.19,,SVR_FEEDBACK,SVR_FEEDBACK,DBSCAN
58,18,8.006607346705952,0.3812670165098072,0.7239729813622896,1,21,12,2015-01-05,2015-01-05,2025-04-10,2025-04-11,994.0,1783.49,,SVR_FEEDBACK,SVR_FEEDBACK,ARIMA
58,22,8.006607346705952,0.3812670165098072,0.7239729813622896,2,21,12,2015-01-05,2015-01-05,2025-04-10,2025-04-11,994.0,1783.49,,SVR_FEEDBACK,SVR_FEEDBACK,IFOREST
58,21,8.372693983924433,0.3986997135202111,0.7149497424884903,3,21,13,2015-01-05,2015-01-05,2025-04-11,2025-04-12,994.0,1788.85,,SVR_FEEDBACK,SVR_FEEDBACK,DIF
58,20,8.560200188252413,0.40762858039297206,0.710414674672794,4,21,17,2015-01-05,2015-01-05,2025-05-03,2025-05-03,994.0,1835.19,,SVR_FEEDBACK,SVR_FEEDBACK,DBSCAN
58,23,9.052825141830763,0.4310869115157506,0.6987695799277764,5,21,21,2015-01-05,2015-01-05,2025-04-21,2025-04-21,994.0,1808.01,,SVR_FEEDBACK,SVR_FEEDBACK,TIMEGPT
59,48,5.60295374213691,0.26680732105413857,0.7893860284671214,1,21,11,2015-02-03,2015-02-03,2025-04-10,2025-04-10,782.0,1784.84,,PROPHET_DIRECT,PROPHET_DIRECT,ARIMA
59,54,5.60295374213691,0.26680732105413857,0.7893860284671214,2,21,11,2015-02-03,2015-02-03,2025-04-10,2025-04-10,782.0,1784.84,,PROPHET_DIRECT,PROPHET_DIRECT,IFOREST
59,41,5.916414887463944,0.2817340422601878,0.7801930564601508,3,21,12,2015-02-03,2015-02-03,2025-04-10,2025-04-11,782.0,1776.64,,RF_DIRECT,RF_DIRECT,ARIMA
59,46,5.916414887463944,0.2817340422601878,0.7801930564601508,4,21,12,2015-02-03,2015-02-03,2025-04-10,2025-04-11,782.0,1776.64,,RF_DIRECT,RF_DIRECT,IFOREST
59,43,5.945151305574225,0.28310244312258215,0.7793609975259507,5,21,11,2015-02-03,2015-02-03,2025-05-09,2025-05-09,782.0,1532.68,,RF_DIRECT,RF_DIRECT,DBSCAN
60,18,7.2890953428753456,0.3470997782321593,0.742335509335716,1,21,12,2015-07-06,2015-07-06,2025-04-10,2025-04-11,896.0,1783.49,,SVR_FEEDBACK,SVR_FEEDBACK,ARIMA
60,22,7.2890953428753456,0.3470997782321593,0.742335509335716,2,21,12,2015-07-06,2015-07-06,2025-04-10,2025-04-11,896.0,1783.49,,SVR_FEEDBACK,SVR_FEEDBACK,IFOREST
60,21,7.333491387295277,0.3492138755854894,0.7411723360509107,3,21,13,2015-07-06,2015-07-06,2025-04-11,2025-04-12,896.0,1788.85,,SVR_FEEDBACK,SVR_FEEDBACK,DIF
60,23,8.419578830620367,0.4009323252676365,0.7138103546928709,4,21,21,2015-07-06,2015-07-06,2025-04-21,2025-04-21,896.0,1808.01,,SVR_FEEDBACK,SVR_FEEDBACK,TIMEGPT
60,34,9.028956401991355,0.4299503048567312,0.6993250021371836,5,21,13,2015-07-06,2015-07-06,2025-04-12,2025-04-12,896.0,1785.88,,RF_FEEDBACK,RF_FEEDBACK,ARIMA
61,20,2.5889440742884346,0.12328305115659213,0.8902475640225735,1,21,17,2015-08-24,2015-08-24,2025-05-03,2025-05-03,1336.0,1835.19,,SVR_FEEDBACK,SVR_FEEDBACK,DBSCAN
61,18,3.032730624726272,0.14441574403458438,0.8738083211565638,2,21,12,2015-08-24,2015-08-24,2025-04-10,2025-04-11,1336.0,1783.49,,SVR_FEEDBACK,SVR_FEEDBACK,ARIMA
61,22,3.032730624726272,0.14441574403458438,0.8738083211565638,3,21,12,2015-08-24,2015-08-24,2025-04-10,2025-04-11,1336.0,1783.49,,SVR_FEEDBACK,SVR_FEEDBACK,IFOREST
61,21,3.3548299961633417,0.1597538093411115,0.8622519641199781,4,21,13,2015-08-24,2015-08-24,2025-04-11,2025-04-12,1336.0,1788.85,,SVR_FEEDBACK,SVR_FEEDBACK,DIF
61,33,4.484606083245056,0.21355267063071692,0.8240268627815489,5,21,11,2015-08-24,2015-08-24,2025-04-10,2025-04-10,1336.0,1757.38,,RF_FEEDBACK,RF_FEEDBACK,ARIMA
62,20,2.543830460184586,0.12113478381831361,0.891953415800946,1,21,17,2016-01-12,2016-01-12,2025-05-03,2025-05-03,1574.0,1835.19,,SVR_FEEDBACK,SVR_FEEDBACK,DBSCAN
62,21,3.2010870595847436,0.15243271712308304,0.8677296167852524,2,21,13,2016-01-12,2016-01-12,2025-04-11,2025-04-12,1574.0,1788.85,,SVR_FEEDBACK,SVR_FEEDBACK,DIF
62,19,3.4713144320090663,0.11970049765548504,0.8930959681574465,3,21,29,2016-01-12,2016-01-12,2025-04-21,2025-05-09,1574.0,1837.99,,SVR_FEEDBACK,SVR_FEEDBACK,COUTA
62,23,4.102810574989427,0.19537193214235365,0.8365597125973948,4,21,21,2016-01-12,2016-01-12,2025-04-21,2025-04-21,1574.0,1808.01,,SVR_FEEDBACK,SVR_FEEDBACK,TIMEGPT
62,18,4.135851429531661,0.19694530616817432,0.8354600622490741,5,21,12,2016-01-12,2016-01-12,2025-04-10,2025-04-11,1574.0,1783.49,,SVR_FEEDBACK,SVR_FEEDBACK,ARIMA
63,24,9.108950600008964,0.41404320909131653,0.7071919680888773,1,22,11,2016-01-21,2016-01-22,2025-04-10,2025-04-10,1639.0,1754.17,,SVR_DIRECT,SVR_DIRECT,ARIMA
63,30,9.108950600008964,0.41404320909131653,0.7071919680888773,2,22,11,2016-01-21,2016-01-22,2025-04-10,2025-04-10,1639.0,1754.17,,SVR_DIRECT,SVR_DIRECT,IFOREST
63,48,9.668319570040628,0.43946907136548313,0.6947005808547161,3,22,11,2016-01-21,2016-01-22,2025-04-10,2025-04-10,1639.0,1784.84,,PROPHET_DIRECT,PROPHET_DIRECT,ARIMA
63,54,9.668319570040628,0.43946907136548313,0.6947005808547161,4,22,11,2016-01-21,2016-01-22,2025-04-10,2025-04-10,1639.0,1784.84,,PROPHET_DIRECT,PROPHET_DIRECT,IFOREST
63,10,9.889678808257653,0.4495308549208024,0.689878381412334,5,22,13,2016-01-21,2016-01-22,2025-04-12,2025-04-12,1639.0,1735.04,,ARIMA_FEEDBACK,ARIMA_FEEDBACK,ARIMA
64,28,7.412331934336927,0.35296818734937746,0.7391156786613857,1,21,14,2016-01-28,2016-01-28,2025-04-13,2025-04-13,1490.0,1729.43,,SVR_DIRECT,SVR_DIRECT,DIF
64,57,8.822554678683131,0.4201216513658634,0.7041650263117999,2,21,11,2016-01-28,2016-01-28,2025-04-10,2025-04-10,1490.0,1784.84,,PROPHET_FEEDBACK,PROPHET_FEEDBACK,ARIMA
64,43,9.306363490457045,0.44316016621224025,0.6929237817203816,3,21,11,2016-01-28,2016-01-28,2025-05-09,2025-05-09,1490.0,1532.68,,RF_DIRECT,RF_DIRECT,DBSCAN
64,29,9.822356415717787,0.4677312578913232,0.6813236378413657,4,21,17,2016-01-28,2016-01-28,2025-04-16,2025-04-16,1490.0,1710.79,,SVR_DIRECT,SVR_DIRECT,DIF
64,36,10.353164907642899,0.49300785274489994,0.6697888414729344,5,21,17,2016-01-28,2016-01-28,2025-05-03,2025-05-03,1490.0,1785.89,,RF_FEEDBACK,RF_FEEDBACK,DBSCAN
65,49,4.405310361094889,0.2097766838616614,0.8265988370745873,1,21,16,2016-02-17,2016-02-17,2025-04-15,2025-04-15,1583.0,1777.45,,PROPHET_DIRECT,PROPHET_DIRECT,ARIMA
65,16,4.454644666064289,0.21212593647925188,0.824996784496342,2,21,11,2016-02-17,2016-02-17,2025-05-09,2025-05-09,1583.0,1690.15,,ARIMA_FEEDBACK,ARIMA_FEEDBACK,IFOREST
65,9,4.571791475231169,0.21770435596338902,0.8212173957519008,3,21,11,2016-02-17,2016-02-17,2025-04-10,2025-04-10,1583.0,1736.87,,ARIMA_FEEDBACK,ARIMA_FEEDBACK,ARIMA
65,3,4.851148706377723,0.23100708125608205,0.8123430118530517,4,21,11,2016-02-17,2016-02-17,2025-05-09,2025-05-09,1583.0,1695.51,,ARIMA,ARIMA,DBSCAN
65,5,4.851148706377723,0.23100708125608205,0.8123430118530517,5,21,11,2016-02-17,2016-02-17,2025-05-09,2025-05-09,1583.0,1695.51,,ARIMA,ARIMA,DIF
66,3,1.8569584223935267,0.0884265915425489,0.9187574134722047,1,21,11,2016-02-22,2016-02-22,2025-05-09,2025-05-09,1483.0,1695.51,,ARIMA,ARIMA,DBSCAN
66,5,1.8569584223935267,0.0884265915425489,0.9187574134722047,2,21,11,2016-02-22,2016-02-22,2025-05-09,2025-05-09,1483.0,1695.51,,ARIMA,ARIMA,DIF
66,7,1.8569584223935267,0.0884265915425489,0.9187574134722047,3,21,11,2016-02-22,2016-02-22,2025-05-09,2025-05-09,1483.0,1695.51,,ARIMA,ARIMA,IFOREST
66,8,1.8569584223935267,0.0884265915425489,0.9187574134722047,4,21,11,2016-02-22,2016-02-22,2025-05-09,2025-05-09,1483.0,1695.51,,ARIMA,ARIMA,TIMEGPT
66,13,1.980087799097376,0.09428989519511315,0.9138346286398805,5,21,14,2016-02-22,2016-02-22,2025-04-13,2025-04-13,1483.0,1731.18,,ARIMA_FEEDBACK,ARIMA_FEEDBACK,DIF
67,43,5.75969343217618,0.2742711158179133,0.7847623536205892,1,21,11,2016-03-16,2016-03-16,2025-05-09,2025-05-09,1138.0,1532.68,,RF_DIRECT,RF_DIRECT,DBSCAN
67,41,6.05194476717939,0.28818784605616143,0.7762842997327913,2,21,12,2016-03-16,2016-03-16,2025-04-10,2025-04-11,1138.0,1776.64,,RF_DIRECT,RF_DIRECT,ARIMA
67,46,6.05194476717939,0.28818784605616143,0.7762842997327913,3,21,12,2016-03-16,2016-03-16,2025-04-10,2025-04-11,1138.0,1776.64,,RF_DIRECT,RF_DIRECT,IFOREST
67,45,6.15954216092646,0.29331153147268857,0.773208910355345,4,21,20,2016-03-16,2016-03-16,2025-04-30,2025-04-30,1138.0,1592.63,,RF_DIRECT,RF_DIRECT,DIF
67,3,6.576108712890251,0.31314803394715485,0.7615287645781474,5,21,11,2016-03-16,2016-03-16,2025-05-09,2025-05-09,1138.0,1695.51,,ARIMA,ARIMA,DBSCAN
68,43,7.102658747559187,0.33822184512186604,0.7472602570681651,1,21,11,2016-03-18,2016-03-18,2025-05-09,2025-05-09,996.0,1532.68,,RF_DIRECT,RF_DIRECT,DBSCAN
68,41,8.258244157412593,0.39324972178155204,0.7177464200181554,2,21,12,2016-03-18,2016-03-18,2025-04-10,2025-04-11,996.0,1776.64,,RF_DIRECT,RF_DIRECT,ARIMA
68,46,8.258244157412593,0.39324972178155204,0.7177464200181554,3,21,12,2016-03-18,2016-03-18,2025-04-10,2025-04-11,996.0,1776.64,,RF_DIRECT,RF_DIRECT,IFOREST
68,28,8.746762749529406,0.41651251188235267,0.7059591719886299,4,21,14,2016-03-18,2016-03-18,2025-04-13,2025-04-13,996.0,1729.43,,SVR_DIRECT,SVR_DIRECT,DIF
68,57,8.751475998766907,0.4167369523222336,0.7058473334523092,5,21,11,2016-03-18,2016-03-18,2025-04-10,2025-04-10,996.0,1784.84,,PROPHET_FEEDBACK,PROPHET_FEEDBACK,ARIMA
69,34,9.918946553169414,0.4723307882461626,0.6791951971548446,1,21,13,2016-03-31,2016-03-31,2025-04-12,2025-04-12,1058.0,1785.88,,RF_FEEDBACK,RF_FEEDBACK,ARIMA
69,37,9.918946553169414,0.4723307882461626,0.6791951971548446,2,21,13,2016-03-31,2016-03-31,2025-04-12,2025-04-12,1058.0,1785.88,,RF_FEEDBACK,RF_FEEDBACK,DIF
69,39,10.70328191215556,0.5096800910550267,0.6623919901475013,3,21,12,2016-03-31,2016-03-31,2025-04-10,2025-04-11,1058.0,1767.95,,RF_FEEDBACK,RF_FEEDBACK,IFOREST
69,33,10.708909737548252,0.5099480827403929,0.662274426141267,4,21,11,2016-03-31,2016-03-31,2025-04-10,2025-04-10,1058.0,1757.38,,RF_FEEDBACK,RF_FEEDBACK,ARIMA
69,57,12.527414420481874,0.5965435438324702,0.6263531012749708,5,21,11,2016-03-31,2016-03-31,2025-04-10,2025-04-10,1058.0,1784.84,,PROPHET_FEEDBACK,PROPHET_FEEDBACK,ARIMA
70,43,2.1060101116430467,0.10028619579252604,0.90885444516525,1,21,11,2016-04-28,2016-04-28,2025-05-09,2025-05-09,959.0,1532.68,,RF_DIRECT,RF_DIRECT,DBSCAN
70,41,2.9279312004167215,0.13942529525793912,0.8776354221393896,2,21,12,2016-04-28,2016-04-28,2025-04-10,2025-04-11,959.0,1776.64,,RF_DIRECT,RF_DIRECT,ARIMA
70,46,2.9279312004167215,0.13942529525793912,0.8776354221393896,3,21,12,2016-04-28,2016-04-28,2025-04-10,2025-04-11,959.0,1776.64,,RF_DIRECT,RF_DIRECT,IFOREST
70,1,3.695615930465035,0.17598171097452547,0.8503533606583975,4,21,12,2016-04-28,2016-04-28,2025-04-10,2025-04-11,959.0,1732.82,,ARIMA,ARIMA,ARIMA
70,4,3.695615930465035,0.17598171097452547,0.8503533606583975,5,21,12,2016-04-28,2016-04-28,2025-04-11,2025-04-11,959.0,1730.9,,ARIMA,ARIMA,DIF
71,64,8.226881967033698,0.3739491803197135,0.7278289578129107,1,22,11,2016-11-14,2016-11-15,2025-05-09,2025-05-09,849.0,1755.65,,PROPHET_FEEDBACK,PROPHET_FEEDBACK,IFOREST
71,65,10.602518636995352,0.4819326653179706,0.6747944919517886,2,22,21,2016-11-14,2016-11-15,2025-04-21,2025-04-21,849.0,1780.36,,PROPHET_FEEDBACK,PROPHET_FEEDBACK,TIMEGPT
71,3,10.838555100181576,0.4926615954627989,0.669944214441955,3,22,11,2016-11-14,2016-11-15,2025-05-09,2025-05-09,849.0,1695.51,,ARIMA,ARIMA,DBSCAN
71,5,10.838555100181576,0.4926615954627989,0.669944214441955,4,22,11,2016-11-14,2016-11-15,2025-05-09,2025-05-09,849.0,1695.51,,ARIMA,ARIMA,DIF
71,7,10.838555100181576,0.4926615954627989,0.669944214441955,5,22,11,2016-11-14,2016-11-15,2025-05-09,2025-05-09,849.0,1695.51,,ARIMA,ARIMA,IFOREST
72,3,6.349799257729789,0.30237139322522805,0.7678301329420117,1,21,11,2018-11-28,2018-11-28,2025-05-09,2025-05-09,760.0,1695.51,,ARIMA,ARIMA,DBSCAN
72,5,6.349799257729789,0.30237139322522805,0.7678301329420117,2,21,11,2018-11-28,2018-11-28,2025-05-09,2025-05-09,760.0,1695.51,,ARIMA,ARIMA,DIF
72,7,6.349799257729789,0.30237139322522805,0.7678301329420117,3,21,11,2018-11-28,2018-11-28,2025-05-09,2025-05-09,760.0,1695.51,,ARIMA,ARIMA,IFOREST
72,8,6.349799257729789,0.30237139322522805,0.7678301329420117,4,21,11,2018-11-28,2018-11-28,2025-05-09,2025-05-09,760.0,1695.51,,ARIMA,ARIMA,TIMEGPT
72,48,6.469068310629663,0.3080508719347459,0.7644962603945931,5,21,11,2018-11-28,2018-11-28,2025-04-10,2025-04-10,760.0,1784.84,,PROPHET_DIRECT,PROPHET_DIRECT,ARIMA
73,18,4.8944702088036545,0.23307000994303118,0.8109839603074936,1,21,12,2019-08-05,2019-08-05,2025-04-10,2025-04-11,717.0,1783.49,,SVR_FEEDBACK,SVR_FEEDBACK,ARIMA
73,22,4.8944702088036545,0.23307000994303118,0.8109839603074936,2,21,12,2019-08-05,2019-08-05,2025-04-10,2025-04-11,717.0,1783.49,,SVR_FEEDBACK,SVR_FEEDBACK,IFOREST
73,21,5.105663389889743,0.24312682808998778,0.8044231508835329,3,21,13,2019-08-05,2019-08-05,2025-04-11,2025-04-12,717.0,1788.85,,SVR_FEEDBACK,SVR_FEEDBACK,DIF
73,23,5.353660476901062,0.25493621318576487,0.7968532499842466,4,21,21,2019-08-05,2019-08-05,2025-04-21,2025-04-21,717.0,1808.01,,SVR_FEEDBACK,SVR_FEEDBACK,TIMEGPT
73,20,6.522963677676937,0.310617317984616,0.7629992266069979,5,21,17,2019-08-05,2019-08-05,2025-05-03,2025-05-03,717.0,1835.19,,SVR_FEEDBACK,SVR_FEEDBACK,DBSCAN
74,18,6.64455382668921,0.31640732508043856,0.7596432965297389,1,21,12,2019-10-08,2019-10-08,2025-04-10,2025-04-11,777.0,1783.49,,SVR_FEEDBACK,SVR_FEEDBACK,ARIMA
74,22,6.64455382668921,0.31640732508043856,0.7596432965297389,2,21,12,2019-10-08,2019-10-08,2025-04-10,2025-04-11,777.0,1783.49,,SVR_FEEDBACK,SVR_FEEDBACK,IFOREST
74,21,7.581161890875931,0.36100770908933005,0.7347496956274513,3,21,13,2019-10-08,2019-10-08,2025-04-11,2025-04-12,777.0,1788.85,,SVR_FEEDBACK,SVR_FEEDBACK,DIF
74,23,7.654655256906215,0.3645073931860103,0.7328652120125813,4,21,21,2019-10-08,2019-10-08,2025-04-21,2025-04-21,777.0,1808.01,,SVR_FEEDBACK,SVR_FEEDBACK,TIMEGPT
74,20,10.172247790810411,0.4843927519433529,0.6736761538957998,5,21,17,2019-10-08,2019-10-08,2025-05-03,2025-05-03,777.0,1835.19,,SVR_FEEDBACK,SVR_FEEDBACK,DBSCAN
75,33,4.982432892223302,0.23725870915349057,0.8082384004265215,1,21,11,2019-10-15,2019-10-15,2025-04-10,2025-04-10,800.0,1757.38,,RF_FEEDBACK,RF_FEEDBACK,ARIMA
75,39,5.339434815439282,0.2542588007352039,0.7972836223384152,2,21,12,2019-10-15,2019-10-15,2025-04-10,2025-04-11,800.0,1767.95,,RF_FEEDBACK,RF_FEEDBACK,IFOREST
75,34,5.4572812502132235,0.2598705357244392,0.7937323491933154,3,21,13,2019-10-15,2019-10-15,2025-04-12,2025-04-12,800.0,1785.88,,RF_FEEDBACK,RF_FEEDBACK,ARIMA
75,37,5.4572812502132235,0.2598705357244392,0.7937323491933154,4,21,13,2019-10-15,2019-10-15,2025-04-12,2025-04-12,800.0,1785.88,,RF_FEEDBACK,RF_FEEDBACK,DIF
75,20,6.945516845018467,0.33073889738183176,0.7514622154409513,5,21,17,2019-10-15,2019-10-15,2025-05-03,2025-05-03,800.0,1835.19,,SVR_FEEDBACK,SVR_FEEDBACK,DBSCAN
76,39,8.553099114096868,0.4072904340046128,0.7105853744449756,1,21,12,2019-11-26,2019-11-26,2025-04-10,2025-04-11,1114.0,1767.95,,RF_FEEDBACK,RF_FEEDBACK,IFOREST
76,34,8.789479564001967,0.4185466459048556,0.704946857325319,2,21,13,2019-11-26,2019-11-26,2025-04-12,2025-04-12,1114.0,1785.88,,RF_FEEDBACK,RF_FEEDBACK,ARIMA
76,37,8.789479564001967,0.4185466459048556,0.704946857325319,3,21,13,2019-11-26,2019-11-26,2025-04-12,2025-04-12,1114.0,1785.88,,RF_FEEDBACK,RF_FEEDBACK,DIF
76,33,9.13989795123299,0.43523323577299955,0.696750866044021,4,21,11,2019-11-26,2019-11-26,2025-04-10,2025-04-10,1114.0,1757.38,,RF_FEEDBACK,RF_FEEDBACK,ARIMA
76,38,9.405476883186163,0.4478798515802935,0.6906650430341623,5,21,21,2019-11-26,2019-11-26,2025-04-20,2025-04-20,1114.0,1792.87,,RF_FEEDBACK,RF_FEEDBACK,DIF
77,21,4.274427387086769,0.1942921539584895,0.8373160592954523,1,22,13,2020-02-04,2020-02-05,2025-04-11,2025-04-12,1096.0,1788.85,,SVR_FEEDBACK,SVR_FEEDBACK,DIF
77,18,4.513154754271126,0.2051433979214148,0.8297767732244659,2,22,12,2020-02-04,2020-02-05,2025-04-10,2025-04-11,1096.0,1783.49,,SVR_FEEDBACK,SVR_FEEDBACK,ARIMA
77,22,4.513154754271126,0.2051433979214148,0.8297767732244659,3,22,12,2020-02-04,2020-02-05,2025-04-10,2025-04-11,1096.0,1783.49,,SVR_FEEDBACK,SVR_FEEDBACK,IFOREST
77,19,4.6815283074265,0.1614320106009138,0.8610060605119793,4,22,29,2020-02-04,2020-02-05,2025-04-21,2025-05-09,1096.0,1837.99,,SVR_FEEDBACK,SVR_FEEDBACK,COUTA
77,20,4.971530130915833,0.22597864231435605,0.8156748947210353,5,22,17,2020-02-04,2020-02-05,2025-05-03,2025-05-03,1096.0,1835.19,,SVR_FEEDBACK,SVR_FEEDBACK,DBSCAN
78,20,3.892524495637553,0.18535830931607394,0.8436267684975173,1,21,17,2020-02-07,2020-02-07,2025-05-03,2025-05-03,1108.0,1835.19,,SVR_FEEDBACK,SVR_FEEDBACK,DBSCAN
78,18,4.545637515003362,0.21645892928587437,0.8220581689404449,2,21,12,2020-02-07,2020-02-07,2025-04-10,2025-04-11,1108.0,1783.49,,SVR_FEEDBACK,SVR_FEEDBACK,ARIMA
78,22,4.545637515003362,0.21645892928587437,0.8220581689404449,3,21,12,2020-02-07,2020-02-07,2025-04-10,2025-04-11,1108.0,1783.49,,SVR_FEEDBACK,SVR_FEEDBACK,IFOREST
78,21,4.590559066814434,0.21859805080068734,0.8206151317433537,4,21,13,2020-02-07,2020-02-07,2025-04-11,2025-04-12,1108.0,1788.85,,SVR_FEEDBACK,SVR_FEEDBACK,DIF
78,33,5.350315905369503,0.25477694787473826,0.7969543923274464,5,21,11,2020-02-07,2020-02-07,2025-04-10,2025-04-10,1108.0,1757.38,,RF_FEEDBACK,RF_FEEDBACK,ARIMA
79,23,4.80630854146613,0.22887183530791097,0.8137545114698118,1,21,21,2020-02-25,2020-02-25,2025-04-21,2025-04-21,1404.0,1808.01,,SVR_FEEDBACK,SVR_FEEDBACK,TIMEGPT
79,21,5.3006135389368145,0.25241016852080067,0.7984604605862329,2,21,13,2020-02-25,2020-02-25,2025-04-11,2025-04-12,1404.0,1788.85,,SVR_FEEDBACK,SVR_FEEDBACK,DIF
79,18,5.711132423983952,0.2719586868563787,0.78618905655771,3,21,12,2020-02-25,2020-02-25,2025-04-10,2025-04-11,1404.0,1783.49,,SVR_FEEDBACK,SVR_FEEDBACK,ARIMA
79,22,5.711132423983952,0.2719586868563787,0.78618905655771,4,21,12,2020-02-25,2020-02-25,2025-04-10,2025-04-11,1404.0,1783.49,,SVR_FEEDBACK,SVR_FEEDBACK,IFOREST
79,20,7.198618057742673,0.3427913360829844,0.7447173459705732,5,21,17,2020-02-25,2020-02-25,2025-05-03,2025-05-03,1404.0,1835.19,,SVR_FEEDBACK,SVR_FEEDBACK,DBSCAN
80,23,4.777113915070538,0.22748161500335898,0.8146761530088282,1,21,21,2020-02-27,2020-02-27,2025-04-21,2025-04-21,1455.0,1808.01,,SVR_FEEDBACK,SVR_FEEDBACK,TIMEGPT
80,18,5.626703996846678,0.2679382855641275,0.7886819188168002,2,21,12,2020-02-27,2020-02-27,2025-04-10,2025-04-11,1455.0,1783.49,,SVR_FEEDBACK,SVR_FEEDBACK,ARIMA
80,22,5.626703996846678,0.2679382855641275,0.7886819188168002,3,21,12,2020-02-27,2020-02-27,2025-04-10,2025-04-11,1455.0,1783.49,,SVR_FEEDBACK,SVR_FEEDBACK,IFOREST
80,21,5.652303332978665,0.2691573015704126,0.7879243957881609,4,21,13,2020-02-27,2020-02-27,2025-04-11,2025-04-12,1455.0,1788.85,,SVR_FEEDBACK,SVR_FEEDBACK,DIF
80,19,7.295670539233616,0.25157484618046955,0.7989933666786126,5,21,29,2020-02-27,2020-02-27,2025-04-21,2025-05-09,1455.0,1837.99,,SVR_FEEDBACK,SVR_FEEDBACK,COUTA
81,20,7.062104478163683,0.28248417912654733,0.7797367143203772,1,25,17,2020-03-20,2020-03-24,2025-05-03,2025-05-03,6063.0,1835.19,,SVR_FEEDBACK,SVR_FEEDBACK,DBSCAN
81,18,8.544924566424793,0.3417969826569917,0.7452692269584821,2,25,12,2020-03-20,2020-03-24,2025-04-10,2025-04-11,6063.0,1783.49,,SVR_FEEDBACK,SVR_FEEDBACK,ARIMA
81,22,8.544924566424793,0.3417969826569917,0.7452692269584821,3,25,12,2020-03-20,2020-03-24,2025-04-10,2025-04-11,6063.0,1783.49,,SVR_FEEDBACK,SVR_FEEDBACK,IFOREST
81,21,8.625662283613757,0.34502649134455027,0.7434797800899476,4,25,13,2020-03-20,2020-03-24,2025-04-11,2025-04-12,6063.0,1788.85,,SVR_FEEDBACK,SVR_FEEDBACK,DIF
81,34,9.04724746296104,0.3618898985184416,0.7342737478909782,5,25,13,2020-03-20,2020-03-24,2025-04-12,2025-04-12,6063.0,1785.88,,RF_FEEDBACK,RF_FEEDBACK,ARIMA
82,40,10.661059964754363,0.4264423985901745,0.7010447817509847,1,25,21,2020-03-30,2020-04-03,2025-04-21,2025-04-21,5376.0,1791.92,,RF_FEEDBACK,RF_FEEDBACK,TIMEGPT
82,38,11.197102008542986,0.44788408034171945,0.6906630258438832,2,25,21,2020-03-30,2020-04-03,2025-04-20,2025-04-20,5376.0,1792.87,,RF_FEEDBACK,RF_FEEDBACK,DIF
82,34,12.20722767565858,0.48828910702634315,0.6719124632968907,3,25,13,2020-03-30,2020-04-03,2025-04-12,2025-04-12,5376.0,1785.88,,RF_FEEDBACK,RF_FEEDBACK,ARIMA
82,37,12.20722767565858,0.48828910702634315,0.6719124632968907,4,25,13,2020-03-30,2020-04-03,2025-04-12,2025-04-12,5376.0,1785.88,,RF_FEEDBACK,RF_FEEDBACK,DIF
82,39,12.298777688160625,0.491951107526425,0.6702632512254014,5,25,12,2020-03-30,2020-04-03,2025-04-10,2025-04-11,5376.0,1767.95,,RF_FEEDBACK,RF_FEEDBACK,IFOREST
83,57,10.953767892000872,0.4978985405454942,0.6676019589656766,1,22,11,2020-04-08,2020-04-09,2025-04-10,2025-04-10,4841.0,1784.84,,PROPHET_FEEDBACK,PROPHET_FEEDBACK,ARIMA
83,28,11.252804529089403,0.5114911149586092,0.6615983316761899,2,22,14,2020-04-08,2020-04-09,2025-04-13,2025-04-13,4841.0,1729.43,,SVR_DIRECT,SVR_DIRECT,DIF
83,21,11.799315574414809,0.536332526109764,0.6509007542346041,3,22,13,2020-04-08,2020-04-09,2025-04-11,2025-04-12,4841.0,1788.85,,SVR_FEEDBACK,SVR_FEEDBACK,DIF
83,18,11.876447596716996,0.5398385271234999,0.6494187425405267,4,22,12,2020-04-08,2020-04-09,2025-04-10,2025-04-11,4841.0,1783.49,,SVR_FEEDBACK,SVR_FEEDBACK,ARIMA
83,22,11.876447596716996,0.5398385271234999,0.6494187425405267,5,22,12,2020-04-08,2020-04-09,2025-04-10,2025-04-11,4841.0,1783.49,,SVR_FEEDBACK,SVR_FEEDBACK,IFOREST
84,39,8.742001679009899,0.3642500699587458,0.7330034441781186,1,24,12,2020-04-20,2020-04-23,2025-04-10,2025-04-11,5782.0,1767.95,,RF_FEEDBACK,RF_FEEDBACK,IFOREST
84,33,8.957424517510004,0.37322602156291684,0.7282122420472813,2,24,11,2020-04-20,2020-04-23,2025-04-10,2025-04-10,5782.0,1757.38,,RF_FEEDBACK,RF_FEEDBACK,ARIMA
84,34,9.094461504031198,0.3789358960012999,0.725196873110523,3,24,13,2020-04-20,2020-04-23,2025-04-12,2025-04-12,5782.0,1785.88,,RF_FEEDBACK,RF_FEEDBACK,ARIMA
84,37,9.094461504031198,0.3789358960012999,0.725196873110523,4,24,13,2020-04-20,2020-04-23,2025-04-12,2025-04-12,5782.0,1785.88,,RF_FEEDBACK,RF_FEEDBACK,DIF
84,40,10.79020148908621,0.4495917287119254,0.6898494108327851,5,24,21,2020-04-20,2020-04-23,2025-04-21,2025-04-21,5782.0,1791.92,,RF_FEEDBACK,RF_FEEDBACK,TIMEGPT
85,3,4.908688003147471,0.20452866679781131,0.8302002497445394,1,24,11,2020-04-28,2020-05-01,2025-05-09,2025-05-09,5617.0,1695.51,,ARIMA,ARIMA,DBSCAN
85,5,4.908688003147471,0.20452866679781131,0.8302002497445394,2,24,11,2020-04-28,2020-05-01,2025-05-09,2025-05-09,5617.0,1695.51,,ARIMA,ARIMA,DIF
85,7,4.908688003147471,0.20452866679781131,0.8302002497445394,3,24,11,2020-04-28,2020-05-01,2025-05-09,2025-05-09,5617.0,1695.51,,ARIMA,ARIMA,IFOREST
85,8,4.908688003147471,0.20452866679781131,0.8302002497445394,4,24,11,2020-04-28,2020-05-01,2025-05-09,2025-05-09,5617.0,1695.51,,ARIMA,ARIMA,TIMEGPT
85,48,4.929812038532163,0.20540883493884013,0.829594052254261,5,24,11,2020-04-28,2020-05-01,2025-04-10,2025-04-10,5617.0,1784.84,,PROPHET_DIRECT,PROPHET_DIRECT,ARIMA
86,12,3.5001866189019646,0.1400074647560786,0.8771872386063408,1,25,17,2020-05-04,2020-05-08,2025-05-03,2025-05-03,4791.0,1698.54,,ARIMA_FEEDBACK,ARIMA_FEEDBACK,DBSCAN
86,41,3.644256927748794,0.14577027710995177,0.8727753023253166,2,25,12,2020-05-04,2020-05-08,2025-04-10,2025-04-11,4791.0,1776.64,,RF_DIRECT,RF_DIRECT,ARIMA
86,46,3.644256927748794,0.14577027710995177,0.8727753023253166,3,25,12,2020-05-04,2020-05-08,2025-04-10,2025-04-11,4791.0,1776.64,,RF_DIRECT,RF_DIRECT,IFOREST
86,43,4.061395692900518,0.16245582771602074,0.8602477411677553,4,25,11,2020-05-04,2020-05-08,2025-05-09,2025-05-09,4791.0,1532.68,,RF_DIRECT,RF_DIRECT,DBSCAN
86,3,4.184776211689388,0.16739104846757552,0.8566109885052584,5,25,11,2020-05-04,2020-05-08,2025-05-09,2025-05-09,4791.0,1695.51,,ARIMA,ARIMA,DBSCAN
87,41,3.427090376286073,0.16319477982314634,0.8597012446634615,1,21,12,2020-05-11,2020-05-11,2025-04-10,2025-04-11,4287.0,1776.64,,RF_DIRECT,RF_DIRECT,ARIMA
87,46,3.427090376286073,0.16319477982314634,0.8597012446634615,2,21,12,2020-05-11,2020-05-11,2025-04-10,2025-04-11,4287.0,1776.64,,RF_DIRECT,RF_DIRECT,IFOREST
87,6,3.438246463856676,0.16372602208841314,0.8593087900581687,3,21,11,2020-05-11,2020-05-11,2025-04-10,2025-04-10,4287.0,1732.82,,ARIMA,ARIMA,IFOREST
87,17,3.490438100454215,0.16621133811686736,0.8574775148514197,4,21,21,2020-05-11,2020-05-11,2025-04-21,2025-04-21,4287.0,1716.29,,ARIMA_FEEDBACK,ARIMA_FEEDBACK,TIMEGPT
87,1,3.6253857985063784,0.1726374189764942,0.8527785177389475,5,21,12,2020-05-11,2020-05-11,2025-04-10,2025-04-11,4287.0,1732.82,,ARIMA,ARIMA,ARIMA
88,43,4.904943256366917,0.21325840245073555,0.8242267253043855,1,23,11,2020-05-13,2020-05-15,2025-05-09,2025-05-09,4518.0,1532.68,,RF_DIRECT,RF_DIRECT,DBSCAN
88,41,5.09577537462156,0.22155545107050262,0.8186284127533107,2,23,12,2020-05-13,2020-05-15,2025-04-10,2025-04-11,4518.0,1776.64,,RF_DIRECT,RF_DIRECT,ARIMA
88,46,5.09577537462156,0.22155545107050262,0.8186284127533107,3,23,12,2020-05-13,2020-05-15,2025-04-10,2025-04-11,4518.0,1776.64,,RF_DIRECT,RF_DIRECT,IFOREST
88,6,5.383046658797285,0.2340455069042298,0.8103428880095641,4,23,11,2020-05-13,2020-05-15,2025-04-10,2025-04-10,4518.0,1732.82,,ARIMA,ARIMA,IFOREST
88,1,5.507846658809333,0.23947159386127534,0.8067954158471199,5,23,12,2020-05-13,2020-05-15,2025-04-10,2025-04-11,4518.0,1732.82,,ARIMA,ARIMA,ARIMA
89,9,5.2078766383464945,0.24799412563554735,0.8012858229526881,1,21,11,2020-05-18,2020-05-18,2025-04-10,2025-04-10,4193.0,1736.87,,ARIMA_FEEDBACK,ARIMA_FEEDBACK,ARIMA
89,16,5.3421663700798545,0.2543888747657074,0.7972009479012465,2,21,11,2020-05-18,2020-05-18,2025-05-09,2025-05-09,4193.0,1690.15,,ARIMA_FEEDBACK,ARIMA_FEEDBACK,IFOREST
89,49,5.772952125229601,0.27490248215379054,0.784373717988707,3,21,16,2020-05-18,2020-05-18,2025-04-15,2025-04-15,4193.0,1777.45,,PROPHET_DIRECT,PROPHET_DIRECT,ARIMA
89,64,5.7893273265779035,0.27568225364656684,0.7838942629651523,4,21,11,2020-05-18,2020-05-18,2025-05-09,2025-05-09,4193.0,1755.65,,PROPHET_FEEDBACK,PROPHET_FEEDBACK,IFOREST
89,3,6.147435548576434,0.2927350261226873,0.7735537289488548,5,21,11,2020-05-18,2020-05-18,2025-05-09,2025-05-09,4193.0,1695.51,,ARIMA,ARIMA,DBSCAN
90,3,3.1137220139384967,0.14827247685421413,0.8708734382797203,1,21,11,2020-05-26,2020-05-26,2025-05-09,2025-05-09,3891.0,1695.51,,ARIMA,ARIMA,DBSCAN
90,5,3.1137220139384967,0.14827247685421413,0.8708734382797203,2,21,11,2020-05-26,2020-05-26,2025-05-09,2025-05-09,3891.0,1695.51,,ARIMA,ARIMA,DIF
90,7,3.1137220139384967,0.14827247685421413,0.8708734382797203,3,21,11,2020-05-26,2020-05-26,2025-05-09,2025-05-09,3891.0,1695.51,,ARIMA,ARIMA,IFOREST
90,8,3.1137220139384967,0.14827247685421413,0.8708734382797203,4,21,11,2020-05-26,2020-05-26,2025-05-09,2025-05-09,3891.0,1695.51,,ARIMA,ARIMA,TIMEGPT
90,10,3.566181795800614,0.1698181807524102,0.8548336967688555,5,21,13,2020-05-26,2020-05-26,2025-04-12,2025-04-12,3891.0,1735.04,,ARIMA_FEEDBACK,ARIMA_FEEDBACK,ARIMA
91,43,4.5816603995596035,0.18326641598238413,0.8451182138637554,1,25,11,2020-06-01,2020-06-05,2025-05-09,2025-05-09,3605.0,1532.68,,RF_DIRECT,RF_DIRECT,DBSCAN
91,41,6.300959338748216,0.25203837354992864,0.7986975648076031,2,25,12,2020-06-01,2020-06-05,2025-04-10,2025-04-11,3605.0,1776.64,,RF_DIRECT,RF_DIRECT,ARIMA
91,46,6.300959338748216,0.25203837354992864,0.7986975648076031,3,25,12,2020-06-01,2020-06-05,2025-04-10,2025-04-11,3605.0,1776.64,,RF_DIRECT,RF_DIRECT,IFOREST
91,48,6.563464108741888,0.26253856434967554,0.79205501379286,4,25,11,2020-06-01,2020-06-05,2025-04-10,2025-04-10,3605.0,1784.84,,PROPHET_DIRECT,PROPHET_DIRECT,ARIMA
91,54,6.563464108741888,0.26253856434967554,0.79205501379286,5,25,11,2020-06-01,2020-06-05,2025-04-10,2025-04-10,3605.0,1784.84,,PROPHET_DIRECT,PROPHET_DIRECT,IFOREST
92,64,9.266767000032301,0.4029029130448826,0.712807700876167,1,23,11,2020-06-24,2020-06-26,2025-05-09,2025-05-09,3390.0,1755.65,,PROPHET_FEEDBACK,PROPHET_FEEDBACK,IFOREST
92,63,11.548394142647664,0.5021040931585941,0.6657328240796018,2,23,15,2020-06-24,2020-06-26,2025-04-14,2025-04-14,3390.0,1785.19,,PROPHET_FEEDBACK,PROPHET_FEEDBACK,IFOREST
92,27,12.146507515733683,0.5281090224232036,0.65440357024674,3,23,17,2020-06-24,2020-06-26,2025-05-03,2025-05-03,3390.0,1671.25,,SVR_DIRECT,SVR_DIRECT,DBSCAN
92,24,12.365445945013452,0.5376280845658022,0.6503523251413437,4,23,11,2020-06-24,2020-06-26,2025-04-10,2025-04-10,3390.0,1754.17,,SVR_DIRECT,SVR_DIRECT,ARIMA
92,30,12.365445945013452,0.5376280845658022,0.6503523251413437,5,23,11,2020-06-24,2020-06-26,2025-04-10,2025-04-10,3390.0,1754.17,,SVR_DIRECT,SVR_DIRECT,IFOREST
93,61,6.63539005315673,0.3159709549122252,0.7598951908985709,1,21,16,2020-07-01,2020-07-01,2025-04-15,2025-04-15,3278.0,1779.7,,PROPHET_FEEDBACK,PROPHET_FEEDBACK,DIF
93,63,7.253746485464492,0.34541649930783297,0.7432642609292089,2,21,15,2020-07-01,2020-07-01,2025-04-14,2025-04-14,3278.0,1785.19,,PROPHET_FEEDBACK,PROPHET_FEEDBACK,IFOREST
93,64,7.38376049508244,0.35160764262297334,0.7398596815118386,3,21,11,2020-07-01,2020-07-01,2025-05-09,2025-05-09,3278.0,1755.65,,PROPHET_FEEDBACK,PROPHET_FEEDBACK,IFOREST
93,24,7.969580079520866,0.3795038133105174,0.7248983223904337,4,21,11,2020-07-01,2020-07-01,2025-04-10,2025-04-10,3278.0,1754.17,,SVR_DIRECT,SVR_DIRECT,ARIMA
93,30,7.969580079520866,0.3795038133105174,0.7248983223904337,5,21,11,2020-07-01,2020-07-01,2025-04-10,2025-04-10,3278.0,1754.17,,SVR_DIRECT,SVR_DIRECT,IFOREST
94,45,4.51787422975021,0.21513686808334334,0.8229525630123604,1,21,20,2020-07-06,2020-07-06,2025-04-30,2025-04-30,2783.0,1592.63,,RF_DIRECT,RF_DIRECT,DIF
94,41,4.616449184159151,0.21983091353138814,0.8197857497356076,2,21,12,2020-07-06,2020-07-06,2025-04-10,2025-04-11,2783.0,1776.64,,RF_DIRECT,RF_DIRECT,ARIMA
94,46,4.616449184159151,0.21983091353138814,0.8197857497356076,3,21,12,2020-07-06,2020-07-06,2025-04-10,2025-04-11,2783.0,1776.64,,RF_DIRECT,RF_DIRECT,IFOREST
94,3,4.626725174453105,0.2203202464025288,0.8194570260945625,4,21,11,2020-07-06,2020-07-06,2025-05-09,2025-05-09,2783.0,1695.51,,ARIMA,ARIMA,DBSCAN
94,5,4.626725174453105,0.2203202464025288,0.8194570260945625,5,21,11,2020-07-06,2020-07-06,2025-05-09,2025-05-09,2783.0,1695.51,,ARIMA,ARIMA,DIF
95,9,3.8251587592294727,0.17387085269224875,0.8518824687626586,1,22,11,2020-07-08,2020-07-09,2025-04-10,2025-04-10,2874.0,1736.87,,ARIMA_FEEDBACK,ARIMA_FEEDBACK,ARIMA
95,41,3.867823503157901,0.17581015923445006,0.8504774279642923,2,22,12,2020-07-08,2020-07-09,2025-04-10,2025-04-11,2874.0,1776.64,,RF_DIRECT,RF_DIRECT,ARIMA
95,46,3.867823503157901,0.17581015923445006,0.8504774279642923,3,22,12,2020-07-08,2020-07-09,2025-04-10,2025-04-11,2874.0,1776.64,,RF_DIRECT,RF_DIRECT,IFOREST
95,16,3.981521066865388,0.1809782303120631,0.8467556592772746,4,22,11,2020-07-08,2020-07-09,2025-05-09,2025-05-09,2874.0,1690.15,,ARIMA_FEEDBACK,ARIMA_FEEDBACK,IFOREST
95,43,4.688424689242977,0.21311021314740805,0.8243274099601431,5,22,11,2020-07-08,2020-07-09,2025-05-09,2025-05-09,2874.0,1532.68,,RF_DIRECT,RF_DIRECT,DBSCAN
96,43,5.423332223950559,0.25825391542621706,0.7947521463990541,1,21,11,2020-07-13,2020-07-13,2025-05-09,2025-05-09,2760.0,1532.68,,RF_DIRECT,RF_DIRECT,DBSCAN
96,36,6.007148815406961,0.2860547054955696,0.777571899334297,2,21,17,2020-07-13,2020-07-13,2025-05-03,2025-05-03,2760.0,1785.89,,RF_FEEDBACK,RF_FEEDBACK,DBSCAN
96,6,6.383899563447809,0.3039952173070385,0.7668739783150141,3,21,11,2020-07-13,2020-07-13,2025-04-10,2025-04-10,2760.0,1732.82,,ARIMA,ARIMA,IFOREST
96,41,6.7712576060053085,0.3224408383812052,0.7561774946576031,4,21,12,2020-07-13,2020-07-13,2025-04-10,2025-04-11,2760.0,1776.64,,RF_DIRECT,RF_DIRECT,ARIMA
96,46,6.7712576060053085,0.3224408383812052,0.7561774946576031,5,21,12,2020-07-13,2020-07-13,2025-04-10,2025-04-11,2760.0,1776.64,,RF_DIRECT,RF_DIRECT,IFOREST
97,39,7.4695161102058405,0.33952345955481095,0.7465341445623871,1,22,12,2020-07-30,2020-07-31,2025-04-10,2025-04-11,2954.0,1767.95,,RF_FEEDBACK,RF_FEEDBACK,IFOREST
97,34,7.681781350304998,0.3491718795593181,0.7411954067161787,2,22,13,2020-07-30,2020-07-31,2025-04-12,2025-04-12,2954.0,1785.88,,RF_FEEDBACK,RF_FEEDBACK,ARIMA
97,37,7.681781350304998,0.3491718795593181,0.7411954067161787,3,22,13,2020-07-30,2020-07-31,2025-04-12,2025-04-12,2954.0,1785.88,,RF_FEEDBACK,RF_FEEDBACK,DIF
97,33,7.872715045447982,0.35785068388399915,0.7364580007719241,4,22,11,2020-07-30,2020-07-31,2025-04-10,2025-04-10,2954.0,1757.38,,RF_FEEDBACK,RF_FEEDBACK,ARIMA
97,38,11.807317469664888,0.5366962486211313,0.650746691740345,5,22,21,2020-07-30,2020-07-31,2025-04-20,2025-04-20,2954.0,1792.87,,RF_FEEDBACK,RF_FEEDBACK,DIF
98,61,4.523514476757492,0.21540545127416627,0.8227707049953192,1,21,16,2020-09-04,2020-09-04,2025-04-15,2025-04-15,2468.0,1779.7,,PROPHET_FEEDBACK,PROPHET_FEEDBACK,DIF
98,63,5.176351704653863,0.2464929383168506,0.8022508345296429,2,21,15,2020-09-04,2020-09-04,2025-04-14,2025-04-14,2468.0,1785.19,,PROPHET_FEEDBACK,PROPHET_FEEDBACK,IFOREST
98,55,6.370456454616621,0.30335506926745814,0.7672506315274802,3,21,11,2020-09-04,2020-09-04,2025-05-09,2025-05-09,2468.0,1741.36,,PROPHET_DIRECT,PROPHET_DIRECT,IFOREST
98,56,6.370456454616621,0.30335506926745814,0.7672506315274802,4,21,11,2020-09-04,2020-09-04,2025-05-09,2025-05-09,2468.0,1741.36,,PROPHET_DIRECT,PROPHET_DIRECT,TIMEGPT
98,3,6.743128195166858,0.32110134262699325,0.7569442008222569,5,21,11,2020-09-04,2020-09-04,2025-05-09,2025-05-09,2468.0,1695.51,,ARIMA,ARIMA,DBSCAN
99,57,8.050942196085476,0.3833781998135941,0.7228681210494331,1,21,11,2021-02-05,2021-02-05,2025-04-10,2025-04-10,1091.0,1784.84,,PROPHET_FEEDBACK,PROPHET_FEEDBACK,ARIMA
99,27,10.451447869318507,0.49768799377707174,0.6676958112470842,2,21,17,2021-02-05,2021-02-05,2025-05-03,2025-05-03,1091.0,1671.25,,SVR_DIRECT,SVR_DIRECT,DBSCAN
99,29,11.147725131690551,0.5308440538900262,0.6532344019359131,3,21,17,2021-02-05,2021-02-05,2025-04-16,2025-04-16,1091.0,1710.79,,SVR_DIRECT,SVR_DIRECT,DIF
99,28,11.452351225606018,0.5453500583621913,0.647102573678245,4,21,14,2021-02-05,2021-02-05,2025-04-13,2025-04-13,1091.0,1729.43,,SVR_DIRECT,SVR_DIRECT,DIF
99,24,11.73393929857683,0.5587590142179443,0.6415359852797495,5,21,11,2021-02-05,2021-02-05,2025-04-10,2025-04-10,1091.0,1754.17,,SVR_DIRECT,SVR_DIRECT,ARIMA
100,57,6.312623152834972,0.28693741603795325,0.7770385626666005,1,22,11,2021-02-08,2021-02-09,2025-04-10,2025-04-10,1263.0,1784.84,,PROPHET_FEEDBACK,PROPHET_FEEDBACK,ARIMA
100,27,12.119813972995132,0.5509006351361424,0.6447866338723998,2,22,17,2021-02-08,2021-02-09,2025-05-03,2025-05-03,1263.0,1671.25,,SVR_DIRECT,SVR_DIRECT,DBSCAN
100,28,12.186193791622417,0.5539178996192008,0.6435346424962719,3,22,14,2021-02-08,2021-02-09,2025-04-13,2025-04-13,1263.0,1729.43,,SVR_DIRECT,SVR_DIRECT,DIF
100,29,12.31454786900858,0.5597521758640264,0.6411274915811859,4,22,17,2021-02-08,2021-02-09,2025-04-16,2025-04-16,1263.0,1710.79,,SVR_DIRECT,SVR_DIRECT,DIF
100,32,13.596616253776382,0.6180280115352901,0.6180362718511498,5,22,21,2021-02-08,2021-02-09,2025-04-21,2025-04-21,1263.0,1662.29,,SVR_DIRECT,SVR_DIRECT,TIMEGPT
101,41,4.067186659376983,0.19367555520842775,0.8377485788635338,1,21,12,2021-04-12,2021-04-12,2025-04-10,2025-04-11,824.0,1776.64,,RF_DIRECT,RF_DIRECT,ARIMA
101,46,4.067186659376983,0.19367555520842775,0.8377485788635338,2,21,12,2021-04-12,2021-04-12,2025-04-10,2025-04-11,824.0,1776.64,,RF_DIRECT,RF_DIRECT,IFOREST
101,55,4.886620506199618,0.2326962145809342,0.8112298781901904,3,21,11,2021-04-12,2021-04-12,2025-05-09,2025-05-09,824.0,1741.36,,PROPHET_DIRECT,PROPHET_DIRECT,IFOREST
101,56,4.886620506199618,0.2326962145809342,0.8112298781901904,4,21,11,2021-04-12,2021-04-12,2025-05-09,2025-05-09,824.0,1741.36,,PROPHET_DIRECT,PROPHET_DIRECT,TIMEGPT
101,3,5.07114506382462,0.24148309827736286,0.8054882111464619,5,21,11,2021-04-12,2021-04-12,2025-05-09,2025-05-09,824.0,1695.51,,ARIMA,ARIMA,DBSCAN
102,20,6.518890631612466,0.31042336341011745,0.76311215743109,1,21,17,2021-11-26,2021-11-26,2025-05-03,2025-05-03,880.0,1835.19,,SVR_FEEDBACK,SVR_FEEDBACK,DBSCAN
102,21,7.176858205604413,0.3417551526478292,0.7452924611666987,2,21,13,2021-11-26,2021-11-26,2025-04-11,2025-04-12,880.0,1788.85,,SVR_FEEDBACK,SVR_FEEDBACK,DIF
102,18,7.183387652729207,0.34206607870139083,0.7451197939281943,3,21,12,2021-11-26,2021-11-26,2025-04-10,2025-04-11,880.0,1783.49,,SVR_FEEDBACK,SVR_FEEDBACK,ARIMA
102,22,7.183387652729207,0.34206607870139083,0.7451197939281943,4,21,12,2021-11-26,2021-11-26,2025-04-10,2025-04-11,880.0,1783.49,,SVR_FEEDBACK,SVR_FEEDBACK,IFOREST
102,19,7.233653799061824,0.24943633789868358,0.8003609064882903,5,21,29,2021-11-26,2021-11-26,2025-04-21,2025-05-09,880.0,1837.99,,SVR_FEEDBACK,SVR_FEEDBACK,COUTA
103,40,12.814948760178535,0.6102356552465968,0.6210271128587428,1,21,21,2022-03-04,2022-03-04,2025-04-21,2025-04-21,856.0,1791.92,,RF_FEEDBACK,RF_FEEDBACK,TIMEGPT
103,24,13.26627746865878,0.6317274985075609,0.6128474275972167,2,21,11,2022-03-04,2022-03-04,2025-04-10,2025-04-10,856.0,1754.17,,SVR_DIRECT,SVR_DIRECT,ARIMA
103,30,13.26627746865878,0.6317274985075609,0.6128474275972167,3,21,11,2022-03-04,2022-03-04,2025-04-10,2025-04-10,856.0,1754.17,,SVR_DIRECT,SVR_DIRECT,IFOREST
103,35,13.95722437760246,0.49847229920008784,0.6673463370219246,4,21,28,2022-03-04,2022-03-04,2025-04-22,2025-05-09,856.0,1805.17,,RF_FEEDBACK,RF_FEEDBACK,COUTA
103,39,13.998713259137194,0.6666053932922473,0.6000220592257769,5,21,12,2022-03-04,2022-03-04,2025-04-10,2025-04-11,856.0,1767.95,,RF_FEEDBACK,RF_FEEDBACK,IFOREST
104,35,10.499784525428499,0.37499230447958926,0.7272767976534114,1,21,28,2022-03-09,2022-03-09,2025-04-22,2025-05-09,824.0,1805.17,,RF_FEEDBACK,RF_FEEDBACK,COUTA
104,64,10.679870513507018,0.5085652625479532,0.6628814972916777,2,21,11,2022-03-09,2022-03-09,2025-05-09,2025-05-09,824.0,1755.65,,PROPHET_FEEDBACK,PROPHET_FEEDBACK,IFOREST
104,40,10.738342171669082,0.5113496272223372,0.6616602684038564,3,21,21,2022-03-09,2022-03-09,2025-04-21,2025-04-21,824.0,1791.92,,RF_FEEDBACK,RF_FEEDBACK,TIMEGPT
104,57,11.113590181193063,0.5292185800568125,0.6539287535748151,4,21,11,2022-03-09,2022-03-09,2025-04-10,2025-04-10,824.0,1784.84,,PROPHET_FEEDBACK,PROPHET_FEEDBACK,ARIMA
104,24,12.442547624779897,0.5925022678466617,0.6279425908461486,5,21,11,2022-03-09,2022-03-09,2025-04-10,2025-04-10,824.0,1754.17,,SVR_DIRECT,SVR_DIRECT,ARIMA
105,20,3.7744301552874306,0.17973476929940146,0.8476481545032882,1,21,17,2022-06-16,2022-06-16,2025-05-03,2025-05-03,1010.0,1835.19,,SVR_FEEDBACK,SVR_FEEDBACK,DBSCAN
105,21,4.356178700027423,0.2074370809536868,0.8282005048330603,2,21,13,2022-06-16,2022-06-16,2025-04-11,2025-04-12,1010.0,1788.85,,SVR_FEEDBACK,SVR_FEEDBACK,DIF
105,19,4.388855918604929,0.15133985926223895,0.8685532703095893,3,21,29,2022-06-16,2022-06-16,2025-04-21,2025-05-09,1010.0,1837.99,,SVR_FEEDBACK,SVR_FEEDBACK,COUTA
105,23,4.939281247520141,0.23520386892953052,0.8095829564285885,4,21,21,2022-06-16,2022-06-16,2025-04-21,2025-04-21,1010.0,1808.01,,SVR_FEEDBACK,SVR_FEEDBACK,TIMEGPT
105,18,5.190835567866387,0.24718264608887555,0.8018071796748998,5,21,12,2022-06-16,2022-06-16,2025-04-10,2025-04-11,1010.0,1783.49,,SVR_FEEDBACK,SVR_FEEDBACK,ARIMA
106,18,4.745303478429663,0.22596683230617443,0.8156827522967268,1,21,12,2022-06-22,2022-06-22,2025-04-10,2025-04-11,1139.0,1783.49,,SVR_FEEDBACK,SVR_FEEDBACK,ARIMA
106,22,4.745303478429663,0.22596683230617443,0.8156827522967268,2,21,12,2022-06-22,2022-06-22,2025-04-10,2025-04-11,1139.0,1783.49,,SVR_FEEDBACK,SVR_FEEDBACK,IFOREST
106,21,4.831951954848189,0.23009295023086615,0.812946696273902,3,21,13,2022-06-22,2022-06-22,2025-04-11,2025-04-12,1139.0,1788.85,,SVR_FEEDBACK,SVR_FEEDBACK,DIF
106,20,5.485756253869113,0.2612264882794816,0.7928790025367791,4,21,17,2022-06-22,2022-06-22,2025-05-03,2025-05-03,1139.0,1835.19,,SVR_FEEDBACK,SVR_FEEDBACK,DBSCAN
106,19,6.156550322141045,0.2122948386945188,0.8248818423386738,5,21,29,2022-06-22,2022-06-22,2025-04-21,2025-05-09,1139.0,1837.99,,SVR_FEEDBACK,SVR_FEEDBACK,COUTA
107,18,6.2723650621328275,0.2986840505777537,0.7700102265482692,1,21,12,2022-06-24,2022-06-24,2025-04-10,2025-04-11,1056.0,1783.49,,SVR_FEEDBACK,SVR_FEEDBACK,ARIMA
107,22,6.2723650621328275,0.2986840505777537,0.7700102265482692,2,21,12,2022-06-24,2022-06-24,2025-04-10,2025-04-11,1056.0,1783.49,,SVR_FEEDBACK,SVR_FEEDBACK,IFOREST
107,20,6.314790693446522,0.30070431873554865,0.7688142382521864,3,21,17,2022-06-24,2022-06-24,2025-05-03,2025-05-03,1056.0,1835.19,,SVR_FEEDBACK,SVR_FEEDBACK,DBSCAN
107,21,6.460291611743352,0.30763293389254054,0.7647406042483316,4,21,13,2022-06-24,2022-06-24,2025-04-11,2025-04-12,1056.0,1788.85,,SVR_FEEDBACK,SVR_FEEDBACK,DIF
107,33,8.265295365016089,0.3935854935721947,0.7175734855252316,5,21,11,2022-06-24,2022-06-24,2025-04-10,2025-04-10,1056.0,1757.38,,RF_FEEDBACK,RF_FEEDBACK,ARIMA
108,18,6.904892596349939,0.32880440934999705,0.7525562023753095,1,21,12,2022-06-28,2022-06-28,2025-04-10,2025-04-11,1173.0,1783.49,,SVR_FEEDBACK,SVR_FEEDBACK,ARIMA
108,22,6.904892596349939,0.32880440934999705,0.7525562023753095,2,21,12,2022-06-28,2022-06-28,2025-04-10,2025-04-11,1173.0,1783.49,,SVR_FEEDBACK,SVR_FEEDBACK,IFOREST
108,23,7.098447954018367,0.33802133114373173,0.7473722404299838,3,21,21,2022-06-28,2022-06-28,2025-04-21,2025-04-21,1173.0,1808.01,,SVR_FEEDBACK,SVR_FEEDBACK,TIMEGPT
108,21,7.752515554868244,0.3691674073746783,0.730370876938605,4,21,13,2022-06-28,2022-06-28,2025-04-11,2025-04-12,1173.0,1788.85,,SVR_FEEDBACK,SVR_FEEDBACK,DIF
108,20,9.927800768905307,0.4727524175669194,0.6790007526533642,5,21,17,2022-06-28,2022-06-28,2025-05-03,2025-05-03,1173.0,1835.19,,SVR_FEEDBACK,SVR_FEEDBACK,DBSCAN
109,23,4.45081039049425,0.2023095632042841,0.8317325509204905,1,22,21,2022-07-05,2022-07-06,2025-04-21,2025-04-21,1352.0,1808.01,,SVR_FEEDBACK,SVR_FEEDBACK,TIMEGPT
109,18,4.646424661166659,0.21120112096212085,0.8256267127672796,2,22,12,2022-07-05,2022-07-06,2025-04-10,2025-04-11,1352.0,1783.49,,SVR_FEEDBACK,SVR_FEEDBACK,ARIMA
109,22,4.646424661166659,0.21120112096212085,0.8256267127672796,3,22,12,2022-07-05,2022-07-06,2025-04-10,2025-04-11,1352.0,1783.49,,SVR_FEEDBACK,SVR_FEEDBACK,IFOREST
109,21,5.806729161658806,0.2639422346208548,0.791175397584503,4,22,13,2022-07-05,2022-07-06,2025-04-11,2025-04-12,1352.0,1788.85,,SVR_FEEDBACK,SVR_FEEDBACK,DIF
109,19,7.0843966276308805,0.24428953888382346,0.8036714677333373,5,22,29,2022-07-05,2022-07-06,2025-04-21,2025-05-09,1352.0,1837.99,,SVR_FEEDBACK,SVR_FEEDBACK,COUTA
110,39,9.018369675222392,0.3921030293574953,0.7183376365911188,1,23,12,2022-07-12,2022-07-14,2025-04-10,2025-04-11,1562.0,1767.95,,RF_FEEDBACK,RF_FEEDBACK,IFOREST
110,33,9.321471513006026,0.40528137013069676,0.7116012645261184,2,23,11,2022-07-12,2022-07-14,2025-04-10,2025-04-10,1562.0,1757.38,,RF_FEEDBACK,RF_FEEDBACK,ARIMA
110,34,9.369937146229626,0.40738857157520114,0.7105358251422799,3,23,13,2022-07-12,2022-07-14,2025-04-12,2025-04-12,1562.0,1785.88,,RF_FEEDBACK,RF_FEEDBACK,ARIMA
110,37,9.369937146229626,0.40738857157520114,0.7105358251422799,4,23,13,2022-07-12,2022-07-14,2025-04-12,2025-04-12,1562.0,1785.88,,RF_FEEDBACK,RF_FEEDBACK,DIF
110,38,11.652641224492786,0.5066365749779472,0.6637300704150482,5,23,21,2022-07-12,2022-07-14,2025-04-20,2025-04-20,1562.0,1792.87,,RF_FEEDBACK,RF_FEEDBACK,DIF
111,57,10.689506914175215,0.4647611701815311,0.6827051538211296,1,23,11,2022-07-18,2022-07-20,2025-04-10,2025-04-10,1540.0,1784.84,,PROPHET_FEEDBACK,PROPHET_FEEDBACK,ARIMA
111,40,12.285477129458135,0.534151179541658,0.6518262432902859,2,23,21,2022-07-18,2022-07-20,2025-04-21,2025-04-21,1540.0,1791.92,,RF_FEEDBACK,RF_FEEDBACK,TIMEGPT
111,35,12.37456723407989,0.44194882978856753,0.6935058854665666,3,23,28,2022-07-18,2022-07-20,2025-04-22,2025-05-09,1540.0,1805.17,,RF_FEEDBACK,RF_FEEDBACK,COUTA
111,24,13.235448270187007,0.5754542726168264,0.6347375594335735,4,23,11,2022-07-18,2022-07-20,2025-04-10,2025-04-10,1540.0,1754.17,,SVR_DIRECT,SVR_DIRECT,ARIMA
111,30,13.235448270187007,0.5754542726168264,0.6347375594335735,5,23,11,2022-07-18,2022-07-20,2025-04-10,2025-04-10,1540.0,1754.17,,SVR_DIRECT,SVR_DIRECT,IFOREST
112,36,7.7126947462133115,0.36727117839111006,0.7313838072537417,1,21,17,2022-07-26,2022-07-26,2025-05-03,2025-05-03,1361.0,1785.89,,RF_FEEDBACK,RF_FEEDBACK,DBSCAN
112,43,7.870762062920191,0.37479819347239,0.7273794835838813,2,21,11,2022-07-26,2022-07-26,2025-05-09,2025-05-09,1361.0,1532.68,,RF_DIRECT,RF_DIRECT,DBSCAN
112,9,8.673959439468552,0.4130456875937406,0.7076912011973857,3,21,11,2022-07-26,2022-07-26,2025-04-10,2025-04-10,1361.0,1736.87,,ARIMA_FEEDBACK,ARIMA_FEEDBACK,ARIMA
112,57,9.328853717423419,0.4442311294011152,0.6924099471631482,4,21,11,2022-07-26,2022-07-26,2025-04-10,2025-04-10,1361.0,1784.84,,PROPHET_FEEDBACK,PROPHET_FEEDBACK,ARIMA
112,6,9.476370272645356,0.4512557272688265,0.6890584348507194,5,21,11,2022-07-26,2022-07-26,2025-04-10,2025-04-10,1361.0,1732.82,,ARIMA,ARIMA,IFOREST
113,18,11.195722301345752,0.48677053484111965,0.6725987477999507,1,23,12,2022-08-01,2022-08-03,2025-04-10,2025-04-11,1454.0,1783.49,,SVR_FEEDBACK,SVR_FEEDBACK,ARIMA
113,22,11.195722301345752,0.48677053484111965,0.6725987477999507,2,23,12,2022-08-01,2022-08-03,2025-04-10,2025-04-11,1454.0,1783.49,,SVR_FEEDBACK,SVR_FEEDBACK,IFOREST
113,21,11.82432899825612,0.5141012607937444,0.6604578081361383,3,23,13,2022-08-01,2022-08-03,2025-04-11,2025-04-12,1454.0,1788.85,,SVR_FEEDBACK,SVR_FEEDBACK,DIF
113,23,12.28246636985675,0.5340202769502935,0.6518818655957067,4,23,21,2022-08-01,2022-08-03,2025-04-21,2025-04-21,1454.0,1808.01,,SVR_FEEDBACK,SVR_FEEDBACK,TIMEGPT
113,34,13.515601183865831,0.587634834081123,0.6298677621159471,5,23,13,2022-08-01,2022-08-03,2025-04-12,2025-04-12,1454.0,1785.88,,RF_FEEDBACK,RF_FEEDBACK,ARIMA
114,18,6.727476090132945,0.32035600429204497,0.7573714943161749,1,21,12,2022-08-12,2022-08-12,2025-04-10,2025-04-11,1415.0,1783.49,,SVR_FEEDBACK,SVR_FEEDBACK,ARIMA
114,22,6.727476090132945,0.32035600429204497,0.7573714943161749,2,21,12,2022-08-12,2022-08-12,2025-04-10,2025-04-11,1415.0,1783.49,,SVR_FEEDBACK,SVR_FEEDBACK,IFOREST
114,23,7.35672935632447,0.35032044553926045,0.7405649550100994,3,21,21,2022-08-12,2022-08-12,2025-04-21,2025-04-21,1415.0,1808.01,,SVR_FEEDBACK,SVR_FEEDBACK,TIMEGPT
114,20,7.66435761367884,0.36496941017518286,0.7326171506449057,4,21,17,2022-08-12,2022-08-12,2025-05-03,2025-05-03,1415.0,1835.19,,SVR_FEEDBACK,SVR_FEEDBACK,DBSCAN
114,21,7.741600993792952,0.368647666371093,0.7306482337060892,5,21,13,2022-08-12,2022-08-12,2025-04-11,2025-04-12,1415.0,1788.85,,SVR_FEEDBACK,SVR_FEEDBACK,DIF
115,18,7.392537379797657,0.3520255895141742,0.7396309713038285,1,21,12,2022-08-22,2022-08-22,2025-04-10,2025-04-11,1555.0,1783.49,,SVR_FEEDBACK,SVR_FEEDBACK,ARIMA
115,22,7.392537379797657,0.3520255895141742,0.7396309713038285,2,21,12,2022-08-22,2022-08-22,2025-04-10,2025-04-11,1555.0,1783.49,,SVR_FEEDBACK,SVR_FEEDBACK,IFOREST
115,23,7.7237142459837145,0.367795916475415,0.7311032208495223,3,21,21,2022-08-22,2022-08-22,2025-04-21,2025-04-21,1555.0,1808.01,,SVR_FEEDBACK,SVR_FEEDBACK,TIMEGPT
115,21,7.9163193823425555,0.3769675896353598,0.7262335058044569,4,21,13,2022-08-22,2022-08-22,2025-04-11,2025-04-12,1555.0,1788.85,,SVR_FEEDBACK,SVR_FEEDBACK,DIF
115,20,9.787933981169308,0.46609209434139565,0.6820853914018439,5,21,17,2022-08-22,2022-08-22,2025-05-03,2025-05-03,1555.0,1835.19,,SVR_FEEDBACK,SVR_FEEDBACK,DBSCAN
116,24,7.457457234407937,0.3551170111622827,0.7379436548747188,1,21,11,2022-09-09,2022-09-09,2025-04-10,2025-04-10,1446.0,1754.17,,SVR_DIRECT,SVR_DIRECT,ARIMA
116,30,7.457457234407937,0.3551170111622827,0.7379436548747188,2,21,11,2022-09-09,2022-09-09,2025-04-10,2025-04-10,1446.0,1754.17,,SVR_DIRECT,SVR_DIRECT,IFOREST
116,55,8.821972246749597,0.4200939165118856,0.7041787788629192,3,21,11,2022-09-09,2022-09-09,2025-05-09,2025-05-09,1446.0,1741.36,,PROPHET_DIRECT,PROPHET_DIRECT,IFOREST
116,56,8.821972246749597,0.4200939165118856,0.7041787788629192,4,21,11,2022-09-09,2022-09-09,2025-05-09,2025-05-09,1446.0,1741.36,,PROPHET_DIRECT,PROPHET_DIRECT,TIMEGPT
116,9,8.880476561959062,0.42287983628376485,0.7028000358848082,5,21,11,2022-09-09,2022-09-09,2025-04-10,2025-04-10,1446.0,1736.87,,ARIMA_FEEDBACK,ARIMA_FEEDBACK,ARIMA
117,28,7.985994457722339,0.3802854503677304,0.7244878222353092,1,21,14,2022-09-13,2022-09-13,2025-04-13,2025-04-13,1506.0,1729.43,,SVR_DIRECT,SVR_DIRECT,DIF
117,24,10.058217823874152,0.47896275351781675,0.6761495498256666,2,21,11,2022-09-13,2022-09-13,2025-04-10,2025-04-10,1506.0,1754.17,,SVR_DIRECT,SVR_DIRECT,ARIMA
117,30,10.058217823874152,0.47896275351781675,0.6761495498256666,3,21,11,2022-09-13,2022-09-13,2025-04-10,2025-04-10,1506.0,1754.17,,SVR_DIRECT,SVR_DIRECT,IFOREST
117,29,10.220296545402928,0.4866807878763299,0.6726393507973316,4,21,17,2022-09-13,2022-09-13,2025-04-16,2025-04-16,1506.0,1710.79,,SVR_DIRECT,SVR_DIRECT,DIF
117,57,10.305424214025406,0.49073448638216216,0.6708102677807386,5,21,11,2022-09-13,2022-09-13,2025-04-10,2025-04-10,1506.0,1784.84,,PROPHET_FEEDBACK,PROPHET_FEEDBACK,ARIMA
118,18,7.912479925013434,0.37678475833397307,0.7263299465997032,1,21,12,2022-09-19,2022-09-19,2025-04-10,2025-04-11,1421.0,1783.49,,SVR_FEEDBACK,SVR_FEEDBACK,ARIMA
118,22,7.912479925013434,0.37678475833397307,0.7263299465997032,2,21,12,2022-09-19,2022-09-19,2025-04-10,2025-04-11,1421.0,1783.49,,SVR_FEEDBACK,SVR_FEEDBACK,IFOREST
118,21,8.426473103646396,0.4012606239831617,0.7136431174076983,3,21,13,2022-09-19,2022-09-19,2025-04-11,2025-04-12,1421.0,1788.85,,SVR_FEEDBACK,SVR_FEEDBACK,DIF
118,23,8.790653277118427,0.4186025370056394,0.7049190833330821,4,21,21,2022-09-19,2022-09-19,2025-04-21,2025-04-21,1421.0,1808.01,,SVR_FEEDBACK,SVR_FEEDBACK,TIMEGPT
118,20,10.620047408545865,0.5057165432640888,0.6641356266380671,5,21,17,2022-09-19,2022-09-19,2025-05-03,2025-05-03,1421.0,1835.19,,SVR_FEEDBACK,SVR_FEEDBACK,DBSCAN
119,20,6.1554460418173536,0.2797930019007888,0.7813763620482129,1,22,17,2022-09-26,2022-09-27,2025-05-03,2025-05-03,1726.0,1835.19,,SVR_FEEDBACK,SVR_FEEDBACK,DBSCAN
119,21,7.6135249593324215,0.3460693163332919,0.7429037924465965,2,22,13,2022-09-26,2022-09-27,2025-04-11,2025-04-12,1726.0,1788.85,,SVR_FEEDBACK,SVR_FEEDBACK,DIF
119,18,7.845858341697132,0.3566299246225969,0.7371207002367957,3,22,12,2022-09-26,2022-09-27,2025-04-10,2025-04-11,1726.0,1783.49,,SVR_FEEDBACK,SVR_FEEDBACK,ARIMA
119,22,7.845858341697132,0.3566299246225969,0.7371207002367957,4,22,12,2022-09-26,2022-09-27,2025-04-10,2025-04-11,1726.0,1783.49,,SVR_FEEDBACK,SVR_FEEDBACK,IFOREST
119,19,8.253207710730877,0.28459336933554746,0.7784564546812562,5,22,29,2022-09-26,2022-09-27,2025-04-21,2025-05-09,1726.0,1837.99,,SVR_FEEDBACK,SVR_FEEDBACK,COUTA
120,18,7.097676816344165,0.3085946441888767,0.7641785822987553,1,23,12,2022-10-03,2022-10-05,2025-04-10,2025-04-11,1682.0,1783.49,,SVR_FEEDBACK,SVR_FEEDBACK,ARIMA
120,22,7.097676816344165,0.3085946441888767,0.7641785822987553,2,23,12,2022-10-03,2022-10-05,2025-04-10,2025-04-11,1682.0,1783.49,,SVR_FEEDBACK,SVR_FEEDBACK,IFOREST
120,21,7.340568922907952,0.3191551705612153,0.7580609334795425,3,23,13,2022-10-03,2022-10-05,2025-04-11,2025-04-12,1682.0,1788.85,,SVR_FEEDBACK,SVR_FEEDBACK,DIF
120,23,7.940059657504359,0.3452199851088852,0.7433728394386422,4,23,21,2022-10-03,2022-10-05,2025-04-21,2025-04-21,1682.0,1808.01,,SVR_FEEDBACK,SVR_FEEDBACK,TIMEGPT
120,20,9.450405800523118,0.41088720871839646,0.7087738791737768,5,23,17,2022-10-03,2022-10-05,2025-05-03,2025-05-03,1682.0,1835.19,,SVR_FEEDBACK,SVR_FEEDBACK,DBSCAN
121,64,11.169711652042409,0.4654046521684337,0.6824053673640583,1,24,11,2022-10-11,2022-10-14,2025-05-09,2025-05-09,1945.0,1755.65,,PROPHET_FEEDBACK,PROPHET_FEEDBACK,IFOREST
121,24,11.49801770399688,0.47908407099987,0.6760940906651735,2,24,11,2022-10-11,2022-10-14,2025-04-10,2025-04-10,1945.0,1754.17,,SVR_DIRECT,SVR_DIRECT,ARIMA
121,30,11.49801770399688,0.47908407099987,0.6760940906651735,3,24,11,2022-10-11,2022-10-14,2025-04-10,2025-04-10,1945.0,1754.17,,SVR_DIRECT,SVR_DIRECT,IFOREST
121,35,13.662958538739758,0.4879628049549914,0.6720598100100013,4,24,28,2022-10-11,2022-10-14,2025-04-22,2025-05-09,1945.0,1805.17,,RF_FEEDBACK,RF_FEEDBACK,COUTA
121,57,13.779023111767156,0.5741259629902982,0.6352731760426236,5,24,11,2022-10-11,2022-10-14,2025-04-10,2025-04-10,1945.0,1784.84,,PROPHET_FEEDBACK,PROPHET_FEEDBACK,ARIMA
122,48,8.507877764453108,0.40513703640252896,0.711674359221381,1,21,11,2022-10-17,2022-10-17,2025-04-10,2025-04-10,1715.0,1784.84,,PROPHET_DIRECT,PROPHET_DIRECT,ARIMA
122,54,8.507877764453108,0.40513703640252896,0.711674359221381,2,21,11,2022-10-17,2022-10-17,2025-04-10,2025-04-10,1715.0,1784.84,,PROPHET_DIRECT,PROPHET_DIRECT,IFOREST
122,63,8.651848354382144,0.4119927787801021,0.7082189194083236,3,21,15,2022-10-17,2022-10-17,2025-04-14,2025-04-14,1715.0,1785.19,,PROPHET_FEEDBACK,PROPHET_FEEDBACK,IFOREST
122,61,9.426394914393882,0.44887594830447053,0.6901902134342404,4,21,16,2022-10-17,2022-10-17,2025-04-15,2025-04-15,1715.0,1779.7,,PROPHET_FEEDBACK,PROPHET_FEEDBACK,DIF
122,10,9.485865819158839,0.4517078961504209,0.6888438112458841,5,21,13,2022-10-17,2022-10-17,2025-04-12,2025-04-12,1715.0,1735.04,,ARIMA_FEEDBACK,ARIMA_FEEDBACK,ARIMA
123,43,3.1972429656535946,0.15224966503112355,0.8678674686123592,1,21,11,2022-10-24,2022-10-24,2025-05-09,2025-05-09,1565.0,1532.68,,RF_DIRECT,RF_DIRECT,DBSCAN
123,41,3.471700204473159,0.16531905735586472,0.8581340824108915,2,21,12,2022-10-24,2022-10-24,2025-04-10,2025-04-11,1565.0,1776.64,,RF_DIRECT,RF_DIRECT,ARIMA
123,46,3.471700204473159,0.16531905735586472,0.8581340824108915,3,21,12,2022-10-24,2022-10-24,2025-04-10,2025-04-11,1565.0,1776.64,,RF_DIRECT,RF_DIRECT,IFOREST
123,6,3.494138286854885,0.16638753746928026,0.8573479807317793,4,21,11,2022-10-24,2022-10-24,2025-04-10,2025-04-10,1565.0,1732.82,,ARIMA,ARIMA,IFOREST
123,1,3.6371017597739,0.17319532189399525,0.8523729862693363,5,21,12,2022-10-24,2022-10-24,2025-04-10,2025-04-11,1565.0,1732.82,,ARIMA,ARIMA,ARIMA
124,43,4.286160484829599,0.1948254765831636,0.8369423146715075,1,22,11,2022-10-31,2022-11-01,2025-05-09,2025-05-09,1570.0,1532.68,,RF_DIRECT,RF_DIRECT,DBSCAN
124,41,4.939990649111211,0.22454502950505503,0.816629830594459,2,22,12,2022-10-31,2022-11-01,2025-04-10,2025-04-11,1570.0,1776.64,,RF_DIRECT,RF_DIRECT,ARIMA
124,46,4.939990649111211,0.22454502950505503,0.816629830594459,3,22,12,2022-10-31,2022-11-01,2025-04-10,2025-04-11,1570.0,1776.64,,RF_DIRECT,RF_DIRECT,IFOREST
124,6,5.0247704772425354,0.22839865805647888,0.8140679684412536,4,22,11,2022-10-31,2022-11-01,2025-04-10,2025-04-10,1570.0,1732.82,,ARIMA,ARIMA,IFOREST
124,36,5.411486823300654,0.24597667378639337,0.8025832433612936,5,22,17,2022-10-31,2022-11-01,2025-05-03,2025-05-03,1570.0,1785.89,,RF_FEEDBACK,RF_FEEDBACK,DBSCAN
125,41,6.763278119077203,0.3220608628132001,0.756394828806981,1,21,12,2022-11-07,2022-11-07,2025-04-10,2025-04-11,1418.0,1776.64,,RF_DIRECT,RF_DIRECT,ARIMA
125,46,6.763278119077203,0.3220608628132001,0.756394828806981,2,21,12,2022-11-07,2022-11-07,2025-04-10,2025-04-11,1418.0,1776.64,,RF_DIRECT,RF_DIRECT,IFOREST
125,16,6.969411466654664,0.331876736507365,0.7508202317748571,3,21,11,2022-11-07,2022-11-07,2025-05-09,2025-05-09,1418.0,1690.15,,ARIMA_FEEDBACK,ARIMA_FEEDBACK,IFOREST
125,1,7.112493566031885,0.33869016981104216,0.7469988370357207,4,21,12,2022-11-07,2022-11-07,2025-04-10,2025-04-11,1418.0,1732.82,,ARIMA,ARIMA,ARIMA
125,4,7.112493566031885,0.33869016981104216,0.7469988370357207,5,21,12,2022-11-07,2022-11-07,2025-04-11,2025-04-11,1418.0,1730.9,,ARIMA,ARIMA,DIF
126,48,3.394868634702688,0.16166041117631846,0.8608367732764362,1,21,11,2023-01-06,2023-01-06,2025-04-10,2025-04-10,1119.0,1784.84,,PROPHET_DIRECT,PROPHET_DIRECT,ARIMA
126,54,3.394868634702688,0.16166041117631846,0.8608367732764362,2,21,11,2023-01-06,2023-01-06,2025-04-10,2025-04-10,1119.0,1784.84,,PROPHET_DIRECT,PROPHET_DIRECT,IFOREST
126,49,3.431311025759232,0.163395763131392,0.8595527263296915,3,21,16,2023-01-06,2023-01-06,2025-04-15,2025-04-15,1119.0,1777.45,,PROPHET_DIRECT,PROPHET_DIRECT,ARIMA
126,14,3.4433663671889603,0.16396982700899812,0.859128799386197,4,21,21,2023-01-06,2023-01-06,2025-04-20,2025-04-20,1119.0,1718.75,,ARIMA_FEEDBACK,ARIMA_FEEDBACK,DIF
126,3,3.4659902672245892,0.1650471555821233,0.8583343560032499,5,21,11,2023-01-06,2023-01-06,2025-05-09,2025-05-09,1119.0,1695.51,,ARIMA,ARIMA,DBSCAN
127,23,6.808122564387979,0.3241963125899038,0.7551750374868279,1,21,21,2023-02-02,2023-02-02,2025-04-21,2025-04-21,1107.0,1808.01,,SVR_FEEDBACK,SVR_FEEDBACK,TIMEGPT
127,21,7.1747032337626155,0.34165253494107695,0.7453494656453045,2,21,13,2023-02-02,2023-02-02,2025-04-11,2025-04-12,1107.0,1788.85,,SVR_FEEDBACK,SVR_FEEDBACK,DIF
127,18,7.180259163519874,0.34191710302475586,0.7452025149287869,3,21,12,2023-02-02,2023-02-02,2025-04-10,2025-04-11,1107.0,1783.49,,SVR_FEEDBACK,SVR_FEEDBACK,ARIMA
127,22,7.180259163519874,0.34191710302475586,0.7452025149287869,4,21,12,2023-02-02,2023-02-02,2025-04-10,2025-04-11,1107.0,1783.49,,SVR_FEEDBACK,SVR_FEEDBACK,IFOREST
127,19,7.819822698269977,0.2696490585610337,0.7876192190725189,5,21,29,2023-02-02,2023-02-02,2025-04-21,2025-05-09,1107.0,1837.99,,SVR_FEEDBACK,SVR_FEEDBACK,COUTA
128,18,6.2579280679388205,0.2844512758154009,0.7785425720918652,1,22,12,2023-02-06,2023-02-07,2025-04-10,2025-04-11,1514.0,1783.49,,SVR_FEEDBACK,SVR_FEEDBACK,ARIMA
128,22,6.2579280679388205,0.2844512758154009,0.7785425720918652,2,22,12,2023-02-06,2023-02-07,2025-04-10,2025-04-11,1514.0,1783.49,,SVR_FEEDBACK,SVR_FEEDBACK,IFOREST
128,21,6.320193579870166,0.2872815263577348,0.7768308482056943,3,22,13,2023-02-06,2023-02-07,2025-04-11,2025-04-12,1514.0,1788.85,,SVR_FEEDBACK,SVR_FEEDBACK,DIF
128,23,7.063309714895315,0.3210595324952416,0.7569681573026323,4,22,21,2023-02-06,2023-02-07,2025-04-21,2025-04-21,1514.0,1808.01,,SVR_FEEDBACK,SVR_FEEDBACK,TIMEGPT
128,20,7.89363373445564,0.3588015333843473,0.7359426490411108,5,22,17,2023-02-06,2023-02-07,2025-05-03,2025-05-03,1514.0,1835.19,,SVR_FEEDBACK,SVR_FEEDBACK,DBSCAN
129,33,4.402768528818639,0.20012584221902904,0.8332459520669957,1,22,11,2023-02-15,2023-02-16,2025-04-10,2025-04-10,1632.0,1757.38,,RF_FEEDBACK,RF_FEEDBACK,ARIMA
129,39,5.390905943644914,0.245041179256587,0.8031862854504934,2,22,12,2023-02-15,2023-02-16,2025-04-10,2025-04-11,1632.0,1767.95,,RF_FEEDBACK,RF_FEEDBACK,IFOREST
129,18,5.784871712164823,0.26294871418931015,0.791797789383635,3,22,12,2023-02-15,2023-02-16,2025-04-10,2025-04-11,1632.0,1783.49,,SVR_FEEDBACK,SVR_FEEDBACK,ARIMA
129,22,5.784871712164823,0.26294871418931015,0.791797789383635,4,22,12,2023-02-15,2023-02-16,2025-04-10,2025-04-11,1632.0,1783.49,,SVR_FEEDBACK,SVR_FEEDBACK,IFOREST
129,21,6.012461961787986,0.27329372553581754,0.7853647433777998,5,22,13,2023-02-15,2023-02-16,2025-04-11,2025-04-12,1632.0,1788.85,,SVR_FEEDBACK,SVR_FEEDBACK,DIF
130,28,11.780114837037875,0.560957849382756,0.6406322889470888,1,21,14,2023-03-03,2023-03-03,2025-04-13,2025-04-13,1655.0,1729.43,,SVR_DIRECT,SVR_DIRECT,DIF
130,57,12.826178235282793,0.6107703921563234,0.620820946839797,2,21,11,2023-03-03,2023-03-03,2025-04-10,2025-04-10,1655.0,1784.84,,PROPHET_FEEDBACK,PROPHET_FEEDBACK,ARIMA
130,34,13.180080383584082,0.6276228754087658,0.6143929377675139,3,21,13,2023-03-03,2023-03-03,2025-04-12,2025-04-12,1655.0,1785.88,,RF_FEEDBACK,RF_FEEDBACK,ARIMA
130,37,13.180080383584082,0.6276228754087658,0.6143929377675139,4,21,13,2023-03-03,2023-03-03,2025-04-12,2025-04-12,1655.0,1785.88,,RF_FEEDBACK,RF_FEEDBACK,DIF
130,24,13.200659370562981,0.6286028271696658,0.6140232494486646,5,21,11,2023-03-03,2023-03-03,2025-04-10,2025-04-10,1655.0,1754.17,,SVR_DIRECT,SVR_DIRECT,ARIMA
131,21,6.870760026729235,0.32717904889186833,0.7534778377001601,1,21,13,2023-03-13,2023-03-13,2025-04-11,2025-04-12,1707.0,1788.85,,SVR_FEEDBACK,SVR_FEEDBACK,DIF
131,18,7.018404486994058,0.33420973747590754,0.7495073464924832,2,21,12,2023-03-13,2023-03-13,2025-04-10,2025-04-11,1707.0,1783.49,,SVR_FEEDBACK,SVR_FEEDBACK,ARIMA
131,22,7.018404486994058,0.33420973747590754,0.7495073464924832,3,21,12,2023-03-13,2023-03-13,2025-04-10,2025-04-11,1707.0,1783.49,,SVR_FEEDBACK,SVR_FEEDBACK,IFOREST
131,20,7.221209332992507,0.34386711109488133,0.7441211945318579,4,21,17,2023-03-13,2023-03-13,2025-05-03,2025-05-03,1707.0,1835.19,,SVR_FEEDBACK,SVR_FEEDBACK,DBSCAN
131,23,7.991172095018349,0.3805320045246833,0.7243584333593914,5,21,21,2023-03-13,2023-03-13,2025-04-21,2025-04-21,1707.0,1808.01,,SVR_FEEDBACK,SVR_FEEDBACK,TIMEGPT
132,20,6.826724254075695,0.3250821073369379,0.7546702158779682,1,21,17,2023-03-15,2023-03-15,2025-05-03,2025-05-03,1868.0,1835.19,,SVR_FEEDBACK,SVR_FEEDBACK,DBSCAN
132,19,8.219791605343998,0.2834410898394482,0.7791553565774452,2,21,29,2023-03-15,2023-03-15,2025-04-21,2025-05-09,1868.0,1837.99,,SVR_FEEDBACK,SVR_FEEDBACK,COUTA
132,21,8.883743831583375,0.4230354205515893,0.7027231968775488,3,21,13,2023-03-15,2023-03-15,2025-04-11,2025-04-12,1868.0,1788.85,,SVR_FEEDBACK,SVR_FEEDBACK,DIF
132,33,9.02685261648299,0.4298501245944281,0.6993739992739774,4,21,11,2023-03-15,2023-03-15,2025-04-10,2025-04-10,1868.0,1757.38,,RF_FEEDBACK,RF_FEEDBACK,ARIMA
132,18,9.038186372994776,0.43038982728546554,0.6991101173431571,5,21,12,2023-03-15,2023-03-15,2025-04-10,2025-04-11,1868.0,1783.49,,SVR_FEEDBACK,SVR_FEEDBACK,ARIMA
133,34,6.018339720830467,0.2865876057538318,0.7772498316693206,1,21,13,2023-03-21,2023-03-21,2025-04-12,2025-04-12,1885.0,1785.88,,RF_FEEDBACK,RF_FEEDBACK,ARIMA
133,37,6.018339720830467,0.2865876057538318,0.7772498316693206,2,21,13,2023-03-21,2023-03-21,2025-04-12,2025-04-12,1885.0,1785.88,,RF_FEEDBACK,RF_FEEDBACK,DIF
133,39,6.798714837350437,0.32374832558811606,0.7554306061582508,3,21,12,2023-03-21,2023-03-21,2025-04-10,2025-04-11,1885.0,1767.95,,RF_FEEDBACK,RF_FEEDBACK,IFOREST
133,33,6.828763521700467,0.32517921531906985,0.7546149142998936,4,21,11,2023-03-21,2023-03-21,2025-04-10,2025-04-10,1885.0,1757.38,,RF_FEEDBACK,RF_FEEDBACK,ARIMA
133,18,8.615602081848088,0.41026676580228993,0.709085702257975,5,21,12,2023-03-21,2023-03-21,2025-04-10,2025-04-11,1885.0,1783.49,,SVR_FEEDBACK,SVR_FEEDBACK,ARIMA
134,57,12.59977569203324,0.5999893186682496,0.6250041724230695,1,21,11,2023-03-28,2023-03-28,2025-04-10,2025-04-10,1952.0,1784.84,,PROPHET_FEEDBACK,PROPHET_FEEDBACK,ARIMA
134,28,12.647437969436202,0.6022589509255335,0.624118841353551,2,21,14,2023-03-28,2023-03-28,2025-04-13,2025-04-13,1952.0,1729.43,,SVR_DIRECT,SVR_DIRECT,DIF
134,25,14.714184556205044,0.700675455057383,0.5880016654713575,3,21,20,2023-03-28,2023-03-28,2025-04-19,2025-04-19,1952.0,1619.94,,SVR_DIRECT,SVR_DIRECT,ARIMA
134,31,14.714184556205044,0.700675455057383,0.5880016654713575,4,21,20,2023-03-28,2023-03-28,2025-04-19,2025-04-19,1952.0,1619.94,,SVR_DIRECT,SVR_DIRECT,IFOREST
134,29,15.359565661723023,0.7314078886534773,0.5775646550725282,5,21,17,2023-03-28,2023-03-28,2025-04-16,2025-04-16,1952.0,1710.79,,SVR_DIRECT,SVR_DIRECT,DIF
135,40,7.6251543129164965,0.363102586329357,0.7336204993146253,1,21,21,2023-04-05,2023-04-05,2025-04-21,2025-04-21,1966.0,1791.92,,RF_FEEDBACK,RF_FEEDBACK,TIMEGPT
135,38,8.431544136012917,0.4015021017149008,0.7135201572487003,2,21,21,2023-04-05,2023-04-05,2025-04-20,2025-04-20,1966.0,1792.87,,RF_FEEDBACK,RF_FEEDBACK,DIF
135,39,9.73490148822888,0.46356673753470856,0.6832623168824133,3,21,12,2023-04-05,2023-04-05,2025-04-10,2025-04-11,1966.0,1767.95,,RF_FEEDBACK,RF_FEEDBACK,IFOREST
135,33,9.887372831601159,0.47082727769529326,0.67988948475782,4,21,11,2023-04-05,2023-04-05,2025-04-10,2025-04-10,1966.0,1757.38,,RF_FEEDBACK,RF_FEEDBACK,ARIMA
135,34,10.087535129620454,0.4803588156962121,0.6755119025178368,5,21,13,2023-04-05,2023-04-05,2025-04-12,2025-04-12,1966.0,1785.88,,RF_FEEDBACK,RF_FEEDBACK,ARIMA
136,64,4.925386396986747,0.23454220938032128,0.8100168567763675,1,21,11,2023-04-26,2023-04-26,2025-05-09,2025-05-09,1840.0,1755.65,,PROPHET_FEEDBACK,PROPHET_FEEDBACK,IFOREST
136,63,6.487501854320525,0.3089286597295488,0.7639835773835224,2,21,15,2023-04-26,2023-04-26,2025-04-14,2025-04-14,1840.0,1785.19,,PROPHET_FEEDBACK,PROPHET_FEEDBACK,IFOREST
136,58,6.8966179673409345,0.32841037939718737,0.7527794238206608,3,21,21,2023-04-26,2023-04-26,2025-04-22,2025-04-22,1840.0,1771.89,,PROPHET_FEEDBACK,PROPHET_FEEDBACK,ARIMA
136,62,6.8966179673409345,0.32841037939718737,0.7527794238206608,4,21,21,2023-04-26,2023-04-26,2025-04-22,2025-04-22,1840.0,1771.89,,PROPHET_FEEDBACK,PROPHET_FEEDBACK,DIF
136,65,6.9478074854333975,0.33084797549682843,0.7514006245729777,5,21,21,2023-04-26,2023-04-26,2025-04-21,2025-04-21,1840.0,1780.36,,PROPHET_FEEDBACK,PROPHET_FEEDBACK,TIMEGPT
137,57,6.8833504062738715,0.32777859077494625,0.7531376141683072,1,21,11,2023-05-05,2023-05-05,2025-04-10,2025-04-10,1627.0,1784.84,,PROPHET_FEEDBACK,PROPHET_FEEDBACK,ARIMA
137,43,7.936853204066174,0.3779453906698178,0.7257181647190685,2,21,11,2023-05-05,2023-05-05,2025-05-09,2025-05-09,1627.0,1532.68,,RF_DIRECT,RF_DIRECT,DBSCAN
137,28,8.497650069610408,0.40465000331478135,0.7119211174599631,3,21,14,2023-05-05,2023-05-05,2025-04-13,2025-04-13,1627.0,1729.43,,SVR_DIRECT,SVR_DIRECT,DIF
137,64,9.369474683270683,0.44616546110812777,0.6914838079687974,4,21,11,2023-05-05,2023-05-05,2025-05-09,2025-05-09,1627.0,1755.65,,PROPHET_FEEDBACK,PROPHET_FEEDBACK,IFOREST
137,24,9.583489335654066,0.45635663503114604,0.6866449988595092,5,21,11,2023-05-05,2023-05-05,2025-04-10,2025-04-10,1627.0,1754.17,,SVR_DIRECT,SVR_DIRECT,ARIMA
138,57,10.799986493943196,0.5142850711401522,0.660377638965343,1,21,11,2023-05-10,2023-05-10,2025-04-10,2025-04-10,1691.0,1784.84,,PROPHET_FEEDBACK,PROPHET_FEEDBACK,ARIMA
138,28,12.32195122162926,0.5867595819823457,0.6302151953925469,2,21,14,2023-05-10,2023-05-10,2025-04-13,2025-04-13,1691.0,1729.43,,SVR_DIRECT,SVR_DIRECT,DIF
138,18,13.253735662160972,0.6311302696267129,0.6130718181257538,3,21,12,2023-05-10,2023-05-10,2025-04-10,2025-04-11,1691.0,1783.49,,SVR_FEEDBACK,SVR_FEEDBACK,ARIMA
138,22,13.253735662160972,0.6311302696267129,0.6130718181257538,4,21,12,2023-05-10,2023-05-10,2025-04-10,2025-04-11,1691.0,1783.49,,SVR_FEEDBACK,SVR_FEEDBACK,IFOREST
138,21,13.394543782447537,0.6378354182117875,0.6105619581067643,5,21,13,2023-05-10,2023-05-10,2025-04-11,2025-04-12,1691.0,1788.85,,SVR_FEEDBACK,SVR_FEEDBACK,DIF
139,20,4.032275465498253,0.1920131174046787,0.8389169426065202,1,21,17,2023-05-15,2023-05-15,2025-05-03,2025-05-03,1759.0,1835.19,,SVR_FEEDBACK,SVR_FEEDBACK,DBSCAN
139,18,4.049856483163004,0.1928503087220478,0.8383281562557026,2,21,12,2023-05-15,2023-05-15,2025-04-10,2025-04-11,1759.0,1783.49,,SVR_FEEDBACK,SVR_FEEDBACK,ARIMA
139,22,4.049856483163004,0.1928503087220478,0.8383281562557026,3,21,12,2023-05-15,2023-05-15,2025-04-10,2025-04-11,1759.0,1783.49,,SVR_FEEDBACK,SVR_FEEDBACK,IFOREST
139,21,4.156034417317109,0.19790640082462424,0.8347897626322157,4,21,13,2023-05-15,2023-05-15,2025-04-11,2025-04-12,1759.0,1788.85,,SVR_FEEDBACK,SVR_FEEDBACK,DIF
139,19,4.881214548301956,0.16831774304489502,0.8559315357085807,5,21,29,2023-05-15,2023-05-15,2025-04-21,2025-05-09,1759.0,1837.99,,SVR_FEEDBACK,SVR_FEEDBACK,COUTA
140,21,2.4146268251761125,0.11498222977029107,0.8968752804302721,1,21,13,2023-05-17,2023-05-17,2025-04-11,2025-04-12,1832.0,1788.85,,SVR_FEEDBACK,SVR_FEEDBACK,DIF
140,18,3.404039903345057,0.1620971382545265,0.8605132626881804,2,21,12,2023-05-17,2023-05-17,2025-04-10,2025-04-11,1832.0,1783.49,,SVR_FEEDBACK,SVR_FEEDBACK,ARIMA
140,22,3.404039903345057,0.1620971382545265,0.8605132626881804,3,21,12,2023-05-17,2023-05-17,2025-04-10,2025-04-11,1832.0,1783.49,,SVR_FEEDBACK,SVR_FEEDBACK,IFOREST
140,20,3.839527047701535,0.1828346213191207,0.8454267248998681,4,21,17,2023-05-17,2023-05-17,2025-05-03,2025-05-03,1832.0,1835.19,,SVR_FEEDBACK,SVR_FEEDBACK,DBSCAN
140,23,4.460216802364872,0.21239127630308915,0.8248162285110399,5,21,21,2023-05-17,2023-05-17,2025-04-21,2025-04-21,1832.0,1808.01,,SVR_FEEDBACK,SVR_FEEDBACK,TIMEGPT
141,35,9.133119188702894,0.3261828281679605,0.7540438458107906,1,21,28,2023-08-04,2023-08-04,2025-04-22,2025-05-09,1976.0,1805.17,,RF_FEEDBACK,RF_FEEDBACK,COUTA
141,64,10.585182678496583,0.5040563180236468,0.664868720683289,2,21,11,2023-08-04,2023-08-04,2025-05-09,2025-05-09,1976.0,1755.65,,PROPHET_FEEDBACK,PROPHET_FEEDBACK,IFOREST
141,24,10.77100143611965,0.512904830291412,0.660980109242815,3,21,11,2023-08-04,2023-08-04,2025-04-10,2025-04-10,1976.0,1754.17,,SVR_DIRECT,SVR_DIRECT,ARIMA
141,30,10.77100143611965,0.512904830291412,0.660980109242815,4,21,11,2023-08-04,2023-08-04,2025-04-10,2025-04-10,1976.0,1754.17,,SVR_DIRECT,SVR_DIRECT,IFOREST
141,63,10.86832406137728,0.5175392410179657,0.658961543115814,5,21,15,2023-08-04,2023-08-04,2025-04-14,2025-04-14,1976.0,1785.19,,PROPHET_FEEDBACK,PROPHET_FEEDBACK,IFOREST
142,60,5.493739971409812,0.24971545324590053,0.8001821513870925,1,22,17,2023-08-10,2023-08-11,2025-05-03,2025-05-03,1900.0,1763.5,,PROPHET_FEEDBACK,PROPHET_FEEDBACK,DBSCAN
142,3,6.20975310866983,0.2822615049395377,0.7798721213635379,2,22,11,2023-08-10,2023-08-11,2025-05-09,2025-05-09,1900.0,1695.51,,ARIMA,ARIMA,DBSCAN
142,5,6.20975310866983,0.2822615049395377,0.7798721213635379,3,22,11,2023-08-10,2023-08-11,2025-05-09,2025-05-09,1900.0,1695.51,,ARIMA,ARIMA,DIF
142,7,6.20975310866983,0.2822615049395377,0.7798721213635379,4,22,11,2023-08-10,2023-08-11,2025-05-09,2025-05-09,1900.0,1695.51,,ARIMA,ARIMA,IFOREST
142,8,6.20975310866983,0.2822615049395377,0.7798721213635379,5,22,11,2023-08-10,2023-08-11,2025-05-09,2025-05-09,1900.0,1695.51,,ARIMA,ARIMA,TIMEGPT
143,9,4.459735522677693,0.20271525103080423,0.8314519992516398,1,22,11,2023-08-15,2023-08-16,2025-04-10,2025-04-10,1904.0,1736.87,,ARIMA_FEEDBACK,ARIMA_FEEDBACK,ARIMA
143,16,4.569501516541501,0.20770461438825005,0.8280170399999169,2,22,11,2023-08-15,2023-08-16,2025-05-09,2025-05-09,1904.0,1690.15,,ARIMA_FEEDBACK,ARIMA_FEEDBACK,IFOREST
143,43,4.948518000730763,0.22493263639685288,0.8163714234453793,3,22,11,2023-08-15,2023-08-16,2025-05-09,2025-05-09,1904.0,1532.68,,RF_DIRECT,RF_DIRECT,DBSCAN
143,41,5.081785399927104,0.230990245451232,0.8123541219722986,4,22,12,2023-08-15,2023-08-16,2025-04-10,2025-04-11,1904.0,1776.64,,RF_DIRECT,RF_DIRECT,ARIMA
143,46,5.081785399927104,0.230990245451232,0.8123541219722986,5,22,12,2023-08-15,2023-08-16,2025-04-10,2025-04-11,1904.0,1776.64,,RF_DIRECT,RF_DIRECT,IFOREST
144,28,10.524300776381342,0.5011571798276829,0.6661527609752294,1,21,14,2023-08-21,2023-08-21,2025-04-13,2025-04-13,1750.0,1729.43,,SVR_DIRECT,SVR_DIRECT,DIF
144,57,10.930697993175118,0.5205094282464342,0.6576743171880725,2,21,11,2023-08-21,2023-08-21,2025-04-10,2025-04-10,1750.0,1784.84,,PROPHET_FEEDBACK,PROPHET_FEEDBACK,ARIMA
144,64,11.940183563230281,0.5685801696776325,0.637519215996155,3,21,11,2023-08-21,2023-08-21,2025-05-09,2025-05-09,1750.0,1755.65,,PROPHET_FEEDBACK,PROPHET_FEEDBACK,IFOREST
144,61,12.163666770884507,0.5792222271849765,0.6332231036176194,4,21,16,2023-08-21,2023-08-21,2025-04-15,2025-04-15,1750.0,1779.7,,PROPHET_FEEDBACK,PROPHET_FEEDBACK,DIF
144,55,12.307117876407528,0.5860532322098823,0.6304958621134541,5,21,11,2023-08-21,2023-08-21,2025-05-09,2025-05-09,1750.0,1741.36,,PROPHET_DIRECT,PROPHET_DIRECT,IFOREST
145,57,8.868202733994456,0.40310012427247527,0.7127075129570759,1,22,11,2023-09-05,2023-09-06,2025-04-10,2025-04-10,1847.0,1784.84,,PROPHET_FEEDBACK,PROPHET_FEEDBACK,ARIMA
145,24,11.55997057654733,0.5254532080248787,0.6555428870183285,2,22,11,2023-09-05,2023-09-06,2025-04-10,2025-04-10,1847.0,1754.17,,SVR_DIRECT,SVR_DIRECT,ARIMA
145,30,11.55997057654733,0.5254532080248787,0.6555428870183285,3,22,11,2023-09-05,2023-09-06,2025-04-10,2025-04-10,1847.0,1754.17,,SVR_DIRECT,SVR_DIRECT,IFOREST
145,64,11.681336955914704,0.5309698616324865,0.6531807222734557,4,22,11,2023-09-05,2023-09-06,2025-05-09,2025-05-09,1847.0,1755.65,,PROPHET_FEEDBACK,PROPHET_FEEDBACK,IFOREST
145,40,12.843312143503095,0.583786915613777,0.631398068857301,5,22,21,2023-09-05,2023-09-06,2025-04-21,2025-04-21,1847.0,1791.92,,RF_FEEDBACK,RF_FEEDBACK,TIMEGPT
146,43,7.311863389236578,0.34818397091602754,0.7417385324055938,1,21,11,2023-09-12,2023-09-12,2025-05-09,2025-05-09,1775.0,1532.68,,RF_DIRECT,RF_DIRECT,DBSCAN
146,36,7.408200938727046,0.35277147327271646,0.7392231576119299,2,21,17,2023-09-12,2023-09-12,2025-05-03,2025-05-03,1775.0,1785.89,,RF_FEEDBACK,RF_FEEDBACK,DBSCAN
146,9,8.952979951518627,0.4263323786437441,0.7010988567411401,3,21,11,2023-09-12,2023-09-12,2025-04-10,2025-04-10,1775.0,1736.87,,ARIMA_FEEDBACK,ARIMA_FEEDBACK,ARIMA
146,44,9.158474800840265,0.43611784765906025,0.6963216853199389,4,21,16,2023-09-12,2023-09-12,2025-04-15,2025-04-15,1775.0,1706.31,,RF_DIRECT,RF_DIRECT,DIF
146,57,9.221184236473139,0.43910401126062565,0.6948768068014907,5,21,11,2023-09-12,2023-09-12,2025-04-10,2025-04-10,1775.0,1784.84,,PROPHET_FEEDBACK,PROPHET_FEEDBACK,ARIMA
147,41,5.884346869496146,0.28020699378553077,0.7811236814470387,1,21,12,2023-10-16,2023-10-16,2025-04-10,2025-04-11,1748.0,1776.64,,RF_DIRECT,RF_DIRECT,ARIMA
147,46,5.884346869496146,0.28020699378553077,0.7811236814470387,2,21,12,2023-10-16,2023-10-16,2025-04-10,2025-04-11,1748.0,1776.64,,RF_DIRECT,RF_DIRECT,IFOREST
147,43,6.71479876550637,0.31975232216697,0.7577179317692337,3,21,11,2023-10-16,2023-10-16,2025-05-09,2025-05-09,1748.0,1532.68,,RF_DIRECT,RF_DIRECT,DBSCAN
147,55,6.73871553259305,0.32089121583776425,0.7570646151702647,4,21,11,2023-10-16,2023-10-16,2025-05-09,2025-05-09,1748.0,1741.36,,PROPHET_DIRECT,PROPHET_DIRECT,IFOREST
147,56,6.73871553259305,0.32089121583776425,0.7570646151702647,5,21,11,2023-10-16,2023-10-16,2025-05-09,2025-05-09,1748.0,1741.36,,PROPHET_DIRECT,PROPHET_DIRECT,TIMEGPT
148,57,9.704643057765376,0.4621258598935893,0.6839356497482221,1,21,11,2023-11-20,2023-11-20,2025-04-10,2025-04-10,1941.0,1784.84,,PROPHET_FEEDBACK,PROPHET_FEEDBACK,ARIMA
148,28,11.54917475007516,0.5499607023845314,0.6451776477052312,2,21,14,2023-11-20,2023-11-20,2025-04-13,2025-04-13,1941.0,1729.43,,SVR_DIRECT,SVR_DIRECT,DIF
148,24,12.342999233941448,0.5877618682829261,0.6298173674377525,3,21,11,2023-11-20,2023-11-20,2025-04-10,2025-04-10,1941.0,1754.17,,SVR_DIRECT,SVR_DIRECT,ARIMA
148,30,12.342999233941448,0.5877618682829261,0.6298173674377525,4,21,11,2023-11-20,2023-11-20,2025-04-10,2025-04-10,1941.0,1754.17,,SVR_DIRECT,SVR_DIRECT,IFOREST
148,27,12.407822295229511,0.5908486807252148,0.6285952976647241,5,21,17,2023-11-20,2023-11-20,2025-05-03,2025-05-03,1941.0,1671.25,,SVR_DIRECT,SVR_DIRECT,DBSCAN
149,20,11.240903435627406,0.5352811159822574,0.6513465121077908,1,21,17,2023-12-13,2023-12-13,2025-05-03,2025-05-03,2141.0,1835.19,,SVR_FEEDBACK,SVR_FEEDBACK,DBSCAN
149,33,11.877371158688302,0.565589102794681,0.6387372000832998,2,21,11,2023-12-13,2023-12-13,2025-04-10,2025-04-10,2141.0,1757.38,,RF_FEEDBACK,RF_FEEDBACK,ARIMA
149,39,12.384468394140722,0.5897365901971773,0.6290350276683061,3,21,12,2023-12-13,2023-12-13,2025-04-10,2025-04-11,2141.0,1767.95,,RF_FEEDBACK,RF_FEEDBACK,IFOREST
149,34,12.668849249644644,0.603278535697364,0.6237219408448195,4,21,13,2023-12-13,2023-12-13,2025-04-12,2025-04-12,2141.0,1785.88,,RF_FEEDBACK,RF_FEEDBACK,ARIMA
149,37,12.668849249644644,0.603278535697364,0.6237219408448195,5,21,13,2023-12-13,2023-12-13,2025-04-12,2025-04-12,2141.0,1785.88,,RF_FEEDBACK,RF_FEEDBACK,DIF
150,10,6.512898006331558,0.3101380003015028,0.7632783720263586,1,21,13,2024-01-09,2024-01-09,2025-04-12,2025-04-12,2039.0,1735.04,,ARIMA_FEEDBACK,ARIMA_FEEDBACK,ARIMA
150,15,6.512898006331558,0.3101380003015028,0.7632783720263586,2,21,13,2024-01-09,2024-01-09,2025-04-12,2025-04-12,2039.0,1735.04,,ARIMA_FEEDBACK,ARIMA_FEEDBACK,IFOREST
150,61,6.681247424532848,0.31815463926346893,0.7586363315906237,3,21,16,2024-01-09,2024-01-09,2025-04-15,2025-04-15,2039.0,1779.7,,PROPHET_FEEDBACK,PROPHET_FEEDBACK,DIF
150,24,6.802382443599782,0.3239229735047515,0.7553309520362448,4,21,11,2024-01-09,2024-01-09,2025-04-10,2025-04-10,2039.0,1754.17,,SVR_DIRECT,SVR_DIRECT,ARIMA
150,30,6.802382443599782,0.3239229735047515,0.7553309520362448,5,21,11,2024-01-09,2024-01-09,2025-04-10,2025-04-10,2039.0,1754.17,,SVR_DIRECT,SVR_DIRECT,IFOREST
151,43,3.6241826644236825,0.17258012687731822,0.8528201843767267,1,21,11,2024-02-09,2024-02-09,2025-05-09,2025-05-09,1519.0,1532.68,,RF_DIRECT,RF_DIRECT,DBSCAN
151,3,3.9239686601050976,0.18685565048119512,0.8425624460687895,2,21,11,2024-02-09,2024-02-09,2025-05-09,2025-05-09,1519.0,1695.51,,ARIMA,ARIMA,DBSCAN
151,5,3.9239686601050976,0.18685565048119512,0.8425624460687895,3,21,11,2024-02-09,2024-02-09,2025-05-09,2025-05-09,1519.0,1695.51,,ARIMA,ARIMA,DIF
151,7,3.9239686601050976,0.18685565048119512,0.8425624460687895,4,21,11,2024-02-09,2024-02-09,2025-05-09,2025-05-09,1519.0,1695.51,,ARIMA,ARIMA,IFOREST
151,8,3.9239686601050976,0.18685565048119512,0.8425624460687895,5,21,11,2024-02-09,2024-02-09,2025-05-09,2025-05-09,1519.0,1695.51,,ARIMA,ARIMA,TIMEGPT
152,3,2.297053940843539,0.10938352099254949,0.9014015271340198,1,21,11,2024-03-01,2024-03-01,2025-05-09,2025-05-09,1341.0,1695.51,,ARIMA,ARIMA,DBSCAN
152,5,2.297053940843539,0.10938352099254949,0.9014015271340198,2,21,11,2024-03-01,2024-03-01,2025-05-09,2025-05-09,1341.0,1695.51,,ARIMA,ARIMA,DIF
152,7,2.297053940843539,0.10938352099254949,0.9014015271340198,3,21,11,2024-03-01,2024-03-01,2025-05-09,2025-05-09,1341.0,1695.51,,ARIMA,ARIMA,IFOREST
152,8,2.297053940843539,0.10938352099254949,0.9014015271340198,4,21,11,2024-03-01,2024-03-01,2025-05-09,2025-05-09,1341.0,1695.51,,ARIMA,ARIMA,TIMEGPT
152,48,2.3404731564541534,0.11145110268829302,0.8997246910649298,5,21,11,2024-03-01,2024-03-01,2025-04-10,2025-04-10,1341.0,1784.84,,PROPHET_DIRECT,PROPHET_DIRECT,ARIMA
153,24,10.894485792796843,0.49520389967258377,0.6688051042529902,1,22,11,2024-04-16,2024-04-17,2025-04-10,2025-04-10,1214.0,1754.17,,SVR_DIRECT,SVR_DIRECT,ARIMA
153,30,10.894485792796843,0.49520389967258377,0.6688051042529902,2,22,11,2024-04-16,2024-04-17,2025-04-10,2025-04-10,1214.0,1754.17,,SVR_DIRECT,SVR_DIRECT,IFOREST
153,57,11.255428093427183,0.5116103678830538,0.6615461373160979,3,22,11,2024-04-16,2024-04-17,2025-04-10,2025-04-10,1214.0,1784.84,,PROPHET_FEEDBACK,PROPHET_FEEDBACK,ARIMA
153,65,11.472394480896392,0.5214724764043814,0.6572580283300616,4,22,21,2024-04-16,2024-04-17,2025-04-21,2025-04-21,1214.0,1780.36,,PROPHET_FEEDBACK,PROPHET_FEEDBACK,TIMEGPT
153,64,11.791078719335086,0.5359581236061403,0.6510594166800514,5,22,11,2024-04-16,2024-04-17,2025-05-09,2025-05-09,1214.0,1755.65,,PROPHET_FEEDBACK,PROPHET_FEEDBACK,IFOREST
154,41,6.806496711803302,0.3241188910382525,0.7552191927538258,1,21,12,2024-07-15,2024-07-15,2025-04-10,2025-04-11,1278.0,1776.64,,RF_DIRECT,RF_DIRECT,ARIMA
154,46,6.806496711803302,0.3241188910382525,0.7552191927538258,2,21,12,2024-07-15,2024-07-15,2025-04-10,2025-04-11,1278.0,1776.64,,RF_DIRECT,RF_DIRECT,IFOREST
154,48,6.883747820173587,0.3277975152463613,0.7531268800532879,3,21,11,2024-07-15,2024-07-15,2025-04-10,2025-04-10,1278.0,1784.84,,PROPHET_DIRECT,PROPHET_DIRECT,ARIMA
154,54,6.883747820173587,0.3277975152463613,0.7531268800532879,4,21,11,2024-07-15,2024-07-15,2025-04-10,2025-04-10,1278.0,1784.84,,PROPHET_DIRECT,PROPHET_DIRECT,IFOREST
154,43,6.89295005622005,0.3282357169628595,0.7528784139961222,5,21,11,2024-07-15,2024-07-15,2025-05-09,2025-05-09,1278.0,1532.68,,RF_DIRECT,RF_DIRECT,DBSCAN
155,28,7.7014590825215645,0.36673614678674116,0.73167011961383,1,21,14,2024-10-04,2024-10-04,2025-04-13,2025-04-13,1135.0,1729.43,,SVR_DIRECT,SVR_DIRECT,DIF
155,57,9.831397644502932,0.4681617925953777,0.6811238414209284,2,21,11,2024-10-04,2024-10-04,2025-04-10,2025-04-10,1135.0,1784.84,,PROPHET_FEEDBACK,PROPHET_FEEDBACK,ARIMA
155,29,10.286209456522744,0.4898194979296545,0.6712222530243844,3,21,17,2024-10-04,2024-10-04,2025-04-16,2025-04-16,1135.0,1710.79,,SVR_DIRECT,SVR_DIRECT,DIF
155,27,11.790959857727536,0.5614742789394065,0.6404204113302626,4,21,17,2024-10-04,2024-10-04,2025-05-03,2025-05-03,1135.0,1671.25,,SVR_DIRECT,SVR_DIRECT,DBSCAN
155,24,12.45790593763003,0.5932336160776205,0.6276543439134171,5,21,11,2024-10-04,2024-10-04,2025-04-10,2025-04-10,1135.0,1754.17,,SVR_DIRECT,SVR_DIRECT,ARIMA
156,28,11.476012285956605,0.5464767755217431,0.6466311139154512,1,21,14,2024-11-06,2024-11-06,2025-04-13,2025-04-13,1218.0,1729.43,,SVR_DIRECT,SVR_DIRECT,DIF
156,57,12.078119023392036,0.5751485249234303,0.6348607665734958,2,21,11,2024-11-06,2024-11-06,2025-04-10,2025-04-10,1218.0,1784.84,,PROPHET_FEEDBACK,PROPHET_FEEDBACK,ARIMA
156,64,13.120693973863842,0.6247949511363734,0.6154622768249034,3,21,11,2024-11-06,2024-11-06,2025-05-09,2025-05-09,1218.0,1755.65,,PROPHET_FEEDBACK,PROPHET_FEEDBACK,IFOREST
156,43,13.517606284463511,0.6436955373554053,0.6083851767395635,4,21,11,2024-11-06,2024-11-06,2025-05-09,2025-05-09,1218.0,1532.68,,RF_DIRECT,RF_DIRECT,DBSCAN
156,25,14.387129536464924,0.6851014064983297,0.5934360959783528,5,21,20,2024-11-06,2024-11-06,2025-04-19,2025-04-19,1218.0,1619.94,,SVR_DIRECT,SVR_DIRECT,ARIMA
157,41,5.647309722818307,0.2689195106103956,0.788072049990755,1,21,12,2024-12-03,2024-12-03,2025-04-10,2025-04-11,1200.0,1776.64,,RF_DIRECT,RF_DIRECT,ARIMA
157,46,5.647309722818307,0.2689195106103956,0.788072049990755,2,21,12,2024-12-03,2024-12-03,2025-04-10,2025-04-11,1200.0,1776.64,,RF_DIRECT,RF_DIRECT,IFOREST
157,43,5.770695620896616,0.27479502956650553,0.7844398329196893,3,21,11,2024-12-03,2024-12-03,2025-05-09,2025-05-09,1200.0,1532.68,,RF_DIRECT,RF_DIRECT,DBSCAN
157,64,6.118760306250779,0.29136953839289426,0.7743716808160871,4,21,11,2024-12-03,2024-12-03,2025-05-09,2025-05-09,1200.0,1755.65,,PROPHET_FEEDBACK,PROPHET_FEEDBACK,IFOREST
157,55,6.160670126593518,0.2933652441235009,0.7731767994722085,5,21,11,2024-12-03,2024-12-03,2025-05-09,2025-05-09,1200.0,1741.36,,PROPHET_DIRECT,PROPHET_DIRECT,IFOREST
158,21,4.76982199351644,0.22713438064364,0.8149066767043829,1,21,13,2025-02-10,2025-02-10,2025-04-11,2025-04-12,1162.0,1788.85,,SVR_FEEDBACK,SVR_FEEDBACK,DIF
158,18,5.174847437609759,0.24642130655284566,0.8022969398410249,2,21,12,2025-02-10,2025-02-10,2025-04-10,2025-04-11,1162.0,1783.49,,SVR_FEEDBACK,SVR_FEEDBACK,ARIMA
158,22,5.174847437609759,0.24642130655284566,0.8022969398410249,3,21,12,2025-02-10,2025-02-10,2025-04-10,2025-04-11,1162.0,1783.49,,SVR_FEEDBACK,SVR_FEEDBACK,IFOREST
158,23,5.90632147668616,0.2812534036517219,0.7804857315109432,4,21,21,2025-02-10,2025-02-10,2025-04-21,2025-04-21,1162.0,1808.01,,SVR_FEEDBACK,SVR_FEEDBACK,TIMEGPT
158,20,6.693626171484612,0.31874410340402914,0.7582972294766924,5,21,17,2025-02-10,2025-02-10,2025-05-03,2025-05-03,1162.0,1835.19,,SVR_FEEDBACK,SVR_FEEDBACK,DBSCAN
159,18,3.608912481533408,0.16404147643333672,0.8590759180369024,1,22,12,2025-02-13,2025-02-14,2025-04-10,2025-04-11,1319.0,1783.49,,SVR_FEEDBACK,SVR_FEEDBACK,ARIMA
159,22,3.608912481533408,0.16404147643333672,0.8590759180369024,2,22,12,2025-02-13,2025-02-14,2025-04-10,2025-04-11,1319.0,1783.49,,SVR_FEEDBACK,SVR_FEEDBACK,IFOREST
159,20,3.9439980450484735,0.17927263841129426,0.8479803290841983,3,22,17,2025-02-13,2025-02-14,2025-05-03,2025-05-03,1319.0,1835.19,,SVR_FEEDBACK,SVR_FEEDBACK,DBSCAN
159,21,4.423902882560028,0.20108649466181944,0.8325795056762854,4,22,13,2025-02-13,2025-02-14,2025-04-11,2025-04-12,1319.0,1788.85,,SVR_FEEDBACK,SVR_FEEDBACK,DIF
159,33,5.247792671199537,0.23853603050906988,0.8074048516690908,5,22,11,2025-02-13,2025-02-14,2025-04-10,2025-04-10,1319.0,1757.38,,RF_FEEDBACK,RF_FEEDBACK,ARIMA
160,20,6.669361293917532,0.317588633043692,0.7589622245677339,1,21,17,2025-03-06,2025-03-06,2025-05-03,2025-05-03,1487.0,1835.19,,SVR_FEEDBACK,SVR_FEEDBACK,DBSCAN
160,19,8.340690420368317,0.2876100144954592,0.7766326673001552,2,21,29,2025-03-06,2025-03-06,2025-04-21,2025-05-09,1487.0,1837.99,,SVR_FEEDBACK,SVR_FEEDBACK,COUTA
160,21,8.73245759514164,0.4158313140543638,0.7062988295804871,3,21,13,2025-03-06,2025-03-06,2025-04-11,2025-04-12,1487.0,1788.85,,SVR_FEEDBACK,SVR_FEEDBACK,DIF
160,18,9.378012762168712,0.4465720362937482,0.6912894587414345,4,21,12,2025-03-06,2025-03-06,2025-04-10,2025-04-11,1487.0,1783.49,,SVR_FEEDBACK,SVR_FEEDBACK,ARIMA
160,22,9.378012762168712,0.4465720362937482,0.6912894587414345,5,21,12,2025-03-06,2025-03-06,2025-04-10,2025-04-11,1487.0,1783.49,,SVR_FEEDBACK,SVR_FEEDBACK,IFOREST
161,33,6.251875339390555,0.2977083494947883,0.7705891700468065,1,21,11,2025-03-10,2025-03-10,2025-04-10,2025-04-10,1561.0,1757.38,,RF_FEEDBACK,RF_FEEDBACK,ARIMA
161,39,6.373945789600471,0.3035212280762129,0.7671528307029097,2,21,12,2025-03-10,2025-03-10,2025-04-10,2025-04-11,1561.0,1767.95,,RF_FEEDBACK,RF_FEEDBACK,IFOREST
161,34,6.620167682406231,0.31524608011458244,0.7603139937986977,3,21,13,2025-03-10,2025-03-10,2025-04-12,2025-04-12,1561.0,1785.88,,RF_FEEDBACK,RF_FEEDBACK,ARIMA
161,37,6.620167682406231,0.31524608011458244,0.7603139937986977,4,21,13,2025-03-10,2025-03-10,2025-04-12,2025-04-12,1561.0,1785.88,,RF_FEEDBACK,RF_FEEDBACK,DIF
161,20,9.549533605655942,0.45473969550742577,0.6874082030539431,5,21,17,2025-03-10,2025-03-10,2025-05-03,2025-05-03,1561.0,1835.19,,SVR_FEEDBACK,SVR_FEEDBACK,DBSCAN
162,18,5.58368609769598,0.26588981417599905,0.7899581691878342,1,21,12,2025-03-28,2025-03-28,2025-04-10,2025-04-11,1626.0,1783.49,,SVR_FEEDBACK,SVR_FEEDBACK,ARIMA
162,22,5.58368609769598,0.26588981417599905,0.7899581691878342,2,21,12,2025-03-28,2025-03-28,2025-04-10,2025-04-11,1626.0,1783.49,,SVR_FEEDBACK,SVR_FEEDBACK,IFOREST
162,21,5.6485502213543,0.2689785819692524,0.7880353649847733,3,21,13,2025-03-28,2025-03-28,2025-04-11,2025-04-12,1626.0,1788.85,,SVR_FEEDBACK,SVR_FEEDBACK,DIF
162,23,6.187560298964007,0.2946457285220956,0.7724120799761578,4,21,21,2025-03-28,2025-03-28,2025-04-21,2025-04-21,1626.0,1808.01,,SVR_FEEDBACK,SVR_FEEDBACK,TIMEGPT
162,20,7.768278757018605,0.369918036048505,0.7299706797674373,5,21,17,2025-03-28,2025-03-28,2025-05-03,2025-05-03,1626.0,1835.19,,SVR_FEEDBACK,SVR_FEEDBACK,DBSCAN
163,21,4.72311656742471,0.2951947854640444,0.7720846402587379,1,16,13,2025-04-04,2025-04-04,2025-04-11,2025-04-12,1702.0,1788.85,,SVR_FEEDBACK,SVR_FEEDBACK,DIF
163,18,4.958449947068845,0.3099031216918028,0.7634152354018762,2,16,12,2025-04-04,2025-04-04,2025-04-10,2025-04-11,1702.0,1783.49,,SVR_FEEDBACK,SVR_FEEDBACK,ARIMA
163,22,4.958449947068845,0.3099031216918028,0.7634152354018762,3,16,12,2025-04-04,2025-04-04,2025-04-10,2025-04-11,1702.0,1783.49,,SVR_FEEDBACK,SVR_FEEDBACK,IFOREST
163,20,5.224348948855445,0.3073146440503203,0.7649267944416208,4,16,17,2025-04-04,2025-04-04,2025-05-03,2025-05-03,1702.0,1835.19,,SVR_FEEDBACK,SVR_FEEDBACK,DBSCAN
163,23,5.776791911288483,0.2750853291089754,0.7842612389704116,5,16,21,2025-04-04,2025-04-04,2025-04-21,2025-04-21,1702.0,1808.01,,SVR_FEEDBACK,SVR_FEEDBACK,TIMEGPT
164,18,7.0997291010215715,0.5461330077708901,0.6467748861022845,1,13,12,2025-04-07,2025-04-07,2025-04-10,2025-04-11,1790.0,1783.49,,SVR_FEEDBACK,SVR_FEEDBACK,ARIMA
164,22,7.0997291010215715,0.5461330077708901,0.6467748861022845,2,13,12,2025-04-07,2025-04-07,2025-04-10,2025-04-11,1790.0,1783.49,,SVR_FEEDBACK,SVR_FEEDBACK,IFOREST
164,21,7.755949198768279,0.5966114768283292,0.6263264510577748,3,13,13,2025-04-07,2025-04-07,2025-04-11,2025-04-12,1790.0,1788.85,,SVR_FEEDBACK,SVR_FEEDBACK,DIF
164,33,8.20301354137758,0.6310010416444292,0.613120393222905,4,13,11,2025-04-07,2025-04-07,2025-04-10,2025-04-10,1790.0,1757.38,,RF_FEEDBACK,RF_FEEDBACK,ARIMA
164,23,8.622497888902009,0.41059513756676236,0.708920634537967,5,13,21,2025-04-07,2025-04-07,2025-04-21,2025-04-21,1790.0,1808.01,,SVR_FEEDBACK,SVR_FEEDBACK,TIMEGPT
165,18,5.992226043960065,0.49935217033000545,0.6669547153687725,1,11,12,2025-04-09,2025-04-09,2025-04-10,2025-04-11,1736.0,1783.49,,SVR_FEEDBACK,SVR_FEEDBACK,ARIMA
165,22,5.992226043960065,0.49935217033000545,0.6669547153687725,2,11,12,2025-04-09,2025-04-09,2025-04-10,2025-04-11,1736.0,1783.49,,SVR_FEEDBACK,SVR_FEEDBACK,IFOREST
165,21,6.548751138243325,0.5037500875571789,0.6650041175555215,3,11,13,2025-04-09,2025-04-09,2025-04-11,2025-04-12,1736.0,1788.85,,SVR_FEEDBACK,SVR_FEEDBACK,DIF
165,33,6.74537596237001,0.6132159965790918,0.619879794225046,4,11,11,2025-04-09,2025-04-09,2025-04-10,2025-04-10,1736.0,1757.38,,RF_FEEDBACK,RF_FEEDBACK,ARIMA
165,23,7.258846895273118,0.3456593759653866,0.7431301099378081,5,11,21,2025-04-09,2025-04-09,2025-04-21,2025-04-21,1736.0,1808.01,,SVR_FEEDBACK,SVR_FEEDBACK,TIMEGPT
