id_reciente,id_historica,fecha_inicio_reciente,fecha_inicio_historica,similitud_combined,rank,similitud_noticias,motivo,categorias_reciente,categorias_historica,n_noticias_reciente,n_noticias_historica,noticias_reciente,noticias_historica
153,96,2025-01-30,2020-05-30,0.8952566143150583,1,0.4521948993206024,ok,"politica_gobierno, seguridad_crimen","economia_finanzas, politica_gobierno, riesgo_pais_calidad_vida, seguridad_crimen",2,9,"[{'title': 'Gobierno activa plan de atención a ecuatorianos en situación migratoria irregular en Estados Unidos', 'text': 'El gobierno de Daniel Noboa activó un plan de asistencia consular para ecuatorianos en situación irregular en EE.UU., con énfasis en protección de derechos, orientación legal y apoyo en deportaciones. La medida responde a endurecimiento de políticas migratorias y busca mitigar impactos en familias ecuatorianas en el exterior.', 'source': 'La Hora', 'date': '2025-01-30', 'categoria': 'politica_gobierno'}, {'title': 'Noboa destaca avances en seguridad al buscar reelección', 'text': 'La campaña se centró en violencia vinculada a narcotráfico y en la evaluación de la efectividad de medidas de seguridad.', 'source': 'Reuters', 'date': '2025-02-04', 'categoria': 'seguridad_crimen'}]","[{'title': 'Crisis fiscal obliga a recortes presupuestarios', 'text': 'El Gobierno anunció recortes en varias instituciones por la falta de liquidez.', 'source': 'El Comercio', 'date': '2020-05-26', 'categoria': 'economia_finanzas'}, {'title': 'Se prorroga estado de excepción por COVID-19', 'text': 'El Ejecutivo extendió el estado de excepción ante la evolución de la pandemia.', 'source': 'El Universo', 'date': '2020-05-26', 'categoria': 'politica_gobierno'}, {'title': 'Operativos de control se mantienen en ciudades', 'text': 'Las autoridades mantuvieron controles para evitar aglomeraciones y delitos.', 'source': 'El Universo', 'date': '2020-05-27', 'categoria': 'seguridad_crimen'}, {'title': 'Riesgo país continúa elevado en mayo', 'text': 'El indicador de riesgo país se mantuvo alto, reflejando la incertidumbre económica.', 'source': 'El Comercio', 'date': '2020-05-28', 'categoria': 'riesgo_pais_calidad_vida'}, {'title': 'Ecuador avanza en negociación vacunas COVID-19 mayo-junio 2020', 'text': 'Ecuador inicia negociaciones vacunas COVID-19 con laboratorios en mayo-junio 2020. Ministerio de Salud detalla avances; contexto de pandemia con reducción casos pero alerta por segunda ola.', 'source': 'El Universo', 'date': '2020-05-30', 'categoria': 'politica_gobierno'}, {'title': 'Más ciudades cambian de color en el semáforo epidemiológico', 'text': 'El COE Nacional autorizó a varios municipios a modificar el color del semáforo epidemiológico según su situación sanitaria.', 'source': 'El Universo', 'date': '2020-06-01', 'categoria': 'politica_gobierno'}, {'title': 'Comercios reabren con restricciones en varias ciudades', 'text': 'Locales comerciales retomaron actividades bajo protocolos sanitarios, mientras persiste el riesgo de contagios.', 'source': 'El Comercio', 'date': '2020-06-02', 'categoria': 'riesgo_pais_calidad_vida'}, {'title': 'Recaudación fiscal cae por efectos de la pandemia', 'text': 'El Servicio de Rentas Internas reportó una fuerte caída en la recaudación debido a la paralización económica.', 'source': 'El Universo', 'date': '2020-06-03', 'categoria': 'economia_finanzas'}, {'title': 'Controles de movilidad continúan pese a reapertura', 'text': 'Policía y Fuerzas Armadas mantuvieron operativos para controlar la movilidad y evitar aglomeraciones.', 'source': 'El Comercio', 'date': '2020-06-04', 'categoria': 'seguridad_crimen'}]"
153,55,2025-01-30,2013-01-02,0.8875125790456599,2,0.4336182475090027,ok,"politica_gobierno, seguridad_crimen","economia_finanzas, seguridad_crimen",2,2,"[{'title': 'Gobierno activa plan de atención a ecuatorianos en situación migratoria irregular en Estados Unidos', 'text': 'El gobierno de Daniel Noboa activó un plan de asistencia consular para ecuatorianos en situación irregular en EE.UU., con énfasis en protección de derechos, orientación legal y apoyo en deportaciones. La medida responde a endurecimiento de políticas migratorias y busca mitigar impactos en familias ecuatorianas en el exterior.', 'source': 'La Hora', 'date': '2025-01-30', 'categoria': 'politica_gobierno'}, {'title': 'Noboa destaca avances en seguridad al buscar reelección', 'text': 'La campaña se centró en violencia vinculada a narcotráfico y en la evaluación de la efectividad de medidas de seguridad.', 'source': 'Reuters', 'date': '2025-02-04', 'categoria': 'seguridad_crimen'}]","[{'title': 'Economía ecuatoriana arranca 2013 con expectativas', 'text': 'Analistas proyectaron expectativas económicas para 2013, considerando inversión pública, comercio y contexto regional.', 'source': 'El Comercio', 'date': '2013-01-02', 'categoria': 'economia_finanzas'}, {'title': 'Feriado de Año Nuevo dejó operativos y accidentes', 'text': 'El feriado registró controles policiales, siniestros viales y balance de movilidad en varias provincias del país.', 'source': 'El Universo', 'date': '2013-01-02', 'categoria': 'seguridad_crimen'}]"
153,3,2025-01-30,2006-10-16,0.8850671746430256,3,0.5894879102706909,ok,"politica_gobierno, seguridad_crimen",politica_gobierno,2,5,"[{'title': 'Gobierno activa plan de atención a ecuatorianos en situación migratoria irregular en Estados Unidos', 'text': 'El gobierno de Daniel Noboa activó un plan de asistencia consular para ecuatorianos en situación irregular en EE.UU., con énfasis en protección de derechos, orientación legal y apoyo en deportaciones. La medida responde a endurecimiento de políticas migratorias y busca mitigar impactos en familias ecuatorianas en el exterior.', 'source': 'La Hora', 'date': '2025-01-30', 'categoria': 'politica_gobierno'}, {'title': 'Noboa destaca avances en seguridad al buscar reelección', 'text': 'La campaña se centró en violencia vinculada a narcotráfico y en la evaluación de la efectividad de medidas de seguridad.', 'source': 'Reuters', 'date': '2025-02-04', 'categoria': 'seguridad_crimen'}]","[{'title': 'Run-off likely in Ecuador election', 'text': ' Tras la primera vuelta presidencial, los resultados parciales indicaban que Álvaro Noboa y Rafael Correa se encaminaban a un balotaje. Se mencionan las condiciones para evitar segunda vuelta, la pobreza extendida, la desconfianza en la clase política y el contraste de propuestas económicas y políticas.', 'source': 'Al Jazeera', 'date': '2006-10-16', 'categoria': 'politica_gobierno'}, {'title': 'Elecciones presidenciales obligarán a una segunda vuelta', 'text': 'Los resultados preliminares de la primera vuelta electoral indicaron que ningún candidato alcanzó la votación necesaria para ganar en una sola ronda. El artículo describe el escenario político, las tendencias del voto y las reacciones iniciales de las candidaturas.', 'source': 'El Universo', 'date': '2006-10-16', 'categoria': 'politica_gobierno'}, {'title': 'Crisis política y movilización social en Ecuador en el contexto preelectoral de 2006', 'text': 'Nota publicada por Llacta.org en octubre de 2006 en el contexto de una etapa de alta tensión política y social en Ecuador, previa al proceso electoral presidencial. El texto aborda el clima de inestabilidad institucional, las movilizaciones sociales y el descontento ciudadano frente a la clase política, así como los cuestionamientos al modelo económico y a la gestión estatal. Se describen acciones de organizaciones sociales y sectores populares que demandan cambios estructurales, mayor participación democrática y respuestas a la crisis social y económica que atravesaba el país en ese período.', 'source': 'Llacta.org', 'date': '2006-10-16', 'categoria': 'politica_gobierno'}, {'title': 'Resultados electorales abren etapa de negociaciones políticas', 'text': ' Tras conocerse los resultados de la primera vuelta, actores políticos iniciaron acercamientos y alianzas de cara al balotaje. La nota analiza el mapa político y los apoyos clave en disputa.', 'source': 'El Comercio', 'date': '2006-10-17', 'categoria': 'politica_gobierno'}, {'title': 'Noboa logra el 26,1% de los votos y Correa el 23,26% con el 73,23% escrutado, según el recuento oficial', 'text': ' Informe sobre el avance del escrutinio oficial en Ecuador tras la primera vuelta de 2006. Noboa figuraba primero y Correa segundo con porcentajes cercanos, y se describe el cambio de tendencia a medida que avanzaba el conteo.', 'source': 'Europa Press', 'date': '2006-10-18', 'categoria': 'politica_gobierno'}]"
153,152,2025-01-30,2024-12-03,0.8842197896505279,4,0.3686917722225189,ok,"politica_gobierno, seguridad_crimen","economia_finanzas, politica_gobierno, riesgo_pais_calidad_vida, seguridad_crimen, servicios_basicos",2,5,"[{'title': 'Gobierno activa plan de atención a ecuatorianos en situación migratoria irregular en Estados Unidos', 'text': 'El gobierno de Daniel Noboa activó un plan de asistencia consular para ecuatorianos en situación irregular en EE.UU., con énfasis en protección de derechos, orientación legal y apoyo en deportaciones. La medida responde a endurecimiento de políticas migratorias y busca mitigar impactos en familias ecuatorianas en el exterior.', 'source': 'La Hora', 'date': '2025-01-30', 'categoria': 'politica_gobierno'}, {'title': 'Noboa destaca avances en seguridad al buscar reelección', 'text': 'La campaña se centró en violencia vinculada a narcotráfico y en la evaluación de la efectividad de medidas de seguridad.', 'source': 'Reuters', 'date': '2025-02-04', 'categoria': 'seguridad_crimen'}]","[{'title': 'Comercio y servicios se ajustan a racionamientos y temporada', 'text': 'Sectores de comercio y servicios reportaron cambios operativos por racionamientos y dinámica de consumo de fin de año.', 'source': 'El Universo', 'date': '2024-12-03', 'categoria': 'economia_finanzas'}, {'title': 'Noticiero 24 Horas: emisión central del 3 de diciembre', 'text': 'Resumen de hechos del día, incluyendo anuncios oficiales y novedades sobre servicios y seguridad.', 'source': 'Teleamazonas', 'date': '2024-12-03', 'categoria': 'politica_gobierno'}, {'title': 'Riesgo país cae tras inicio de canje de deuda', 'text': 'El indicador de riesgo país mostró descenso asociado a avances en operaciones de deuda y expectativas de mercado.', 'source': 'Primicias', 'date': '2024-12-03', 'categoria': 'riesgo_pais_calidad_vida'}, {'title': 'Operativos y controles por temporada se refuerzan en ciudades', 'text': 'Medios locales reportaron operativos y controles en zonas comerciales y de alta afluencia.', 'source': 'El Comercio', 'date': '2024-12-03', 'categoria': 'seguridad_crimen'}, {'title': 'Hogares tienen pausa de cortes diarios, pero empresas mantienen racionamiento', 'text': 'El gobierno suspendió cortes diarios en hogares por la temporada, mientras algunas restricciones continuaron para actividades productivas.', 'source': 'Associated Press', 'date': '2024-12-03', 'categoria': 'servicios_basicos'}]"
153,35,2025-01-30,2009-01-15,0.8827425264041855,5,0.44340789318084717,ok,"politica_gobierno, seguridad_crimen","economia_finanzas, medio_ambiente, riesgo_pais_calidad_vida, seguridad_crimen",2,6,"[{'title': 'Gobierno activa plan de atención a ecuatorianos en situación migratoria irregular en Estados Unidos', 'text': 'El gobierno de Daniel Noboa activó un plan de asistencia consular para ecuatorianos en situación irregular en EE.UU., con énfasis en protección de derechos, orientación legal y apoyo en deportaciones. La medida responde a endurecimiento de políticas migratorias y busca mitigar impactos en familias ecuatorianas en el exterior.', 'source': 'La Hora', 'date': '2025-01-30', 'categoria': 'politica_gobierno'}, {'title': 'Noboa destaca avances en seguridad al buscar reelección', 'text': 'La campaña se centró en violencia vinculada a narcotráfico y en la evaluación de la efectividad de medidas de seguridad.', 'source': 'Reuters', 'date': '2025-02-04', 'categoria': 'seguridad_crimen'}]","[{'title': 'Accidente de tren motiva remoción de un trabajador', 'text': 'Tras un descarrilamiento, se reportaron acciones administrativas y revisión de responsabilidades en operaciones ferroviarias.', 'source': 'El Universo', 'date': '2009-01-14', 'categoria': 'economia_finanzas'}, {'title': 'Ecuador bajó su riesgo país a 3.864', 'text': 'El riesgo país registró una reducción en los primeros días del año tras niveles altos a fin de 2008. La nota cita datos del Banco Central y el contexto financiero.', 'source': 'El Universo', 'date': '2009-01-14', 'categoria': 'economia_finanzas'}, {'title': 'En resumen: Disminuye la actividad en volcán Tungurahua', 'text': 'El Instituto Geofísico reportó actividad del Tungurahua con tendencia a disminuir, con explosiones de menor intensidad y caída leve de ceniza en áreas cercanas.', 'source': 'El Universo', 'date': '2009-01-14', 'categoria': 'medio_ambiente'}, {'title': 'Turistas ingleses ilesos tras incendio en Galápagos', 'text': 'Un incendio a bordo de una embarcación turística en Galápagos no dejó heridos. La nota describe el suceso y la situación de los pasajeros.', 'source': 'El Universo', 'date': '2009-01-14', 'categoria': 'seguridad_crimen'}, {'title': 'Ecuador recomprará Global 2012 y 2030', 'text': 'El Ejecutivo anunció intención de recomprar bonos Global 2012 y 2030 como parte de su estrategia de manejo de deuda, argumentando ilegitimidad de obligaciones.', 'source': 'El Universo', 'date': '2009-01-15', 'categoria': 'economia_finanzas'}, {'title': '2009, Ecuador será libre de analfabetismo', 'text': 'El Gobierno afirmó avances en alfabetización y metas educativas para 2009, en el marco de políticas públicas de educación.', 'source': 'El Universo', 'date': '2009-01-15', 'categoria': 'riesgo_pais_calidad_vida'}]"
153,141,2025-01-30,2023-08-10,0.8822707022991402,6,0.6651414036750793,ok,"politica_gobierno, seguridad_crimen","economia_finanzas, politica_gobierno, riesgo_pais_calidad_vida, seguridad_crimen",2,12,"[{'title': 'Gobierno activa plan de atención a ecuatorianos en situación migratoria irregular en Estados Unidos', 'text': 'El gobierno de Daniel Noboa activó un plan de asistencia consular para ecuatorianos en situación irregular en EE.UU., con énfasis en protección de derechos, orientación legal y apoyo en deportaciones. La medida responde a endurecimiento de políticas migratorias y busca mitigar impactos en familias ecuatorianas en el exterior.', 'source': 'La Hora', 'date': '2025-01-30', 'categoria': 'politica_gobierno'}, {'title': 'Noboa destaca avances en seguridad al buscar reelección', 'text': 'La campaña se centró en violencia vinculada a narcotráfico y en la evaluación de la efectividad de medidas de seguridad.', 'source': 'Reuters', 'date': '2025-02-04', 'categoria': 'seguridad_crimen'}]","[{'title': 'Operativos y hechos delictivos elevan preocupación por seguridad', 'text': 'Se reportaron operativos, detenciones o investigaciones por delitos, junto con alertas ciudadanas en distintas provincias.', 'source': 'El Comercio', 'date': '2023-08-05', 'categoria': 'seguridad_crimen'}, {'title': 'Indicadores económicos y fiscales reflejan presiones en el país', 'text': 'Sectores productivos y autoridades revisaron inflación, empleo, finanzas públicas y actividad económica, con énfasis en riesgos y medidas de ajuste.', 'source': 'Primicias', 'date': '2023-08-06', 'categoria': 'economia_finanzas'}, {'title': 'Costo de vida y servicios impactan a los hogares', 'text': 'Se registraron impactos en empleo, educación, salud, movilidad o servicios, con acciones de mitigación y demandas ciudadanas.', 'source': 'Expreso', 'date': '2023-08-07', 'categoria': 'riesgo_pais_calidad_vida'}, {'title': 'Ecuador sostiene gestiones y posiciones internacionales', 'text': 'Autoridades reportaron reuniones, cooperación o pronunciamientos internacionales relacionados con seguridad, economía o asuntos regionales.', 'source': 'Teleamazonas', 'date': '2023-08-08', 'categoria': 'politica_gobierno'}, {'title': 'Operativos y hechos delictivos elevan preocupación por seguridad', 'text': 'Se reportaron operativos, detenciones o investigaciones por delitos, junto con alertas ciudadanas en distintas provincias.', 'source': 'El Universo', 'date': '2023-08-10', 'categoria': 'seguridad_crimen'}, {'title': 'Guayaquil registra pico de violencia en agosto 2023 con múltiples balaceras', 'text': 'Guayaquil enfrenta pico de violencia en agosto 2023 con balaceras diarias y disputas entre bandas por control territorial. Se reportan múltiples homicidios en sectores como el sur y Durán, con Policía desplegando operativos; contexto de escalada criminal que preludia crisis nacional.', 'source': 'El Universo', 'date': '2023-08-10', 'categoria': 'seguridad_crimen'}, {'title': 'Decomisos y acciones contra narcotráfico se intensifican', 'text': 'Fuerzas de seguridad informaron decomisos, capturas y operativos vinculados a narcotráfico y microtráfico en rutas, puertos y ciudades.', 'source': 'El Comercio', 'date': '2023-08-11', 'categoria': 'seguridad_crimen'}, {'title': 'Muertes violentas en Ecuador suben en agosto 2023 por narcotráfico', 'text': 'Ecuador registra aumento de homicidios en agosto 2023, ligados a narcotráfico y pugnas territoriales en Guayas y Manabí. Cifras oficiales muestran escalada; análisis destaca debilidad institucional y necesidad de reformas en seguridad.', 'source': 'Primicias', 'date': '2023-08-11', 'categoria': 'seguridad_crimen'}, {'title': 'Decisiones y anuncios del Gobierno marcan la agenda nacional', 'text': 'Autoridades informaron decisiones de política pública, decretos o acciones institucionales con impacto nacional y en gobiernos locales.', 'source': 'Primicias', 'date': '2023-08-12', 'categoria': 'politica_gobierno'}, {'title': 'Indicadores económicos y fiscales reflejan presiones en el país', 'text': 'Sectores productivos y autoridades revisaron inflación, empleo, finanzas públicas y actividad económica, con énfasis en riesgos y medidas de ajuste.', 'source': 'Expreso', 'date': '2023-08-13', 'categoria': 'economia_finanzas'}, {'title': 'Costo de vida y servicios impactan a los hogares', 'text': 'Se registraron impactos en empleo, educación, salud, movilidad o servicios, con acciones de mitigación y demandas ciudadanas.', 'source': 'Teleamazonas', 'date': '2023-08-14', 'categoria': 'riesgo_pais_calidad_vida'}, {'title': 'Decisiones y anuncios del Gobierno marcan la agenda nacional', 'text': 'Autoridades informaron decisiones de política pública, decretos o acciones institucionales con impacto nacional y en gobiernos locales.', 'source': 'El Universo', 'date': '2023-08-15', 'categoria': 'politica_gobierno'}]"
153,64,2025-01-30,2015-02-03,0.8816148976741681,7,0.4811938405036926,ok,"politica_gobierno, seguridad_crimen","economia_finanzas, seguridad_crimen",2,3,"[{'title': 'Gobierno activa plan de atención a ecuatorianos en situación migratoria irregular en Estados Unidos', 'text': 'El gobierno de Daniel Noboa activó un plan de asistencia consular para ecuatorianos en situación irregular en EE.UU., con énfasis en protección de derechos, orientación legal y apoyo en deportaciones. La medida responde a endurecimiento de políticas migratorias y busca mitigar impactos en familias ecuatorianas en el exterior.', 'source': 'La Hora', 'date': '2025-01-30', 'categoria': 'politica_gobierno'}, {'title': 'Noboa destaca avances en seguridad al buscar reelección', 'text': 'La campaña se centró en violencia vinculada a narcotráfico y en la evaluación de la efectividad de medidas de seguridad.', 'source': 'Reuters', 'date': '2025-02-04', 'categoria': 'seguridad_crimen'}]","[{'title': 'Transportistas anuncian protestas por costos operativos', 'text': 'Gremios de transporte expresaron inconformidad por el incremento de costos y solicitaron revisión de tarifas.', 'source': 'El Universo', 'date': '2015-02-03', 'categoria': 'economia_finanzas'}, {'title': 'Caída del precio del petróleo afecta economía ecuatoriana febrero 2015', 'text': 'Precio del petróleo cae por debajo de $50 en febrero 2015, impactando ingresos fiscales de Ecuador. Gobierno anuncia ajustes presupuestarios y búsqueda de financiamiento externo.', 'source': 'Primicias', 'date': '2015-02-03', 'categoria': 'economia_finanzas'}, {'title': 'Operativos policiales dejan detenidos en varias ciudades', 'text': 'La Policía ejecutó operativos simultáneos contra la delincuencia en Quito, Guayaquil y Cuenca.', 'source': 'El Comercio', 'date': '2015-02-03', 'categoria': 'seguridad_crimen'}]"
153,52,2025-01-30,2012-01-03,0.8815415169794649,8,0.3032861351966858,ok,"politica_gobierno, seguridad_crimen","medio_ambiente, seguridad_crimen",2,2,"[{'title': 'Gobierno activa plan de atención a ecuatorianos en situación migratoria irregular en Estados Unidos', 'text': 'El gobierno de Daniel Noboa activó un plan de asistencia consular para ecuatorianos en situación irregular en EE.UU., con énfasis en protección de derechos, orientación legal y apoyo en deportaciones. La medida responde a endurecimiento de políticas migratorias y busca mitigar impactos en familias ecuatorianas en el exterior.', 'source': 'La Hora', 'date': '2025-01-30', 'categoria': 'politica_gobierno'}, {'title': 'Noboa destaca avances en seguridad al buscar reelección', 'text': 'La campaña se centró en violencia vinculada a narcotráfico y en la evaluación de la efectividad de medidas de seguridad.', 'source': 'Reuters', 'date': '2025-02-04', 'categoria': 'seguridad_crimen'}]","[{'title': 'Año inicia con intensas lluvias en el país', 'text': 'El invierno se intensificó a inicios de 2012, con afectaciones en vías, ríos desbordados y alerta de organismos de emergencia.', 'source': 'El Universo', 'date': '2012-01-03', 'categoria': 'medio_ambiente'}, {'title': 'Refuerzan controles de seguridad por feriado', 'text': 'La Policía incrementó operativos tras el feriado de Año Nuevo para prevenir delitos y accidentes en carreteras y zonas urbanas.', 'source': 'El Comercio', 'date': '2012-01-03', 'categoria': 'seguridad_crimen'}]"
153,43,2025-01-30,2009-05-26,0.8810798027384064,9,0.45500314235687256,ok,"politica_gobierno, seguridad_crimen","politica_gobierno, seguridad_crimen",2,2,"[{'title': 'Gobierno activa plan de atención a ecuatorianos en situación migratoria irregular en Estados Unidos', 'text': 'El gobierno de Daniel Noboa activó un plan de asistencia consular para ecuatorianos en situación irregular en EE.UU., con énfasis en protección de derechos, orientación legal y apoyo en deportaciones. La medida responde a endurecimiento de políticas migratorias y busca mitigar impactos en familias ecuatorianas en el exterior.', 'source': 'La Hora', 'date': '2025-01-30', 'categoria': 'politica_gobierno'}, {'title': 'Noboa destaca avances en seguridad al buscar reelección', 'text': 'La campaña se centró en violencia vinculada a narcotráfico y en la evaluación de la efectividad de medidas de seguridad.', 'source': 'Reuters', 'date': '2025-02-04', 'categoria': 'seguridad_crimen'}]","[{'title': 'Resultados preliminares de elecciones legislativas', 'text': 'El Consejo Nacional Electoral difundió resultados preliminares de las elecciones legislativas, con amplia ventaja del movimiento oficialista.', 'source': 'El Universo', 'date': '2009-05-26', 'categoria': 'politica_gobierno'}, {'title': 'Protestas aisladas tras resultados electorales', 'text': 'Tras la difusión de resultados electorales se registraron protestas aisladas y resguardo policial en varios puntos del país.', 'source': 'El Comercio', 'date': '2009-05-27', 'categoria': 'seguridad_crimen'}]"
153,72,2025-01-30,2016-03-16,0.8793281914256734,10,0.3669552206993103,ok,"politica_gobierno, seguridad_crimen","economia_finanzas, medio_ambiente, seguridad_crimen",2,4,"[{'title': 'Gobierno activa plan de atención a ecuatorianos en situación migratoria irregular en Estados Unidos', 'text': 'El gobierno de Daniel Noboa activó un plan de asistencia consular para ecuatorianos en situación irregular en EE.UU., con énfasis en protección de derechos, orientación legal y apoyo en deportaciones. La medida responde a endurecimiento de políticas migratorias y busca mitigar impactos en familias ecuatorianas en el exterior.', 'source': 'La Hora', 'date': '2025-01-30', 'categoria': 'politica_gobierno'}, {'title': 'Noboa destaca avances en seguridad al buscar reelección', 'text': 'La campaña se centró en violencia vinculada a narcotráfico y en la evaluación de la efectividad de medidas de seguridad.', 'source': 'Reuters', 'date': '2025-02-04', 'categoria': 'seguridad_crimen'}]","[{'title': 'Autoridades emiten alerta por actividad sísmica', 'text': 'Instituciones de monitoreo informaron sobre movimientos telúricos registrados en el Pacífico, sin daños reportados en Ecuador.', 'source': 'El Universo', 'date': '2016-03-16', 'categoria': 'medio_ambiente'}, {'title': 'Refuerzan planes de prevención ante posibles sismos', 'text': 'Autoridades de gestión de riesgos revisaron protocolos de respuesta y evacuación ante escenarios sísmicos.', 'source': 'El Comercio', 'date': '2016-03-16', 'categoria': 'seguridad_crimen'}, {'title': 'Lluvias obligan a cierres viales en la Sierra', 'text': 'Las precipitaciones intensas provocaron cierres temporales de carreteras en provincias de la Sierra central.', 'source': 'El Universo', 'date': '2016-03-18', 'categoria': 'economia_finanzas'}, {'title': 'Deslizamientos generan emergencias locales', 'text': 'Deslaves afectaron viviendas y vías secundarias en zonas rurales tras varios días de lluvias continuas.', 'source': 'El Comercio', 'date': '2016-03-18', 'categoria': 'medio_ambiente'}]"
154,30,2025-02-08,2008-12-12,0.9592701699652918,1,0.27121591567993164,ok,"economia_finanzas, medio_ambiente, politica_gobierno, seguridad_crimen","seguridad_crimen, sociedad_cultura",10,2,"[{'title': 'Noboa destaca avances en seguridad al buscar reelección', 'text': 'La campaña se centró en violencia vinculada a narcotráfico y en la evaluación de la efectividad de medidas de seguridad.', 'source': 'Reuters', 'date': '2025-02-04', 'categoria': 'seguridad_crimen'}, {'title': 'Inflación mensual en Ecuador vuelve a ser negativa en enero de 2025', 'text': 'La inflación mensual en Ecuador fue negativa (-0,15%) en enero de 2025, por cuarto mes consecutivo, según el INEC. La anual cerró en 0,26%, con deflación en alimentos y bienes básicos. El análisis destaca impacto de precios internacionales bajos y políticas de control, en contexto de recuperación post-crisis.', 'source': 'Primicias', 'date': '2025-02-06', 'categoria': 'economia_finanzas'}, {'title': 'Riesgo país de Ecuador se dispara 259 puntos tras resultados electorales del 9 de febrero', 'text': 'El riesgo país subió a 1.162 puntos el 10 de febrero de 2025 tras los primeros resultados de elecciones presidenciales. La incertidumbre política elevó spreads en bonos y costos de financiamiento, con análisis de impacto en mercados y perspectivas de estabilidad post-votación.', 'source': 'Primicias', 'date': '2025-02-10', 'categoria': 'economia_finanzas'}, {'title': 'Elección presidencial va a segunda vuelta en un escenario dominado por seguridad', 'text': 'El proceso electoral se encaminó a balotaje tras resultados ajustados entre Daniel Noboa y Luisa González, con la seguridad como tema central.', 'source': 'Al Jazeera', 'date': '2025-02-10', 'categoria': 'politica_gobierno'}, {'title': 'La elección se encamina a balotaje tras ‘empate estadístico’', 'text': 'Cobertura internacional destacó el resultado estrecho, el contexto de violencia y la polarización política.', 'source': 'The Guardian', 'date': '2025-02-10', 'categoria': 'politica_gobierno'}, {'title': 'Repunte de la izquierda empuja la elección hacia segunda vuelta', 'text': 'Medios internacionales siguieron el proceso ecuatoriano, subrayando violencia, economía y gobernabilidad como ejes del debate.', 'source': 'Le Monde', 'date': '2025-02-10', 'categoria': 'politica_gobierno'}, {'title': 'Noboa y González disputarán balotaje tras primera vuelta ajustada', 'text': 'Reuters reportó el estrecho margen en la primera vuelta y la repetición del duelo electoral, con tensiones y debate sobre seguridad y gobernabilidad.', 'source': 'Reuters', 'date': '2025-02-10', 'categoria': 'politica_gobierno'}, {'title': 'Lluvias intensas entre el 11 y 17 de febrero de 2025 en Ecuador según Inamhi', 'text': 'El Inamhi alertó por lluvias intensas y tormentas del 11 al 17 de febrero de 2025 en Costa, Sierra y Amazonía. Se esperan afectaciones por inundaciones, deslizamientos y emergencias en vías, con recomendaciones para GAD y población en zonas vulnerables durante el invierno.', 'source': 'El Universo', 'date': '2025-02-12', 'categoria': 'medio_ambiente'}, {'title': 'Análisis sobre elección y efectos para la Amazonía ecuatoriana', 'text': 'Organizaciones siguieron el proceso electoral y el debate sobre gobernanza, seguridad y políticas con impacto ambiental en la Amazonía.', 'source': 'Amazon Watch', 'date': '2025-02-13', 'categoria': 'medio_ambiente'}, {'title': 'Noticiero 24 Horas: emisión central del 13 de febrero', 'text': 'Resumen de noticias del día con énfasis en coyuntura política, seguridad y servicios.', 'source': 'Teleamazonas', 'date': '2025-02-13', 'categoria': 'politica_gobierno'}]","[{'title': 'Transportistas protestan por alza de costos', 'text': 'Dirigentes de transporte realizaron protestas por el incremento de costos operativos, solicitando revisión de tarifas y medidas de compensación. La movilización afectó vías urbanas y carreteras.', 'source': 'El Universo', 'date': '2008-12-12', 'categoria': 'sociedad_cultura'}, {'title': 'Accidente de bus deja varios heridos en Manabí', 'text': 'Un accidente de un bus interprovincial en una vía de Manabí dejó varios heridos, quienes fueron trasladados a casas de salud cercanas. Las causas están bajo investigación.', 'source': 'El Universo', 'date': '2008-12-16', 'categoria': 'seguridad_crimen'}]"
154,4,2025-02-08,2006-11-27,0.952893235506278,2,0.6854599714279175,ok,"economia_finanzas, medio_ambiente, politica_gobierno, seguridad_crimen",politica_gobierno,10,5,"[{'title': 'Noboa destaca avances en seguridad al buscar reelección', 'text': 'La campaña se centró en violencia vinculada a narcotráfico y en la evaluación de la efectividad de medidas de seguridad.', 'source': 'Reuters', 'date': '2025-02-04', 'categoria': 'seguridad_crimen'}, {'title': 'Inflación mensual en Ecuador vuelve a ser negativa en enero de 2025', 'text': 'La inflación mensual en Ecuador fue negativa (-0,15%) en enero de 2025, por cuarto mes consecutivo, según el INEC. La anual cerró en 0,26%, con deflación en alimentos y bienes básicos. El análisis destaca impacto de precios internacionales bajos y políticas de control, en contexto de recuperación post-crisis.', 'source': 'Primicias', 'date': '2025-02-06', 'categoria': 'economia_finanzas'}, {'title': 'Riesgo país de Ecuador se dispara 259 puntos tras resultados electorales del 9 de febrero', 'text': 'El riesgo país subió a 1.162 puntos el 10 de febrero de 2025 tras los primeros resultados de elecciones presidenciales. La incertidumbre política elevó spreads en bonos y costos de financiamiento, con análisis de impacto en mercados y perspectivas de estabilidad post-votación.', 'source': 'Primicias', 'date': '2025-02-10', 'categoria': 'economia_finanzas'}, {'title': 'Elección presidencial va a segunda vuelta en un escenario dominado por seguridad', 'text': 'El proceso electoral se encaminó a balotaje tras resultados ajustados entre Daniel Noboa y Luisa González, con la seguridad como tema central.', 'source': 'Al Jazeera', 'date': '2025-02-10', 'categoria': 'politica_gobierno'}, {'title': 'La elección se encamina a balotaje tras ‘empate estadístico’', 'text': 'Cobertura internacional destacó el resultado estrecho, el contexto de violencia y la polarización política.', 'source': 'The Guardian', 'date': '2025-02-10', 'categoria': 'politica_gobierno'}, {'title': 'Repunte de la izquierda empuja la elección hacia segunda vuelta', 'text': 'Medios internacionales siguieron el proceso ecuatoriano, subrayando violencia, economía y gobernabilidad como ejes del debate.', 'source': 'Le Monde', 'date': '2025-02-10', 'categoria': 'politica_gobierno'}, {'title': 'Noboa y González disputarán balotaje tras primera vuelta ajustada', 'text': 'Reuters reportó el estrecho margen en la primera vuelta y la repetición del duelo electoral, con tensiones y debate sobre seguridad y gobernabilidad.', 'source': 'Reuters', 'date': '2025-02-10', 'categoria': 'politica_gobierno'}, {'title': 'Lluvias intensas entre el 11 y 17 de febrero de 2025 en Ecuador según Inamhi', 'text': 'El Inamhi alertó por lluvias intensas y tormentas del 11 al 17 de febrero de 2025 en Costa, Sierra y Amazonía. Se esperan afectaciones por inundaciones, deslizamientos y emergencias en vías, con recomendaciones para GAD y población en zonas vulnerables durante el invierno.', 'source': 'El Universo', 'date': '2025-02-12', 'categoria': 'medio_ambiente'}, {'title': 'Análisis sobre elección y efectos para la Amazonía ecuatoriana', 'text': 'Organizaciones siguieron el proceso electoral y el debate sobre gobernanza, seguridad y políticas con impacto ambiental en la Amazonía.', 'source': 'Amazon Watch', 'date': '2025-02-13', 'categoria': 'medio_ambiente'}, {'title': 'Noticiero 24 Horas: emisión central del 13 de febrero', 'text': 'Resumen de noticias del día con énfasis en coyuntura política, seguridad y servicios.', 'source': 'Teleamazonas', 'date': '2025-02-13', 'categoria': 'politica_gobierno'}]","[{'title': 'Correa declares victory in Ecuador', 'text': ' Tras la segunda vuelta, Rafael Correa declaró victoria con base en encuestas a boca de urna y tendencias iniciales. El texto describe su discurso, su perfil político y el contexto regional, mientras se esperaba la confirmación oficial de resultados y posibles impugnaciones del rival.', 'source': 'Al Jazeera', 'date': '2006-11-27', 'categoria': 'politica_gobierno'}, {'title': 'Rafael Correa gana la Presidencia de la República', 'text': ' Rafael Correa fue proclamado ganador de la segunda vuelta presidencial. El artículo recoge los resultados oficiales, las celebraciones de sus simpatizantes y los desafíos que enfrentará el nuevo gobierno.', 'source': 'El Universo', 'date': '2006-11-27', 'categoria': 'politica_gobierno'}, {'title': 'El país entra en una nueva etapa política tras el balotaje', 'text': ' Análisis posterior a la segunda vuelta electoral que examina el mandato otorgado por las urnas, las expectativas ciudadanas y el panorama institucional que enfrentará el nuevo presidente.', 'source': 'El Comercio', 'date': '2006-11-28', 'categoria': 'politica_gobierno'}, {'title': 'Ecuador’s Chavez? Rafael Correa and the Popular Movements', 'text': ' Análisis sobre la movilización de movimientos sociales contra Álvaro Noboa y el ascenso de Rafael Correa tras el balotaje del 26 de noviembre. Se describen críticas a prácticas clientelares, el rol de organizaciones indígenas y sociales, y el desafío de exigir que el nuevo liderazgo cumpla compromisos políticos y sociales.', 'source': 'CounterVortex / WW4 Report', 'date': '2006-12-01', 'categoria': 'politica_gobierno'}, {'title': 'Se inicia la transición hacia el gobierno de Correa', 'text': ' Con la confirmación de los resultados electorales, se dio inicio al proceso de transición gubernamental. La nota detalla los primeros anuncios, conformación de equipos y prioridades señaladas por el presidente electo.', 'source': 'El Universo', 'date': '2006-12-01', 'categoria': 'politica_gobierno'}]"
154,128,2025-02-08,2023-02-04,0.9437262093587162,3,0.6641817688941956,ok,"economia_finanzas, medio_ambiente, politica_gobierno, seguridad_crimen","economia_finanzas, medio_ambiente, politica_gobierno, riesgo_pais_calidad_vida, seguridad_crimen",10,12,"[{'title': 'Noboa destaca avances en seguridad al buscar reelección', 'text': 'La campaña se centró en violencia vinculada a narcotráfico y en la evaluación de la efectividad de medidas de seguridad.', 'source': 'Reuters', 'date': '2025-02-04', 'categoria': 'seguridad_crimen'}, {'title': 'Inflación mensual en Ecuador vuelve a ser negativa en enero de 2025', 'text': 'La inflación mensual en Ecuador fue negativa (-0,15%) en enero de 2025, por cuarto mes consecutivo, según el INEC. La anual cerró en 0,26%, con deflación en alimentos y bienes básicos. El análisis destaca impacto de precios internacionales bajos y políticas de control, en contexto de recuperación post-crisis.', 'source': 'Primicias', 'date': '2025-02-06', 'categoria': 'economia_finanzas'}, {'title': 'Riesgo país de Ecuador se dispara 259 puntos tras resultados electorales del 9 de febrero', 'text': 'El riesgo país subió a 1.162 puntos el 10 de febrero de 2025 tras los primeros resultados de elecciones presidenciales. La incertidumbre política elevó spreads en bonos y costos de financiamiento, con análisis de impacto en mercados y perspectivas de estabilidad post-votación.', 'source': 'Primicias', 'date': '2025-02-10', 'categoria': 'economia_finanzas'}, {'title': 'Elección presidencial va a segunda vuelta en un escenario dominado por seguridad', 'text': 'El proceso electoral se encaminó a balotaje tras resultados ajustados entre Daniel Noboa y Luisa González, con la seguridad como tema central.', 'source': 'Al Jazeera', 'date': '2025-02-10', 'categoria': 'politica_gobierno'}, {'title': 'La elección se encamina a balotaje tras ‘empate estadístico’', 'text': 'Cobertura internacional destacó el resultado estrecho, el contexto de violencia y la polarización política.', 'source': 'The Guardian', 'date': '2025-02-10', 'categoria': 'politica_gobierno'}, {'title': 'Repunte de la izquierda empuja la elección hacia segunda vuelta', 'text': 'Medios internacionales siguieron el proceso ecuatoriano, subrayando violencia, economía y gobernabilidad como ejes del debate.', 'source': 'Le Monde', 'date': '2025-02-10', 'categoria': 'politica_gobierno'}, {'title': 'Noboa y González disputarán balotaje tras primera vuelta ajustada', 'text': 'Reuters reportó el estrecho margen en la primera vuelta y la repetición del duelo electoral, con tensiones y debate sobre seguridad y gobernabilidad.', 'source': 'Reuters', 'date': '2025-02-10', 'categoria': 'politica_gobierno'}, {'title': 'Lluvias intensas entre el 11 y 17 de febrero de 2025 en Ecuador según Inamhi', 'text': 'El Inamhi alertó por lluvias intensas y tormentas del 11 al 17 de febrero de 2025 en Costa, Sierra y Amazonía. Se esperan afectaciones por inundaciones, deslizamientos y emergencias en vías, con recomendaciones para GAD y población en zonas vulnerables durante el invierno.', 'source': 'El Universo', 'date': '2025-02-12', 'categoria': 'medio_ambiente'}, {'title': 'Análisis sobre elección y efectos para la Amazonía ecuatoriana', 'text': 'Organizaciones siguieron el proceso electoral y el debate sobre gobernanza, seguridad y políticas con impacto ambiental en la Amazonía.', 'source': 'Amazon Watch', 'date': '2025-02-13', 'categoria': 'medio_ambiente'}, {'title': 'Noticiero 24 Horas: emisión central del 13 de febrero', 'text': 'Resumen de noticias del día con énfasis en coyuntura política, seguridad y servicios.', 'source': 'Teleamazonas', 'date': '2025-02-13', 'categoria': 'politica_gobierno'}]","[{'title': 'Indicadores económicos reflejan presiones y ajustes', 'text': 'Analistas y autoridades evaluaron la situación económica, fiscal y productiva del país.', 'source': 'Primicias', 'date': '2023-02-02', 'categoria': 'economia_finanzas'}, {'title': 'Riesgo país de Ecuador se mantiene alto en febrero 2023', 'text': 'El riesgo país de Ecuador permanece elevado en febrero 2023 por inestabilidad política y violencia. Spreads en bonos suben; análisis proyecta desafíos en financiamiento externo y recuperación económica.', 'source': 'Primicias', 'date': '2023-02-02', 'categoria': 'economia_finanzas'}, {'title': 'Gobierno anuncia medidas y decisiones clave', 'text': 'El Ejecutivo comunicó resoluciones y lineamientos de política pública con impacto nacional.', 'source': 'El Universo', 'date': '2023-02-02', 'categoria': 'politica_gobierno'}, {'title': 'Ecuador mantiene agenda y contactos internacionales', 'text': 'Autoridades informaron gestiones y pronunciamientos en el ámbito internacional.', 'source': 'Teleamazonas', 'date': '2023-02-02', 'categoria': 'politica_gobierno'}, {'title': 'Situación social presiona calidad de vida', 'text': 'Ciudadanos enfrentaron dificultades relacionadas con empleo, servicios y costo de vida.', 'source': 'Expreso', 'date': '2023-02-02', 'categoria': 'riesgo_pais_calidad_vida'}, {'title': 'Operativos de seguridad y control en varias provincias', 'text': 'La Policía y Fuerzas Armadas ejecutaron operativos frente a delitos e incidentes reportados.', 'source': 'El Comercio', 'date': '2023-02-02', 'categoria': 'seguridad_crimen'}, {'title': 'Gobierno anuncia medidas y decisiones clave', 'text': 'El Ejecutivo comunicó resoluciones y lineamientos de política pública con impacto nacional.', 'source': 'El Universo', 'date': '2023-02-06', 'categoria': 'politica_gobierno'}, {'title': 'Indicadores económicos reflejan presiones y ajustes', 'text': 'Analistas y autoridades evaluaron la situación económica, fiscal y productiva del país.', 'source': 'Primicias', 'date': '2023-02-07', 'categoria': 'economia_finanzas'}, {'title': 'Estiaje amenaza sistema eléctrico en Ecuador febrero 2023', 'text': 'El estiaje en febrero 2023 reduce generación hidroeléctrica en Ecuador. Ministerio anuncia medidas de ahorro; riesgo de apagones en regiones dependientes de embalses bajos por sequía.', 'source': 'El Comercio', 'date': '2023-02-07', 'categoria': 'medio_ambiente'}, {'title': 'Ecuador mantiene agenda y contactos internacionales', 'text': 'Autoridades informaron gestiones y pronunciamientos en el ámbito internacional.', 'source': 'Teleamazonas', 'date': '2023-02-07', 'categoria': 'politica_gobierno'}, {'title': 'Situación social presiona calidad de vida', 'text': 'Ciudadanos enfrentaron dificultades relacionadas con empleo, servicios y costo de vida.', 'source': 'Expreso', 'date': '2023-02-07', 'categoria': 'riesgo_pais_calidad_vida'}, {'title': 'Operativos de seguridad y control en varias provincias', 'text': 'La Policía y Fuerzas Armadas ejecutaron operativos frente a delitos e incidentes reportados.', 'source': 'El Comercio', 'date': '2023-02-07', 'categoria': 'seguridad_crimen'}]"
154,120,2025-02-08,2022-08-12,0.9396851135110178,4,0.5682833790779114,ok,"economia_finanzas, medio_ambiente, politica_gobierno, seguridad_crimen","economia_finanzas, medio_ambiente, politica_gobierno, seguridad_crimen",10,6,"[{'title': 'Noboa destaca avances en seguridad al buscar reelección', 'text': 'La campaña se centró en violencia vinculada a narcotráfico y en la evaluación de la efectividad de medidas de seguridad.', 'source': 'Reuters', 'date': '2025-02-04', 'categoria': 'seguridad_crimen'}, {'title': 'Inflación mensual en Ecuador vuelve a ser negativa en enero de 2025', 'text': 'La inflación mensual en Ecuador fue negativa (-0,15%) en enero de 2025, por cuarto mes consecutivo, según el INEC. La anual cerró en 0,26%, con deflación en alimentos y bienes básicos. El análisis destaca impacto de precios internacionales bajos y políticas de control, en contexto de recuperación post-crisis.', 'source': 'Primicias', 'date': '2025-02-06', 'categoria': 'economia_finanzas'}, {'title': 'Riesgo país de Ecuador se dispara 259 puntos tras resultados electorales del 9 de febrero', 'text': 'El riesgo país subió a 1.162 puntos el 10 de febrero de 2025 tras los primeros resultados de elecciones presidenciales. La incertidumbre política elevó spreads en bonos y costos de financiamiento, con análisis de impacto en mercados y perspectivas de estabilidad post-votación.', 'source': 'Primicias', 'date': '2025-02-10', 'categoria': 'economia_finanzas'}, {'title': 'Elección presidencial va a segunda vuelta en un escenario dominado por seguridad', 'text': 'El proceso electoral se encaminó a balotaje tras resultados ajustados entre Daniel Noboa y Luisa González, con la seguridad como tema central.', 'source': 'Al Jazeera', 'date': '2025-02-10', 'categoria': 'politica_gobierno'}, {'title': 'La elección se encamina a balotaje tras ‘empate estadístico’', 'text': 'Cobertura internacional destacó el resultado estrecho, el contexto de violencia y la polarización política.', 'source': 'The Guardian', 'date': '2025-02-10', 'categoria': 'politica_gobierno'}, {'title': 'Repunte de la izquierda empuja la elección hacia segunda vuelta', 'text': 'Medios internacionales siguieron el proceso ecuatoriano, subrayando violencia, economía y gobernabilidad como ejes del debate.', 'source': 'Le Monde', 'date': '2025-02-10', 'categoria': 'politica_gobierno'}, {'title': 'Noboa y González disputarán balotaje tras primera vuelta ajustada', 'text': 'Reuters reportó el estrecho margen en la primera vuelta y la repetición del duelo electoral, con tensiones y debate sobre seguridad y gobernabilidad.', 'source': 'Reuters', 'date': '2025-02-10', 'categoria': 'politica_gobierno'}, {'title': 'Lluvias intensas entre el 11 y 17 de febrero de 2025 en Ecuador según Inamhi', 'text': 'El Inamhi alertó por lluvias intensas y tormentas del 11 al 17 de febrero de 2025 en Costa, Sierra y Amazonía. Se esperan afectaciones por inundaciones, deslizamientos y emergencias en vías, con recomendaciones para GAD y población en zonas vulnerables durante el invierno.', 'source': 'El Universo', 'date': '2025-02-12', 'categoria': 'medio_ambiente'}, {'title': 'Análisis sobre elección y efectos para la Amazonía ecuatoriana', 'text': 'Organizaciones siguieron el proceso electoral y el debate sobre gobernanza, seguridad y políticas con impacto ambiental en la Amazonía.', 'source': 'Amazon Watch', 'date': '2025-02-13', 'categoria': 'medio_ambiente'}, {'title': 'Noticiero 24 Horas: emisión central del 13 de febrero', 'text': 'Resumen de noticias del día con énfasis en coyuntura política, seguridad y servicios.', 'source': 'Teleamazonas', 'date': '2025-02-13', 'categoria': 'politica_gobierno'}]","[{'title': 'Guayaquil registra aumento de violencia en agosto 2022', 'text': 'Guayaquil enfrenta aumento de violencia en agosto 2022 con balaceras y homicidios por disputas de bandas narcotraficantes. Policía despliega operativos; contexto de escalada criminal en puerto y rutas de droga.', 'source': 'El Universo', 'date': '2022-08-09', 'categoria': 'seguridad_crimen'}, {'title': 'Gobierno anuncia medidas y ajustes de gestión pública', 'text': 'El Ejecutivo comunicó decisiones administrativas y lineamientos para la gestión pública, con énfasis en control presupuestario y continuidad de servicios.', 'source': 'Primicias', 'date': '2022-08-12', 'categoria': 'politica_gobierno'}, {'title': 'Autoridades informan decomisos vinculados a narcotráfico', 'text': 'Fuerzas de seguridad reportaron decomisos de sustancias sujetas a fiscalización y acciones contra redes de microtráfico y narcotráfico en zonas estratégicas.', 'source': 'El Comercio', 'date': '2022-08-12', 'categoria': 'seguridad_crimen'}, {'title': 'Policía reporta operativos y detenciones en varias provincias', 'text': 'La Policía informó sobre operativos realizados en ciudades y carreteras, con detenidos y decomisos relacionados con delitos comunes y control de movilidad.', 'source': 'El Universo', 'date': '2022-08-12', 'categoria': 'seguridad_crimen'}, {'title': 'Sectores evalúan impacto económico y medidas de reactivación', 'text': 'Cámaras y analistas revisaron indicadores económicos, empleo e inversión, y solicitaron medidas para sostener la reactivación tras la crisis.', 'source': 'Expreso', 'date': '2022-08-13', 'categoria': 'economia_finanzas'}, {'title': 'Lluvias y eventos naturales generan afectaciones locales', 'text': 'Se reportaron afectaciones por lluvias, deslizamientos o eventos naturales en distintas provincias, con impactos en vías, viviendas y servicios.', 'source': 'Teleamazonas', 'date': '2022-08-14', 'categoria': 'medio_ambiente'}]"
154,17,2025-02-08,2008-10-01,0.9392283708190624,5,0.6869224309921265,ok,"economia_finanzas, medio_ambiente, politica_gobierno, seguridad_crimen","economia_finanzas, politica_gobierno, seguridad_crimen, servicios_basicos",10,9,"[{'title': 'Noboa destaca avances en seguridad al buscar reelección', 'text': 'La campaña se centró en violencia vinculada a narcotráfico y en la evaluación de la efectividad de medidas de seguridad.', 'source': 'Reuters', 'date': '2025-02-04', 'categoria': 'seguridad_crimen'}, {'title': 'Inflación mensual en Ecuador vuelve a ser negativa en enero de 2025', 'text': 'La inflación mensual en Ecuador fue negativa (-0,15%) en enero de 2025, por cuarto mes consecutivo, según el INEC. La anual cerró en 0,26%, con deflación en alimentos y bienes básicos. El análisis destaca impacto de precios internacionales bajos y políticas de control, en contexto de recuperación post-crisis.', 'source': 'Primicias', 'date': '2025-02-06', 'categoria': 'economia_finanzas'}, {'title': 'Riesgo país de Ecuador se dispara 259 puntos tras resultados electorales del 9 de febrero', 'text': 'El riesgo país subió a 1.162 puntos el 10 de febrero de 2025 tras los primeros resultados de elecciones presidenciales. La incertidumbre política elevó spreads en bonos y costos de financiamiento, con análisis de impacto en mercados y perspectivas de estabilidad post-votación.', 'source': 'Primicias', 'date': '2025-02-10', 'categoria': 'economia_finanzas'}, {'title': 'Elección presidencial va a segunda vuelta en un escenario dominado por seguridad', 'text': 'El proceso electoral se encaminó a balotaje tras resultados ajustados entre Daniel Noboa y Luisa González, con la seguridad como tema central.', 'source': 'Al Jazeera', 'date': '2025-02-10', 'categoria': 'politica_gobierno'}, {'title': 'La elección se encamina a balotaje tras ‘empate estadístico’', 'text': 'Cobertura internacional destacó el resultado estrecho, el contexto de violencia y la polarización política.', 'source': 'The Guardian', 'date': '2025-02-10', 'categoria': 'politica_gobierno'}, {'title': 'Repunte de la izquierda empuja la elección hacia segunda vuelta', 'text': 'Medios internacionales siguieron el proceso ecuatoriano, subrayando violencia, economía y gobernabilidad como ejes del debate.', 'source': 'Le Monde', 'date': '2025-02-10', 'categoria': 'politica_gobierno'}, {'title': 'Noboa y González disputarán balotaje tras primera vuelta ajustada', 'text': 'Reuters reportó el estrecho margen en la primera vuelta y la repetición del duelo electoral, con tensiones y debate sobre seguridad y gobernabilidad.', 'source': 'Reuters', 'date': '2025-02-10', 'categoria': 'politica_gobierno'}, {'title': 'Lluvias intensas entre el 11 y 17 de febrero de 2025 en Ecuador según Inamhi', 'text': 'El Inamhi alertó por lluvias intensas y tormentas del 11 al 17 de febrero de 2025 en Costa, Sierra y Amazonía. Se esperan afectaciones por inundaciones, deslizamientos y emergencias en vías, con recomendaciones para GAD y población en zonas vulnerables durante el invierno.', 'source': 'El Universo', 'date': '2025-02-12', 'categoria': 'medio_ambiente'}, {'title': 'Análisis sobre elección y efectos para la Amazonía ecuatoriana', 'text': 'Organizaciones siguieron el proceso electoral y el debate sobre gobernanza, seguridad y políticas con impacto ambiental en la Amazonía.', 'source': 'Amazon Watch', 'date': '2025-02-13', 'categoria': 'medio_ambiente'}, {'title': 'Noticiero 24 Horas: emisión central del 13 de febrero', 'text': 'Resumen de noticias del día con énfasis en coyuntura política, seguridad y servicios.', 'source': 'Teleamazonas', 'date': '2025-02-13', 'categoria': 'politica_gobierno'}]","[{'title': 'Corte de energía afectó varios cantones del Guayas', 'text': 'Una falla en el sistema eléctrico provocó cortes de energía en varios cantones del Guayas, afectando a miles de usuarios.', 'source': 'El Universo', 'date': '2008-09-27', 'categoria': 'servicios_basicos'}, {'title': ""Ecuador votes on president's powers"", 'text': ' Cobertura del referéndum constitucional en Ecuador, centrada en los cambios propuestos y sus implicaciones sobre el diseño institucional y el alcance del poder ejecutivo, en el contexto político regional y del proceso constituyente.', 'source': 'Al Jazeera', 'date': '2008-09-28', 'categoria': 'politica_gobierno'}, {'title': 'Ecuador referendum endorses new socialist constitution', 'text': ' Reporte sobre la aprobación en referéndum de la nueva Constitución ecuatoriana, destacando los principales cambios institucionales y sociales y el debate sobre el incremento de atribuciones del Ejecutivo, además de reacciones políticas posteriores.', 'source': 'The Guardian', 'date': '2008-09-29', 'categoria': 'politica_gobierno'}, {'title': 'Ecuador\'s Correa wins new powers in ""historic"" vote', 'text': ' Reuters informó que Rafael Correa obtuvo un amplio respaldo en el referéndum constitucional, lo que habilitó reformas y un rediseño institucional con mayor margen de maniobra para el Ejecutivo. Se mencionan resultados preliminares, narrativa de cambio político y comparación con procesos regionales.', 'source': 'Reuters', 'date': '2008-09-29', 'categoria': 'politica_gobierno'}, {'title': 'Ecuador tras pacto largo con EE.UU.', 'text': 'El Gobierno ecuatoriano analizó la continuidad de acuerdos comerciales con Estados Unidos en un contexto de crisis financiera internacional, evaluando impactos para exportaciones y relaciones bilaterales.', 'source': 'El Universo', 'date': '2008-10-01', 'categoria': 'economia_finanzas'}, {'title': 'Popular Correa embraces traditional, modern Ecuador', 'text': ' Perfil político de Rafael Correa tras la aprobación de la nueva Constitución, contrastando posturas sociales tradicionales con reformas institucionales, y describiendo el contexto de consolidación del proyecto político del oficialismo.', 'source': 'Reuters', 'date': '2008-10-01', 'categoria': 'politica_gobierno'}, {'title': 'Asalto armado a bus urbano dejó heridos en Quito', 'text': 'Un asalto armado a un bus de transporte urbano dejó pasajeros heridos en el sur de Quito, generando operativos policiales.', 'source': 'El Universo', 'date': '2008-10-02', 'categoria': 'seguridad_crimen'}, {'title': 'Ecuador rethinks oil strategy', 'text': ' Análisis sobre el replanteamiento de la estrategia petrolera ecuatoriana, con mayor regulación y escrutinio a inversionistas, y el peso del petróleo en ingresos fiscales y exportaciones en medio de volatilidad de precios.', 'source': 'UPI', 'date': '2008-10-03', 'categoria': 'economia_finanzas'}, {'title': 'Policía investiga secuestro en Los Ríos', 'text': 'Autoridades investigan el secuestro de un comerciante en la provincia de Los Ríos, reforzando controles de seguridad.', 'source': 'El Universo', 'date': '2008-10-06', 'categoria': 'seguridad_crimen'}]"
154,36,2025-02-08,2009-01-27,0.9379250349748974,6,0.4553843140602112,ok,"economia_finanzas, medio_ambiente, politica_gobierno, seguridad_crimen","economia_finanzas, medio_ambiente, politica_gobierno, seguridad_crimen",10,10,"[{'title': 'Noboa destaca avances en seguridad al buscar reelección', 'text': 'La campaña se centró en violencia vinculada a narcotráfico y en la evaluación de la efectividad de medidas de seguridad.', 'source': 'Reuters', 'date': '2025-02-04', 'categoria': 'seguridad_crimen'}, {'title': 'Inflación mensual en Ecuador vuelve a ser negativa en enero de 2025', 'text': 'La inflación mensual en Ecuador fue negativa (-0,15%) en enero de 2025, por cuarto mes consecutivo, según el INEC. La anual cerró en 0,26%, con deflación en alimentos y bienes básicos. El análisis destaca impacto de precios internacionales bajos y políticas de control, en contexto de recuperación post-crisis.', 'source': 'Primicias', 'date': '2025-02-06', 'categoria': 'economia_finanzas'}, {'title': 'Riesgo país de Ecuador se dispara 259 puntos tras resultados electorales del 9 de febrero', 'text': 'El riesgo país subió a 1.162 puntos el 10 de febrero de 2025 tras los primeros resultados de elecciones presidenciales. La incertidumbre política elevó spreads en bonos y costos de financiamiento, con análisis de impacto en mercados y perspectivas de estabilidad post-votación.', 'source': 'Primicias', 'date': '2025-02-10', 'categoria': 'economia_finanzas'}, {'title': 'Elección presidencial va a segunda vuelta en un escenario dominado por seguridad', 'text': 'El proceso electoral se encaminó a balotaje tras resultados ajustados entre Daniel Noboa y Luisa González, con la seguridad como tema central.', 'source': 'Al Jazeera', 'date': '2025-02-10', 'categoria': 'politica_gobierno'}, {'title': 'La elección se encamina a balotaje tras ‘empate estadístico’', 'text': 'Cobertura internacional destacó el resultado estrecho, el contexto de violencia y la polarización política.', 'source': 'The Guardian', 'date': '2025-02-10', 'categoria': 'politica_gobierno'}, {'title': 'Repunte de la izquierda empuja la elección hacia segunda vuelta', 'text': 'Medios internacionales siguieron el proceso ecuatoriano, subrayando violencia, economía y gobernabilidad como ejes del debate.', 'source': 'Le Monde', 'date': '2025-02-10', 'categoria': 'politica_gobierno'}, {'title': 'Noboa y González disputarán balotaje tras primera vuelta ajustada', 'text': 'Reuters reportó el estrecho margen en la primera vuelta y la repetición del duelo electoral, con tensiones y debate sobre seguridad y gobernabilidad.', 'source': 'Reuters', 'date': '2025-02-10', 'categoria': 'politica_gobierno'}, {'title': 'Lluvias intensas entre el 11 y 17 de febrero de 2025 en Ecuador según Inamhi', 'text': 'El Inamhi alertó por lluvias intensas y tormentas del 11 al 17 de febrero de 2025 en Costa, Sierra y Amazonía. Se esperan afectaciones por inundaciones, deslizamientos y emergencias en vías, con recomendaciones para GAD y población en zonas vulnerables durante el invierno.', 'source': 'El Universo', 'date': '2025-02-12', 'categoria': 'medio_ambiente'}, {'title': 'Análisis sobre elección y efectos para la Amazonía ecuatoriana', 'text': 'Organizaciones siguieron el proceso electoral y el debate sobre gobernanza, seguridad y políticas con impacto ambiental en la Amazonía.', 'source': 'Amazon Watch', 'date': '2025-02-13', 'categoria': 'medio_ambiente'}, {'title': 'Noticiero 24 Horas: emisión central del 13 de febrero', 'text': 'Resumen de noticias del día con énfasis en coyuntura política, seguridad y servicios.', 'source': 'Teleamazonas', 'date': '2025-02-13', 'categoria': 'politica_gobierno'}]","[{'title': 'CEE inicia hoy segunda fase de pilotaje en Bahía', 'text': 'El Cuerpo de Ingenieros del Ejército avanzó con obras del puente sobre el estuario del río Chone, incluyendo nuevas jornadas de hincado de pilotes. La nota destaca obra pública y cronograma.', 'source': 'El Universo', 'date': '2009-01-27', 'categoria': 'economia_finanzas'}, {'title': 'COE señala que situación no es grave', 'text': 'El COE evaluó afectaciones por lluvias y planificó acciones para reducir impactos sobre población y entorno. La nota aborda gestión de riesgos y respuesta institucional.', 'source': 'El Universo', 'date': '2009-01-27', 'categoria': 'medio_ambiente'}, {'title': 'Se diseña ordenanza que regula las antenas', 'text': 'La AME presentó una propuesta de ordenanza para regular la instalación de antenas y estructuras de telecomunicaciones, con implicaciones municipales y urbanas.', 'source': 'El Universo', 'date': '2009-01-27', 'categoria': 'politica_gobierno'}, {'title': 'Decomisan combustible en frontera', 'text': 'Se reportó decomiso de cilindros de gas y controles por transporte sin justificación hacia zona fronteriza. La nota se relaciona con contrabando y seguridad territorial.', 'source': 'El Universo', 'date': '2009-01-27', 'categoria': 'seguridad_crimen'}, {'title': 'Atrasos en los trabajos del bypass de Babahoyo', 'text': 'Se reportaron retrasos en obra vial destinada a desviar tráfico pesado del centro de Babahoyo. La nota describe afectaciones a movilidad y cronograma.', 'source': 'El Universo', 'date': '2009-01-28', 'categoria': 'economia_finanzas'}, {'title': 'Sismo de 4,1 grados en la provincia del Guayas', 'text': 'El Instituto Geofísico reportó un sismo de magnitud 4,1 en Guayas. La nota resume reporte y localización.', 'source': 'El Universo', 'date': '2009-01-28', 'categoria': 'medio_ambiente'}, {'title': 'Con un robot comenzó búsqueda de los Restrepo', 'text': 'La Procuraduría inició un nuevo intento de búsqueda de los restos de los hermanos Restrepo con apoyo tecnológico. La nota aborda derechos humanos, justicia y memoria.', 'source': 'El Universo', 'date': '2009-01-28', 'categoria': 'politica_gobierno'}, {'title': 'Lluvias originan rompimiento en un tramo de la vía Puyo-Macas', 'text': 'Persistencia de lluvias ocasionó rompimiento de calzada en la vía Puyo–Macas. Se describen daños y afectación de conectividad.', 'source': 'El Universo', 'date': '2009-01-29', 'categoria': 'medio_ambiente'}, {'title': 'Vías entre El Oro y Loja y Puyo-Macas colapsaron', 'text': 'Lluvias provocaron hundimientos, daños en alcantarillas y colapsos parciales en vías, obligando a trasbordos y cierres. La nota es territorial (El Oro, Loja, Pastaza, Morona).', 'source': 'El Universo', 'date': '2009-01-29', 'categoria': 'medio_ambiente'}, {'title': 'Acusado de crímenes en Manabí fue detenido', 'text': 'La Policía detuvo a un sospechoso vinculado a homicidios en Manabí. La nota reporta el operativo y antecedentes del caso.', 'source': 'El Universo', 'date': '2009-01-29', 'categoria': 'seguridad_crimen'}]"
154,7,2025-02-08,2007-01-18,0.931387166060438,7,0.6002579927444458,ok,"economia_finanzas, medio_ambiente, politica_gobierno, seguridad_crimen",politica_gobierno,10,3,"[{'title': 'Noboa destaca avances en seguridad al buscar reelección', 'text': 'La campaña se centró en violencia vinculada a narcotráfico y en la evaluación de la efectividad de medidas de seguridad.', 'source': 'Reuters', 'date': '2025-02-04', 'categoria': 'seguridad_crimen'}, {'title': 'Inflación mensual en Ecuador vuelve a ser negativa en enero de 2025', 'text': 'La inflación mensual en Ecuador fue negativa (-0,15%) en enero de 2025, por cuarto mes consecutivo, según el INEC. La anual cerró en 0,26%, con deflación en alimentos y bienes básicos. El análisis destaca impacto de precios internacionales bajos y políticas de control, en contexto de recuperación post-crisis.', 'source': 'Primicias', 'date': '2025-02-06', 'categoria': 'economia_finanzas'}, {'title': 'Riesgo país de Ecuador se dispara 259 puntos tras resultados electorales del 9 de febrero', 'text': 'El riesgo país subió a 1.162 puntos el 10 de febrero de 2025 tras los primeros resultados de elecciones presidenciales. La incertidumbre política elevó spreads en bonos y costos de financiamiento, con análisis de impacto en mercados y perspectivas de estabilidad post-votación.', 'source': 'Primicias', 'date': '2025-02-10', 'categoria': 'economia_finanzas'}, {'title': 'Elección presidencial va a segunda vuelta en un escenario dominado por seguridad', 'text': 'El proceso electoral se encaminó a balotaje tras resultados ajustados entre Daniel Noboa y Luisa González, con la seguridad como tema central.', 'source': 'Al Jazeera', 'date': '2025-02-10', 'categoria': 'politica_gobierno'}, {'title': 'La elección se encamina a balotaje tras ‘empate estadístico’', 'text': 'Cobertura internacional destacó el resultado estrecho, el contexto de violencia y la polarización política.', 'source': 'The Guardian', 'date': '2025-02-10', 'categoria': 'politica_gobierno'}, {'title': 'Repunte de la izquierda empuja la elección hacia segunda vuelta', 'text': 'Medios internacionales siguieron el proceso ecuatoriano, subrayando violencia, economía y gobernabilidad como ejes del debate.', 'source': 'Le Monde', 'date': '2025-02-10', 'categoria': 'politica_gobierno'}, {'title': 'Noboa y González disputarán balotaje tras primera vuelta ajustada', 'text': 'Reuters reportó el estrecho margen en la primera vuelta y la repetición del duelo electoral, con tensiones y debate sobre seguridad y gobernabilidad.', 'source': 'Reuters', 'date': '2025-02-10', 'categoria': 'politica_gobierno'}, {'title': 'Lluvias intensas entre el 11 y 17 de febrero de 2025 en Ecuador según Inamhi', 'text': 'El Inamhi alertó por lluvias intensas y tormentas del 11 al 17 de febrero de 2025 en Costa, Sierra y Amazonía. Se esperan afectaciones por inundaciones, deslizamientos y emergencias en vías, con recomendaciones para GAD y población en zonas vulnerables durante el invierno.', 'source': 'El Universo', 'date': '2025-02-12', 'categoria': 'medio_ambiente'}, {'title': 'Análisis sobre elección y efectos para la Amazonía ecuatoriana', 'text': 'Organizaciones siguieron el proceso electoral y el debate sobre gobernanza, seguridad y políticas con impacto ambiental en la Amazonía.', 'source': 'Amazon Watch', 'date': '2025-02-13', 'categoria': 'medio_ambiente'}, {'title': 'Noticiero 24 Horas: emisión central del 13 de febrero', 'text': 'Resumen de noticias del día con énfasis en coyuntura política, seguridad y servicios.', 'source': 'Teleamazonas', 'date': '2025-02-13', 'categoria': 'politica_gobierno'}]","[{'title': 'Correa sworn in as Ecuador president', 'text': ' Rafael Correa asumió la presidencia de Ecuador tras una ceremonia oficial en Quito. El nuevo mandatario anunció un giro político y económico, con énfasis en reformas institucionales, revisión de contratos petroleros y una política exterior más autónoma, en un contexto de altas expectativas sociales.', 'source': 'Reuters', 'date': '2007-01-15', 'categoria': 'politica_gobierno'}, {'title': 'Ecuador president signals shift in US ties', 'text': ' El presidente Rafael Correa adelantó cambios en la relación de Ecuador con Estados Unidos, cuestionando acuerdos militares y económicos previos. El artículo destaca el debate sobre soberanía, política regional y la reacción de actores internacionales ante el nuevo enfoque del gobierno.', 'source': 'Al Jazeera', 'date': '2007-01-18', 'categoria': 'politica_gobierno'}, {'title': 'Ecuador backs constituent assembly vote', 'text': ' El gobierno de Rafael Correa impulsó un referéndum para convocar una asamblea constituyente. La nota describe el respaldo popular, la oposición del Congreso y las tensiones institucionales que marcaron el inicio del proceso de reforma constitucional.', 'source': 'Reuters', 'date': '2007-01-23', 'categoria': 'politica_gobierno'}]"
154,79,2025-02-08,2019-10-08,0.9313823502781045,8,0.5242564678192139,ok,"economia_finanzas, medio_ambiente, politica_gobierno, seguridad_crimen","politica_gobierno, sociedad_cultura",10,4,"[{'title': 'Noboa destaca avances en seguridad al buscar reelección', 'text': 'La campaña se centró en violencia vinculada a narcotráfico y en la evaluación de la efectividad de medidas de seguridad.', 'source': 'Reuters', 'date': '2025-02-04', 'categoria': 'seguridad_crimen'}, {'title': 'Inflación mensual en Ecuador vuelve a ser negativa en enero de 2025', 'text': 'La inflación mensual en Ecuador fue negativa (-0,15%) en enero de 2025, por cuarto mes consecutivo, según el INEC. La anual cerró en 0,26%, con deflación en alimentos y bienes básicos. El análisis destaca impacto de precios internacionales bajos y políticas de control, en contexto de recuperación post-crisis.', 'source': 'Primicias', 'date': '2025-02-06', 'categoria': 'economia_finanzas'}, {'title': 'Riesgo país de Ecuador se dispara 259 puntos tras resultados electorales del 9 de febrero', 'text': 'El riesgo país subió a 1.162 puntos el 10 de febrero de 2025 tras los primeros resultados de elecciones presidenciales. La incertidumbre política elevó spreads en bonos y costos de financiamiento, con análisis de impacto en mercados y perspectivas de estabilidad post-votación.', 'source': 'Primicias', 'date': '2025-02-10', 'categoria': 'economia_finanzas'}, {'title': 'Elección presidencial va a segunda vuelta en un escenario dominado por seguridad', 'text': 'El proceso electoral se encaminó a balotaje tras resultados ajustados entre Daniel Noboa y Luisa González, con la seguridad como tema central.', 'source': 'Al Jazeera', 'date': '2025-02-10', 'categoria': 'politica_gobierno'}, {'title': 'La elección se encamina a balotaje tras ‘empate estadístico’', 'text': 'Cobertura internacional destacó el resultado estrecho, el contexto de violencia y la polarización política.', 'source': 'The Guardian', 'date': '2025-02-10', 'categoria': 'politica_gobierno'}, {'title': 'Repunte de la izquierda empuja la elección hacia segunda vuelta', 'text': 'Medios internacionales siguieron el proceso ecuatoriano, subrayando violencia, economía y gobernabilidad como ejes del debate.', 'source': 'Le Monde', 'date': '2025-02-10', 'categoria': 'politica_gobierno'}, {'title': 'Noboa y González disputarán balotaje tras primera vuelta ajustada', 'text': 'Reuters reportó el estrecho margen en la primera vuelta y la repetición del duelo electoral, con tensiones y debate sobre seguridad y gobernabilidad.', 'source': 'Reuters', 'date': '2025-02-10', 'categoria': 'politica_gobierno'}, {'title': 'Lluvias intensas entre el 11 y 17 de febrero de 2025 en Ecuador según Inamhi', 'text': 'El Inamhi alertó por lluvias intensas y tormentas del 11 al 17 de febrero de 2025 en Costa, Sierra y Amazonía. Se esperan afectaciones por inundaciones, deslizamientos y emergencias en vías, con recomendaciones para GAD y población en zonas vulnerables durante el invierno.', 'source': 'El Universo', 'date': '2025-02-12', 'categoria': 'medio_ambiente'}, {'title': 'Análisis sobre elección y efectos para la Amazonía ecuatoriana', 'text': 'Organizaciones siguieron el proceso electoral y el debate sobre gobernanza, seguridad y políticas con impacto ambiental en la Amazonía.', 'source': 'Amazon Watch', 'date': '2025-02-13', 'categoria': 'medio_ambiente'}, {'title': 'Noticiero 24 Horas: emisión central del 13 de febrero', 'text': 'Resumen de noticias del día con énfasis en coyuntura política, seguridad y servicios.', 'source': 'Teleamazonas', 'date': '2025-02-13', 'categoria': 'politica_gobierno'}]","[{'title': 'Gobierno decreta estado de excepción', 'text': 'El Ejecutivo decretó estado de excepción ante disturbios y protestas a escala nacional.', 'source': 'El Comercio', 'date': '2019-10-08', 'categoria': 'politica_gobierno'}, {'title': 'Protestas contra eliminación subsidios inician octubre 2019', 'text': 'Protestas indígenas y sociales inician octubre 2019 contra eliminación subsidios combustibles por Lenín Moreno. Bloqueos y movilizaciones en Quito y provincias; gobierno declara estado de excepción.', 'source': 'El Universo', 'date': '2019-10-08', 'categoria': 'politica_gobierno'}, {'title': 'Inicio de protestas por eliminación de subsidios octubre 2019', 'text': 'Protestas masivas inician en octubre 2019 contra eliminación de subsidios a combustibles por Lenín Moreno. Bloqueos en carreteras y movilizaciones indígenas; gobierno declara estado de excepción.', 'source': 'El Universo', 'date': '2019-10-08', 'categoria': 'politica_gobierno'}, {'title': 'Protestas nacionales se intensifican por eliminación de subsidios', 'text': 'Las movilizaciones contra la eliminación de subsidios a los combustibles se intensificaron en Quito y otras ciudades.', 'source': 'El Universo', 'date': '2019-10-08', 'categoria': 'sociedad_cultura'}]"
154,16,2025-02-08,2008-09-29,0.9295368410947136,9,0.6895641088485718,ok,"economia_finanzas, medio_ambiente, politica_gobierno, seguridad_crimen","economia_finanzas, politica_gobierno, seguridad_crimen, servicios_basicos",10,8,"[{'title': 'Noboa destaca avances en seguridad al buscar reelección', 'text': 'La campaña se centró en violencia vinculada a narcotráfico y en la evaluación de la efectividad de medidas de seguridad.', 'source': 'Reuters', 'date': '2025-02-04', 'categoria': 'seguridad_crimen'}, {'title': 'Inflación mensual en Ecuador vuelve a ser negativa en enero de 2025', 'text': 'La inflación mensual en Ecuador fue negativa (-0,15%) en enero de 2025, por cuarto mes consecutivo, según el INEC. La anual cerró en 0,26%, con deflación en alimentos y bienes básicos. El análisis destaca impacto de precios internacionales bajos y políticas de control, en contexto de recuperación post-crisis.', 'source': 'Primicias', 'date': '2025-02-06', 'categoria': 'economia_finanzas'}, {'title': 'Riesgo país de Ecuador se dispara 259 puntos tras resultados electorales del 9 de febrero', 'text': 'El riesgo país subió a 1.162 puntos el 10 de febrero de 2025 tras los primeros resultados de elecciones presidenciales. La incertidumbre política elevó spreads en bonos y costos de financiamiento, con análisis de impacto en mercados y perspectivas de estabilidad post-votación.', 'source': 'Primicias', 'date': '2025-02-10', 'categoria': 'economia_finanzas'}, {'title': 'Elección presidencial va a segunda vuelta en un escenario dominado por seguridad', 'text': 'El proceso electoral se encaminó a balotaje tras resultados ajustados entre Daniel Noboa y Luisa González, con la seguridad como tema central.', 'source': 'Al Jazeera', 'date': '2025-02-10', 'categoria': 'politica_gobierno'}, {'title': 'La elección se encamina a balotaje tras ‘empate estadístico’', 'text': 'Cobertura internacional destacó el resultado estrecho, el contexto de violencia y la polarización política.', 'source': 'The Guardian', 'date': '2025-02-10', 'categoria': 'politica_gobierno'}, {'title': 'Repunte de la izquierda empuja la elección hacia segunda vuelta', 'text': 'Medios internacionales siguieron el proceso ecuatoriano, subrayando violencia, economía y gobernabilidad como ejes del debate.', 'source': 'Le Monde', 'date': '2025-02-10', 'categoria': 'politica_gobierno'}, {'title': 'Noboa y González disputarán balotaje tras primera vuelta ajustada', 'text': 'Reuters reportó el estrecho margen en la primera vuelta y la repetición del duelo electoral, con tensiones y debate sobre seguridad y gobernabilidad.', 'source': 'Reuters', 'date': '2025-02-10', 'categoria': 'politica_gobierno'}, {'title': 'Lluvias intensas entre el 11 y 17 de febrero de 2025 en Ecuador según Inamhi', 'text': 'El Inamhi alertó por lluvias intensas y tormentas del 11 al 17 de febrero de 2025 en Costa, Sierra y Amazonía. Se esperan afectaciones por inundaciones, deslizamientos y emergencias en vías, con recomendaciones para GAD y población en zonas vulnerables durante el invierno.', 'source': 'El Universo', 'date': '2025-02-12', 'categoria': 'medio_ambiente'}, {'title': 'Análisis sobre elección y efectos para la Amazonía ecuatoriana', 'text': 'Organizaciones siguieron el proceso electoral y el debate sobre gobernanza, seguridad y políticas con impacto ambiental en la Amazonía.', 'source': 'Amazon Watch', 'date': '2025-02-13', 'categoria': 'medio_ambiente'}, {'title': 'Noticiero 24 Horas: emisión central del 13 de febrero', 'text': 'Resumen de noticias del día con énfasis en coyuntura política, seguridad y servicios.', 'source': 'Teleamazonas', 'date': '2025-02-13', 'categoria': 'politica_gobierno'}]","[{'title': 'Corte de energía afectó varios cantones del Guayas', 'text': 'Una falla en el sistema eléctrico provocó cortes de energía en varios cantones del Guayas, afectando a miles de usuarios.', 'source': 'El Universo', 'date': '2008-09-27', 'categoria': 'servicios_basicos'}, {'title': ""Ecuador votes on president's powers"", 'text': ' Cobertura del referéndum constitucional en Ecuador, centrada en los cambios propuestos y sus implicaciones sobre el diseño institucional y el alcance del poder ejecutivo, en el contexto político regional y del proceso constituyente.', 'source': 'Al Jazeera', 'date': '2008-09-28', 'categoria': 'politica_gobierno'}, {'title': 'Ecuador referendum endorses new socialist constitution', 'text': ' Reporte sobre la aprobación en referéndum de la nueva Constitución ecuatoriana, destacando los principales cambios institucionales y sociales y el debate sobre el incremento de atribuciones del Ejecutivo, además de reacciones políticas posteriores.', 'source': 'The Guardian', 'date': '2008-09-29', 'categoria': 'politica_gobierno'}, {'title': 'Ecuador\'s Correa wins new powers in ""historic"" vote', 'text': ' Reuters informó que Rafael Correa obtuvo un amplio respaldo en el referéndum constitucional, lo que habilitó reformas y un rediseño institucional con mayor margen de maniobra para el Ejecutivo. Se mencionan resultados preliminares, narrativa de cambio político y comparación con procesos regionales.', 'source': 'Reuters', 'date': '2008-09-29', 'categoria': 'politica_gobierno'}, {'title': 'Ecuador tras pacto largo con EE.UU.', 'text': 'El Gobierno ecuatoriano analizó la continuidad de acuerdos comerciales con Estados Unidos en un contexto de crisis financiera internacional, evaluando impactos para exportaciones y relaciones bilaterales.', 'source': 'El Universo', 'date': '2008-10-01', 'categoria': 'economia_finanzas'}, {'title': 'Popular Correa embraces traditional, modern Ecuador', 'text': ' Perfil político de Rafael Correa tras la aprobación de la nueva Constitución, contrastando posturas sociales tradicionales con reformas institucionales, y describiendo el contexto de consolidación del proyecto político del oficialismo.', 'source': 'Reuters', 'date': '2008-10-01', 'categoria': 'politica_gobierno'}, {'title': 'Asalto armado a bus urbano dejó heridos en Quito', 'text': 'Un asalto armado a un bus de transporte urbano dejó pasajeros heridos en el sur de Quito, generando operativos policiales.', 'source': 'El Universo', 'date': '2008-10-02', 'categoria': 'seguridad_crimen'}, {'title': 'Ecuador rethinks oil strategy', 'text': ' Análisis sobre el replanteamiento de la estrategia petrolera ecuatoriana, con mayor regulación y escrutinio a inversionistas, y el peso del petróleo en ingresos fiscales y exportaciones en medio de volatilidad de precios.', 'source': 'UPI', 'date': '2008-10-03', 'categoria': 'economia_finanzas'}]"
154,21,2025-02-08,2008-10-20,0.929057391210344,10,0.6089314818382263,ok,"economia_finanzas, medio_ambiente, politica_gobierno, seguridad_crimen","economia_finanzas, politica_gobierno, riesgo_pais_calidad_vida",10,3,"[{'title': 'Noboa destaca avances en seguridad al buscar reelección', 'text': 'La campaña se centró en violencia vinculada a narcotráfico y en la evaluación de la efectividad de medidas de seguridad.', 'source': 'Reuters', 'date': '2025-02-04', 'categoria': 'seguridad_crimen'}, {'title': 'Inflación mensual en Ecuador vuelve a ser negativa en enero de 2025', 'text': 'La inflación mensual en Ecuador fue negativa (-0,15%) en enero de 2025, por cuarto mes consecutivo, según el INEC. La anual cerró en 0,26%, con deflación en alimentos y bienes básicos. El análisis destaca impacto de precios internacionales bajos y políticas de control, en contexto de recuperación post-crisis.', 'source': 'Primicias', 'date': '2025-02-06', 'categoria': 'economia_finanzas'}, {'title': 'Riesgo país de Ecuador se dispara 259 puntos tras resultados electorales del 9 de febrero', 'text': 'El riesgo país subió a 1.162 puntos el 10 de febrero de 2025 tras los primeros resultados de elecciones presidenciales. La incertidumbre política elevó spreads en bonos y costos de financiamiento, con análisis de impacto en mercados y perspectivas de estabilidad post-votación.', 'source': 'Primicias', 'date': '2025-02-10', 'categoria': 'economia_finanzas'}, {'title': 'Elección presidencial va a segunda vuelta en un escenario dominado por seguridad', 'text': 'El proceso electoral se encaminó a balotaje tras resultados ajustados entre Daniel Noboa y Luisa González, con la seguridad como tema central.', 'source': 'Al Jazeera', 'date': '2025-02-10', 'categoria': 'politica_gobierno'}, {'title': 'La elección se encamina a balotaje tras ‘empate estadístico’', 'text': 'Cobertura internacional destacó el resultado estrecho, el contexto de violencia y la polarización política.', 'source': 'The Guardian', 'date': '2025-02-10', 'categoria': 'politica_gobierno'}, {'title': 'Repunte de la izquierda empuja la elección hacia segunda vuelta', 'text': 'Medios internacionales siguieron el proceso ecuatoriano, subrayando violencia, economía y gobernabilidad como ejes del debate.', 'source': 'Le Monde', 'date': '2025-02-10', 'categoria': 'politica_gobierno'}, {'title': 'Noboa y González disputarán balotaje tras primera vuelta ajustada', 'text': 'Reuters reportó el estrecho margen en la primera vuelta y la repetición del duelo electoral, con tensiones y debate sobre seguridad y gobernabilidad.', 'source': 'Reuters', 'date': '2025-02-10', 'categoria': 'politica_gobierno'}, {'title': 'Lluvias intensas entre el 11 y 17 de febrero de 2025 en Ecuador según Inamhi', 'text': 'El Inamhi alertó por lluvias intensas y tormentas del 11 al 17 de febrero de 2025 en Costa, Sierra y Amazonía. Se esperan afectaciones por inundaciones, deslizamientos y emergencias en vías, con recomendaciones para GAD y población en zonas vulnerables durante el invierno.', 'source': 'El Universo', 'date': '2025-02-12', 'categoria': 'medio_ambiente'}, {'title': 'Análisis sobre elección y efectos para la Amazonía ecuatoriana', 'text': 'Organizaciones siguieron el proceso electoral y el debate sobre gobernanza, seguridad y políticas con impacto ambiental en la Amazonía.', 'source': 'Amazon Watch', 'date': '2025-02-13', 'categoria': 'medio_ambiente'}, {'title': 'Noticiero 24 Horas: emisión central del 13 de febrero', 'text': 'Resumen de noticias del día con énfasis en coyuntura política, seguridad y servicios.', 'source': 'Teleamazonas', 'date': '2025-02-13', 'categoria': 'politica_gobierno'}]","[{'title': 'Suspenden clases en Manabí por daños en infraestructura', 'text': 'El Ministerio de Educación suspendió clases en varios cantones de Manabí tras daños en infraestructura escolar.', 'source': 'El Universo', 'date': '2008-10-15', 'categoria': 'riesgo_pais_calidad_vida'}, {'title': '150th (Extraordinary) Meeting of the OPEC Conference (Production adjustments)', 'text': ' Comunicado oficial de OPEP sobre recortes de producción acordados en octubre de 2008 para estabilizar el mercado ante caída de precios. Incluye ajustes por país, relevante para contextos de shocks petroleros.', 'source': 'OPEC (Press Release)', 'date': '2008-10-24', 'categoria': 'economia_finanzas'}, {'title': 'Oficialismo Ecuador controla comisión legislativa en congreso de transición', 'text': ' Reporte sobre la integración del congreso/órgano legislativo de transición tras la nueva Constitución, destacando la mayoría del movimiento oficialista y el impacto sobre el equilibrio de poderes.', 'source': 'Reuters', 'date': '2008-10-25', 'categoria': 'politica_gobierno'}]"
155,66,2025-02-13,2015-08-24,0.9518846326201764,1,0.5878045558929443,ok,"economia_finanzas, medio_ambiente, politica_gobierno, riesgo_pais_calidad_vida, seguridad_crimen","economia_finanzas, seguridad_crimen, sociedad_cultura",11,3,"[{'title': 'Riesgo país de Ecuador se dispara 259 puntos tras resultados electorales del 9 de febrero', 'text': 'El riesgo país subió a 1.162 puntos el 10 de febrero de 2025 tras los primeros resultados de elecciones presidenciales. La incertidumbre política elevó spreads en bonos y costos de financiamiento, con análisis de impacto en mercados y perspectivas de estabilidad post-votación.', 'source': 'Primicias', 'date': '2025-02-10', 'categoria': 'economia_finanzas'}, {'title': 'Elección presidencial va a segunda vuelta en un escenario dominado por seguridad', 'text': 'El proceso electoral se encaminó a balotaje tras resultados ajustados entre Daniel Noboa y Luisa González, con la seguridad como tema central.', 'source': 'Al Jazeera', 'date': '2025-02-10', 'categoria': 'politica_gobierno'}, {'title': 'La elección se encamina a balotaje tras ‘empate estadístico’', 'text': 'Cobertura internacional destacó el resultado estrecho, el contexto de violencia y la polarización política.', 'source': 'The Guardian', 'date': '2025-02-10', 'categoria': 'politica_gobierno'}, {'title': 'Repunte de la izquierda empuja la elección hacia segunda vuelta', 'text': 'Medios internacionales siguieron el proceso ecuatoriano, subrayando violencia, economía y gobernabilidad como ejes del debate.', 'source': 'Le Monde', 'date': '2025-02-10', 'categoria': 'politica_gobierno'}, {'title': 'Noboa y González disputarán balotaje tras primera vuelta ajustada', 'text': 'Reuters reportó el estrecho margen en la primera vuelta y la repetición del duelo electoral, con tensiones y debate sobre seguridad y gobernabilidad.', 'source': 'Reuters', 'date': '2025-02-10', 'categoria': 'politica_gobierno'}, {'title': 'Lluvias intensas entre el 11 y 17 de febrero de 2025 en Ecuador según Inamhi', 'text': 'El Inamhi alertó por lluvias intensas y tormentas del 11 al 17 de febrero de 2025 en Costa, Sierra y Amazonía. Se esperan afectaciones por inundaciones, deslizamientos y emergencias en vías, con recomendaciones para GAD y población en zonas vulnerables durante el invierno.', 'source': 'El Universo', 'date': '2025-02-12', 'categoria': 'medio_ambiente'}, {'title': 'Análisis sobre elección y efectos para la Amazonía ecuatoriana', 'text': 'Organizaciones siguieron el proceso electoral y el debate sobre gobernanza, seguridad y políticas con impacto ambiental en la Amazonía.', 'source': 'Amazon Watch', 'date': '2025-02-13', 'categoria': 'medio_ambiente'}, {'title': 'Noticiero 24 Horas: emisión central del 13 de febrero', 'text': 'Resumen de noticias del día con énfasis en coyuntura política, seguridad y servicios.', 'source': 'Teleamazonas', 'date': '2025-02-13', 'categoria': 'politica_gobierno'}, {'title': 'Noticiero 24 Horas: emisión central del 14 de febrero', 'text': 'Cobertura nacional de acontecimientos, incluyendo seguridad, economía y novedades institucionales.', 'source': 'Teleamazonas', 'date': '2025-02-14', 'categoria': 'politica_gobierno'}, {'title': 'Análisis local del escenario político y económico tras la primera vuelta', 'text': 'Medios locales analizaron expectativas económicas y efectos sociales tras la primera vuelta electoral, con atención en seguridad.', 'source': 'Primicias', 'date': '2025-02-14', 'categoria': 'riesgo_pais_calidad_vida'}, {'title': 'Operativo deja toneladas de droga incautadas y detenidos', 'text': 'Un operativo policial reportó incautación de varias toneladas de droga y detenciones vinculadas a bandas criminales.', 'source': 'El Oriente', 'date': '2025-02-14', 'categoria': 'seguridad_crimen'}]","[{'title': 'Refuerzan seguridad ante marchas en la capital', 'text': 'Autoridades desplegaron contingentes policiales para resguardar el orden público durante protestas anunciadas en Quito.', 'source': 'El Comercio', 'date': '2015-08-24', 'categoria': 'seguridad_crimen'}, {'title': 'Persisten protestas contra Ley de Herencias', 'text': 'Sectores ciudadanos mantuvieron movilizaciones en rechazo a los proyectos de ley de herencias y plusvalía, con concentraciones en Quito y Guayaquil.', 'source': 'El Universo', 'date': '2015-08-24', 'categoria': 'sociedad_cultura'}, {'title': 'Caída del precio del petróleo golpea finanzas del Estado', 'text': 'El descenso del precio internacional del crudo generó preocupación por ingresos fiscales y ajustes presupuestarios.', 'source': 'El Universo', 'date': '2015-08-25', 'categoria': 'economia_finanzas'}]"
155,5,2025-02-13,2006-12-01,0.9514082946187576,2,0.6861026883125305,ok,"economia_finanzas, medio_ambiente, politica_gobierno, riesgo_pais_calidad_vida, seguridad_crimen",politica_gobierno,11,5,"[{'title': 'Riesgo país de Ecuador se dispara 259 puntos tras resultados electorales del 9 de febrero', 'text': 'El riesgo país subió a 1.162 puntos el 10 de febrero de 2025 tras los primeros resultados de elecciones presidenciales. La incertidumbre política elevó spreads en bonos y costos de financiamiento, con análisis de impacto en mercados y perspectivas de estabilidad post-votación.', 'source': 'Primicias', 'date': '2025-02-10', 'categoria': 'economia_finanzas'}, {'title': 'Elección presidencial va a segunda vuelta en un escenario dominado por seguridad', 'text': 'El proceso electoral se encaminó a balotaje tras resultados ajustados entre Daniel Noboa y Luisa González, con la seguridad como tema central.', 'source': 'Al Jazeera', 'date': '2025-02-10', 'categoria': 'politica_gobierno'}, {'title': 'La elección se encamina a balotaje tras ‘empate estadístico’', 'text': 'Cobertura internacional destacó el resultado estrecho, el contexto de violencia y la polarización política.', 'source': 'The Guardian', 'date': '2025-02-10', 'categoria': 'politica_gobierno'}, {'title': 'Repunte de la izquierda empuja la elección hacia segunda vuelta', 'text': 'Medios internacionales siguieron el proceso ecuatoriano, subrayando violencia, economía y gobernabilidad como ejes del debate.', 'source': 'Le Monde', 'date': '2025-02-10', 'categoria': 'politica_gobierno'}, {'title': 'Noboa y González disputarán balotaje tras primera vuelta ajustada', 'text': 'Reuters reportó el estrecho margen en la primera vuelta y la repetición del duelo electoral, con tensiones y debate sobre seguridad y gobernabilidad.', 'source': 'Reuters', 'date': '2025-02-10', 'categoria': 'politica_gobierno'}, {'title': 'Lluvias intensas entre el 11 y 17 de febrero de 2025 en Ecuador según Inamhi', 'text': 'El Inamhi alertó por lluvias intensas y tormentas del 11 al 17 de febrero de 2025 en Costa, Sierra y Amazonía. Se esperan afectaciones por inundaciones, deslizamientos y emergencias en vías, con recomendaciones para GAD y población en zonas vulnerables durante el invierno.', 'source': 'El Universo', 'date': '2025-02-12', 'categoria': 'medio_ambiente'}, {'title': 'Análisis sobre elección y efectos para la Amazonía ecuatoriana', 'text': 'Organizaciones siguieron el proceso electoral y el debate sobre gobernanza, seguridad y políticas con impacto ambiental en la Amazonía.', 'source': 'Amazon Watch', 'date': '2025-02-13', 'categoria': 'medio_ambiente'}, {'title': 'Noticiero 24 Horas: emisión central del 13 de febrero', 'text': 'Resumen de noticias del día con énfasis en coyuntura política, seguridad y servicios.', 'source': 'Teleamazonas', 'date': '2025-02-13', 'categoria': 'politica_gobierno'}, {'title': 'Noticiero 24 Horas: emisión central del 14 de febrero', 'text': 'Cobertura nacional de acontecimientos, incluyendo seguridad, economía y novedades institucionales.', 'source': 'Teleamazonas', 'date': '2025-02-14', 'categoria': 'politica_gobierno'}, {'title': 'Análisis local del escenario político y económico tras la primera vuelta', 'text': 'Medios locales analizaron expectativas económicas y efectos sociales tras la primera vuelta electoral, con atención en seguridad.', 'source': 'Primicias', 'date': '2025-02-14', 'categoria': 'riesgo_pais_calidad_vida'}, {'title': 'Operativo deja toneladas de droga incautadas y detenidos', 'text': 'Un operativo policial reportó incautación de varias toneladas de droga y detenciones vinculadas a bandas criminales.', 'source': 'El Oriente', 'date': '2025-02-14', 'categoria': 'seguridad_crimen'}]","[{'title': 'Correa declares victory in Ecuador', 'text': ' Tras la segunda vuelta, Rafael Correa declaró victoria con base en encuestas a boca de urna y tendencias iniciales. El texto describe su discurso, su perfil político y el contexto regional, mientras se esperaba la confirmación oficial de resultados y posibles impugnaciones del rival.', 'source': 'Al Jazeera', 'date': '2006-11-27', 'categoria': 'politica_gobierno'}, {'title': 'Rafael Correa gana la Presidencia de la República', 'text': ' Rafael Correa fue proclamado ganador de la segunda vuelta presidencial. El artículo recoge los resultados oficiales, las celebraciones de sus simpatizantes y los desafíos que enfrentará el nuevo gobierno.', 'source': 'El Universo', 'date': '2006-11-27', 'categoria': 'politica_gobierno'}, {'title': 'El país entra en una nueva etapa política tras el balotaje', 'text': ' Análisis posterior a la segunda vuelta electoral que examina el mandato otorgado por las urnas, las expectativas ciudadanas y el panorama institucional que enfrentará el nuevo presidente.', 'source': 'El Comercio', 'date': '2006-11-28', 'categoria': 'politica_gobierno'}, {'title': 'Ecuador’s Chavez? Rafael Correa and the Popular Movements', 'text': ' Análisis sobre la movilización de movimientos sociales contra Álvaro Noboa y el ascenso de Rafael Correa tras el balotaje del 26 de noviembre. Se describen críticas a prácticas clientelares, el rol de organizaciones indígenas y sociales, y el desafío de exigir que el nuevo liderazgo cumpla compromisos políticos y sociales.', 'source': 'CounterVortex / WW4 Report', 'date': '2006-12-01', 'categoria': 'politica_gobierno'}, {'title': 'Se inicia la transición hacia el gobierno de Correa', 'text': ' Con la confirmación de los resultados electorales, se dio inicio al proceso de transición gubernamental. La nota detalla los primeros anuncios, conformación de equipos y prioridades señaladas por el presidente electo.', 'source': 'El Universo', 'date': '2006-12-01', 'categoria': 'politica_gobierno'}]"
155,139,2025-02-13,2023-05-17,0.9465408166818848,3,0.6125644445419312,ok,"economia_finanzas, medio_ambiente, politica_gobierno, riesgo_pais_calidad_vida, seguridad_crimen","economia_finanzas, politica_gobierno, riesgo_pais_calidad_vida, seguridad_crimen, servicios_basicos",11,14,"[{'title': 'Riesgo país de Ecuador se dispara 259 puntos tras resultados electorales del 9 de febrero', 'text': 'El riesgo país subió a 1.162 puntos el 10 de febrero de 2025 tras los primeros resultados de elecciones presidenciales. La incertidumbre política elevó spreads en bonos y costos de financiamiento, con análisis de impacto en mercados y perspectivas de estabilidad post-votación.', 'source': 'Primicias', 'date': '2025-02-10', 'categoria': 'economia_finanzas'}, {'title': 'Elección presidencial va a segunda vuelta en un escenario dominado por seguridad', 'text': 'El proceso electoral se encaminó a balotaje tras resultados ajustados entre Daniel Noboa y Luisa González, con la seguridad como tema central.', 'source': 'Al Jazeera', 'date': '2025-02-10', 'categoria': 'politica_gobierno'}, {'title': 'La elección se encamina a balotaje tras ‘empate estadístico’', 'text': 'Cobertura internacional destacó el resultado estrecho, el contexto de violencia y la polarización política.', 'source': 'The Guardian', 'date': '2025-02-10', 'categoria': 'politica_gobierno'}, {'title': 'Repunte de la izquierda empuja la elección hacia segunda vuelta', 'text': 'Medios internacionales siguieron el proceso ecuatoriano, subrayando violencia, economía y gobernabilidad como ejes del debate.', 'source': 'Le Monde', 'date': '2025-02-10', 'categoria': 'politica_gobierno'}, {'title': 'Noboa y González disputarán balotaje tras primera vuelta ajustada', 'text': 'Reuters reportó el estrecho margen en la primera vuelta y la repetición del duelo electoral, con tensiones y debate sobre seguridad y gobernabilidad.', 'source': 'Reuters', 'date': '2025-02-10', 'categoria': 'politica_gobierno'}, {'title': 'Lluvias intensas entre el 11 y 17 de febrero de 2025 en Ecuador según Inamhi', 'text': 'El Inamhi alertó por lluvias intensas y tormentas del 11 al 17 de febrero de 2025 en Costa, Sierra y Amazonía. Se esperan afectaciones por inundaciones, deslizamientos y emergencias en vías, con recomendaciones para GAD y población en zonas vulnerables durante el invierno.', 'source': 'El Universo', 'date': '2025-02-12', 'categoria': 'medio_ambiente'}, {'title': 'Análisis sobre elección y efectos para la Amazonía ecuatoriana', 'text': 'Organizaciones siguieron el proceso electoral y el debate sobre gobernanza, seguridad y políticas con impacto ambiental en la Amazonía.', 'source': 'Amazon Watch', 'date': '2025-02-13', 'categoria': 'medio_ambiente'}, {'title': 'Noticiero 24 Horas: emisión central del 13 de febrero', 'text': 'Resumen de noticias del día con énfasis en coyuntura política, seguridad y servicios.', 'source': 'Teleamazonas', 'date': '2025-02-13', 'categoria': 'politica_gobierno'}, {'title': 'Noticiero 24 Horas: emisión central del 14 de febrero', 'text': 'Cobertura nacional de acontecimientos, incluyendo seguridad, economía y novedades institucionales.', 'source': 'Teleamazonas', 'date': '2025-02-14', 'categoria': 'politica_gobierno'}, {'title': 'Análisis local del escenario político y económico tras la primera vuelta', 'text': 'Medios locales analizaron expectativas económicas y efectos sociales tras la primera vuelta electoral, con atención en seguridad.', 'source': 'Primicias', 'date': '2025-02-14', 'categoria': 'riesgo_pais_calidad_vida'}, {'title': 'Operativo deja toneladas de droga incautadas y detenidos', 'text': 'Un operativo policial reportó incautación de varias toneladas de droga y detenciones vinculadas a bandas criminales.', 'source': 'El Oriente', 'date': '2025-02-14', 'categoria': 'seguridad_crimen'}]","[{'title': 'Gobierno anuncia medidas y decisiones de gestión pública', 'text': 'Autoridades comunicaron decisiones de política pública y administración del Estado, con efectos en la agenda nacional y local.', 'source': 'Primicias', 'date': '2023-05-12', 'categoria': 'politica_gobierno'}, {'title': 'Fallas, mantenimiento o ajustes afectan servicios energéticos', 'text': 'Usuarios y autoridades reportaron interrupciones, mantenimientos o medidas operativas relacionadas con electricidad y energía, con acciones de contingencia.', 'source': 'Expreso', 'date': '2023-05-13', 'categoria': 'servicios_basicos'}, {'title': 'Situación social impacta calidad de vida y servicios', 'text': 'Se reportaron efectos en empleo, servicios, movilidad o acceso a bienes, con medidas de mitigación y demandas ciudadanas.', 'source': 'Teleamazonas', 'date': '2023-05-14', 'categoria': 'riesgo_pais_calidad_vida'}, {'title': 'Gobierno anuncia medidas y decisiones de gestión pública', 'text': 'Autoridades comunicaron decisiones de política pública y administración del Estado, con efectos en la agenda nacional y local.', 'source': 'El Universo', 'date': '2023-05-15', 'categoria': 'politica_gobierno'}, {'title': 'Operativos de seguridad y denuncias de delitos en varias provincias', 'text': 'La Policía y otras instituciones reportaron operativos, detenciones o investigaciones vinculadas a delitos comunes y control territorial.', 'source': 'El Comercio', 'date': '2023-05-16', 'categoria': 'seguridad_crimen'}, {'title': 'Indicadores económicos muestran presiones y ajustes en el país', 'text': 'Sectores productivos y autoridades revisaron empleo, precios, finanzas públicas y actividad económica, con énfasis en impactos en hogares y empresas.', 'source': 'Primicias', 'date': '2023-05-17', 'categoria': 'economia_finanzas'}, {'title': 'Lasso activa muerte cruzada y disuelve Asamblea Nacional el 17 de mayo 2023', 'text': 'Guillermo Lasso decreta muerte cruzada el 17 de mayo 2023, disolviendo la Asamblea por grave crisis política y conmoción interna. Convoca elecciones anticipadas; oposición denuncia autoritarismo, mientras Corte Constitucional valida el decreto.', 'source': 'El Universo', 'date': '2023-05-17', 'categoria': 'politica_gobierno'}, {'title': 'Operativos de seguridad y denuncias de delitos en varias provincias', 'text': 'La Policía y otras instituciones reportaron operativos, detenciones o investigaciones vinculadas a delitos comunes y control territorial.', 'source': 'El Universo', 'date': '2023-05-17', 'categoria': 'seguridad_crimen'}, {'title': 'Situación social impacta calidad de vida y servicios', 'text': 'Se reportaron efectos en empleo, servicios, movilidad o acceso a bienes, con medidas de mitigación y demandas ciudadanas.', 'source': 'Expreso', 'date': '2023-05-18', 'categoria': 'riesgo_pais_calidad_vida'}, {'title': 'Autoridades reportan decomisos y acciones contra narcotráfico', 'text': 'Fuerzas de seguridad informaron decomisos, capturas o investigaciones contra redes de microtráfico y narcotráfico con impacto en puertos y rutas.', 'source': 'El Comercio', 'date': '2023-05-18', 'categoria': 'seguridad_crimen'}, {'title': 'Ecuador mantiene agenda y gestiones en el ámbito internacional', 'text': 'Autoridades informaron contactos y gestiones internacionales relacionadas con cooperación, financiamiento o asuntos regionales.', 'source': 'Teleamazonas', 'date': '2023-05-19', 'categoria': 'politica_gobierno'}, {'title': 'Gobierno anuncia medidas y decisiones de gestión pública', 'text': 'Autoridades comunicaron decisiones de política pública y administración del Estado, con efectos en la agenda nacional y local.', 'source': 'Primicias', 'date': '2023-05-19', 'categoria': 'politica_gobierno'}, {'title': 'Indicadores económicos muestran presiones y ajustes en el país', 'text': 'Sectores productivos y autoridades revisaron empleo, precios, finanzas públicas y actividad económica, con énfasis en impactos en hogares y empresas.', 'source': 'Expreso', 'date': '2023-05-20', 'categoria': 'economia_finanzas'}, {'title': 'Situación social impacta calidad de vida y servicios', 'text': 'Se reportaron efectos en empleo, servicios, movilidad o acceso a bienes, con medidas de mitigación y demandas ciudadanas.', 'source': 'Teleamazonas', 'date': '2023-05-21', 'categoria': 'riesgo_pais_calidad_vida'}]"
155,67,2025-02-13,2016-01-12,0.9441573163765886,4,0.5275135040283203,ok,"economia_finanzas, medio_ambiente, politica_gobierno, riesgo_pais_calidad_vida, seguridad_crimen","economia_finanzas, medio_ambiente",11,3,"[{'title': 'Riesgo país de Ecuador se dispara 259 puntos tras resultados electorales del 9 de febrero', 'text': 'El riesgo país subió a 1.162 puntos el 10 de febrero de 2025 tras los primeros resultados de elecciones presidenciales. La incertidumbre política elevó spreads en bonos y costos de financiamiento, con análisis de impacto en mercados y perspectivas de estabilidad post-votación.', 'source': 'Primicias', 'date': '2025-02-10', 'categoria': 'economia_finanzas'}, {'title': 'Elección presidencial va a segunda vuelta en un escenario dominado por seguridad', 'text': 'El proceso electoral se encaminó a balotaje tras resultados ajustados entre Daniel Noboa y Luisa González, con la seguridad como tema central.', 'source': 'Al Jazeera', 'date': '2025-02-10', 'categoria': 'politica_gobierno'}, {'title': 'La elección se encamina a balotaje tras ‘empate estadístico’', 'text': 'Cobertura internacional destacó el resultado estrecho, el contexto de violencia y la polarización política.', 'source': 'The Guardian', 'date': '2025-02-10', 'categoria': 'politica_gobierno'}, {'title': 'Repunte de la izquierda empuja la elección hacia segunda vuelta', 'text': 'Medios internacionales siguieron el proceso ecuatoriano, subrayando violencia, economía y gobernabilidad como ejes del debate.', 'source': 'Le Monde', 'date': '2025-02-10', 'categoria': 'politica_gobierno'}, {'title': 'Noboa y González disputarán balotaje tras primera vuelta ajustada', 'text': 'Reuters reportó el estrecho margen en la primera vuelta y la repetición del duelo electoral, con tensiones y debate sobre seguridad y gobernabilidad.', 'source': 'Reuters', 'date': '2025-02-10', 'categoria': 'politica_gobierno'}, {'title': 'Lluvias intensas entre el 11 y 17 de febrero de 2025 en Ecuador según Inamhi', 'text': 'El Inamhi alertó por lluvias intensas y tormentas del 11 al 17 de febrero de 2025 en Costa, Sierra y Amazonía. Se esperan afectaciones por inundaciones, deslizamientos y emergencias en vías, con recomendaciones para GAD y población en zonas vulnerables durante el invierno.', 'source': 'El Universo', 'date': '2025-02-12', 'categoria': 'medio_ambiente'}, {'title': 'Análisis sobre elección y efectos para la Amazonía ecuatoriana', 'text': 'Organizaciones siguieron el proceso electoral y el debate sobre gobernanza, seguridad y políticas con impacto ambiental en la Amazonía.', 'source': 'Amazon Watch', 'date': '2025-02-13', 'categoria': 'medio_ambiente'}, {'title': 'Noticiero 24 Horas: emisión central del 13 de febrero', 'text': 'Resumen de noticias del día con énfasis en coyuntura política, seguridad y servicios.', 'source': 'Teleamazonas', 'date': '2025-02-13', 'categoria': 'politica_gobierno'}, {'title': 'Noticiero 24 Horas: emisión central del 14 de febrero', 'text': 'Cobertura nacional de acontecimientos, incluyendo seguridad, economía y novedades institucionales.', 'source': 'Teleamazonas', 'date': '2025-02-14', 'categoria': 'politica_gobierno'}, {'title': 'Análisis local del escenario político y económico tras la primera vuelta', 'text': 'Medios locales analizaron expectativas económicas y efectos sociales tras la primera vuelta electoral, con atención en seguridad.', 'source': 'Primicias', 'date': '2025-02-14', 'categoria': 'riesgo_pais_calidad_vida'}, {'title': 'Operativo deja toneladas de droga incautadas y detenidos', 'text': 'Un operativo policial reportó incautación de varias toneladas de droga y detenciones vinculadas a bandas criminales.', 'source': 'El Oriente', 'date': '2025-02-14', 'categoria': 'seguridad_crimen'}]","[{'title': 'Emergencias viales por lluvias en la Sierra', 'text': 'Deslizamientos y cierres viales se reportaron en provincias de la Sierra debido a las precipitaciones intensas.', 'source': 'El Comercio', 'date': '2016-01-12', 'categoria': 'economia_finanzas'}, {'title': 'Riesgo país de Ecuador sube por caída petróleo enero 2016', 'text': 'Riesgo país de Ecuador alcanza niveles altos en enero 2016 por caída del petróleo. Spreads en bonos soberanos suben; análisis de impacto en deuda y financiamiento.', 'source': 'El Universo', 'date': '2016-01-12', 'categoria': 'economia_finanzas'}, {'title': 'Lluvias provocan inundaciones en la Costa', 'text': 'Fuertes lluvias causaron desbordes de ríos e inundaciones en zonas rurales y urbanas de la región Costa.', 'source': 'El Universo', 'date': '2016-01-12', 'categoria': 'medio_ambiente'}]"
155,111,2025-02-13,2022-06-16,0.9431416955023606,5,0.6788443326950073,ok,"economia_finanzas, medio_ambiente, politica_gobierno, riesgo_pais_calidad_vida, seguridad_crimen","economia_finanzas, politica_gobierno, riesgo_pais_calidad_vida, seguridad_crimen",11,8,"[{'title': 'Riesgo país de Ecuador se dispara 259 puntos tras resultados electorales del 9 de febrero', 'text': 'El riesgo país subió a 1.162 puntos el 10 de febrero de 2025 tras los primeros resultados de elecciones presidenciales. La incertidumbre política elevó spreads en bonos y costos de financiamiento, con análisis de impacto en mercados y perspectivas de estabilidad post-votación.', 'source': 'Primicias', 'date': '2025-02-10', 'categoria': 'economia_finanzas'}, {'title': 'Elección presidencial va a segunda vuelta en un escenario dominado por seguridad', 'text': 'El proceso electoral se encaminó a balotaje tras resultados ajustados entre Daniel Noboa y Luisa González, con la seguridad como tema central.', 'source': 'Al Jazeera', 'date': '2025-02-10', 'categoria': 'politica_gobierno'}, {'title': 'La elección se encamina a balotaje tras ‘empate estadístico’', 'text': 'Cobertura internacional destacó el resultado estrecho, el contexto de violencia y la polarización política.', 'source': 'The Guardian', 'date': '2025-02-10', 'categoria': 'politica_gobierno'}, {'title': 'Repunte de la izquierda empuja la elección hacia segunda vuelta', 'text': 'Medios internacionales siguieron el proceso ecuatoriano, subrayando violencia, economía y gobernabilidad como ejes del debate.', 'source': 'Le Monde', 'date': '2025-02-10', 'categoria': 'politica_gobierno'}, {'title': 'Noboa y González disputarán balotaje tras primera vuelta ajustada', 'text': 'Reuters reportó el estrecho margen en la primera vuelta y la repetición del duelo electoral, con tensiones y debate sobre seguridad y gobernabilidad.', 'source': 'Reuters', 'date': '2025-02-10', 'categoria': 'politica_gobierno'}, {'title': 'Lluvias intensas entre el 11 y 17 de febrero de 2025 en Ecuador según Inamhi', 'text': 'El Inamhi alertó por lluvias intensas y tormentas del 11 al 17 de febrero de 2025 en Costa, Sierra y Amazonía. Se esperan afectaciones por inundaciones, deslizamientos y emergencias en vías, con recomendaciones para GAD y población en zonas vulnerables durante el invierno.', 'source': 'El Universo', 'date': '2025-02-12', 'categoria': 'medio_ambiente'}, {'title': 'Análisis sobre elección y efectos para la Amazonía ecuatoriana', 'text': 'Organizaciones siguieron el proceso electoral y el debate sobre gobernanza, seguridad y políticas con impacto ambiental en la Amazonía.', 'source': 'Amazon Watch', 'date': '2025-02-13', 'categoria': 'medio_ambiente'}, {'title': 'Noticiero 24 Horas: emisión central del 13 de febrero', 'text': 'Resumen de noticias del día con énfasis en coyuntura política, seguridad y servicios.', 'source': 'Teleamazonas', 'date': '2025-02-13', 'categoria': 'politica_gobierno'}, {'title': 'Noticiero 24 Horas: emisión central del 14 de febrero', 'text': 'Cobertura nacional de acontecimientos, incluyendo seguridad, economía y novedades institucionales.', 'source': 'Teleamazonas', 'date': '2025-02-14', 'categoria': 'politica_gobierno'}, {'title': 'Análisis local del escenario político y económico tras la primera vuelta', 'text': 'Medios locales analizaron expectativas económicas y efectos sociales tras la primera vuelta electoral, con atención en seguridad.', 'source': 'Primicias', 'date': '2025-02-14', 'categoria': 'riesgo_pais_calidad_vida'}, {'title': 'Operativo deja toneladas de droga incautadas y detenidos', 'text': 'Un operativo policial reportó incautación de varias toneladas de droga y detenciones vinculadas a bandas criminales.', 'source': 'El Oriente', 'date': '2025-02-14', 'categoria': 'seguridad_crimen'}]","[{'title': 'Paro nacional indígena en Ecuador junio 2022 contra Lasso', 'text': 'CONAIE inicia paro nacional en junio 2022 contra políticas de Lasso (subsidios, precios). Bloqueos en carreteras y protestas en Quito; gobierno declara estado de excepción en provincias.', 'source': 'El Universo', 'date': '2022-06-16', 'categoria': 'politica_gobierno'}, {'title': 'Paro nacional se intensifica en varias provincias', 'text': 'CONAIE inicia paro nacional en junio 2022 contra políticas de Lasso (subsidios, precios). Bloqueos en carreteras y protestas en Quito; gobierno declara estado de excepción en provincias.', 'source': 'El Universo', 'date': '2022-06-16', 'categoria': 'politica_gobierno'}, {'title': 'Paro nacional indígena en Ecuador junio 2022 contra Lasso', 'text': 'El paro convocado por organizaciones sociales se intensificó con bloqueos y marchas.', 'source': 'El Universo', 'date': '2022-06-16', 'categoria': 'politica_gobierno'}, {'title': 'Paro nacional se intensifica en varias provincias', 'text': 'El paro convocado por organizaciones sociales se intensificó con bloqueos y marchas.', 'source': 'El Universo', 'date': '2022-06-16', 'categoria': 'politica_gobierno'}, {'title': 'Bloqueos generan problemas de seguridad vial', 'text': 'Las protestas provocaron cierres de carreteras y afectaciones al transporte.', 'source': 'El Comercio', 'date': '2022-06-16', 'categoria': 'seguridad_crimen'}, {'title': 'Escasez de productos preocupa a mercados', 'text': 'El desabastecimiento de alimentos afectó a mercados y hogares.', 'source': 'El Universo', 'date': '2022-06-17', 'categoria': 'riesgo_pais_calidad_vida'}, {'title': 'Producción petrolera cae por bloqueos', 'text': 'Los bloqueos afectaron campos y transporte de crudo.', 'source': 'El Comercio', 'date': '2022-06-18', 'categoria': 'economia_finanzas'}, {'title': 'Ecuador informa a la comunidad internacional sobre crisis', 'text': 'El Gobierno comunicó a organismos internacionales el impacto del paro.', 'source': 'El Universo', 'date': '2022-06-19', 'categoria': 'politica_gobierno'}]"
155,19,2025-02-13,2008-10-09,0.9429345947611014,6,0.5936899781227112,ok,"economia_finanzas, medio_ambiente, politica_gobierno, riesgo_pais_calidad_vida, seguridad_crimen","economia_finanzas, medio_ambiente, politica_gobierno, seguridad_crimen",11,6,"[{'title': 'Riesgo país de Ecuador se dispara 259 puntos tras resultados electorales del 9 de febrero', 'text': 'El riesgo país subió a 1.162 puntos el 10 de febrero de 2025 tras los primeros resultados de elecciones presidenciales. La incertidumbre política elevó spreads en bonos y costos de financiamiento, con análisis de impacto en mercados y perspectivas de estabilidad post-votación.', 'source': 'Primicias', 'date': '2025-02-10', 'categoria': 'economia_finanzas'}, {'title': 'Elección presidencial va a segunda vuelta en un escenario dominado por seguridad', 'text': 'El proceso electoral se encaminó a balotaje tras resultados ajustados entre Daniel Noboa y Luisa González, con la seguridad como tema central.', 'source': 'Al Jazeera', 'date': '2025-02-10', 'categoria': 'politica_gobierno'}, {'title': 'La elección se encamina a balotaje tras ‘empate estadístico’', 'text': 'Cobertura internacional destacó el resultado estrecho, el contexto de violencia y la polarización política.', 'source': 'The Guardian', 'date': '2025-02-10', 'categoria': 'politica_gobierno'}, {'title': 'Repunte de la izquierda empuja la elección hacia segunda vuelta', 'text': 'Medios internacionales siguieron el proceso ecuatoriano, subrayando violencia, economía y gobernabilidad como ejes del debate.', 'source': 'Le Monde', 'date': '2025-02-10', 'categoria': 'politica_gobierno'}, {'title': 'Noboa y González disputarán balotaje tras primera vuelta ajustada', 'text': 'Reuters reportó el estrecho margen en la primera vuelta y la repetición del duelo electoral, con tensiones y debate sobre seguridad y gobernabilidad.', 'source': 'Reuters', 'date': '2025-02-10', 'categoria': 'politica_gobierno'}, {'title': 'Lluvias intensas entre el 11 y 17 de febrero de 2025 en Ecuador según Inamhi', 'text': 'El Inamhi alertó por lluvias intensas y tormentas del 11 al 17 de febrero de 2025 en Costa, Sierra y Amazonía. Se esperan afectaciones por inundaciones, deslizamientos y emergencias en vías, con recomendaciones para GAD y población en zonas vulnerables durante el invierno.', 'source': 'El Universo', 'date': '2025-02-12', 'categoria': 'medio_ambiente'}, {'title': 'Análisis sobre elección y efectos para la Amazonía ecuatoriana', 'text': 'Organizaciones siguieron el proceso electoral y el debate sobre gobernanza, seguridad y políticas con impacto ambiental en la Amazonía.', 'source': 'Amazon Watch', 'date': '2025-02-13', 'categoria': 'medio_ambiente'}, {'title': 'Noticiero 24 Horas: emisión central del 13 de febrero', 'text': 'Resumen de noticias del día con énfasis en coyuntura política, seguridad y servicios.', 'source': 'Teleamazonas', 'date': '2025-02-13', 'categoria': 'politica_gobierno'}, {'title': 'Noticiero 24 Horas: emisión central del 14 de febrero', 'text': 'Cobertura nacional de acontecimientos, incluyendo seguridad, economía y novedades institucionales.', 'source': 'Teleamazonas', 'date': '2025-02-14', 'categoria': 'politica_gobierno'}, {'title': 'Análisis local del escenario político y económico tras la primera vuelta', 'text': 'Medios locales analizaron expectativas económicas y efectos sociales tras la primera vuelta electoral, con atención en seguridad.', 'source': 'Primicias', 'date': '2025-02-14', 'categoria': 'riesgo_pais_calidad_vida'}, {'title': 'Operativo deja toneladas de droga incautadas y detenidos', 'text': 'Un operativo policial reportó incautación de varias toneladas de droga y detenciones vinculadas a bandas criminales.', 'source': 'El Oriente', 'date': '2025-02-14', 'categoria': 'seguridad_crimen'}]","[{'title': 'Policía investiga secuestro en Los Ríos', 'text': 'Autoridades investigan el secuestro de un comerciante en la provincia de Los Ríos, reforzando controles de seguridad.', 'source': 'El Universo', 'date': '2008-10-06', 'categoria': 'seguridad_crimen'}, {'title': 'Economía Ecuador crece un 2,4 pct en 2do trim 2008:Banco Central', 'text': ' El Banco Central reportó crecimiento interanual del 2,4% en el segundo trimestre de 2008, impulsado por construcción. Se contextualiza el desempeño macroeconómico ante señales de desaceleración global.', 'source': 'Reuters', 'date': '2008-10-09', 'categoria': 'economia_finanzas'}, {'title': 'Ecuador ratifica la salida de Odebrecht', 'text': 'El Gobierno ecuatoriano confirmó la expulsión definitiva de Odebrecht tras disputas por contratos de infraestructura, con impacto político y diplomático.', 'source': 'El Universo', 'date': '2008-10-09', 'categoria': 'politica_gobierno'}, {'title': 'Lluvias provocan deslizamientos en la provincia de Loja', 'text': 'Fuertes lluvias causaron deslizamientos de tierra en zonas rurales de Loja, afectando vías y comunidades.', 'source': 'El Universo', 'date': '2008-10-10', 'categoria': 'medio_ambiente'}, {'title': 'Índice de Precios al Consumidor – 2008 (recursos Oct-2008)', 'text': ' Página de referencia del INEC que agrupa documentos de inflación e IPC para 2008 (incluye Oct-2008). Útil como insumo para contextualizar shocks macroeconómicos y contrastar con movimientos en series financieras.', 'source': 'INEC (Ecuador en Cifras)', 'date': '2008-10-14', 'categoria': 'economia_finanzas'}, {'title': 'Ejecutivos de Odebrecht y Furnas siguen en Ecuador', 'text': 'Autoridades informaron que ejecutivos de Odebrecht y Furnas permanecían en el país mientras se evaluaban responsabilidades administrativas.', 'source': 'El Universo', 'date': '2008-10-14', 'categoria': 'politica_gobierno'}]"
155,18,2025-02-13,2008-10-06,0.9371050737093484,7,0.5967363119125366,ok,"economia_finanzas, medio_ambiente, politica_gobierno, riesgo_pais_calidad_vida, seguridad_crimen","economia_finanzas, medio_ambiente, politica_gobierno, seguridad_crimen",11,8,"[{'title': 'Riesgo país de Ecuador se dispara 259 puntos tras resultados electorales del 9 de febrero', 'text': 'El riesgo país subió a 1.162 puntos el 10 de febrero de 2025 tras los primeros resultados de elecciones presidenciales. La incertidumbre política elevó spreads en bonos y costos de financiamiento, con análisis de impacto en mercados y perspectivas de estabilidad post-votación.', 'source': 'Primicias', 'date': '2025-02-10', 'categoria': 'economia_finanzas'}, {'title': 'Elección presidencial va a segunda vuelta en un escenario dominado por seguridad', 'text': 'El proceso electoral se encaminó a balotaje tras resultados ajustados entre Daniel Noboa y Luisa González, con la seguridad como tema central.', 'source': 'Al Jazeera', 'date': '2025-02-10', 'categoria': 'politica_gobierno'}, {'title': 'La elección se encamina a balotaje tras ‘empate estadístico’', 'text': 'Cobertura internacional destacó el resultado estrecho, el contexto de violencia y la polarización política.', 'source': 'The Guardian', 'date': '2025-02-10', 'categoria': 'politica_gobierno'}, {'title': 'Repunte de la izquierda empuja la elección hacia segunda vuelta', 'text': 'Medios internacionales siguieron el proceso ecuatoriano, subrayando violencia, economía y gobernabilidad como ejes del debate.', 'source': 'Le Monde', 'date': '2025-02-10', 'categoria': 'politica_gobierno'}, {'title': 'Noboa y González disputarán balotaje tras primera vuelta ajustada', 'text': 'Reuters reportó el estrecho margen en la primera vuelta y la repetición del duelo electoral, con tensiones y debate sobre seguridad y gobernabilidad.', 'source': 'Reuters', 'date': '2025-02-10', 'categoria': 'politica_gobierno'}, {'title': 'Lluvias intensas entre el 11 y 17 de febrero de 2025 en Ecuador según Inamhi', 'text': 'El Inamhi alertó por lluvias intensas y tormentas del 11 al 17 de febrero de 2025 en Costa, Sierra y Amazonía. Se esperan afectaciones por inundaciones, deslizamientos y emergencias en vías, con recomendaciones para GAD y población en zonas vulnerables durante el invierno.', 'source': 'El Universo', 'date': '2025-02-12', 'categoria': 'medio_ambiente'}, {'title': 'Análisis sobre elección y efectos para la Amazonía ecuatoriana', 'text': 'Organizaciones siguieron el proceso electoral y el debate sobre gobernanza, seguridad y políticas con impacto ambiental en la Amazonía.', 'source': 'Amazon Watch', 'date': '2025-02-13', 'categoria': 'medio_ambiente'}, {'title': 'Noticiero 24 Horas: emisión central del 13 de febrero', 'text': 'Resumen de noticias del día con énfasis en coyuntura política, seguridad y servicios.', 'source': 'Teleamazonas', 'date': '2025-02-13', 'categoria': 'politica_gobierno'}, {'title': 'Noticiero 24 Horas: emisión central del 14 de febrero', 'text': 'Cobertura nacional de acontecimientos, incluyendo seguridad, economía y novedades institucionales.', 'source': 'Teleamazonas', 'date': '2025-02-14', 'categoria': 'politica_gobierno'}, {'title': 'Análisis local del escenario político y económico tras la primera vuelta', 'text': 'Medios locales analizaron expectativas económicas y efectos sociales tras la primera vuelta electoral, con atención en seguridad.', 'source': 'Primicias', 'date': '2025-02-14', 'categoria': 'riesgo_pais_calidad_vida'}, {'title': 'Operativo deja toneladas de droga incautadas y detenidos', 'text': 'Un operativo policial reportó incautación de varias toneladas de droga y detenciones vinculadas a bandas criminales.', 'source': 'El Oriente', 'date': '2025-02-14', 'categoria': 'seguridad_crimen'}]","[{'title': 'Ecuador tras pacto largo con EE.UU.', 'text': 'El Gobierno ecuatoriano analizó la continuidad de acuerdos comerciales con Estados Unidos en un contexto de crisis financiera internacional, evaluando impactos para exportaciones y relaciones bilaterales.', 'source': 'El Universo', 'date': '2008-10-01', 'categoria': 'economia_finanzas'}, {'title': 'Popular Correa embraces traditional, modern Ecuador', 'text': ' Perfil político de Rafael Correa tras la aprobación de la nueva Constitución, contrastando posturas sociales tradicionales con reformas institucionales, y describiendo el contexto de consolidación del proyecto político del oficialismo.', 'source': 'Reuters', 'date': '2008-10-01', 'categoria': 'politica_gobierno'}, {'title': 'Asalto armado a bus urbano dejó heridos en Quito', 'text': 'Un asalto armado a un bus de transporte urbano dejó pasajeros heridos en el sur de Quito, generando operativos policiales.', 'source': 'El Universo', 'date': '2008-10-02', 'categoria': 'seguridad_crimen'}, {'title': 'Ecuador rethinks oil strategy', 'text': ' Análisis sobre el replanteamiento de la estrategia petrolera ecuatoriana, con mayor regulación y escrutinio a inversionistas, y el peso del petróleo en ingresos fiscales y exportaciones en medio de volatilidad de precios.', 'source': 'UPI', 'date': '2008-10-03', 'categoria': 'economia_finanzas'}, {'title': 'Policía investiga secuestro en Los Ríos', 'text': 'Autoridades investigan el secuestro de un comerciante en la provincia de Los Ríos, reforzando controles de seguridad.', 'source': 'El Universo', 'date': '2008-10-06', 'categoria': 'seguridad_crimen'}, {'title': 'Economía Ecuador crece un 2,4 pct en 2do trim 2008:Banco Central', 'text': ' El Banco Central reportó crecimiento interanual del 2,4% en el segundo trimestre de 2008, impulsado por construcción. Se contextualiza el desempeño macroeconómico ante señales de desaceleración global.', 'source': 'Reuters', 'date': '2008-10-09', 'categoria': 'economia_finanzas'}, {'title': 'Ecuador ratifica la salida de Odebrecht', 'text': 'El Gobierno ecuatoriano confirmó la expulsión definitiva de Odebrecht tras disputas por contratos de infraestructura, con impacto político y diplomático.', 'source': 'El Universo', 'date': '2008-10-09', 'categoria': 'politica_gobierno'}, {'title': 'Lluvias provocan deslizamientos en la provincia de Loja', 'text': 'Fuertes lluvias causaron deslizamientos de tierra en zonas rurales de Loja, afectando vías y comunidades.', 'source': 'El Universo', 'date': '2008-10-10', 'categoria': 'medio_ambiente'}]"
155,21,2025-02-13,2008-10-20,0.9351044406886376,8,0.605320394039154,ok,"economia_finanzas, medio_ambiente, politica_gobierno, riesgo_pais_calidad_vida, seguridad_crimen","economia_finanzas, politica_gobierno, riesgo_pais_calidad_vida",11,3,"[{'title': 'Riesgo país de Ecuador se dispara 259 puntos tras resultados electorales del 9 de febrero', 'text': 'El riesgo país subió a 1.162 puntos el 10 de febrero de 2025 tras los primeros resultados de elecciones presidenciales. La incertidumbre política elevó spreads en bonos y costos de financiamiento, con análisis de impacto en mercados y perspectivas de estabilidad post-votación.', 'source': 'Primicias', 'date': '2025-02-10', 'categoria': 'economia_finanzas'}, {'title': 'Elección presidencial va a segunda vuelta en un escenario dominado por seguridad', 'text': 'El proceso electoral se encaminó a balotaje tras resultados ajustados entre Daniel Noboa y Luisa González, con la seguridad como tema central.', 'source': 'Al Jazeera', 'date': '2025-02-10', 'categoria': 'politica_gobierno'}, {'title': 'La elección se encamina a balotaje tras ‘empate estadístico’', 'text': 'Cobertura internacional destacó el resultado estrecho, el contexto de violencia y la polarización política.', 'source': 'The Guardian', 'date': '2025-02-10', 'categoria': 'politica_gobierno'}, {'title': 'Repunte de la izquierda empuja la elección hacia segunda vuelta', 'text': 'Medios internacionales siguieron el proceso ecuatoriano, subrayando violencia, economía y gobernabilidad como ejes del debate.', 'source': 'Le Monde', 'date': '2025-02-10', 'categoria': 'politica_gobierno'}, {'title': 'Noboa y González disputarán balotaje tras primera vuelta ajustada', 'text': 'Reuters reportó el estrecho margen en la primera vuelta y la repetición del duelo electoral, con tensiones y debate sobre seguridad y gobernabilidad.', 'source': 'Reuters', 'date': '2025-02-10', 'categoria': 'politica_gobierno'}, {'title': 'Lluvias intensas entre el 11 y 17 de febrero de 2025 en Ecuador según Inamhi', 'text': 'El Inamhi alertó por lluvias intensas y tormentas del 11 al 17 de febrero de 2025 en Costa, Sierra y Amazonía. Se esperan afectaciones por inundaciones, deslizamientos y emergencias en vías, con recomendaciones para GAD y población en zonas vulnerables durante el invierno.', 'source': 'El Universo', 'date': '2025-02-12', 'categoria': 'medio_ambiente'}, {'title': 'Análisis sobre elección y efectos para la Amazonía ecuatoriana', 'text': 'Organizaciones siguieron el proceso electoral y el debate sobre gobernanza, seguridad y políticas con impacto ambiental en la Amazonía.', 'source': 'Amazon Watch', 'date': '2025-02-13', 'categoria': 'medio_ambiente'}, {'title': 'Noticiero 24 Horas: emisión central del 13 de febrero', 'text': 'Resumen de noticias del día con énfasis en coyuntura política, seguridad y servicios.', 'source': 'Teleamazonas', 'date': '2025-02-13', 'categoria': 'politica_gobierno'}, {'title': 'Noticiero 24 Horas: emisión central del 14 de febrero', 'text': 'Cobertura nacional de acontecimientos, incluyendo seguridad, economía y novedades institucionales.', 'source': 'Teleamazonas', 'date': '2025-02-14', 'categoria': 'politica_gobierno'}, {'title': 'Análisis local del escenario político y económico tras la primera vuelta', 'text': 'Medios locales analizaron expectativas económicas y efectos sociales tras la primera vuelta electoral, con atención en seguridad.', 'source': 'Primicias', 'date': '2025-02-14', 'categoria': 'riesgo_pais_calidad_vida'}, {'title': 'Operativo deja toneladas de droga incautadas y detenidos', 'text': 'Un operativo policial reportó incautación de varias toneladas de droga y detenciones vinculadas a bandas criminales.', 'source': 'El Oriente', 'date': '2025-02-14', 'categoria': 'seguridad_crimen'}]","[{'title': 'Suspenden clases en Manabí por daños en infraestructura', 'text': 'El Ministerio de Educación suspendió clases en varios cantones de Manabí tras daños en infraestructura escolar.', 'source': 'El Universo', 'date': '2008-10-15', 'categoria': 'riesgo_pais_calidad_vida'}, {'title': '150th (Extraordinary) Meeting of the OPEC Conference (Production adjustments)', 'text': ' Comunicado oficial de OPEP sobre recortes de producción acordados en octubre de 2008 para estabilizar el mercado ante caída de precios. Incluye ajustes por país, relevante para contextos de shocks petroleros.', 'source': 'OPEC (Press Release)', 'date': '2008-10-24', 'categoria': 'economia_finanzas'}, {'title': 'Oficialismo Ecuador controla comisión legislativa en congreso de transición', 'text': ' Reporte sobre la integración del congreso/órgano legislativo de transición tras la nueva Constitución, destacando la mayoría del movimiento oficialista y el impacto sobre el equilibrio de poderes.', 'source': 'Reuters', 'date': '2008-10-25', 'categoria': 'politica_gobierno'}]"
155,83,2025-02-13,2020-02-04,0.9345181674527512,9,0.40533411502838135,ok,"economia_finanzas, medio_ambiente, politica_gobierno, riesgo_pais_calidad_vida, seguridad_crimen","medio_ambiente, riesgo_pais_calidad_vida, seguridad_crimen",11,7,"[{'title': 'Riesgo país de Ecuador se dispara 259 puntos tras resultados electorales del 9 de febrero', 'text': 'El riesgo país subió a 1.162 puntos el 10 de febrero de 2025 tras los primeros resultados de elecciones presidenciales. La incertidumbre política elevó spreads en bonos y costos de financiamiento, con análisis de impacto en mercados y perspectivas de estabilidad post-votación.', 'source': 'Primicias', 'date': '2025-02-10', 'categoria': 'economia_finanzas'}, {'title': 'Elección presidencial va a segunda vuelta en un escenario dominado por seguridad', 'text': 'El proceso electoral se encaminó a balotaje tras resultados ajustados entre Daniel Noboa y Luisa González, con la seguridad como tema central.', 'source': 'Al Jazeera', 'date': '2025-02-10', 'categoria': 'politica_gobierno'}, {'title': 'La elección se encamina a balotaje tras ‘empate estadístico’', 'text': 'Cobertura internacional destacó el resultado estrecho, el contexto de violencia y la polarización política.', 'source': 'The Guardian', 'date': '2025-02-10', 'categoria': 'politica_gobierno'}, {'title': 'Repunte de la izquierda empuja la elección hacia segunda vuelta', 'text': 'Medios internacionales siguieron el proceso ecuatoriano, subrayando violencia, economía y gobernabilidad como ejes del debate.', 'source': 'Le Monde', 'date': '2025-02-10', 'categoria': 'politica_gobierno'}, {'title': 'Noboa y González disputarán balotaje tras primera vuelta ajustada', 'text': 'Reuters reportó el estrecho margen en la primera vuelta y la repetición del duelo electoral, con tensiones y debate sobre seguridad y gobernabilidad.', 'source': 'Reuters', 'date': '2025-02-10', 'categoria': 'politica_gobierno'}, {'title': 'Lluvias intensas entre el 11 y 17 de febrero de 2025 en Ecuador según Inamhi', 'text': 'El Inamhi alertó por lluvias intensas y tormentas del 11 al 17 de febrero de 2025 en Costa, Sierra y Amazonía. Se esperan afectaciones por inundaciones, deslizamientos y emergencias en vías, con recomendaciones para GAD y población en zonas vulnerables durante el invierno.', 'source': 'El Universo', 'date': '2025-02-12', 'categoria': 'medio_ambiente'}, {'title': 'Análisis sobre elección y efectos para la Amazonía ecuatoriana', 'text': 'Organizaciones siguieron el proceso electoral y el debate sobre gobernanza, seguridad y políticas con impacto ambiental en la Amazonía.', 'source': 'Amazon Watch', 'date': '2025-02-13', 'categoria': 'medio_ambiente'}, {'title': 'Noticiero 24 Horas: emisión central del 13 de febrero', 'text': 'Resumen de noticias del día con énfasis en coyuntura política, seguridad y servicios.', 'source': 'Teleamazonas', 'date': '2025-02-13', 'categoria': 'politica_gobierno'}, {'title': 'Noticiero 24 Horas: emisión central del 14 de febrero', 'text': 'Cobertura nacional de acontecimientos, incluyendo seguridad, economía y novedades institucionales.', 'source': 'Teleamazonas', 'date': '2025-02-14', 'categoria': 'politica_gobierno'}, {'title': 'Análisis local del escenario político y económico tras la primera vuelta', 'text': 'Medios locales analizaron expectativas económicas y efectos sociales tras la primera vuelta electoral, con atención en seguridad.', 'source': 'Primicias', 'date': '2025-02-14', 'categoria': 'riesgo_pais_calidad_vida'}, {'title': 'Operativo deja toneladas de droga incautadas y detenidos', 'text': 'Un operativo policial reportó incautación de varias toneladas de droga y detenciones vinculadas a bandas criminales.', 'source': 'El Oriente', 'date': '2025-02-14', 'categoria': 'seguridad_crimen'}]","[{'title': 'Ecuador activa protocolos por coronavirus', 'text': 'El Ministerio de Salud activó protocolos de vigilancia ante la expansión internacional del coronavirus.', 'source': 'El Universo', 'date': '2020-02-04', 'categoria': 'riesgo_pais_calidad_vida'}, {'title': 'Control migratorio se intensifica en frontera febrero 2020', 'text': 'Gobierno anuncia mayor control migratorio en frontera norte febrero 2020 tras casos de inseguridad. Contexto de migración venezolana y operativos en Rumichaca.', 'source': 'El Universo', 'date': '2020-02-04', 'categoria': 'seguridad_crimen'}, {'title': 'Gobierno anuncia control a migrantes tras crimen febrero 2020', 'text': 'Gobierno anuncia control migratorio tras crimen en frontera febrero 2020. Detenciones de extranjeros implicados; contexto de migración venezolana y seguridad en Rumichaca.', 'source': 'El Universo', 'date': '2020-02-04', 'categoria': 'seguridad_crimen'}, {'title': 'Refuerzan controles sanitarios en aeropuertos', 'text': 'Se intensificaron controles a pasajeros internacionales como medida preventiva frente al COVID-19.', 'source': 'El Comercio', 'date': '2020-02-05', 'categoria': 'riesgo_pais_calidad_vida'}, {'title': 'Paciente chino sospechoso de coronavirus muere en Quito febrero 2020', 'text': 'Paciente chino sospechoso de coronavirus muere en Quito febrero 2020 tras 12 días internado. Autoridades investigan; primer alerta COVID-19 en Ecuador antes de caso confirmado.', 'source': 'El Universo', 'date': '2020-02-07', 'categoria': 'medio_ambiente'}, {'title': 'Ecuador descarta casos confirmados de coronavirus', 'text': 'El Ministerio de Salud informó que no se registraban casos confirmados de COVID-19 en el país hasta esa fecha.', 'source': 'El Comercio', 'date': '2020-02-07', 'categoria': 'riesgo_pais_calidad_vida'}, {'title': 'Autoridades llaman a mantener medidas preventivas de salud', 'text': 'Las autoridades reiteraron recomendaciones de higiene y vigilancia sanitaria ante alertas internacionales.', 'source': 'El Universo', 'date': '2020-02-07', 'categoria': 'riesgo_pais_calidad_vida'}]"
155,84,2025-02-13,2020-02-07,0.9299415833394092,10,0.40533411502838135,ok,"economia_finanzas, medio_ambiente, politica_gobierno, riesgo_pais_calidad_vida, seguridad_crimen","medio_ambiente, riesgo_pais_calidad_vida, seguridad_crimen",11,7,"[{'title': 'Riesgo país de Ecuador se dispara 259 puntos tras resultados electorales del 9 de febrero', 'text': 'El riesgo país subió a 1.162 puntos el 10 de febrero de 2025 tras los primeros resultados de elecciones presidenciales. La incertidumbre política elevó spreads en bonos y costos de financiamiento, con análisis de impacto en mercados y perspectivas de estabilidad post-votación.', 'source': 'Primicias', 'date': '2025-02-10', 'categoria': 'economia_finanzas'}, {'title': 'Elección presidencial va a segunda vuelta en un escenario dominado por seguridad', 'text': 'El proceso electoral se encaminó a balotaje tras resultados ajustados entre Daniel Noboa y Luisa González, con la seguridad como tema central.', 'source': 'Al Jazeera', 'date': '2025-02-10', 'categoria': 'politica_gobierno'}, {'title': 'La elección se encamina a balotaje tras ‘empate estadístico’', 'text': 'Cobertura internacional destacó el resultado estrecho, el contexto de violencia y la polarización política.', 'source': 'The Guardian', 'date': '2025-02-10', 'categoria': 'politica_gobierno'}, {'title': 'Repunte de la izquierda empuja la elección hacia segunda vuelta', 'text': 'Medios internacionales siguieron el proceso ecuatoriano, subrayando violencia, economía y gobernabilidad como ejes del debate.', 'source': 'Le Monde', 'date': '2025-02-10', 'categoria': 'politica_gobierno'}, {'title': 'Noboa y González disputarán balotaje tras primera vuelta ajustada', 'text': 'Reuters reportó el estrecho margen en la primera vuelta y la repetición del duelo electoral, con tensiones y debate sobre seguridad y gobernabilidad.', 'source': 'Reuters', 'date': '2025-02-10', 'categoria': 'politica_gobierno'}, {'title': 'Lluvias intensas entre el 11 y 17 de febrero de 2025 en Ecuador según Inamhi', 'text': 'El Inamhi alertó por lluvias intensas y tormentas del 11 al 17 de febrero de 2025 en Costa, Sierra y Amazonía. Se esperan afectaciones por inundaciones, deslizamientos y emergencias en vías, con recomendaciones para GAD y población en zonas vulnerables durante el invierno.', 'source': 'El Universo', 'date': '2025-02-12', 'categoria': 'medio_ambiente'}, {'title': 'Análisis sobre elección y efectos para la Amazonía ecuatoriana', 'text': 'Organizaciones siguieron el proceso electoral y el debate sobre gobernanza, seguridad y políticas con impacto ambiental en la Amazonía.', 'source': 'Amazon Watch', 'date': '2025-02-13', 'categoria': 'medio_ambiente'}, {'title': 'Noticiero 24 Horas: emisión central del 13 de febrero', 'text': 'Resumen de noticias del día con énfasis en coyuntura política, seguridad y servicios.', 'source': 'Teleamazonas', 'date': '2025-02-13', 'categoria': 'politica_gobierno'}, {'title': 'Noticiero 24 Horas: emisión central del 14 de febrero', 'text': 'Cobertura nacional de acontecimientos, incluyendo seguridad, economía y novedades institucionales.', 'source': 'Teleamazonas', 'date': '2025-02-14', 'categoria': 'politica_gobierno'}, {'title': 'Análisis local del escenario político y económico tras la primera vuelta', 'text': 'Medios locales analizaron expectativas económicas y efectos sociales tras la primera vuelta electoral, con atención en seguridad.', 'source': 'Primicias', 'date': '2025-02-14', 'categoria': 'riesgo_pais_calidad_vida'}, {'title': 'Operativo deja toneladas de droga incautadas y detenidos', 'text': 'Un operativo policial reportó incautación de varias toneladas de droga y detenciones vinculadas a bandas criminales.', 'source': 'El Oriente', 'date': '2025-02-14', 'categoria': 'seguridad_crimen'}]","[{'title': 'Ecuador activa protocolos por coronavirus', 'text': 'El Ministerio de Salud activó protocolos de vigilancia ante la expansión internacional del coronavirus.', 'source': 'El Universo', 'date': '2020-02-04', 'categoria': 'riesgo_pais_calidad_vida'}, {'title': 'Control migratorio se intensifica en frontera febrero 2020', 'text': 'Gobierno anuncia mayor control migratorio en frontera norte febrero 2020 tras casos de inseguridad. Contexto de migración venezolana y operativos en Rumichaca.', 'source': 'El Universo', 'date': '2020-02-04', 'categoria': 'seguridad_crimen'}, {'title': 'Gobierno anuncia control a migrantes tras crimen febrero 2020', 'text': 'Gobierno anuncia control migratorio tras crimen en frontera febrero 2020. Detenciones de extranjeros implicados; contexto de migración venezolana y seguridad en Rumichaca.', 'source': 'El Universo', 'date': '2020-02-04', 'categoria': 'seguridad_crimen'}, {'title': 'Refuerzan controles sanitarios en aeropuertos', 'text': 'Se intensificaron controles a pasajeros internacionales como medida preventiva frente al COVID-19.', 'source': 'El Comercio', 'date': '2020-02-05', 'categoria': 'riesgo_pais_calidad_vida'}, {'title': 'Paciente chino sospechoso de coronavirus muere en Quito febrero 2020', 'text': 'Paciente chino sospechoso de coronavirus muere en Quito febrero 2020 tras 12 días internado. Autoridades investigan; primer alerta COVID-19 en Ecuador antes de caso confirmado.', 'source': 'El Universo', 'date': '2020-02-07', 'categoria': 'medio_ambiente'}, {'title': 'Ecuador descarta casos confirmados de coronavirus', 'text': 'El Ministerio de Salud informó que no se registraban casos confirmados de COVID-19 en el país hasta esa fecha.', 'source': 'El Comercio', 'date': '2020-02-07', 'categoria': 'riesgo_pais_calidad_vida'}, {'title': 'Autoridades llaman a mantener medidas preventivas de salud', 'text': 'Las autoridades reiteraron recomendaciones de higiene y vigilancia sanitaria ante alertas internacionales.', 'source': 'El Universo', 'date': '2020-02-07', 'categoria': 'riesgo_pais_calidad_vida'}]"
156,131,2025-03-06,2023-03-15,0.9557087465949424,1,0.6007962822914124,ok,"economia_finanzas, medio_ambiente, politica_gobierno, riesgo_pais_calidad_vida, seguridad_crimen, servicios_basicos","economia_finanzas, politica_gobierno, riesgo_pais_calidad_vida, seguridad_crimen",20,12,"[{'title': '¿Cuántos feriados hay en marzo de 2025 en Ecuador?', 'text': 'Ecuador disfrutará este 3 y 4 de marzo del único feriado previsto para el tercer mes del año; corresponde a las fiestas por Carnaval. Se detallan traslados y otros asuetos del año.', 'source': 'El Comercio', 'date': '2025-03-02', 'categoria': 'politica_gobierno'}, {'title': 'Televistazo 1PM | 3-6-2025', 'text': 'Entérese de las noticias de Ecuador y el mundo a través de su informativo Televistazo 1PM del 3 de marzo de 2025. Cubre temas de agenda gubernamental de Daniel Noboa, impactos iniciales del invierno y actualizaciones económicas.', 'source': 'Ecuavisa', 'date': '2025-03-03', 'categoria': 'politica_gobierno'}, {'title': 'Fuertes lluvias en Quito: El pronóstico del clima para este jueves 6 de marzo del 2025', 'text': 'En los últimos días, Quito ha registrado precipitaciones de variable intensidad. Esta situación ya estaba contemplada en la alerta meteorológica 13 del Inamhi para el 6 de marzo de 2025, con posibles fuertes lluvias y tormentas en la capital y alrededores, riesgo de inundaciones y deslizamientos.', 'source': 'El Universo', 'date': '2025-03-05', 'categoria': 'medio_ambiente'}, {'title': 'Lluvias dejan 16 fallecidos en Ecuador desde enero hasta 5 de marzo de 2025', 'text': 'La Secretaría de Gestión de Riesgos reportó 16 fallecidos por lluvias desde el 1 de enero hasta el 5 de marzo de 2025. Las provincias más afectadas incluyen Guayas y Manabí con inundaciones y deslizamientos; se detallan damnificados, viviendas destruidas y coordinación de respuesta nacional.', 'source': 'El Comercio', 'date': '2025-03-05', 'categoria': 'medio_ambiente'}, {'title': 'Noboa exige pago de prima por operación del campo Sacha', 'text': 'Se reportó la exigencia de un pago relacionado con la operación futura del campo Sacha, uno de los más productivos del país.', 'source': 'El Oriente', 'date': '2025-03-06', 'categoria': 'economia_finanzas'}, {'title': 'No solo se trata de monigotes: la histórica calle 6 de Marzo es una arteria comercial que generó $136,9 millones en ventas en 2025', 'text': 'La calle 6 de Marzo, ubicada en el centro de Guayaquil, no solo concentra un incesante movimiento comercial; también conmemora la fecha que redefinió el destino del Ecuador. La Cámara de Comercio de Guayaquil (CCG), presidida por Miguel Ángel González, estima que en el último año generó un movimiento aproximado de $136,9 millones, equivalente al 1,22 % de las ventas totales de la ciudad. Esta arteria es clave en el comercio informal y formal, con ventas impulsadas por fechas como Carnaval y actividades cotidianas. El informe destaca su importancia histórica y económica, más allá de las tradiciones de monigotes y quema de años viejos.', 'source': 'El Universo', 'date': '2025-03-06', 'categoria': 'economia_finanzas'}, {'title': 'Fuertes lluvias en Cuenca: El pronóstico del clima para este jueves 6 de marzo del 2025', 'text': 'En los últimos días, Cuenca ha registrado precipitaciones de variable intensidad. Esta situación ya estaba contemplada en la alerta meteorológica 13 para el 6 de marzo de 2025, con posibles fuertes lluvias y riesgos asociados en la Sierra sur.', 'source': 'El Universo', 'date': '2025-03-06', 'categoria': 'medio_ambiente'}, {'title': 'Fuertes lluvias en Guayaquil: El pronóstico del clima para este jueves 6 de marzo del 2025', 'text': 'En los últimos días, Guayaquil ha registrado intensas precipitaciones que han ocasionado inundaciones y afectaciones en varios sectores. El pronóstico para el 6 de marzo de 2025 incluye continuación de lluvias fuertes, en alerta meteorológica nacional.', 'source': 'El Universo', 'date': '2025-03-06', 'categoria': 'medio_ambiente'}, {'title': 'Fuertes lluvias y tormentas eléctricas en Ecuador: El pronóstico del clima para este jueves 6 de marzo del 2025', 'text': 'El Instituto Nacional de Meteorología e Hidrología (Inamhi) emitió su alerta meteorológica para este 6 de marzo de 2025, con fuertes lluvias y tormentas eléctricas en varias regiones del país. Se esperan precipitaciones intensas en la Costa (incluyendo Guayaquil con inundaciones previas), Sierra y Amazonía, con posibles deslizamientos y afectaciones en vías. El pronóstico incluye temperaturas estables pero alto riesgo de emergencias por invierno, en contexto de múltiples alertas climáticas durante el año.', 'source': 'El Universo', 'date': '2025-03-06', 'categoria': 'medio_ambiente'}, {'title': '¿Qué se conmemora este 6 de marzo?', 'text': 'Cada 6 de marzo se conmemora una efeméride y el aniversario de varios hechos históricos. Este día se celebra el Día Internacional del Escultor y se recuerda eventos clave en la historia ecuatoriana y mundial. La nota detalla aniversarios relevantes, incluyendo aspectos culturales y conmemorativos, en un contexto de efemérides nacionales como la importancia de la fecha en Guayaquil y el comercio asociado a tradiciones como la quema de monigotes.', 'source': 'El Universo', 'date': '2025-03-06', 'categoria': 'politica_gobierno'}, {'title': 'Ecuador y Canadá concretan acuerdo comercial', 'text': 'Se reportó el cierre de negociaciones de un acuerdo comercial con Canadá, en un contexto de agenda económica y seguridad.', 'source': 'Reuters', 'date': '2025-03-06', 'categoria': 'politica_gobierno'}, {'title': 'Noticiero 24 Horas: emisión matinal del 6 de marzo', 'text': 'Resumen de noticias nacionales del día, incluyendo decisiones políticas, seguridad y economía.', 'source': 'Teleamazonas', 'date': '2025-03-06', 'categoria': 'politica_gobierno'}, {'title': 'Televistazo 1PM | 6-3-2025', 'text': 'Entérese de las noticias de Ecuador y el mundo a través de su informativo Televistazo 1PM del 6 de marzo de 2025. El noticiero cubre temas locales como impactos de lluvias en regiones, agenda del gobierno de Daniel Noboa en seguridad y economía, así como internacionales (conflicto en Medio Oriente, aranceles regionales y otros). Incluye segmentos relacionados con invierno en Ecuador, operaciones policiales y actualizaciones diarias.', 'source': 'Ecuavisa', 'date': '2025-03-06', 'categoria': 'seguridad_crimen'}, {'title': 'Televistazo en la Comunidad Guayaquil | 06-03-2025', 'text': 'Televistazo en la Comunidad Guayaquil del 6 de marzo de 2025 cubre noticias locales destacadas: Moisés Caicedo se despidió de Enzo Maresca en el fútbol internacional, y un sismo de 6,5 grados se registró el viernes previo. Incluye segmentos comunitarios sobre Guayaquil, agenda de seguridad, clima y eventos cotidianos en la ciudad, con enfoque en impactos regionales.', 'source': 'Ecuavisa', 'date': '2025-03-06', 'categoria': 'seguridad_crimen'}, {'title': 'Noboa busca mandato completo con agenda de seguridad y retos energéticos', 'text': 'Cobertura internacional destacó la campaña con énfasis en crimen organizado, medidas de seguridad y retos energéticos.', 'source': 'Reuters', 'date': '2025-03-06', 'categoria': 'seguridad_crimen'}, {'title': 'Debate regional por racionamientos y vulnerabilidad del sistema eléctrico', 'text': 'Persistió la discusión sobre la vulnerabilidad del sistema eléctrico frente a sequías y demanda, así como medidas operativas.', 'source': 'Associated Press', 'date': '2025-03-06', 'categoria': 'servicios_basicos'}, {'title': 'Noboa: Ecuador no recibirá migrantes deportados de otras nacionalidades', 'text': 'El presidente Daniel Noboa señaló que Ecuador no aceptará migrantes deportados de terceros países; el pronunciamiento se dio en el contexto regional sobre retornos y tensiones diplomáticas.', 'source': 'Reuters', 'date': '2025-03-09', 'categoria': 'politica_gobierno'}, {'title': 'Coyuntura nacional: seguridad, economía y gestión pública marcan agenda', 'text': 'Coberturas locales destacaron la evolución de indicadores económicos y el impacto de decisiones públicas en hogares y sectores productivos.', 'source': 'El Comercio', 'date': '2025-03-10', 'categoria': 'economia_finanzas'}, {'title': 'Ecuador reitera que no recibirá migrantes extranjeros deportados', 'text': 'Medios locales retomaron el anuncio del Ejecutivo y sus implicaciones para política migratoria, gestión fronteriza y coordinación con países de la región.', 'source': 'El Oriente', 'date': '2025-03-10', 'categoria': 'politica_gobierno'}, {'title': 'Noticiero 24 Horas: resumen nacional del 10 de marzo', 'text': 'El informativo recopiló hechos del día vinculados a seguridad, gestión pública y temas sociales que afectaron actividades y servicios en distintas provincias.', 'source': 'Teleamazonas', 'date': '2025-03-10', 'categoria': 'riesgo_pais_calidad_vida'}]","[{'title': 'Gobierno anuncia medidas y decisiones de gestión pública', 'text': 'Autoridades comunicaron decisiones de política pública y administración del Estado, con efectos en la agenda nacional y local.', 'source': 'El Universo', 'date': '2023-03-13', 'categoria': 'politica_gobierno'}, {'title': 'Operativos de seguridad y denuncias de delitos en varias provincias', 'text': 'La Policía y otras instituciones reportaron operativos, detenciones o investigaciones vinculadas a delitos comunes y control territorial.', 'source': 'El Comercio', 'date': '2023-03-14', 'categoria': 'seguridad_crimen'}, {'title': 'Indicadores económicos muestran presiones y ajustes en el país', 'text': 'Sectores productivos y autoridades revisaron empleo, precios, finanzas públicas y actividad económica, con énfasis en impactos en hogares y empresas.', 'source': 'Primicias', 'date': '2023-03-15', 'categoria': 'economia_finanzas'}, {'title': 'Juicio político a Lasso inicia formalmente en Asamblea el 15 de marzo 2023', 'text': 'La Comisión de Fiscalización de la Asamblea inicia formalmente el juicio político contra Guillermo Lasso por presunto incumplimiento de funciones en seguridad y corrupción. Oposición presenta pruebas; oficialismo denuncia persecución política. Se destacan tensiones institucionales y riesgo de inestabilidad.', 'source': 'El Universo', 'date': '2023-03-15', 'categoria': 'politica_gobierno'}, {'title': 'Operativos de seguridad y denuncias de delitos en varias provincias', 'text': 'La Policía y otras instituciones reportaron operativos, detenciones o investigaciones vinculadas a delitos comunes y control territorial.', 'source': 'El Universo', 'date': '2023-03-15', 'categoria': 'seguridad_crimen'}, {'title': 'Situación social impacta calidad de vida y servicios', 'text': 'Se reportaron efectos en empleo, servicios, movilidad o acceso a bienes, con medidas de mitigación y demandas ciudadanas.', 'source': 'Expreso', 'date': '2023-03-16', 'categoria': 'riesgo_pais_calidad_vida'}, {'title': 'Autoridades reportan decomisos y acciones contra narcotráfico', 'text': 'Fuerzas de seguridad informaron decomisos, capturas o investigaciones contra redes de microtráfico y narcotráfico con impacto en puertos y rutas.', 'source': 'El Comercio', 'date': '2023-03-16', 'categoria': 'seguridad_crimen'}, {'title': 'Riesgo país de Ecuador sube por juicio político a Lasso en marzo 2023', 'text': 'El riesgo país de Ecuador aumenta en marzo 2023 por incertidumbre del juicio político a Lasso. Spreads en bonos soberanos suben; análisis proyecta impacto en costos de deuda y percepción de inversionistas ante posible destitución o muerte cruzada.', 'source': 'Primicias', 'date': '2023-03-17', 'categoria': 'economia_finanzas'}, {'title': 'Ecuador mantiene agenda y gestiones en el ámbito internacional', 'text': 'Autoridades informaron contactos y gestiones internacionales relacionadas con cooperación, financiamiento o asuntos regionales.', 'source': 'Teleamazonas', 'date': '2023-03-17', 'categoria': 'politica_gobierno'}, {'title': 'Gobierno anuncia medidas y decisiones de gestión pública', 'text': 'Autoridades comunicaron decisiones de política pública y administración del Estado, con efectos en la agenda nacional y local.', 'source': 'Primicias', 'date': '2023-03-17', 'categoria': 'politica_gobierno'}, {'title': 'Indicadores económicos muestran presiones y ajustes en el país', 'text': 'Sectores productivos y autoridades revisaron empleo, precios, finanzas públicas y actividad económica, con énfasis en impactos en hogares y empresas.', 'source': 'Expreso', 'date': '2023-03-18', 'categoria': 'economia_finanzas'}, {'title': 'Situación social impacta calidad de vida y servicios', 'text': 'Se reportaron efectos en empleo, servicios, movilidad o acceso a bienes, con medidas de mitigación y demandas ciudadanas.', 'source': 'Teleamazonas', 'date': '2023-03-19', 'categoria': 'riesgo_pais_calidad_vida'}]"
156,132,2025-03-06,2023-03-17,0.9393561506162816,2,0.6208955645561218,ok,"economia_finanzas, medio_ambiente, politica_gobierno, riesgo_pais_calidad_vida, seguridad_crimen, servicios_basicos","economia_finanzas, politica_gobierno, riesgo_pais_calidad_vida, seguridad_crimen",20,15,"[{'title': '¿Cuántos feriados hay en marzo de 2025 en Ecuador?', 'text': 'Ecuador disfrutará este 3 y 4 de marzo del único feriado previsto para el tercer mes del año; corresponde a las fiestas por Carnaval. Se detallan traslados y otros asuetos del año.', 'source': 'El Comercio', 'date': '2025-03-02', 'categoria': 'politica_gobierno'}, {'title': 'Televistazo 1PM | 3-6-2025', 'text': 'Entérese de las noticias de Ecuador y el mundo a través de su informativo Televistazo 1PM del 3 de marzo de 2025. Cubre temas de agenda gubernamental de Daniel Noboa, impactos iniciales del invierno y actualizaciones económicas.', 'source': 'Ecuavisa', 'date': '2025-03-03', 'categoria': 'politica_gobierno'}, {'title': 'Fuertes lluvias en Quito: El pronóstico del clima para este jueves 6 de marzo del 2025', 'text': 'En los últimos días, Quito ha registrado precipitaciones de variable intensidad. Esta situación ya estaba contemplada en la alerta meteorológica 13 del Inamhi para el 6 de marzo de 2025, con posibles fuertes lluvias y tormentas en la capital y alrededores, riesgo de inundaciones y deslizamientos.', 'source': 'El Universo', 'date': '2025-03-05', 'categoria': 'medio_ambiente'}, {'title': 'Lluvias dejan 16 fallecidos en Ecuador desde enero hasta 5 de marzo de 2025', 'text': 'La Secretaría de Gestión de Riesgos reportó 16 fallecidos por lluvias desde el 1 de enero hasta el 5 de marzo de 2025. Las provincias más afectadas incluyen Guayas y Manabí con inundaciones y deslizamientos; se detallan damnificados, viviendas destruidas y coordinación de respuesta nacional.', 'source': 'El Comercio', 'date': '2025-03-05', 'categoria': 'medio_ambiente'}, {'title': 'Noboa exige pago de prima por operación del campo Sacha', 'text': 'Se reportó la exigencia de un pago relacionado con la operación futura del campo Sacha, uno de los más productivos del país.', 'source': 'El Oriente', 'date': '2025-03-06', 'categoria': 'economia_finanzas'}, {'title': 'No solo se trata de monigotes: la histórica calle 6 de Marzo es una arteria comercial que generó $136,9 millones en ventas en 2025', 'text': 'La calle 6 de Marzo, ubicada en el centro de Guayaquil, no solo concentra un incesante movimiento comercial; también conmemora la fecha que redefinió el destino del Ecuador. La Cámara de Comercio de Guayaquil (CCG), presidida por Miguel Ángel González, estima que en el último año generó un movimiento aproximado de $136,9 millones, equivalente al 1,22 % de las ventas totales de la ciudad. Esta arteria es clave en el comercio informal y formal, con ventas impulsadas por fechas como Carnaval y actividades cotidianas. El informe destaca su importancia histórica y económica, más allá de las tradiciones de monigotes y quema de años viejos.', 'source': 'El Universo', 'date': '2025-03-06', 'categoria': 'economia_finanzas'}, {'title': 'Fuertes lluvias en Cuenca: El pronóstico del clima para este jueves 6 de marzo del 2025', 'text': 'En los últimos días, Cuenca ha registrado precipitaciones de variable intensidad. Esta situación ya estaba contemplada en la alerta meteorológica 13 para el 6 de marzo de 2025, con posibles fuertes lluvias y riesgos asociados en la Sierra sur.', 'source': 'El Universo', 'date': '2025-03-06', 'categoria': 'medio_ambiente'}, {'title': 'Fuertes lluvias en Guayaquil: El pronóstico del clima para este jueves 6 de marzo del 2025', 'text': 'En los últimos días, Guayaquil ha registrado intensas precipitaciones que han ocasionado inundaciones y afectaciones en varios sectores. El pronóstico para el 6 de marzo de 2025 incluye continuación de lluvias fuertes, en alerta meteorológica nacional.', 'source': 'El Universo', 'date': '2025-03-06', 'categoria': 'medio_ambiente'}, {'title': 'Fuertes lluvias y tormentas eléctricas en Ecuador: El pronóstico del clima para este jueves 6 de marzo del 2025', 'text': 'El Instituto Nacional de Meteorología e Hidrología (Inamhi) emitió su alerta meteorológica para este 6 de marzo de 2025, con fuertes lluvias y tormentas eléctricas en varias regiones del país. Se esperan precipitaciones intensas en la Costa (incluyendo Guayaquil con inundaciones previas), Sierra y Amazonía, con posibles deslizamientos y afectaciones en vías. El pronóstico incluye temperaturas estables pero alto riesgo de emergencias por invierno, en contexto de múltiples alertas climáticas durante el año.', 'source': 'El Universo', 'date': '2025-03-06', 'categoria': 'medio_ambiente'}, {'title': '¿Qué se conmemora este 6 de marzo?', 'text': 'Cada 6 de marzo se conmemora una efeméride y el aniversario de varios hechos históricos. Este día se celebra el Día Internacional del Escultor y se recuerda eventos clave en la historia ecuatoriana y mundial. La nota detalla aniversarios relevantes, incluyendo aspectos culturales y conmemorativos, en un contexto de efemérides nacionales como la importancia de la fecha en Guayaquil y el comercio asociado a tradiciones como la quema de monigotes.', 'source': 'El Universo', 'date': '2025-03-06', 'categoria': 'politica_gobierno'}, {'title': 'Ecuador y Canadá concretan acuerdo comercial', 'text': 'Se reportó el cierre de negociaciones de un acuerdo comercial con Canadá, en un contexto de agenda económica y seguridad.', 'source': 'Reuters', 'date': '2025-03-06', 'categoria': 'politica_gobierno'}, {'title': 'Noticiero 24 Horas: emisión matinal del 6 de marzo', 'text': 'Resumen de noticias nacionales del día, incluyendo decisiones políticas, seguridad y economía.', 'source': 'Teleamazonas', 'date': '2025-03-06', 'categoria': 'politica_gobierno'}, {'title': 'Televistazo 1PM | 6-3-2025', 'text': 'Entérese de las noticias de Ecuador y el mundo a través de su informativo Televistazo 1PM del 6 de marzo de 2025. El noticiero cubre temas locales como impactos de lluvias en regiones, agenda del gobierno de Daniel Noboa en seguridad y economía, así como internacionales (conflicto en Medio Oriente, aranceles regionales y otros). Incluye segmentos relacionados con invierno en Ecuador, operaciones policiales y actualizaciones diarias.', 'source': 'Ecuavisa', 'date': '2025-03-06', 'categoria': 'seguridad_crimen'}, {'title': 'Televistazo en la Comunidad Guayaquil | 06-03-2025', 'text': 'Televistazo en la Comunidad Guayaquil del 6 de marzo de 2025 cubre noticias locales destacadas: Moisés Caicedo se despidió de Enzo Maresca en el fútbol internacional, y un sismo de 6,5 grados se registró el viernes previo. Incluye segmentos comunitarios sobre Guayaquil, agenda de seguridad, clima y eventos cotidianos en la ciudad, con enfoque en impactos regionales.', 'source': 'Ecuavisa', 'date': '2025-03-06', 'categoria': 'seguridad_crimen'}, {'title': 'Noboa busca mandato completo con agenda de seguridad y retos energéticos', 'text': 'Cobertura internacional destacó la campaña con énfasis en crimen organizado, medidas de seguridad y retos energéticos.', 'source': 'Reuters', 'date': '2025-03-06', 'categoria': 'seguridad_crimen'}, {'title': 'Debate regional por racionamientos y vulnerabilidad del sistema eléctrico', 'text': 'Persistió la discusión sobre la vulnerabilidad del sistema eléctrico frente a sequías y demanda, así como medidas operativas.', 'source': 'Associated Press', 'date': '2025-03-06', 'categoria': 'servicios_basicos'}, {'title': 'Noboa: Ecuador no recibirá migrantes deportados de otras nacionalidades', 'text': 'El presidente Daniel Noboa señaló que Ecuador no aceptará migrantes deportados de terceros países; el pronunciamiento se dio en el contexto regional sobre retornos y tensiones diplomáticas.', 'source': 'Reuters', 'date': '2025-03-09', 'categoria': 'politica_gobierno'}, {'title': 'Coyuntura nacional: seguridad, economía y gestión pública marcan agenda', 'text': 'Coberturas locales destacaron la evolución de indicadores económicos y el impacto de decisiones públicas en hogares y sectores productivos.', 'source': 'El Comercio', 'date': '2025-03-10', 'categoria': 'economia_finanzas'}, {'title': 'Ecuador reitera que no recibirá migrantes extranjeros deportados', 'text': 'Medios locales retomaron el anuncio del Ejecutivo y sus implicaciones para política migratoria, gestión fronteriza y coordinación con países de la región.', 'source': 'El Oriente', 'date': '2025-03-10', 'categoria': 'politica_gobierno'}, {'title': 'Noticiero 24 Horas: resumen nacional del 10 de marzo', 'text': 'El informativo recopiló hechos del día vinculados a seguridad, gestión pública y temas sociales que afectaron actividades y servicios en distintas provincias.', 'source': 'Teleamazonas', 'date': '2025-03-10', 'categoria': 'riesgo_pais_calidad_vida'}]","[{'title': 'Gobierno anuncia medidas y decisiones de gestión pública', 'text': 'Autoridades comunicaron decisiones de política pública y administración del Estado, con efectos en la agenda nacional y local.', 'source': 'El Universo', 'date': '2023-03-13', 'categoria': 'politica_gobierno'}, {'title': 'Operativos de seguridad y denuncias de delitos en varias provincias', 'text': 'La Policía y otras instituciones reportaron operativos, detenciones o investigaciones vinculadas a delitos comunes y control territorial.', 'source': 'El Comercio', 'date': '2023-03-14', 'categoria': 'seguridad_crimen'}, {'title': 'Indicadores económicos muestran presiones y ajustes en el país', 'text': 'Sectores productivos y autoridades revisaron empleo, precios, finanzas públicas y actividad económica, con énfasis en impactos en hogares y empresas.', 'source': 'Primicias', 'date': '2023-03-15', 'categoria': 'economia_finanzas'}, {'title': 'Juicio político a Lasso inicia formalmente en Asamblea el 15 de marzo 2023', 'text': 'La Comisión de Fiscalización de la Asamblea inicia formalmente el juicio político contra Guillermo Lasso por presunto incumplimiento de funciones en seguridad y corrupción. Oposición presenta pruebas; oficialismo denuncia persecución política. Se destacan tensiones institucionales y riesgo de inestabilidad.', 'source': 'El Universo', 'date': '2023-03-15', 'categoria': 'politica_gobierno'}, {'title': 'Operativos de seguridad y denuncias de delitos en varias provincias', 'text': 'La Policía y otras instituciones reportaron operativos, detenciones o investigaciones vinculadas a delitos comunes y control territorial.', 'source': 'El Universo', 'date': '2023-03-15', 'categoria': 'seguridad_crimen'}, {'title': 'Situación social impacta calidad de vida y servicios', 'text': 'Se reportaron efectos en empleo, servicios, movilidad o acceso a bienes, con medidas de mitigación y demandas ciudadanas.', 'source': 'Expreso', 'date': '2023-03-16', 'categoria': 'riesgo_pais_calidad_vida'}, {'title': 'Autoridades reportan decomisos y acciones contra narcotráfico', 'text': 'Fuerzas de seguridad informaron decomisos, capturas o investigaciones contra redes de microtráfico y narcotráfico con impacto en puertos y rutas.', 'source': 'El Comercio', 'date': '2023-03-16', 'categoria': 'seguridad_crimen'}, {'title': 'Riesgo país de Ecuador sube por juicio político a Lasso en marzo 2023', 'text': 'El riesgo país de Ecuador aumenta en marzo 2023 por incertidumbre del juicio político a Lasso. Spreads en bonos soberanos suben; análisis proyecta impacto en costos de deuda y percepción de inversionistas ante posible destitución o muerte cruzada.', 'source': 'Primicias', 'date': '2023-03-17', 'categoria': 'economia_finanzas'}, {'title': 'Ecuador mantiene agenda y gestiones en el ámbito internacional', 'text': 'Autoridades informaron contactos y gestiones internacionales relacionadas con cooperación, financiamiento o asuntos regionales.', 'source': 'Teleamazonas', 'date': '2023-03-17', 'categoria': 'politica_gobierno'}, {'title': 'Gobierno anuncia medidas y decisiones de gestión pública', 'text': 'Autoridades comunicaron decisiones de política pública y administración del Estado, con efectos en la agenda nacional y local.', 'source': 'Primicias', 'date': '2023-03-17', 'categoria': 'politica_gobierno'}, {'title': 'Indicadores económicos muestran presiones y ajustes en el país', 'text': 'Sectores productivos y autoridades revisaron empleo, precios, finanzas públicas y actividad económica, con énfasis en impactos en hogares y empresas.', 'source': 'Expreso', 'date': '2023-03-18', 'categoria': 'economia_finanzas'}, {'title': 'Situación social impacta calidad de vida y servicios', 'text': 'Se reportaron efectos en empleo, servicios, movilidad o acceso a bienes, con medidas de mitigación y demandas ciudadanas.', 'source': 'Teleamazonas', 'date': '2023-03-19', 'categoria': 'riesgo_pais_calidad_vida'}, {'title': 'Gobierno anuncia medidas y decisiones de gestión pública', 'text': 'Autoridades comunicaron decisiones de política pública y administración del Estado, con efectos en la agenda nacional y local.', 'source': 'El Universo', 'date': '2023-03-21', 'categoria': 'politica_gobierno'}, {'title': 'Nueva masacre en cárcel de Ecuador deja 20 muertos en marzo 2023', 'text': 'Una nueva masacre en prisión ecuatoriana deja 20 reos muertos en marzo 2023, por disputas entre bandas. Autoridades investigan; se critica control interno de grupos narcotraficantes y hacinamiento, en contexto de crisis carcelaria nacional.', 'source': 'El Comercio', 'date': '2023-03-21', 'categoria': 'seguridad_crimen'}, {'title': 'Indicadores económicos muestran presiones y ajustes en el país', 'text': 'Sectores productivos y autoridades revisaron empleo, precios, finanzas públicas y actividad económica, con énfasis en impactos en hogares y empresas.', 'source': 'El Comercio', 'date': '2023-03-22', 'categoria': 'economia_finanzas'}]"
156,146,2025-03-06,2023-12-13,0.9351806232203816,3,0.6371630430221558,ok,"economia_finanzas, medio_ambiente, politica_gobierno, riesgo_pais_calidad_vida, seguridad_crimen, servicios_basicos","economia_finanzas, medio_ambiente, politica_gobierno, riesgo_pais_calidad_vida, seguridad_crimen",20,6,"[{'title': '¿Cuántos feriados hay en marzo de 2025 en Ecuador?', 'text': 'Ecuador disfrutará este 3 y 4 de marzo del único feriado previsto para el tercer mes del año; corresponde a las fiestas por Carnaval. Se detallan traslados y otros asuetos del año.', 'source': 'El Comercio', 'date': '2025-03-02', 'categoria': 'politica_gobierno'}, {'title': 'Televistazo 1PM | 3-6-2025', 'text': 'Entérese de las noticias de Ecuador y el mundo a través de su informativo Televistazo 1PM del 3 de marzo de 2025. Cubre temas de agenda gubernamental de Daniel Noboa, impactos iniciales del invierno y actualizaciones económicas.', 'source': 'Ecuavisa', 'date': '2025-03-03', 'categoria': 'politica_gobierno'}, {'title': 'Fuertes lluvias en Quito: El pronóstico del clima para este jueves 6 de marzo del 2025', 'text': 'En los últimos días, Quito ha registrado precipitaciones de variable intensidad. Esta situación ya estaba contemplada en la alerta meteorológica 13 del Inamhi para el 6 de marzo de 2025, con posibles fuertes lluvias y tormentas en la capital y alrededores, riesgo de inundaciones y deslizamientos.', 'source': 'El Universo', 'date': '2025-03-05', 'categoria': 'medio_ambiente'}, {'title': 'Lluvias dejan 16 fallecidos en Ecuador desde enero hasta 5 de marzo de 2025', 'text': 'La Secretaría de Gestión de Riesgos reportó 16 fallecidos por lluvias desde el 1 de enero hasta el 5 de marzo de 2025. Las provincias más afectadas incluyen Guayas y Manabí con inundaciones y deslizamientos; se detallan damnificados, viviendas destruidas y coordinación de respuesta nacional.', 'source': 'El Comercio', 'date': '2025-03-05', 'categoria': 'medio_ambiente'}, {'title': 'Noboa exige pago de prima por operación del campo Sacha', 'text': 'Se reportó la exigencia de un pago relacionado con la operación futura del campo Sacha, uno de los más productivos del país.', 'source': 'El Oriente', 'date': '2025-03-06', 'categoria': 'economia_finanzas'}, {'title': 'No solo se trata de monigotes: la histórica calle 6 de Marzo es una arteria comercial que generó $136,9 millones en ventas en 2025', 'text': 'La calle 6 de Marzo, ubicada en el centro de Guayaquil, no solo concentra un incesante movimiento comercial; también conmemora la fecha que redefinió el destino del Ecuador. La Cámara de Comercio de Guayaquil (CCG), presidida por Miguel Ángel González, estima que en el último año generó un movimiento aproximado de $136,9 millones, equivalente al 1,22 % de las ventas totales de la ciudad. Esta arteria es clave en el comercio informal y formal, con ventas impulsadas por fechas como Carnaval y actividades cotidianas. El informe destaca su importancia histórica y económica, más allá de las tradiciones de monigotes y quema de años viejos.', 'source': 'El Universo', 'date': '2025-03-06', 'categoria': 'economia_finanzas'}, {'title': 'Fuertes lluvias en Cuenca: El pronóstico del clima para este jueves 6 de marzo del 2025', 'text': 'En los últimos días, Cuenca ha registrado precipitaciones de variable intensidad. Esta situación ya estaba contemplada en la alerta meteorológica 13 para el 6 de marzo de 2025, con posibles fuertes lluvias y riesgos asociados en la Sierra sur.', 'source': 'El Universo', 'date': '2025-03-06', 'categoria': 'medio_ambiente'}, {'title': 'Fuertes lluvias en Guayaquil: El pronóstico del clima para este jueves 6 de marzo del 2025', 'text': 'En los últimos días, Guayaquil ha registrado intensas precipitaciones que han ocasionado inundaciones y afectaciones en varios sectores. El pronóstico para el 6 de marzo de 2025 incluye continuación de lluvias fuertes, en alerta meteorológica nacional.', 'source': 'El Universo', 'date': '2025-03-06', 'categoria': 'medio_ambiente'}, {'title': 'Fuertes lluvias y tormentas eléctricas en Ecuador: El pronóstico del clima para este jueves 6 de marzo del 2025', 'text': 'El Instituto Nacional de Meteorología e Hidrología (Inamhi) emitió su alerta meteorológica para este 6 de marzo de 2025, con fuertes lluvias y tormentas eléctricas en varias regiones del país. Se esperan precipitaciones intensas en la Costa (incluyendo Guayaquil con inundaciones previas), Sierra y Amazonía, con posibles deslizamientos y afectaciones en vías. El pronóstico incluye temperaturas estables pero alto riesgo de emergencias por invierno, en contexto de múltiples alertas climáticas durante el año.', 'source': 'El Universo', 'date': '2025-03-06', 'categoria': 'medio_ambiente'}, {'title': '¿Qué se conmemora este 6 de marzo?', 'text': 'Cada 6 de marzo se conmemora una efeméride y el aniversario de varios hechos históricos. Este día se celebra el Día Internacional del Escultor y se recuerda eventos clave en la historia ecuatoriana y mundial. La nota detalla aniversarios relevantes, incluyendo aspectos culturales y conmemorativos, en un contexto de efemérides nacionales como la importancia de la fecha en Guayaquil y el comercio asociado a tradiciones como la quema de monigotes.', 'source': 'El Universo', 'date': '2025-03-06', 'categoria': 'politica_gobierno'}, {'title': 'Ecuador y Canadá concretan acuerdo comercial', 'text': 'Se reportó el cierre de negociaciones de un acuerdo comercial con Canadá, en un contexto de agenda económica y seguridad.', 'source': 'Reuters', 'date': '2025-03-06', 'categoria': 'politica_gobierno'}, {'title': 'Noticiero 24 Horas: emisión matinal del 6 de marzo', 'text': 'Resumen de noticias nacionales del día, incluyendo decisiones políticas, seguridad y economía.', 'source': 'Teleamazonas', 'date': '2025-03-06', 'categoria': 'politica_gobierno'}, {'title': 'Televistazo 1PM | 6-3-2025', 'text': 'Entérese de las noticias de Ecuador y el mundo a través de su informativo Televistazo 1PM del 6 de marzo de 2025. El noticiero cubre temas locales como impactos de lluvias en regiones, agenda del gobierno de Daniel Noboa en seguridad y economía, así como internacionales (conflicto en Medio Oriente, aranceles regionales y otros). Incluye segmentos relacionados con invierno en Ecuador, operaciones policiales y actualizaciones diarias.', 'source': 'Ecuavisa', 'date': '2025-03-06', 'categoria': 'seguridad_crimen'}, {'title': 'Televistazo en la Comunidad Guayaquil | 06-03-2025', 'text': 'Televistazo en la Comunidad Guayaquil del 6 de marzo de 2025 cubre noticias locales destacadas: Moisés Caicedo se despidió de Enzo Maresca en el fútbol internacional, y un sismo de 6,5 grados se registró el viernes previo. Incluye segmentos comunitarios sobre Guayaquil, agenda de seguridad, clima y eventos cotidianos en la ciudad, con enfoque en impactos regionales.', 'source': 'Ecuavisa', 'date': '2025-03-06', 'categoria': 'seguridad_crimen'}, {'title': 'Noboa busca mandato completo con agenda de seguridad y retos energéticos', 'text': 'Cobertura internacional destacó la campaña con énfasis en crimen organizado, medidas de seguridad y retos energéticos.', 'source': 'Reuters', 'date': '2025-03-06', 'categoria': 'seguridad_crimen'}, {'title': 'Debate regional por racionamientos y vulnerabilidad del sistema eléctrico', 'text': 'Persistió la discusión sobre la vulnerabilidad del sistema eléctrico frente a sequías y demanda, así como medidas operativas.', 'source': 'Associated Press', 'date': '2025-03-06', 'categoria': 'servicios_basicos'}, {'title': 'Noboa: Ecuador no recibirá migrantes deportados de otras nacionalidades', 'text': 'El presidente Daniel Noboa señaló que Ecuador no aceptará migrantes deportados de terceros países; el pronunciamiento se dio en el contexto regional sobre retornos y tensiones diplomáticas.', 'source': 'Reuters', 'date': '2025-03-09', 'categoria': 'politica_gobierno'}, {'title': 'Coyuntura nacional: seguridad, economía y gestión pública marcan agenda', 'text': 'Coberturas locales destacaron la evolución de indicadores económicos y el impacto de decisiones públicas en hogares y sectores productivos.', 'source': 'El Comercio', 'date': '2025-03-10', 'categoria': 'economia_finanzas'}, {'title': 'Ecuador reitera que no recibirá migrantes extranjeros deportados', 'text': 'Medios locales retomaron el anuncio del Ejecutivo y sus implicaciones para política migratoria, gestión fronteriza y coordinación con países de la región.', 'source': 'El Oriente', 'date': '2025-03-10', 'categoria': 'politica_gobierno'}, {'title': 'Noticiero 24 Horas: resumen nacional del 10 de marzo', 'text': 'El informativo recopiló hechos del día vinculados a seguridad, gestión pública y temas sociales que afectaron actividades y servicios en distintas provincias.', 'source': 'Teleamazonas', 'date': '2025-03-10', 'categoria': 'riesgo_pais_calidad_vida'}]","[{'title': 'Eventos climáticos y emergencias afectan localidades', 'text': 'Se reportaron afectaciones por lluvias, deslizamientos, incendios u otros eventos naturales, con impactos en vías, viviendas y servicios.', 'source': 'El Universo', 'date': '2023-12-13', 'categoria': 'medio_ambiente'}, {'title': 'Ecuador cierra 2023 con récord de homicidios', 'text': 'Ecuador registra récord de homicidios en 2023, con tasa histórica por narcotráfico y masacres carcelarias. La nota analiza causas estructurales, zonas más afectadas (Guayas, Manabí) y críticas a gestión de seguridad bajo Lasso.', 'source': 'El Comercio', 'date': '2023-12-13', 'categoria': 'seguridad_crimen'}, {'title': 'Decisiones y anuncios del Gobierno marcan la agenda nacional', 'text': 'Autoridades informaron decisiones de política pública, decretos o acciones institucionales con impacto nacional y en gobiernos locales.', 'source': 'El Comercio', 'date': '2023-12-14', 'categoria': 'politica_gobierno'}, {'title': 'Operativos y hechos delictivos elevan preocupación por seguridad', 'text': 'Se reportaron operativos, detenciones o investigaciones por delitos, junto con alertas ciudadanas en distintas provincias.', 'source': 'Primicias', 'date': '2023-12-15', 'categoria': 'seguridad_crimen'}, {'title': 'Indicadores económicos y fiscales reflejan presiones en el país', 'text': 'Sectores productivos y autoridades revisaron inflación, empleo, finanzas públicas y actividad económica, con énfasis en riesgos y medidas de ajuste.', 'source': 'Expreso', 'date': '2023-12-16', 'categoria': 'economia_finanzas'}, {'title': 'Costo de vida y servicios impactan a los hogares', 'text': 'Se registraron impactos en empleo, educación, salud, movilidad o servicios, con acciones de mitigación y demandas ciudadanas.', 'source': 'Teleamazonas', 'date': '2023-12-17', 'categoria': 'riesgo_pais_calidad_vida'}]"
156,12,2025-03-06,2007-08-16,0.9289499963722534,4,0.4978768527507782,ok,"economia_finanzas, medio_ambiente, politica_gobierno, riesgo_pais_calidad_vida, seguridad_crimen, servicios_basicos","medio_ambiente, politica_gobierno",20,2,"[{'title': '¿Cuántos feriados hay en marzo de 2025 en Ecuador?', 'text': 'Ecuador disfrutará este 3 y 4 de marzo del único feriado previsto para el tercer mes del año; corresponde a las fiestas por Carnaval. Se detallan traslados y otros asuetos del año.', 'source': 'El Comercio', 'date': '2025-03-02', 'categoria': 'politica_gobierno'}, {'title': 'Televistazo 1PM | 3-6-2025', 'text': 'Entérese de las noticias de Ecuador y el mundo a través de su informativo Televistazo 1PM del 3 de marzo de 2025. Cubre temas de agenda gubernamental de Daniel Noboa, impactos iniciales del invierno y actualizaciones económicas.', 'source': 'Ecuavisa', 'date': '2025-03-03', 'categoria': 'politica_gobierno'}, {'title': 'Fuertes lluvias en Quito: El pronóstico del clima para este jueves 6 de marzo del 2025', 'text': 'En los últimos días, Quito ha registrado precipitaciones de variable intensidad. Esta situación ya estaba contemplada en la alerta meteorológica 13 del Inamhi para el 6 de marzo de 2025, con posibles fuertes lluvias y tormentas en la capital y alrededores, riesgo de inundaciones y deslizamientos.', 'source': 'El Universo', 'date': '2025-03-05', 'categoria': 'medio_ambiente'}, {'title': 'Lluvias dejan 16 fallecidos en Ecuador desde enero hasta 5 de marzo de 2025', 'text': 'La Secretaría de Gestión de Riesgos reportó 16 fallecidos por lluvias desde el 1 de enero hasta el 5 de marzo de 2025. Las provincias más afectadas incluyen Guayas y Manabí con inundaciones y deslizamientos; se detallan damnificados, viviendas destruidas y coordinación de respuesta nacional.', 'source': 'El Comercio', 'date': '2025-03-05', 'categoria': 'medio_ambiente'}, {'title': 'Noboa exige pago de prima por operación del campo Sacha', 'text': 'Se reportó la exigencia de un pago relacionado con la operación futura del campo Sacha, uno de los más productivos del país.', 'source': 'El Oriente', 'date': '2025-03-06', 'categoria': 'economia_finanzas'}, {'title': 'No solo se trata de monigotes: la histórica calle 6 de Marzo es una arteria comercial que generó $136,9 millones en ventas en 2025', 'text': 'La calle 6 de Marzo, ubicada en el centro de Guayaquil, no solo concentra un incesante movimiento comercial; también conmemora la fecha que redefinió el destino del Ecuador. La Cámara de Comercio de Guayaquil (CCG), presidida por Miguel Ángel González, estima que en el último año generó un movimiento aproximado de $136,9 millones, equivalente al 1,22 % de las ventas totales de la ciudad. Esta arteria es clave en el comercio informal y formal, con ventas impulsadas por fechas como Carnaval y actividades cotidianas. El informe destaca su importancia histórica y económica, más allá de las tradiciones de monigotes y quema de años viejos.', 'source': 'El Universo', 'date': '2025-03-06', 'categoria': 'economia_finanzas'}, {'title': 'Fuertes lluvias en Cuenca: El pronóstico del clima para este jueves 6 de marzo del 2025', 'text': 'En los últimos días, Cuenca ha registrado precipitaciones de variable intensidad. Esta situación ya estaba contemplada en la alerta meteorológica 13 para el 6 de marzo de 2025, con posibles fuertes lluvias y riesgos asociados en la Sierra sur.', 'source': 'El Universo', 'date': '2025-03-06', 'categoria': 'medio_ambiente'}, {'title': 'Fuertes lluvias en Guayaquil: El pronóstico del clima para este jueves 6 de marzo del 2025', 'text': 'En los últimos días, Guayaquil ha registrado intensas precipitaciones que han ocasionado inundaciones y afectaciones en varios sectores. El pronóstico para el 6 de marzo de 2025 incluye continuación de lluvias fuertes, en alerta meteorológica nacional.', 'source': 'El Universo', 'date': '2025-03-06', 'categoria': 'medio_ambiente'}, {'title': 'Fuertes lluvias y tormentas eléctricas en Ecuador: El pronóstico del clima para este jueves 6 de marzo del 2025', 'text': 'El Instituto Nacional de Meteorología e Hidrología (Inamhi) emitió su alerta meteorológica para este 6 de marzo de 2025, con fuertes lluvias y tormentas eléctricas en varias regiones del país. Se esperan precipitaciones intensas en la Costa (incluyendo Guayaquil con inundaciones previas), Sierra y Amazonía, con posibles deslizamientos y afectaciones en vías. El pronóstico incluye temperaturas estables pero alto riesgo de emergencias por invierno, en contexto de múltiples alertas climáticas durante el año.', 'source': 'El Universo', 'date': '2025-03-06', 'categoria': 'medio_ambiente'}, {'title': '¿Qué se conmemora este 6 de marzo?', 'text': 'Cada 6 de marzo se conmemora una efeméride y el aniversario de varios hechos históricos. Este día se celebra el Día Internacional del Escultor y se recuerda eventos clave en la historia ecuatoriana y mundial. La nota detalla aniversarios relevantes, incluyendo aspectos culturales y conmemorativos, en un contexto de efemérides nacionales como la importancia de la fecha en Guayaquil y el comercio asociado a tradiciones como la quema de monigotes.', 'source': 'El Universo', 'date': '2025-03-06', 'categoria': 'politica_gobierno'}, {'title': 'Ecuador y Canadá concretan acuerdo comercial', 'text': 'Se reportó el cierre de negociaciones de un acuerdo comercial con Canadá, en un contexto de agenda económica y seguridad.', 'source': 'Reuters', 'date': '2025-03-06', 'categoria': 'politica_gobierno'}, {'title': 'Noticiero 24 Horas: emisión matinal del 6 de marzo', 'text': 'Resumen de noticias nacionales del día, incluyendo decisiones políticas, seguridad y economía.', 'source': 'Teleamazonas', 'date': '2025-03-06', 'categoria': 'politica_gobierno'}, {'title': 'Televistazo 1PM | 6-3-2025', 'text': 'Entérese de las noticias de Ecuador y el mundo a través de su informativo Televistazo 1PM del 6 de marzo de 2025. El noticiero cubre temas locales como impactos de lluvias en regiones, agenda del gobierno de Daniel Noboa en seguridad y economía, así como internacionales (conflicto en Medio Oriente, aranceles regionales y otros). Incluye segmentos relacionados con invierno en Ecuador, operaciones policiales y actualizaciones diarias.', 'source': 'Ecuavisa', 'date': '2025-03-06', 'categoria': 'seguridad_crimen'}, {'title': 'Televistazo en la Comunidad Guayaquil | 06-03-2025', 'text': 'Televistazo en la Comunidad Guayaquil del 6 de marzo de 2025 cubre noticias locales destacadas: Moisés Caicedo se despidió de Enzo Maresca en el fútbol internacional, y un sismo de 6,5 grados se registró el viernes previo. Incluye segmentos comunitarios sobre Guayaquil, agenda de seguridad, clima y eventos cotidianos en la ciudad, con enfoque en impactos regionales.', 'source': 'Ecuavisa', 'date': '2025-03-06', 'categoria': 'seguridad_crimen'}, {'title': 'Noboa busca mandato completo con agenda de seguridad y retos energéticos', 'text': 'Cobertura internacional destacó la campaña con énfasis en crimen organizado, medidas de seguridad y retos energéticos.', 'source': 'Reuters', 'date': '2025-03-06', 'categoria': 'seguridad_crimen'}, {'title': 'Debate regional por racionamientos y vulnerabilidad del sistema eléctrico', 'text': 'Persistió la discusión sobre la vulnerabilidad del sistema eléctrico frente a sequías y demanda, así como medidas operativas.', 'source': 'Associated Press', 'date': '2025-03-06', 'categoria': 'servicios_basicos'}, {'title': 'Noboa: Ecuador no recibirá migrantes deportados de otras nacionalidades', 'text': 'El presidente Daniel Noboa señaló que Ecuador no aceptará migrantes deportados de terceros países; el pronunciamiento se dio en el contexto regional sobre retornos y tensiones diplomáticas.', 'source': 'Reuters', 'date': '2025-03-09', 'categoria': 'politica_gobierno'}, {'title': 'Coyuntura nacional: seguridad, economía y gestión pública marcan agenda', 'text': 'Coberturas locales destacaron la evolución de indicadores económicos y el impacto de decisiones públicas en hogares y sectores productivos.', 'source': 'El Comercio', 'date': '2025-03-10', 'categoria': 'economia_finanzas'}, {'title': 'Ecuador reitera que no recibirá migrantes extranjeros deportados', 'text': 'Medios locales retomaron el anuncio del Ejecutivo y sus implicaciones para política migratoria, gestión fronteriza y coordinación con países de la región.', 'source': 'El Oriente', 'date': '2025-03-10', 'categoria': 'politica_gobierno'}, {'title': 'Noticiero 24 Horas: resumen nacional del 10 de marzo', 'text': 'El informativo recopiló hechos del día vinculados a seguridad, gestión pública y temas sociales que afectaron actividades y servicios en distintas provincias.', 'source': 'Teleamazonas', 'date': '2025-03-10', 'categoria': 'riesgo_pais_calidad_vida'}]","[{'title': 'Ecuador to expel 6,000 illegal residents from world heritage site', 'text': ' Se reportó una decisión de Ecuador orientada a retirar miles de residentes irregulares de un área declarada Patrimonio de la Humanidad, con el fin de enfrentar presiones demográficas y ambientales. El artículo enmarca la medida en la gestión de conservación y control migratorio hacia zonas protegidas.', 'source': ""People's Daily Online (via Galapaguide)"", 'date': '2007-08-16', 'categoria': 'medio_ambiente'}, {'title': 'Ecuador: Correa autoriza levantar secreto bancario', 'text': ' Rafael Correa autorizó levantar el secreto bancario de sus cuentas dentro y fuera del país para facilitar una investigación solicitada por el Congreso. La nota describe el trasfondo político de la indagación y el objetivo de transparentar el manejo de fondos y el patrimonio de funcionarios.', 'source': 'MyPlainview (AP)', 'date': '2007-08-16', 'categoria': 'politica_gobierno'}]"
156,14,2025-03-06,2008-09-15,0.9256630358614014,5,0.4181319773197174,ok,"economia_finanzas, medio_ambiente, politica_gobierno, riesgo_pais_calidad_vida, seguridad_crimen, servicios_basicos",politica_gobierno,20,1,"[{'title': '¿Cuántos feriados hay en marzo de 2025 en Ecuador?', 'text': 'Ecuador disfrutará este 3 y 4 de marzo del único feriado previsto para el tercer mes del año; corresponde a las fiestas por Carnaval. Se detallan traslados y otros asuetos del año.', 'source': 'El Comercio', 'date': '2025-03-02', 'categoria': 'politica_gobierno'}, {'title': 'Televistazo 1PM | 3-6-2025', 'text': 'Entérese de las noticias de Ecuador y el mundo a través de su informativo Televistazo 1PM del 3 de marzo de 2025. Cubre temas de agenda gubernamental de Daniel Noboa, impactos iniciales del invierno y actualizaciones económicas.', 'source': 'Ecuavisa', 'date': '2025-03-03', 'categoria': 'politica_gobierno'}, {'title': 'Fuertes lluvias en Quito: El pronóstico del clima para este jueves 6 de marzo del 2025', 'text': 'En los últimos días, Quito ha registrado precipitaciones de variable intensidad. Esta situación ya estaba contemplada en la alerta meteorológica 13 del Inamhi para el 6 de marzo de 2025, con posibles fuertes lluvias y tormentas en la capital y alrededores, riesgo de inundaciones y deslizamientos.', 'source': 'El Universo', 'date': '2025-03-05', 'categoria': 'medio_ambiente'}, {'title': 'Lluvias dejan 16 fallecidos en Ecuador desde enero hasta 5 de marzo de 2025', 'text': 'La Secretaría de Gestión de Riesgos reportó 16 fallecidos por lluvias desde el 1 de enero hasta el 5 de marzo de 2025. Las provincias más afectadas incluyen Guayas y Manabí con inundaciones y deslizamientos; se detallan damnificados, viviendas destruidas y coordinación de respuesta nacional.', 'source': 'El Comercio', 'date': '2025-03-05', 'categoria': 'medio_ambiente'}, {'title': 'Noboa exige pago de prima por operación del campo Sacha', 'text': 'Se reportó la exigencia de un pago relacionado con la operación futura del campo Sacha, uno de los más productivos del país.', 'source': 'El Oriente', 'date': '2025-03-06', 'categoria': 'economia_finanzas'}, {'title': 'No solo se trata de monigotes: la histórica calle 6 de Marzo es una arteria comercial que generó $136,9 millones en ventas en 2025', 'text': 'La calle 6 de Marzo, ubicada en el centro de Guayaquil, no solo concentra un incesante movimiento comercial; también conmemora la fecha que redefinió el destino del Ecuador. La Cámara de Comercio de Guayaquil (CCG), presidida por Miguel Ángel González, estima que en el último año generó un movimiento aproximado de $136,9 millones, equivalente al 1,22 % de las ventas totales de la ciudad. Esta arteria es clave en el comercio informal y formal, con ventas impulsadas por fechas como Carnaval y actividades cotidianas. El informe destaca su importancia histórica y económica, más allá de las tradiciones de monigotes y quema de años viejos.', 'source': 'El Universo', 'date': '2025-03-06', 'categoria': 'economia_finanzas'}, {'title': 'Fuertes lluvias en Cuenca: El pronóstico del clima para este jueves 6 de marzo del 2025', 'text': 'En los últimos días, Cuenca ha registrado precipitaciones de variable intensidad. Esta situación ya estaba contemplada en la alerta meteorológica 13 para el 6 de marzo de 2025, con posibles fuertes lluvias y riesgos asociados en la Sierra sur.', 'source': 'El Universo', 'date': '2025-03-06', 'categoria': 'medio_ambiente'}, {'title': 'Fuertes lluvias en Guayaquil: El pronóstico del clima para este jueves 6 de marzo del 2025', 'text': 'En los últimos días, Guayaquil ha registrado intensas precipitaciones que han ocasionado inundaciones y afectaciones en varios sectores. El pronóstico para el 6 de marzo de 2025 incluye continuación de lluvias fuertes, en alerta meteorológica nacional.', 'source': 'El Universo', 'date': '2025-03-06', 'categoria': 'medio_ambiente'}, {'title': 'Fuertes lluvias y tormentas eléctricas en Ecuador: El pronóstico del clima para este jueves 6 de marzo del 2025', 'text': 'El Instituto Nacional de Meteorología e Hidrología (Inamhi) emitió su alerta meteorológica para este 6 de marzo de 2025, con fuertes lluvias y tormentas eléctricas en varias regiones del país. Se esperan precipitaciones intensas en la Costa (incluyendo Guayaquil con inundaciones previas), Sierra y Amazonía, con posibles deslizamientos y afectaciones en vías. El pronóstico incluye temperaturas estables pero alto riesgo de emergencias por invierno, en contexto de múltiples alertas climáticas durante el año.', 'source': 'El Universo', 'date': '2025-03-06', 'categoria': 'medio_ambiente'}, {'title': '¿Qué se conmemora este 6 de marzo?', 'text': 'Cada 6 de marzo se conmemora una efeméride y el aniversario de varios hechos históricos. Este día se celebra el Día Internacional del Escultor y se recuerda eventos clave en la historia ecuatoriana y mundial. La nota detalla aniversarios relevantes, incluyendo aspectos culturales y conmemorativos, en un contexto de efemérides nacionales como la importancia de la fecha en Guayaquil y el comercio asociado a tradiciones como la quema de monigotes.', 'source': 'El Universo', 'date': '2025-03-06', 'categoria': 'politica_gobierno'}, {'title': 'Ecuador y Canadá concretan acuerdo comercial', 'text': 'Se reportó el cierre de negociaciones de un acuerdo comercial con Canadá, en un contexto de agenda económica y seguridad.', 'source': 'Reuters', 'date': '2025-03-06', 'categoria': 'politica_gobierno'}, {'title': 'Noticiero 24 Horas: emisión matinal del 6 de marzo', 'text': 'Resumen de noticias nacionales del día, incluyendo decisiones políticas, seguridad y economía.', 'source': 'Teleamazonas', 'date': '2025-03-06', 'categoria': 'politica_gobierno'}, {'title': 'Televistazo 1PM | 6-3-2025', 'text': 'Entérese de las noticias de Ecuador y el mundo a través de su informativo Televistazo 1PM del 6 de marzo de 2025. El noticiero cubre temas locales como impactos de lluvias en regiones, agenda del gobierno de Daniel Noboa en seguridad y economía, así como internacionales (conflicto en Medio Oriente, aranceles regionales y otros). Incluye segmentos relacionados con invierno en Ecuador, operaciones policiales y actualizaciones diarias.', 'source': 'Ecuavisa', 'date': '2025-03-06', 'categoria': 'seguridad_crimen'}, {'title': 'Televistazo en la Comunidad Guayaquil | 06-03-2025', 'text': 'Televistazo en la Comunidad Guayaquil del 6 de marzo de 2025 cubre noticias locales destacadas: Moisés Caicedo se despidió de Enzo Maresca en el fútbol internacional, y un sismo de 6,5 grados se registró el viernes previo. Incluye segmentos comunitarios sobre Guayaquil, agenda de seguridad, clima y eventos cotidianos en la ciudad, con enfoque en impactos regionales.', 'source': 'Ecuavisa', 'date': '2025-03-06', 'categoria': 'seguridad_crimen'}, {'title': 'Noboa busca mandato completo con agenda de seguridad y retos energéticos', 'text': 'Cobertura internacional destacó la campaña con énfasis en crimen organizado, medidas de seguridad y retos energéticos.', 'source': 'Reuters', 'date': '2025-03-06', 'categoria': 'seguridad_crimen'}, {'title': 'Debate regional por racionamientos y vulnerabilidad del sistema eléctrico', 'text': 'Persistió la discusión sobre la vulnerabilidad del sistema eléctrico frente a sequías y demanda, así como medidas operativas.', 'source': 'Associated Press', 'date': '2025-03-06', 'categoria': 'servicios_basicos'}, {'title': 'Noboa: Ecuador no recibirá migrantes deportados de otras nacionalidades', 'text': 'El presidente Daniel Noboa señaló que Ecuador no aceptará migrantes deportados de terceros países; el pronunciamiento se dio en el contexto regional sobre retornos y tensiones diplomáticas.', 'source': 'Reuters', 'date': '2025-03-09', 'categoria': 'politica_gobierno'}, {'title': 'Coyuntura nacional: seguridad, economía y gestión pública marcan agenda', 'text': 'Coberturas locales destacaron la evolución de indicadores económicos y el impacto de decisiones públicas en hogares y sectores productivos.', 'source': 'El Comercio', 'date': '2025-03-10', 'categoria': 'economia_finanzas'}, {'title': 'Ecuador reitera que no recibirá migrantes extranjeros deportados', 'text': 'Medios locales retomaron el anuncio del Ejecutivo y sus implicaciones para política migratoria, gestión fronteriza y coordinación con países de la región.', 'source': 'El Oriente', 'date': '2025-03-10', 'categoria': 'politica_gobierno'}, {'title': 'Noticiero 24 Horas: resumen nacional del 10 de marzo', 'text': 'El informativo recopiló hechos del día vinculados a seguridad, gestión pública y temas sociales que afectaron actividades y servicios en distintas provincias.', 'source': 'Teleamazonas', 'date': '2025-03-10', 'categoria': 'riesgo_pais_calidad_vida'}]","[{'title': 'European Union sends Election Observation Mission to Ecuador', 'text': ' La Unión Europea anunció el despliegue de una Misión de Observación Electoral para Ecuador con motivo del referéndum constitucional de 2008, detallando liderazgo, mandato de observación y apoyo logístico/financiero para acompañar el proceso.', 'source': 'European Sources (record)', 'date': '2008-09-15', 'categoria': 'politica_gobierno'}]"
156,88,2025-03-06,2020-03-20,0.922812560862116,6,0.6412068009376526,ok,"economia_finanzas, medio_ambiente, politica_gobierno, riesgo_pais_calidad_vida, seguridad_crimen, servicios_basicos","medio_ambiente, politica_gobierno, seguridad_crimen",20,5,"[{'title': '¿Cuántos feriados hay en marzo de 2025 en Ecuador?', 'text': 'Ecuador disfrutará este 3 y 4 de marzo del único feriado previsto para el tercer mes del año; corresponde a las fiestas por Carnaval. Se detallan traslados y otros asuetos del año.', 'source': 'El Comercio', 'date': '2025-03-02', 'categoria': 'politica_gobierno'}, {'title': 'Televistazo 1PM | 3-6-2025', 'text': 'Entérese de las noticias de Ecuador y el mundo a través de su informativo Televistazo 1PM del 3 de marzo de 2025. Cubre temas de agenda gubernamental de Daniel Noboa, impactos iniciales del invierno y actualizaciones económicas.', 'source': 'Ecuavisa', 'date': '2025-03-03', 'categoria': 'politica_gobierno'}, {'title': 'Fuertes lluvias en Quito: El pronóstico del clima para este jueves 6 de marzo del 2025', 'text': 'En los últimos días, Quito ha registrado precipitaciones de variable intensidad. Esta situación ya estaba contemplada en la alerta meteorológica 13 del Inamhi para el 6 de marzo de 2025, con posibles fuertes lluvias y tormentas en la capital y alrededores, riesgo de inundaciones y deslizamientos.', 'source': 'El Universo', 'date': '2025-03-05', 'categoria': 'medio_ambiente'}, {'title': 'Lluvias dejan 16 fallecidos en Ecuador desde enero hasta 5 de marzo de 2025', 'text': 'La Secretaría de Gestión de Riesgos reportó 16 fallecidos por lluvias desde el 1 de enero hasta el 5 de marzo de 2025. Las provincias más afectadas incluyen Guayas y Manabí con inundaciones y deslizamientos; se detallan damnificados, viviendas destruidas y coordinación de respuesta nacional.', 'source': 'El Comercio', 'date': '2025-03-05', 'categoria': 'medio_ambiente'}, {'title': 'Noboa exige pago de prima por operación del campo Sacha', 'text': 'Se reportó la exigencia de un pago relacionado con la operación futura del campo Sacha, uno de los más productivos del país.', 'source': 'El Oriente', 'date': '2025-03-06', 'categoria': 'economia_finanzas'}, {'title': 'No solo se trata de monigotes: la histórica calle 6 de Marzo es una arteria comercial que generó $136,9 millones en ventas en 2025', 'text': 'La calle 6 de Marzo, ubicada en el centro de Guayaquil, no solo concentra un incesante movimiento comercial; también conmemora la fecha que redefinió el destino del Ecuador. La Cámara de Comercio de Guayaquil (CCG), presidida por Miguel Ángel González, estima que en el último año generó un movimiento aproximado de $136,9 millones, equivalente al 1,22 % de las ventas totales de la ciudad. Esta arteria es clave en el comercio informal y formal, con ventas impulsadas por fechas como Carnaval y actividades cotidianas. El informe destaca su importancia histórica y económica, más allá de las tradiciones de monigotes y quema de años viejos.', 'source': 'El Universo', 'date': '2025-03-06', 'categoria': 'economia_finanzas'}, {'title': 'Fuertes lluvias en Cuenca: El pronóstico del clima para este jueves 6 de marzo del 2025', 'text': 'En los últimos días, Cuenca ha registrado precipitaciones de variable intensidad. Esta situación ya estaba contemplada en la alerta meteorológica 13 para el 6 de marzo de 2025, con posibles fuertes lluvias y riesgos asociados en la Sierra sur.', 'source': 'El Universo', 'date': '2025-03-06', 'categoria': 'medio_ambiente'}, {'title': 'Fuertes lluvias en Guayaquil: El pronóstico del clima para este jueves 6 de marzo del 2025', 'text': 'En los últimos días, Guayaquil ha registrado intensas precipitaciones que han ocasionado inundaciones y afectaciones en varios sectores. El pronóstico para el 6 de marzo de 2025 incluye continuación de lluvias fuertes, en alerta meteorológica nacional.', 'source': 'El Universo', 'date': '2025-03-06', 'categoria': 'medio_ambiente'}, {'title': 'Fuertes lluvias y tormentas eléctricas en Ecuador: El pronóstico del clima para este jueves 6 de marzo del 2025', 'text': 'El Instituto Nacional de Meteorología e Hidrología (Inamhi) emitió su alerta meteorológica para este 6 de marzo de 2025, con fuertes lluvias y tormentas eléctricas en varias regiones del país. Se esperan precipitaciones intensas en la Costa (incluyendo Guayaquil con inundaciones previas), Sierra y Amazonía, con posibles deslizamientos y afectaciones en vías. El pronóstico incluye temperaturas estables pero alto riesgo de emergencias por invierno, en contexto de múltiples alertas climáticas durante el año.', 'source': 'El Universo', 'date': '2025-03-06', 'categoria': 'medio_ambiente'}, {'title': '¿Qué se conmemora este 6 de marzo?', 'text': 'Cada 6 de marzo se conmemora una efeméride y el aniversario de varios hechos históricos. Este día se celebra el Día Internacional del Escultor y se recuerda eventos clave en la historia ecuatoriana y mundial. La nota detalla aniversarios relevantes, incluyendo aspectos culturales y conmemorativos, en un contexto de efemérides nacionales como la importancia de la fecha en Guayaquil y el comercio asociado a tradiciones como la quema de monigotes.', 'source': 'El Universo', 'date': '2025-03-06', 'categoria': 'politica_gobierno'}, {'title': 'Ecuador y Canadá concretan acuerdo comercial', 'text': 'Se reportó el cierre de negociaciones de un acuerdo comercial con Canadá, en un contexto de agenda económica y seguridad.', 'source': 'Reuters', 'date': '2025-03-06', 'categoria': 'politica_gobierno'}, {'title': 'Noticiero 24 Horas: emisión matinal del 6 de marzo', 'text': 'Resumen de noticias nacionales del día, incluyendo decisiones políticas, seguridad y economía.', 'source': 'Teleamazonas', 'date': '2025-03-06', 'categoria': 'politica_gobierno'}, {'title': 'Televistazo 1PM | 6-3-2025', 'text': 'Entérese de las noticias de Ecuador y el mundo a través de su informativo Televistazo 1PM del 6 de marzo de 2025. El noticiero cubre temas locales como impactos de lluvias en regiones, agenda del gobierno de Daniel Noboa en seguridad y economía, así como internacionales (conflicto en Medio Oriente, aranceles regionales y otros). Incluye segmentos relacionados con invierno en Ecuador, operaciones policiales y actualizaciones diarias.', 'source': 'Ecuavisa', 'date': '2025-03-06', 'categoria': 'seguridad_crimen'}, {'title': 'Televistazo en la Comunidad Guayaquil | 06-03-2025', 'text': 'Televistazo en la Comunidad Guayaquil del 6 de marzo de 2025 cubre noticias locales destacadas: Moisés Caicedo se despidió de Enzo Maresca en el fútbol internacional, y un sismo de 6,5 grados se registró el viernes previo. Incluye segmentos comunitarios sobre Guayaquil, agenda de seguridad, clima y eventos cotidianos en la ciudad, con enfoque en impactos regionales.', 'source': 'Ecuavisa', 'date': '2025-03-06', 'categoria': 'seguridad_crimen'}, {'title': 'Noboa busca mandato completo con agenda de seguridad y retos energéticos', 'text': 'Cobertura internacional destacó la campaña con énfasis en crimen organizado, medidas de seguridad y retos energéticos.', 'source': 'Reuters', 'date': '2025-03-06', 'categoria': 'seguridad_crimen'}, {'title': 'Debate regional por racionamientos y vulnerabilidad del sistema eléctrico', 'text': 'Persistió la discusión sobre la vulnerabilidad del sistema eléctrico frente a sequías y demanda, así como medidas operativas.', 'source': 'Associated Press', 'date': '2025-03-06', 'categoria': 'servicios_basicos'}, {'title': 'Noboa: Ecuador no recibirá migrantes deportados de otras nacionalidades', 'text': 'El presidente Daniel Noboa señaló que Ecuador no aceptará migrantes deportados de terceros países; el pronunciamiento se dio en el contexto regional sobre retornos y tensiones diplomáticas.', 'source': 'Reuters', 'date': '2025-03-09', 'categoria': 'politica_gobierno'}, {'title': 'Coyuntura nacional: seguridad, economía y gestión pública marcan agenda', 'text': 'Coberturas locales destacaron la evolución de indicadores económicos y el impacto de decisiones públicas en hogares y sectores productivos.', 'source': 'El Comercio', 'date': '2025-03-10', 'categoria': 'economia_finanzas'}, {'title': 'Ecuador reitera que no recibirá migrantes extranjeros deportados', 'text': 'Medios locales retomaron el anuncio del Ejecutivo y sus implicaciones para política migratoria, gestión fronteriza y coordinación con países de la región.', 'source': 'El Oriente', 'date': '2025-03-10', 'categoria': 'politica_gobierno'}, {'title': 'Noticiero 24 Horas: resumen nacional del 10 de marzo', 'text': 'El informativo recopiló hechos del día vinculados a seguridad, gestión pública y temas sociales que afectaron actividades y servicios en distintas provincias.', 'source': 'Teleamazonas', 'date': '2025-03-10', 'categoria': 'riesgo_pais_calidad_vida'}]","[{'title': 'Ecuador reporta primeras muertes por COVID-19 marzo 2020', 'text': 'Ecuador confirma primeras muertes por COVID-19 en marzo 2020. Caso primario en mujer contagiada; inicio de conteo oficial y alerta sanitaria nacional.', 'source': 'El Universo', 'date': '2020-03-20', 'categoria': 'medio_ambiente'}, {'title': 'Gobierno amplía estado de excepción por COVID-19', 'text': 'El Ejecutivo amplió el estado de excepción y reforzó restricciones de movilidad para contener la propagación del coronavirus en el país.', 'source': 'El Universo', 'date': '2020-03-20', 'categoria': 'politica_gobierno'}, {'title': 'Minuto a minuto sobre el coronavirus en Ecuador marzo 2020', 'text': 'Cobertura minuto a minuto de la emergencia COVID-19 en Ecuador en marzo 2020: primeros casos confirmados, expansión en Guayaquil, medidas de confinamiento y estadísticas diarias. Se destacan alertas sanitarias y colapso inicial en Guayas.', 'source': 'Plan V', 'date': '2020-03-22', 'categoria': 'medio_ambiente'}, {'title': 'Toque de queda genera controles y detenciones', 'text': 'Las fuerzas del orden reportaron detenciones por incumplimiento del toque de queda decretado durante la emergencia sanitaria.', 'source': 'El Comercio', 'date': '2020-03-22', 'categoria': 'seguridad_crimen'}, {'title': 'Colapso sanitario en Guayaquil por COVID-19 marzo 2020', 'text': 'Guayaquil enfrenta colapso sanitario en marzo 2020 por pico COVID-19. Cuerpos acumulados, hospitales saturados y exceso mortalidad; gobierno envía ayuda y declara emergencia máxima.', 'source': 'El Comercio', 'date': '2020-03-24', 'categoria': 'medio_ambiente'}]"
156,1,2025-03-06,2005-04-20,0.9222288976232094,7,0.6206003427505493,ok,"economia_finanzas, medio_ambiente, politica_gobierno, riesgo_pais_calidad_vida, seguridad_crimen, servicios_basicos",politica_gobierno,20,8,"[{'title': '¿Cuántos feriados hay en marzo de 2025 en Ecuador?', 'text': 'Ecuador disfrutará este 3 y 4 de marzo del único feriado previsto para el tercer mes del año; corresponde a las fiestas por Carnaval. Se detallan traslados y otros asuetos del año.', 'source': 'El Comercio', 'date': '2025-03-02', 'categoria': 'politica_gobierno'}, {'title': 'Televistazo 1PM | 3-6-2025', 'text': 'Entérese de las noticias de Ecuador y el mundo a través de su informativo Televistazo 1PM del 3 de marzo de 2025. Cubre temas de agenda gubernamental de Daniel Noboa, impactos iniciales del invierno y actualizaciones económicas.', 'source': 'Ecuavisa', 'date': '2025-03-03', 'categoria': 'politica_gobierno'}, {'title': 'Fuertes lluvias en Quito: El pronóstico del clima para este jueves 6 de marzo del 2025', 'text': 'En los últimos días, Quito ha registrado precipitaciones de variable intensidad. Esta situación ya estaba contemplada en la alerta meteorológica 13 del Inamhi para el 6 de marzo de 2025, con posibles fuertes lluvias y tormentas en la capital y alrededores, riesgo de inundaciones y deslizamientos.', 'source': 'El Universo', 'date': '2025-03-05', 'categoria': 'medio_ambiente'}, {'title': 'Lluvias dejan 16 fallecidos en Ecuador desde enero hasta 5 de marzo de 2025', 'text': 'La Secretaría de Gestión de Riesgos reportó 16 fallecidos por lluvias desde el 1 de enero hasta el 5 de marzo de 2025. Las provincias más afectadas incluyen Guayas y Manabí con inundaciones y deslizamientos; se detallan damnificados, viviendas destruidas y coordinación de respuesta nacional.', 'source': 'El Comercio', 'date': '2025-03-05', 'categoria': 'medio_ambiente'}, {'title': 'Noboa exige pago de prima por operación del campo Sacha', 'text': 'Se reportó la exigencia de un pago relacionado con la operación futura del campo Sacha, uno de los más productivos del país.', 'source': 'El Oriente', 'date': '2025-03-06', 'categoria': 'economia_finanzas'}, {'title': 'No solo se trata de monigotes: la histórica calle 6 de Marzo es una arteria comercial que generó $136,9 millones en ventas en 2025', 'text': 'La calle 6 de Marzo, ubicada en el centro de Guayaquil, no solo concentra un incesante movimiento comercial; también conmemora la fecha que redefinió el destino del Ecuador. La Cámara de Comercio de Guayaquil (CCG), presidida por Miguel Ángel González, estima que en el último año generó un movimiento aproximado de $136,9 millones, equivalente al 1,22 % de las ventas totales de la ciudad. Esta arteria es clave en el comercio informal y formal, con ventas impulsadas por fechas como Carnaval y actividades cotidianas. El informe destaca su importancia histórica y económica, más allá de las tradiciones de monigotes y quema de años viejos.', 'source': 'El Universo', 'date': '2025-03-06', 'categoria': 'economia_finanzas'}, {'title': 'Fuertes lluvias en Cuenca: El pronóstico del clima para este jueves 6 de marzo del 2025', 'text': 'En los últimos días, Cuenca ha registrado precipitaciones de variable intensidad. Esta situación ya estaba contemplada en la alerta meteorológica 13 para el 6 de marzo de 2025, con posibles fuertes lluvias y riesgos asociados en la Sierra sur.', 'source': 'El Universo', 'date': '2025-03-06', 'categoria': 'medio_ambiente'}, {'title': 'Fuertes lluvias en Guayaquil: El pronóstico del clima para este jueves 6 de marzo del 2025', 'text': 'En los últimos días, Guayaquil ha registrado intensas precipitaciones que han ocasionado inundaciones y afectaciones en varios sectores. El pronóstico para el 6 de marzo de 2025 incluye continuación de lluvias fuertes, en alerta meteorológica nacional.', 'source': 'El Universo', 'date': '2025-03-06', 'categoria': 'medio_ambiente'}, {'title': 'Fuertes lluvias y tormentas eléctricas en Ecuador: El pronóstico del clima para este jueves 6 de marzo del 2025', 'text': 'El Instituto Nacional de Meteorología e Hidrología (Inamhi) emitió su alerta meteorológica para este 6 de marzo de 2025, con fuertes lluvias y tormentas eléctricas en varias regiones del país. Se esperan precipitaciones intensas en la Costa (incluyendo Guayaquil con inundaciones previas), Sierra y Amazonía, con posibles deslizamientos y afectaciones en vías. El pronóstico incluye temperaturas estables pero alto riesgo de emergencias por invierno, en contexto de múltiples alertas climáticas durante el año.', 'source': 'El Universo', 'date': '2025-03-06', 'categoria': 'medio_ambiente'}, {'title': '¿Qué se conmemora este 6 de marzo?', 'text': 'Cada 6 de marzo se conmemora una efeméride y el aniversario de varios hechos históricos. Este día se celebra el Día Internacional del Escultor y se recuerda eventos clave en la historia ecuatoriana y mundial. La nota detalla aniversarios relevantes, incluyendo aspectos culturales y conmemorativos, en un contexto de efemérides nacionales como la importancia de la fecha en Guayaquil y el comercio asociado a tradiciones como la quema de monigotes.', 'source': 'El Universo', 'date': '2025-03-06', 'categoria': 'politica_gobierno'}, {'title': 'Ecuador y Canadá concretan acuerdo comercial', 'text': 'Se reportó el cierre de negociaciones de un acuerdo comercial con Canadá, en un contexto de agenda económica y seguridad.', 'source': 'Reuters', 'date': '2025-03-06', 'categoria': 'politica_gobierno'}, {'title': 'Noticiero 24 Horas: emisión matinal del 6 de marzo', 'text': 'Resumen de noticias nacionales del día, incluyendo decisiones políticas, seguridad y economía.', 'source': 'Teleamazonas', 'date': '2025-03-06', 'categoria': 'politica_gobierno'}, {'title': 'Televistazo 1PM | 6-3-2025', 'text': 'Entérese de las noticias de Ecuador y el mundo a través de su informativo Televistazo 1PM del 6 de marzo de 2025. El noticiero cubre temas locales como impactos de lluvias en regiones, agenda del gobierno de Daniel Noboa en seguridad y economía, así como internacionales (conflicto en Medio Oriente, aranceles regionales y otros). Incluye segmentos relacionados con invierno en Ecuador, operaciones policiales y actualizaciones diarias.', 'source': 'Ecuavisa', 'date': '2025-03-06', 'categoria': 'seguridad_crimen'}, {'title': 'Televistazo en la Comunidad Guayaquil | 06-03-2025', 'text': 'Televistazo en la Comunidad Guayaquil del 6 de marzo de 2025 cubre noticias locales destacadas: Moisés Caicedo se despidió de Enzo Maresca en el fútbol internacional, y un sismo de 6,5 grados se registró el viernes previo. Incluye segmentos comunitarios sobre Guayaquil, agenda de seguridad, clima y eventos cotidianos en la ciudad, con enfoque en impactos regionales.', 'source': 'Ecuavisa', 'date': '2025-03-06', 'categoria': 'seguridad_crimen'}, {'title': 'Noboa busca mandato completo con agenda de seguridad y retos energéticos', 'text': 'Cobertura internacional destacó la campaña con énfasis en crimen organizado, medidas de seguridad y retos energéticos.', 'source': 'Reuters', 'date': '2025-03-06', 'categoria': 'seguridad_crimen'}, {'title': 'Debate regional por racionamientos y vulnerabilidad del sistema eléctrico', 'text': 'Persistió la discusión sobre la vulnerabilidad del sistema eléctrico frente a sequías y demanda, así como medidas operativas.', 'source': 'Associated Press', 'date': '2025-03-06', 'categoria': 'servicios_basicos'}, {'title': 'Noboa: Ecuador no recibirá migrantes deportados de otras nacionalidades', 'text': 'El presidente Daniel Noboa señaló que Ecuador no aceptará migrantes deportados de terceros países; el pronunciamiento se dio en el contexto regional sobre retornos y tensiones diplomáticas.', 'source': 'Reuters', 'date': '2025-03-09', 'categoria': 'politica_gobierno'}, {'title': 'Coyuntura nacional: seguridad, economía y gestión pública marcan agenda', 'text': 'Coberturas locales destacaron la evolución de indicadores económicos y el impacto de decisiones públicas en hogares y sectores productivos.', 'source': 'El Comercio', 'date': '2025-03-10', 'categoria': 'economia_finanzas'}, {'title': 'Ecuador reitera que no recibirá migrantes extranjeros deportados', 'text': 'Medios locales retomaron el anuncio del Ejecutivo y sus implicaciones para política migratoria, gestión fronteriza y coordinación con países de la región.', 'source': 'El Oriente', 'date': '2025-03-10', 'categoria': 'politica_gobierno'}, {'title': 'Noticiero 24 Horas: resumen nacional del 10 de marzo', 'text': 'El informativo recopiló hechos del día vinculados a seguridad, gestión pública y temas sociales que afectaron actividades y servicios en distintas provincias.', 'source': 'Teleamazonas', 'date': '2025-03-10', 'categoria': 'riesgo_pais_calidad_vida'}]","[{'title': '20 de abril del 2005: Cayó Lucio Gutiérrez; Alfredo Palacio, presidente', 'text': 'El 20 de abril de 2005 culminó una profunda crisis política en Ecuador con la salida del presidente Lucio Gutiérrez. En los días previos, el gobierno enfrentó protestas masivas, rechazo ciudadano y pérdida progresiva de respaldo institucional. El decreto de estado de emergencia y las tensiones con la Corte Suprema intensificaron el conflicto. Sectores de las Fuerzas Armadas y de la Policía evitaron intervenir contra los manifestantes. Ante la presión social y política, Gutiérrez abandonó el poder y el vicepresidente Alfredo Palacio asumió la Presidencia de la República en un contexto de alta inestabilidad.', 'source': 'El Universo', 'date': '2005-04-20', 'categoria': 'politica_gobierno'}, {'title': 'Comunicado del movimiento social sobre la formación de un nuevo marco de acción (Rebelión de los Forajidos, Ecuador 2005)', 'text': 'Comunicado de las organizaciones sociales y movimientos indígenas ecuatorianos publicado en Llacta.org en el contexto de la Rebelión de los Forajidos que culminó el 20 de abril de 2005. El texto indica que se ha formado un nuevo frente de acción social articulado para responder a la crisis política y la pérdida de legitimidad del gobierno de Lucio Gutiérrez. Enmarca la caída del presidente como resultado de la movilización ciudadana y llama a mantener la ocupación de espacios de participación y protesta pacífica. El comunicado enfatiza la unidad de los sectores populares y la necesidad de protección de derechos civiles en Ecuador durante la transición de poder.', 'source': 'Llacta.org', 'date': '2005-04-20', 'categoria': 'politica_gobierno'}, {'title': 'Ecuador Congress ousts president', 'text': ' El Congreso ecuatoriano destituyó al presidente Lucio Gutiérrez en medio de protestas masivas en Quito. La legislatura designó a Alfredo Palacio como nuevo jefe de Estado mientras las Fuerzas Armadas retiraban su respaldo a Gutiérrez. La salida se dio tras días de enfrentamientos, acusaciones de autoritarismo y crisis institucional, con tensión en calles, aeropuerto y sedes de gobierno.', 'source': 'Al Jazeera', 'date': '2005-04-21', 'categoria': 'politica_gobierno'}, {'title': 'Alfredo Palacio juró su cargo como presidente de Ecuador tras la destitución de Lucio Gutiérrez', 'text': 'El vicepresidente Alfredo Palacio juró como nuevo presidente de Ecuador tras la destitución de Lucio Gutiérrez en medio de una grave crisis política y social. La salida de Gutiérrez del poder se produjo luego de intensas protestas ciudadanas y de la pérdida de apoyo institucional, especialmente de las Fuerzas Armadas. Tras su destitución, Gutiérrez solicitó asilo político al Gobierno de Brasil desde la embajada de ese país en Quito. El artículo informa sobre el proceso de sucesión presidencial, el contexto de inestabilidad que rodeó el cambio de mando y los primeros desafíos que enfrentó el nuevo gobierno en un escenario marcado por la desconfianza ciudadana y la fragilidad institucional.', 'source': 'El Confidencial', 'date': '2005-04-21', 'categoria': 'politica_gobierno'}, {'title': 'Ecuador president thrown out of office', 'text': ' Tras intensas manifestaciones, el parlamento removió a Lucio Gutiérrez. Se reportaron disturbios, uso de gases lacrimógenos y víctimas durante las protestas. Las autoridades avanzaron con medidas legales y cambios de mando, y el vicepresidente Alfredo Palacio fue proclamado para conducir una transición.', 'source': 'The Guardian', 'date': '2005-04-21', 'categoria': 'politica_gobierno'}, {'title': 'Ecuador: no light at the end of the tunnel', 'text': ' Alfredo Palacio asumió formalmente la presidencia y anunció un gabinete técnico con la intención de estabilizar el país tras la caída de Gutiérrez. El artículo describe el rol de las Fuerzas Armadas, el ambiente de incertidumbre y las presiones sociales e institucionales que mantenían la crisis abierta.', 'source': 'MercoPress', 'date': '2005-04-22', 'categoria': 'politica_gobierno'}, {'title': 'Ecuador: no light at the end of the tunnel', 'text': ' Alfredo Palacio asumió formalmente la presidencia y anunció un gabinete técnico con la intención de estabilizar el país tras la caída de Gutiérrez. El artículo describe el rol de las Fuerzas Armadas, el ambiente de incertidumbre y las presiones sociales e institucionales.', 'source': 'MercoPress', 'date': '2005-04-22', 'categoria': 'politica_gobierno'}, {'title': 'Alfredo Palacio asume la presidencia de Ecuador y anuncia reformas profundas', 'text': ' Crónica sobre la posesión de Alfredo Palacio tras la destitución de Lucio Gutiérrez. Se menciona el rechazo ciudadano, el impacto de las protestas y la decisión militar. Palacio inicia con decretos para nombrar ministros y plantea un giro de reformas para recuperar gobernabilidad.', 'source': 'Última Hora (EFE)', 'date': '2005-04-22', 'categoria': 'politica_gobierno'}]"
156,111,2025-03-06,2022-06-16,0.917262907970308,8,0.680158793926239,ok,"economia_finanzas, medio_ambiente, politica_gobierno, riesgo_pais_calidad_vida, seguridad_crimen, servicios_basicos","economia_finanzas, politica_gobierno, riesgo_pais_calidad_vida, seguridad_crimen",20,8,"[{'title': '¿Cuántos feriados hay en marzo de 2025 en Ecuador?', 'text': 'Ecuador disfrutará este 3 y 4 de marzo del único feriado previsto para el tercer mes del año; corresponde a las fiestas por Carnaval. Se detallan traslados y otros asuetos del año.', 'source': 'El Comercio', 'date': '2025-03-02', 'categoria': 'politica_gobierno'}, {'title': 'Televistazo 1PM | 3-6-2025', 'text': 'Entérese de las noticias de Ecuador y el mundo a través de su informativo Televistazo 1PM del 3 de marzo de 2025. Cubre temas de agenda gubernamental de Daniel Noboa, impactos iniciales del invierno y actualizaciones económicas.', 'source': 'Ecuavisa', 'date': '2025-03-03', 'categoria': 'politica_gobierno'}, {'title': 'Fuertes lluvias en Quito: El pronóstico del clima para este jueves 6 de marzo del 2025', 'text': 'En los últimos días, Quito ha registrado precipitaciones de variable intensidad. Esta situación ya estaba contemplada en la alerta meteorológica 13 del Inamhi para el 6 de marzo de 2025, con posibles fuertes lluvias y tormentas en la capital y alrededores, riesgo de inundaciones y deslizamientos.', 'source': 'El Universo', 'date': '2025-03-05', 'categoria': 'medio_ambiente'}, {'title': 'Lluvias dejan 16 fallecidos en Ecuador desde enero hasta 5 de marzo de 2025', 'text': 'La Secretaría de Gestión de Riesgos reportó 16 fallecidos por lluvias desde el 1 de enero hasta el 5 de marzo de 2025. Las provincias más afectadas incluyen Guayas y Manabí con inundaciones y deslizamientos; se detallan damnificados, viviendas destruidas y coordinación de respuesta nacional.', 'source': 'El Comercio', 'date': '2025-03-05', 'categoria': 'medio_ambiente'}, {'title': 'Noboa exige pago de prima por operación del campo Sacha', 'text': 'Se reportó la exigencia de un pago relacionado con la operación futura del campo Sacha, uno de los más productivos del país.', 'source': 'El Oriente', 'date': '2025-03-06', 'categoria': 'economia_finanzas'}, {'title': 'No solo se trata de monigotes: la histórica calle 6 de Marzo es una arteria comercial que generó $136,9 millones en ventas en 2025', 'text': 'La calle 6 de Marzo, ubicada en el centro de Guayaquil, no solo concentra un incesante movimiento comercial; también conmemora la fecha que redefinió el destino del Ecuador. La Cámara de Comercio de Guayaquil (CCG), presidida por Miguel Ángel González, estima que en el último año generó un movimiento aproximado de $136,9 millones, equivalente al 1,22 % de las ventas totales de la ciudad. Esta arteria es clave en el comercio informal y formal, con ventas impulsadas por fechas como Carnaval y actividades cotidianas. El informe destaca su importancia histórica y económica, más allá de las tradiciones de monigotes y quema de años viejos.', 'source': 'El Universo', 'date': '2025-03-06', 'categoria': 'economia_finanzas'}, {'title': 'Fuertes lluvias en Cuenca: El pronóstico del clima para este jueves 6 de marzo del 2025', 'text': 'En los últimos días, Cuenca ha registrado precipitaciones de variable intensidad. Esta situación ya estaba contemplada en la alerta meteorológica 13 para el 6 de marzo de 2025, con posibles fuertes lluvias y riesgos asociados en la Sierra sur.', 'source': 'El Universo', 'date': '2025-03-06', 'categoria': 'medio_ambiente'}, {'title': 'Fuertes lluvias en Guayaquil: El pronóstico del clima para este jueves 6 de marzo del 2025', 'text': 'En los últimos días, Guayaquil ha registrado intensas precipitaciones que han ocasionado inundaciones y afectaciones en varios sectores. El pronóstico para el 6 de marzo de 2025 incluye continuación de lluvias fuertes, en alerta meteorológica nacional.', 'source': 'El Universo', 'date': '2025-03-06', 'categoria': 'medio_ambiente'}, {'title': 'Fuertes lluvias y tormentas eléctricas en Ecuador: El pronóstico del clima para este jueves 6 de marzo del 2025', 'text': 'El Instituto Nacional de Meteorología e Hidrología (Inamhi) emitió su alerta meteorológica para este 6 de marzo de 2025, con fuertes lluvias y tormentas eléctricas en varias regiones del país. Se esperan precipitaciones intensas en la Costa (incluyendo Guayaquil con inundaciones previas), Sierra y Amazonía, con posibles deslizamientos y afectaciones en vías. El pronóstico incluye temperaturas estables pero alto riesgo de emergencias por invierno, en contexto de múltiples alertas climáticas durante el año.', 'source': 'El Universo', 'date': '2025-03-06', 'categoria': 'medio_ambiente'}, {'title': '¿Qué se conmemora este 6 de marzo?', 'text': 'Cada 6 de marzo se conmemora una efeméride y el aniversario de varios hechos históricos. Este día se celebra el Día Internacional del Escultor y se recuerda eventos clave en la historia ecuatoriana y mundial. La nota detalla aniversarios relevantes, incluyendo aspectos culturales y conmemorativos, en un contexto de efemérides nacionales como la importancia de la fecha en Guayaquil y el comercio asociado a tradiciones como la quema de monigotes.', 'source': 'El Universo', 'date': '2025-03-06', 'categoria': 'politica_gobierno'}, {'title': 'Ecuador y Canadá concretan acuerdo comercial', 'text': 'Se reportó el cierre de negociaciones de un acuerdo comercial con Canadá, en un contexto de agenda económica y seguridad.', 'source': 'Reuters', 'date': '2025-03-06', 'categoria': 'politica_gobierno'}, {'title': 'Noticiero 24 Horas: emisión matinal del 6 de marzo', 'text': 'Resumen de noticias nacionales del día, incluyendo decisiones políticas, seguridad y economía.', 'source': 'Teleamazonas', 'date': '2025-03-06', 'categoria': 'politica_gobierno'}, {'title': 'Televistazo 1PM | 6-3-2025', 'text': 'Entérese de las noticias de Ecuador y el mundo a través de su informativo Televistazo 1PM del 6 de marzo de 2025. El noticiero cubre temas locales como impactos de lluvias en regiones, agenda del gobierno de Daniel Noboa en seguridad y economía, así como internacionales (conflicto en Medio Oriente, aranceles regionales y otros). Incluye segmentos relacionados con invierno en Ecuador, operaciones policiales y actualizaciones diarias.', 'source': 'Ecuavisa', 'date': '2025-03-06', 'categoria': 'seguridad_crimen'}, {'title': 'Televistazo en la Comunidad Guayaquil | 06-03-2025', 'text': 'Televistazo en la Comunidad Guayaquil del 6 de marzo de 2025 cubre noticias locales destacadas: Moisés Caicedo se despidió de Enzo Maresca en el fútbol internacional, y un sismo de 6,5 grados se registró el viernes previo. Incluye segmentos comunitarios sobre Guayaquil, agenda de seguridad, clima y eventos cotidianos en la ciudad, con enfoque en impactos regionales.', 'source': 'Ecuavisa', 'date': '2025-03-06', 'categoria': 'seguridad_crimen'}, {'title': 'Noboa busca mandato completo con agenda de seguridad y retos energéticos', 'text': 'Cobertura internacional destacó la campaña con énfasis en crimen organizado, medidas de seguridad y retos energéticos.', 'source': 'Reuters', 'date': '2025-03-06', 'categoria': 'seguridad_crimen'}, {'title': 'Debate regional por racionamientos y vulnerabilidad del sistema eléctrico', 'text': 'Persistió la discusión sobre la vulnerabilidad del sistema eléctrico frente a sequías y demanda, así como medidas operativas.', 'source': 'Associated Press', 'date': '2025-03-06', 'categoria': 'servicios_basicos'}, {'title': 'Noboa: Ecuador no recibirá migrantes deportados de otras nacionalidades', 'text': 'El presidente Daniel Noboa señaló que Ecuador no aceptará migrantes deportados de terceros países; el pronunciamiento se dio en el contexto regional sobre retornos y tensiones diplomáticas.', 'source': 'Reuters', 'date': '2025-03-09', 'categoria': 'politica_gobierno'}, {'title': 'Coyuntura nacional: seguridad, economía y gestión pública marcan agenda', 'text': 'Coberturas locales destacaron la evolución de indicadores económicos y el impacto de decisiones públicas en hogares y sectores productivos.', 'source': 'El Comercio', 'date': '2025-03-10', 'categoria': 'economia_finanzas'}, {'title': 'Ecuador reitera que no recibirá migrantes extranjeros deportados', 'text': 'Medios locales retomaron el anuncio del Ejecutivo y sus implicaciones para política migratoria, gestión fronteriza y coordinación con países de la región.', 'source': 'El Oriente', 'date': '2025-03-10', 'categoria': 'politica_gobierno'}, {'title': 'Noticiero 24 Horas: resumen nacional del 10 de marzo', 'text': 'El informativo recopiló hechos del día vinculados a seguridad, gestión pública y temas sociales que afectaron actividades y servicios en distintas provincias.', 'source': 'Teleamazonas', 'date': '2025-03-10', 'categoria': 'riesgo_pais_calidad_vida'}]","[{'title': 'Paro nacional indígena en Ecuador junio 2022 contra Lasso', 'text': 'CONAIE inicia paro nacional en junio 2022 contra políticas de Lasso (subsidios, precios). Bloqueos en carreteras y protestas en Quito; gobierno declara estado de excepción en provincias.', 'source': 'El Universo', 'date': '2022-06-16', 'categoria': 'politica_gobierno'}, {'title': 'Paro nacional se intensifica en varias provincias', 'text': 'CONAIE inicia paro nacional en junio 2022 contra políticas de Lasso (subsidios, precios). Bloqueos en carreteras y protestas en Quito; gobierno declara estado de excepción en provincias.', 'source': 'El Universo', 'date': '2022-06-16', 'categoria': 'politica_gobierno'}, {'title': 'Paro nacional indígena en Ecuador junio 2022 contra Lasso', 'text': 'El paro convocado por organizaciones sociales se intensificó con bloqueos y marchas.', 'source': 'El Universo', 'date': '2022-06-16', 'categoria': 'politica_gobierno'}, {'title': 'Paro nacional se intensifica en varias provincias', 'text': 'El paro convocado por organizaciones sociales se intensificó con bloqueos y marchas.', 'source': 'El Universo', 'date': '2022-06-16', 'categoria': 'politica_gobierno'}, {'title': 'Bloqueos generan problemas de seguridad vial', 'text': 'Las protestas provocaron cierres de carreteras y afectaciones al transporte.', 'source': 'El Comercio', 'date': '2022-06-16', 'categoria': 'seguridad_crimen'}, {'title': 'Escasez de productos preocupa a mercados', 'text': 'El desabastecimiento de alimentos afectó a mercados y hogares.', 'source': 'El Universo', 'date': '2022-06-17', 'categoria': 'riesgo_pais_calidad_vida'}, {'title': 'Producción petrolera cae por bloqueos', 'text': 'Los bloqueos afectaron campos y transporte de crudo.', 'source': 'El Comercio', 'date': '2022-06-18', 'categoria': 'economia_finanzas'}, {'title': 'Ecuador informa a la comunidad internacional sobre crisis', 'text': 'El Gobierno comunicó a organismos internacionales el impacto del paro.', 'source': 'El Universo', 'date': '2022-06-19', 'categoria': 'politica_gobierno'}]"
156,59,2025-03-06,2014-11-04,0.9142520452516072,9,0.39359790086746216,ok,"economia_finanzas, medio_ambiente, politica_gobierno, riesgo_pais_calidad_vida, seguridad_crimen, servicios_basicos","economia_finanzas, seguridad_crimen, servicios_basicos",20,4,"[{'title': '¿Cuántos feriados hay en marzo de 2025 en Ecuador?', 'text': 'Ecuador disfrutará este 3 y 4 de marzo del único feriado previsto para el tercer mes del año; corresponde a las fiestas por Carnaval. Se detallan traslados y otros asuetos del año.', 'source': 'El Comercio', 'date': '2025-03-02', 'categoria': 'politica_gobierno'}, {'title': 'Televistazo 1PM | 3-6-2025', 'text': 'Entérese de las noticias de Ecuador y el mundo a través de su informativo Televistazo 1PM del 3 de marzo de 2025. Cubre temas de agenda gubernamental de Daniel Noboa, impactos iniciales del invierno y actualizaciones económicas.', 'source': 'Ecuavisa', 'date': '2025-03-03', 'categoria': 'politica_gobierno'}, {'title': 'Fuertes lluvias en Quito: El pronóstico del clima para este jueves 6 de marzo del 2025', 'text': 'En los últimos días, Quito ha registrado precipitaciones de variable intensidad. Esta situación ya estaba contemplada en la alerta meteorológica 13 del Inamhi para el 6 de marzo de 2025, con posibles fuertes lluvias y tormentas en la capital y alrededores, riesgo de inundaciones y deslizamientos.', 'source': 'El Universo', 'date': '2025-03-05', 'categoria': 'medio_ambiente'}, {'title': 'Lluvias dejan 16 fallecidos en Ecuador desde enero hasta 5 de marzo de 2025', 'text': 'La Secretaría de Gestión de Riesgos reportó 16 fallecidos por lluvias desde el 1 de enero hasta el 5 de marzo de 2025. Las provincias más afectadas incluyen Guayas y Manabí con inundaciones y deslizamientos; se detallan damnificados, viviendas destruidas y coordinación de respuesta nacional.', 'source': 'El Comercio', 'date': '2025-03-05', 'categoria': 'medio_ambiente'}, {'title': 'Noboa exige pago de prima por operación del campo Sacha', 'text': 'Se reportó la exigencia de un pago relacionado con la operación futura del campo Sacha, uno de los más productivos del país.', 'source': 'El Oriente', 'date': '2025-03-06', 'categoria': 'economia_finanzas'}, {'title': 'No solo se trata de monigotes: la histórica calle 6 de Marzo es una arteria comercial que generó $136,9 millones en ventas en 2025', 'text': 'La calle 6 de Marzo, ubicada en el centro de Guayaquil, no solo concentra un incesante movimiento comercial; también conmemora la fecha que redefinió el destino del Ecuador. La Cámara de Comercio de Guayaquil (CCG), presidida por Miguel Ángel González, estima que en el último año generó un movimiento aproximado de $136,9 millones, equivalente al 1,22 % de las ventas totales de la ciudad. Esta arteria es clave en el comercio informal y formal, con ventas impulsadas por fechas como Carnaval y actividades cotidianas. El informe destaca su importancia histórica y económica, más allá de las tradiciones de monigotes y quema de años viejos.', 'source': 'El Universo', 'date': '2025-03-06', 'categoria': 'economia_finanzas'}, {'title': 'Fuertes lluvias en Cuenca: El pronóstico del clima para este jueves 6 de marzo del 2025', 'text': 'En los últimos días, Cuenca ha registrado precipitaciones de variable intensidad. Esta situación ya estaba contemplada en la alerta meteorológica 13 para el 6 de marzo de 2025, con posibles fuertes lluvias y riesgos asociados en la Sierra sur.', 'source': 'El Universo', 'date': '2025-03-06', 'categoria': 'medio_ambiente'}, {'title': 'Fuertes lluvias en Guayaquil: El pronóstico del clima para este jueves 6 de marzo del 2025', 'text': 'En los últimos días, Guayaquil ha registrado intensas precipitaciones que han ocasionado inundaciones y afectaciones en varios sectores. El pronóstico para el 6 de marzo de 2025 incluye continuación de lluvias fuertes, en alerta meteorológica nacional.', 'source': 'El Universo', 'date': '2025-03-06', 'categoria': 'medio_ambiente'}, {'title': 'Fuertes lluvias y tormentas eléctricas en Ecuador: El pronóstico del clima para este jueves 6 de marzo del 2025', 'text': 'El Instituto Nacional de Meteorología e Hidrología (Inamhi) emitió su alerta meteorológica para este 6 de marzo de 2025, con fuertes lluvias y tormentas eléctricas en varias regiones del país. Se esperan precipitaciones intensas en la Costa (incluyendo Guayaquil con inundaciones previas), Sierra y Amazonía, con posibles deslizamientos y afectaciones en vías. El pronóstico incluye temperaturas estables pero alto riesgo de emergencias por invierno, en contexto de múltiples alertas climáticas durante el año.', 'source': 'El Universo', 'date': '2025-03-06', 'categoria': 'medio_ambiente'}, {'title': '¿Qué se conmemora este 6 de marzo?', 'text': 'Cada 6 de marzo se conmemora una efeméride y el aniversario de varios hechos históricos. Este día se celebra el Día Internacional del Escultor y se recuerda eventos clave en la historia ecuatoriana y mundial. La nota detalla aniversarios relevantes, incluyendo aspectos culturales y conmemorativos, en un contexto de efemérides nacionales como la importancia de la fecha en Guayaquil y el comercio asociado a tradiciones como la quema de monigotes.', 'source': 'El Universo', 'date': '2025-03-06', 'categoria': 'politica_gobierno'}, {'title': 'Ecuador y Canadá concretan acuerdo comercial', 'text': 'Se reportó el cierre de negociaciones de un acuerdo comercial con Canadá, en un contexto de agenda económica y seguridad.', 'source': 'Reuters', 'date': '2025-03-06', 'categoria': 'politica_gobierno'}, {'title': 'Noticiero 24 Horas: emisión matinal del 6 de marzo', 'text': 'Resumen de noticias nacionales del día, incluyendo decisiones políticas, seguridad y economía.', 'source': 'Teleamazonas', 'date': '2025-03-06', 'categoria': 'politica_gobierno'}, {'title': 'Televistazo 1PM | 6-3-2025', 'text': 'Entérese de las noticias de Ecuador y el mundo a través de su informativo Televistazo 1PM del 6 de marzo de 2025. El noticiero cubre temas locales como impactos de lluvias en regiones, agenda del gobierno de Daniel Noboa en seguridad y economía, así como internacionales (conflicto en Medio Oriente, aranceles regionales y otros). Incluye segmentos relacionados con invierno en Ecuador, operaciones policiales y actualizaciones diarias.', 'source': 'Ecuavisa', 'date': '2025-03-06', 'categoria': 'seguridad_crimen'}, {'title': 'Televistazo en la Comunidad Guayaquil | 06-03-2025', 'text': 'Televistazo en la Comunidad Guayaquil del 6 de marzo de 2025 cubre noticias locales destacadas: Moisés Caicedo se despidió de Enzo Maresca en el fútbol internacional, y un sismo de 6,5 grados se registró el viernes previo. Incluye segmentos comunitarios sobre Guayaquil, agenda de seguridad, clima y eventos cotidianos en la ciudad, con enfoque en impactos regionales.', 'source': 'Ecuavisa', 'date': '2025-03-06', 'categoria': 'seguridad_crimen'}, {'title': 'Noboa busca mandato completo con agenda de seguridad y retos energéticos', 'text': 'Cobertura internacional destacó la campaña con énfasis en crimen organizado, medidas de seguridad y retos energéticos.', 'source': 'Reuters', 'date': '2025-03-06', 'categoria': 'seguridad_crimen'}, {'title': 'Debate regional por racionamientos y vulnerabilidad del sistema eléctrico', 'text': 'Persistió la discusión sobre la vulnerabilidad del sistema eléctrico frente a sequías y demanda, así como medidas operativas.', 'source': 'Associated Press', 'date': '2025-03-06', 'categoria': 'servicios_basicos'}, {'title': 'Noboa: Ecuador no recibirá migrantes deportados de otras nacionalidades', 'text': 'El presidente Daniel Noboa señaló que Ecuador no aceptará migrantes deportados de terceros países; el pronunciamiento se dio en el contexto regional sobre retornos y tensiones diplomáticas.', 'source': 'Reuters', 'date': '2025-03-09', 'categoria': 'politica_gobierno'}, {'title': 'Coyuntura nacional: seguridad, economía y gestión pública marcan agenda', 'text': 'Coberturas locales destacaron la evolución de indicadores económicos y el impacto de decisiones públicas en hogares y sectores productivos.', 'source': 'El Comercio', 'date': '2025-03-10', 'categoria': 'economia_finanzas'}, {'title': 'Ecuador reitera que no recibirá migrantes extranjeros deportados', 'text': 'Medios locales retomaron el anuncio del Ejecutivo y sus implicaciones para política migratoria, gestión fronteriza y coordinación con países de la región.', 'source': 'El Oriente', 'date': '2025-03-10', 'categoria': 'politica_gobierno'}, {'title': 'Noticiero 24 Horas: resumen nacional del 10 de marzo', 'text': 'El informativo recopiló hechos del día vinculados a seguridad, gestión pública y temas sociales que afectaron actividades y servicios en distintas provincias.', 'source': 'Teleamazonas', 'date': '2025-03-10', 'categoria': 'riesgo_pais_calidad_vida'}]","[{'title': 'Transportistas protestan por precios de combustibles', 'text': 'Gremios de transporte realizaron protestas para exigir revisión de precios de combustibles y compensaciones estatales.', 'source': 'El Universo', 'date': '2014-11-04', 'categoria': 'economia_finanzas'}, {'title': 'Refuerzan controles de seguridad en frontera norte', 'text': 'Fuerzas Armadas intensificaron controles en la frontera norte ante alertas de seguridad y movimientos irregulares.', 'source': 'El Comercio', 'date': '2014-11-04', 'categoria': 'seguridad_crimen'}, {'title': 'Corte de agua afectó amplios sectores de Guayaquil', 'text': 'Trabajos en el sistema de bombeo dejaron sin agua potable a barrios del norte y centro de Guayaquil.', 'source': 'El Universo', 'date': '2014-11-06', 'categoria': 'servicios_basicos'}, {'title': 'Accidente ferroviario dejó heridos en la Sierra', 'text': 'Un tren turístico sufrió un accidente en la Sierra central, dejando varios heridos y suspensión temporal del servicio.', 'source': 'El Comercio', 'date': '2014-11-07', 'categoria': 'economia_finanzas'}]"
156,67,2025-03-06,2016-01-12,0.914046467002741,10,0.6202812790870667,ok,"economia_finanzas, medio_ambiente, politica_gobierno, riesgo_pais_calidad_vida, seguridad_crimen, servicios_basicos","economia_finanzas, medio_ambiente",20,3,"[{'title': '¿Cuántos feriados hay en marzo de 2025 en Ecuador?', 'text': 'Ecuador disfrutará este 3 y 4 de marzo del único feriado previsto para el tercer mes del año; corresponde a las fiestas por Carnaval. Se detallan traslados y otros asuetos del año.', 'source': 'El Comercio', 'date': '2025-03-02', 'categoria': 'politica_gobierno'}, {'title': 'Televistazo 1PM | 3-6-2025', 'text': 'Entérese de las noticias de Ecuador y el mundo a través de su informativo Televistazo 1PM del 3 de marzo de 2025. Cubre temas de agenda gubernamental de Daniel Noboa, impactos iniciales del invierno y actualizaciones económicas.', 'source': 'Ecuavisa', 'date': '2025-03-03', 'categoria': 'politica_gobierno'}, {'title': 'Fuertes lluvias en Quito: El pronóstico del clima para este jueves 6 de marzo del 2025', 'text': 'En los últimos días, Quito ha registrado precipitaciones de variable intensidad. Esta situación ya estaba contemplada en la alerta meteorológica 13 del Inamhi para el 6 de marzo de 2025, con posibles fuertes lluvias y tormentas en la capital y alrededores, riesgo de inundaciones y deslizamientos.', 'source': 'El Universo', 'date': '2025-03-05', 'categoria': 'medio_ambiente'}, {'title': 'Lluvias dejan 16 fallecidos en Ecuador desde enero hasta 5 de marzo de 2025', 'text': 'La Secretaría de Gestión de Riesgos reportó 16 fallecidos por lluvias desde el 1 de enero hasta el 5 de marzo de 2025. Las provincias más afectadas incluyen Guayas y Manabí con inundaciones y deslizamientos; se detallan damnificados, viviendas destruidas y coordinación de respuesta nacional.', 'source': 'El Comercio', 'date': '2025-03-05', 'categoria': 'medio_ambiente'}, {'title': 'Noboa exige pago de prima por operación del campo Sacha', 'text': 'Se reportó la exigencia de un pago relacionado con la operación futura del campo Sacha, uno de los más productivos del país.', 'source': 'El Oriente', 'date': '2025-03-06', 'categoria': 'economia_finanzas'}, {'title': 'No solo se trata de monigotes: la histórica calle 6 de Marzo es una arteria comercial que generó $136,9 millones en ventas en 2025', 'text': 'La calle 6 de Marzo, ubicada en el centro de Guayaquil, no solo concentra un incesante movimiento comercial; también conmemora la fecha que redefinió el destino del Ecuador. La Cámara de Comercio de Guayaquil (CCG), presidida por Miguel Ángel González, estima que en el último año generó un movimiento aproximado de $136,9 millones, equivalente al 1,22 % de las ventas totales de la ciudad. Esta arteria es clave en el comercio informal y formal, con ventas impulsadas por fechas como Carnaval y actividades cotidianas. El informe destaca su importancia histórica y económica, más allá de las tradiciones de monigotes y quema de años viejos.', 'source': 'El Universo', 'date': '2025-03-06', 'categoria': 'economia_finanzas'}, {'title': 'Fuertes lluvias en Cuenca: El pronóstico del clima para este jueves 6 de marzo del 2025', 'text': 'En los últimos días, Cuenca ha registrado precipitaciones de variable intensidad. Esta situación ya estaba contemplada en la alerta meteorológica 13 para el 6 de marzo de 2025, con posibles fuertes lluvias y riesgos asociados en la Sierra sur.', 'source': 'El Universo', 'date': '2025-03-06', 'categoria': 'medio_ambiente'}, {'title': 'Fuertes lluvias en Guayaquil: El pronóstico del clima para este jueves 6 de marzo del 2025', 'text': 'En los últimos días, Guayaquil ha registrado intensas precipitaciones que han ocasionado inundaciones y afectaciones en varios sectores. El pronóstico para el 6 de marzo de 2025 incluye continuación de lluvias fuertes, en alerta meteorológica nacional.', 'source': 'El Universo', 'date': '2025-03-06', 'categoria': 'medio_ambiente'}, {'title': 'Fuertes lluvias y tormentas eléctricas en Ecuador: El pronóstico del clima para este jueves 6 de marzo del 2025', 'text': 'El Instituto Nacional de Meteorología e Hidrología (Inamhi) emitió su alerta meteorológica para este 6 de marzo de 2025, con fuertes lluvias y tormentas eléctricas en varias regiones del país. Se esperan precipitaciones intensas en la Costa (incluyendo Guayaquil con inundaciones previas), Sierra y Amazonía, con posibles deslizamientos y afectaciones en vías. El pronóstico incluye temperaturas estables pero alto riesgo de emergencias por invierno, en contexto de múltiples alertas climáticas durante el año.', 'source': 'El Universo', 'date': '2025-03-06', 'categoria': 'medio_ambiente'}, {'title': '¿Qué se conmemora este 6 de marzo?', 'text': 'Cada 6 de marzo se conmemora una efeméride y el aniversario de varios hechos históricos. Este día se celebra el Día Internacional del Escultor y se recuerda eventos clave en la historia ecuatoriana y mundial. La nota detalla aniversarios relevantes, incluyendo aspectos culturales y conmemorativos, en un contexto de efemérides nacionales como la importancia de la fecha en Guayaquil y el comercio asociado a tradiciones como la quema de monigotes.', 'source': 'El Universo', 'date': '2025-03-06', 'categoria': 'politica_gobierno'}, {'title': 'Ecuador y Canadá concretan acuerdo comercial', 'text': 'Se reportó el cierre de negociaciones de un acuerdo comercial con Canadá, en un contexto de agenda económica y seguridad.', 'source': 'Reuters', 'date': '2025-03-06', 'categoria': 'politica_gobierno'}, {'title': 'Noticiero 24 Horas: emisión matinal del 6 de marzo', 'text': 'Resumen de noticias nacionales del día, incluyendo decisiones políticas, seguridad y economía.', 'source': 'Teleamazonas', 'date': '2025-03-06', 'categoria': 'politica_gobierno'}, {'title': 'Televistazo 1PM | 6-3-2025', 'text': 'Entérese de las noticias de Ecuador y el mundo a través de su informativo Televistazo 1PM del 6 de marzo de 2025. El noticiero cubre temas locales como impactos de lluvias en regiones, agenda del gobierno de Daniel Noboa en seguridad y economía, así como internacionales (conflicto en Medio Oriente, aranceles regionales y otros). Incluye segmentos relacionados con invierno en Ecuador, operaciones policiales y actualizaciones diarias.', 'source': 'Ecuavisa', 'date': '2025-03-06', 'categoria': 'seguridad_crimen'}, {'title': 'Televistazo en la Comunidad Guayaquil | 06-03-2025', 'text': 'Televistazo en la Comunidad Guayaquil del 6 de marzo de 2025 cubre noticias locales destacadas: Moisés Caicedo se despidió de Enzo Maresca en el fútbol internacional, y un sismo de 6,5 grados se registró el viernes previo. Incluye segmentos comunitarios sobre Guayaquil, agenda de seguridad, clima y eventos cotidianos en la ciudad, con enfoque en impactos regionales.', 'source': 'Ecuavisa', 'date': '2025-03-06', 'categoria': 'seguridad_crimen'}, {'title': 'Noboa busca mandato completo con agenda de seguridad y retos energéticos', 'text': 'Cobertura internacional destacó la campaña con énfasis en crimen organizado, medidas de seguridad y retos energéticos.', 'source': 'Reuters', 'date': '2025-03-06', 'categoria': 'seguridad_crimen'}, {'title': 'Debate regional por racionamientos y vulnerabilidad del sistema eléctrico', 'text': 'Persistió la discusión sobre la vulnerabilidad del sistema eléctrico frente a sequías y demanda, así como medidas operativas.', 'source': 'Associated Press', 'date': '2025-03-06', 'categoria': 'servicios_basicos'}, {'title': 'Noboa: Ecuador no recibirá migrantes deportados de otras nacionalidades', 'text': 'El presidente Daniel Noboa señaló que Ecuador no aceptará migrantes deportados de terceros países; el pronunciamiento se dio en el contexto regional sobre retornos y tensiones diplomáticas.', 'source': 'Reuters', 'date': '2025-03-09', 'categoria': 'politica_gobierno'}, {'title': 'Coyuntura nacional: seguridad, economía y gestión pública marcan agenda', 'text': 'Coberturas locales destacaron la evolución de indicadores económicos y el impacto de decisiones públicas en hogares y sectores productivos.', 'source': 'El Comercio', 'date': '2025-03-10', 'categoria': 'economia_finanzas'}, {'title': 'Ecuador reitera que no recibirá migrantes extranjeros deportados', 'text': 'Medios locales retomaron el anuncio del Ejecutivo y sus implicaciones para política migratoria, gestión fronteriza y coordinación con países de la región.', 'source': 'El Oriente', 'date': '2025-03-10', 'categoria': 'politica_gobierno'}, {'title': 'Noticiero 24 Horas: resumen nacional del 10 de marzo', 'text': 'El informativo recopiló hechos del día vinculados a seguridad, gestión pública y temas sociales que afectaron actividades y servicios en distintas provincias.', 'source': 'Teleamazonas', 'date': '2025-03-10', 'categoria': 'riesgo_pais_calidad_vida'}]","[{'title': 'Emergencias viales por lluvias en la Sierra', 'text': 'Deslizamientos y cierres viales se reportaron en provincias de la Sierra debido a las precipitaciones intensas.', 'source': 'El Comercio', 'date': '2016-01-12', 'categoria': 'economia_finanzas'}, {'title': 'Riesgo país de Ecuador sube por caída petróleo enero 2016', 'text': 'Riesgo país de Ecuador alcanza niveles altos en enero 2016 por caída del petróleo. Spreads en bonos soberanos suben; análisis de impacto en deuda y financiamiento.', 'source': 'El Universo', 'date': '2016-01-12', 'categoria': 'economia_finanzas'}, {'title': 'Lluvias provocan inundaciones en la Costa', 'text': 'Fuertes lluvias causaron desbordes de ríos e inundaciones en zonas rurales y urbanas de la región Costa.', 'source': 'El Universo', 'date': '2016-01-12', 'categoria': 'medio_ambiente'}]"
157,17,2025-03-28,2008-10-01,0.93167484836288,1,0.7104027271270752,ok,"economia_finanzas, medio_ambiente, politica_gobierno, seguridad_crimen","economia_finanzas, politica_gobierno, seguridad_crimen, servicios_basicos",7,9,"[{'title': 'Ecuador cierra febrero 2025 con tasa de empleo adecuado del 35,4%', 'text': 'La tasa de empleo adecuado subió a 35,4% en febrero de 2025, con informalidad bajando al 52,4%. El análisis destaca recuperación laboral post-pandemia, impacto de políticas gubernamentales y comparación con enero, en contexto de debate presidencial y agenda económica.', 'source': 'Primicias', 'date': '2025-03-26', 'categoria': 'economia_finanzas'}, {'title': 'Ruptura del SOTE derramó 25.116 barriles de petróleo en Esmeraldas', 'text': 'Un deslizamiento provocó la ruptura del oleoducto, afectando ríos, playas y áreas agrícolas; se activaron acciones de contención, monitoreo ambiental y asistencia a comunidades.', 'source': 'Reuters', 'date': '2025-03-26', 'categoria': 'medio_ambiente'}, {'title': 'Noboa anuncia reunión con Trump para tratar seguridad y agenda bilateral', 'text': 'El presidente Noboa informó que se reunirá con su homólogo de EE. UU. para abordar seguridad y asuntos bilaterales, en un contexto de violencia y cooperación internacional.', 'source': 'El Oriente', 'date': '2025-03-28', 'categoria': 'politica_gobierno'}, {'title': 'Tres grupos armados de Ecuador extendieron sus tentáculos', 'text': 'Reportes nacionales revisaron la expansión y dinámica de grupos armados y economías criminales, con impactos en seguridad, territorios y control de rutas.', 'source': 'La Hora', 'date': '2025-03-28', 'categoria': 'seguridad_crimen'}, {'title': 'Venezuela exporta más petróleo y Ecuador pierde mercado', 'text': 'Venezuela aumenta exportaciones de petróleo, afectando la cuota de mercado de Ecuador. La nota analiza impacto en ingresos fiscales, precios internacionales y estrategias del gobierno para mantener competitividad en el sector hidrocarburífero.', 'source': 'La Hora', 'date': '2025-03-31', 'categoria': 'economia_finanzas'}, {'title': 'Informe humanitario reporta afectaciones del derrame de petróleo en Esmeraldas', 'text': 'Se detallaron impactos del derrame en agua, salud, agricultura y medios de vida, así como necesidades y coordinación de respuesta en territorio.', 'source': 'ReliefWeb', 'date': '2025-04-02', 'categoria': 'medio_ambiente'}, {'title': 'Ecuador: Derrame de petróleo – Informe de Situación No. 1', 'text': 'Un reporte humanitario resumió daños, necesidades y respuesta institucional tras el derrame asociado a lluvias y deslizamiento, con afectación a agua, riego y medios de vida.', 'source': 'ReliefWeb', 'date': '2025-04-02', 'categoria': 'medio_ambiente'}]","[{'title': 'Corte de energía afectó varios cantones del Guayas', 'text': 'Una falla en el sistema eléctrico provocó cortes de energía en varios cantones del Guayas, afectando a miles de usuarios.', 'source': 'El Universo', 'date': '2008-09-27', 'categoria': 'servicios_basicos'}, {'title': ""Ecuador votes on president's powers"", 'text': ' Cobertura del referéndum constitucional en Ecuador, centrada en los cambios propuestos y sus implicaciones sobre el diseño institucional y el alcance del poder ejecutivo, en el contexto político regional y del proceso constituyente.', 'source': 'Al Jazeera', 'date': '2008-09-28', 'categoria': 'politica_gobierno'}, {'title': 'Ecuador referendum endorses new socialist constitution', 'text': ' Reporte sobre la aprobación en referéndum de la nueva Constitución ecuatoriana, destacando los principales cambios institucionales y sociales y el debate sobre el incremento de atribuciones del Ejecutivo, además de reacciones políticas posteriores.', 'source': 'The Guardian', 'date': '2008-09-29', 'categoria': 'politica_gobierno'}, {'title': 'Ecuador\'s Correa wins new powers in ""historic"" vote', 'text': ' Reuters informó que Rafael Correa obtuvo un amplio respaldo en el referéndum constitucional, lo que habilitó reformas y un rediseño institucional con mayor margen de maniobra para el Ejecutivo. Se mencionan resultados preliminares, narrativa de cambio político y comparación con procesos regionales.', 'source': 'Reuters', 'date': '2008-09-29', 'categoria': 'politica_gobierno'}, {'title': 'Ecuador tras pacto largo con EE.UU.', 'text': 'El Gobierno ecuatoriano analizó la continuidad de acuerdos comerciales con Estados Unidos en un contexto de crisis financiera internacional, evaluando impactos para exportaciones y relaciones bilaterales.', 'source': 'El Universo', 'date': '2008-10-01', 'categoria': 'economia_finanzas'}, {'title': 'Popular Correa embraces traditional, modern Ecuador', 'text': ' Perfil político de Rafael Correa tras la aprobación de la nueva Constitución, contrastando posturas sociales tradicionales con reformas institucionales, y describiendo el contexto de consolidación del proyecto político del oficialismo.', 'source': 'Reuters', 'date': '2008-10-01', 'categoria': 'politica_gobierno'}, {'title': 'Asalto armado a bus urbano dejó heridos en Quito', 'text': 'Un asalto armado a un bus de transporte urbano dejó pasajeros heridos en el sur de Quito, generando operativos policiales.', 'source': 'El Universo', 'date': '2008-10-02', 'categoria': 'seguridad_crimen'}, {'title': 'Ecuador rethinks oil strategy', 'text': ' Análisis sobre el replanteamiento de la estrategia petrolera ecuatoriana, con mayor regulación y escrutinio a inversionistas, y el peso del petróleo en ingresos fiscales y exportaciones en medio de volatilidad de precios.', 'source': 'UPI', 'date': '2008-10-03', 'categoria': 'economia_finanzas'}, {'title': 'Policía investiga secuestro en Los Ríos', 'text': 'Autoridades investigan el secuestro de un comerciante en la provincia de Los Ríos, reforzando controles de seguridad.', 'source': 'El Universo', 'date': '2008-10-06', 'categoria': 'seguridad_crimen'}]"
157,16,2025-03-28,2008-09-29,0.921073325941224,2,0.7124834060668945,ok,"economia_finanzas, medio_ambiente, politica_gobierno, seguridad_crimen","economia_finanzas, politica_gobierno, seguridad_crimen, servicios_basicos",7,8,"[{'title': 'Ecuador cierra febrero 2025 con tasa de empleo adecuado del 35,4%', 'text': 'La tasa de empleo adecuado subió a 35,4% en febrero de 2025, con informalidad bajando al 52,4%. El análisis destaca recuperación laboral post-pandemia, impacto de políticas gubernamentales y comparación con enero, en contexto de debate presidencial y agenda económica.', 'source': 'Primicias', 'date': '2025-03-26', 'categoria': 'economia_finanzas'}, {'title': 'Ruptura del SOTE derramó 25.116 barriles de petróleo en Esmeraldas', 'text': 'Un deslizamiento provocó la ruptura del oleoducto, afectando ríos, playas y áreas agrícolas; se activaron acciones de contención, monitoreo ambiental y asistencia a comunidades.', 'source': 'Reuters', 'date': '2025-03-26', 'categoria': 'medio_ambiente'}, {'title': 'Noboa anuncia reunión con Trump para tratar seguridad y agenda bilateral', 'text': 'El presidente Noboa informó que se reunirá con su homólogo de EE. UU. para abordar seguridad y asuntos bilaterales, en un contexto de violencia y cooperación internacional.', 'source': 'El Oriente', 'date': '2025-03-28', 'categoria': 'politica_gobierno'}, {'title': 'Tres grupos armados de Ecuador extendieron sus tentáculos', 'text': 'Reportes nacionales revisaron la expansión y dinámica de grupos armados y economías criminales, con impactos en seguridad, territorios y control de rutas.', 'source': 'La Hora', 'date': '2025-03-28', 'categoria': 'seguridad_crimen'}, {'title': 'Venezuela exporta más petróleo y Ecuador pierde mercado', 'text': 'Venezuela aumenta exportaciones de petróleo, afectando la cuota de mercado de Ecuador. La nota analiza impacto en ingresos fiscales, precios internacionales y estrategias del gobierno para mantener competitividad en el sector hidrocarburífero.', 'source': 'La Hora', 'date': '2025-03-31', 'categoria': 'economia_finanzas'}, {'title': 'Informe humanitario reporta afectaciones del derrame de petróleo en Esmeraldas', 'text': 'Se detallaron impactos del derrame en agua, salud, agricultura y medios de vida, así como necesidades y coordinación de respuesta en territorio.', 'source': 'ReliefWeb', 'date': '2025-04-02', 'categoria': 'medio_ambiente'}, {'title': 'Ecuador: Derrame de petróleo – Informe de Situación No. 1', 'text': 'Un reporte humanitario resumió daños, necesidades y respuesta institucional tras el derrame asociado a lluvias y deslizamiento, con afectación a agua, riego y medios de vida.', 'source': 'ReliefWeb', 'date': '2025-04-02', 'categoria': 'medio_ambiente'}]","[{'title': 'Corte de energía afectó varios cantones del Guayas', 'text': 'Una falla en el sistema eléctrico provocó cortes de energía en varios cantones del Guayas, afectando a miles de usuarios.', 'source': 'El Universo', 'date': '2008-09-27', 'categoria': 'servicios_basicos'}, {'title': ""Ecuador votes on president's powers"", 'text': ' Cobertura del referéndum constitucional en Ecuador, centrada en los cambios propuestos y sus implicaciones sobre el diseño institucional y el alcance del poder ejecutivo, en el contexto político regional y del proceso constituyente.', 'source': 'Al Jazeera', 'date': '2008-09-28', 'categoria': 'politica_gobierno'}, {'title': 'Ecuador referendum endorses new socialist constitution', 'text': ' Reporte sobre la aprobación en referéndum de la nueva Constitución ecuatoriana, destacando los principales cambios institucionales y sociales y el debate sobre el incremento de atribuciones del Ejecutivo, además de reacciones políticas posteriores.', 'source': 'The Guardian', 'date': '2008-09-29', 'categoria': 'politica_gobierno'}, {'title': 'Ecuador\'s Correa wins new powers in ""historic"" vote', 'text': ' Reuters informó que Rafael Correa obtuvo un amplio respaldo en el referéndum constitucional, lo que habilitó reformas y un rediseño institucional con mayor margen de maniobra para el Ejecutivo. Se mencionan resultados preliminares, narrativa de cambio político y comparación con procesos regionales.', 'source': 'Reuters', 'date': '2008-09-29', 'categoria': 'politica_gobierno'}, {'title': 'Ecuador tras pacto largo con EE.UU.', 'text': 'El Gobierno ecuatoriano analizó la continuidad de acuerdos comerciales con Estados Unidos en un contexto de crisis financiera internacional, evaluando impactos para exportaciones y relaciones bilaterales.', 'source': 'El Universo', 'date': '2008-10-01', 'categoria': 'economia_finanzas'}, {'title': 'Popular Correa embraces traditional, modern Ecuador', 'text': ' Perfil político de Rafael Correa tras la aprobación de la nueva Constitución, contrastando posturas sociales tradicionales con reformas institucionales, y describiendo el contexto de consolidación del proyecto político del oficialismo.', 'source': 'Reuters', 'date': '2008-10-01', 'categoria': 'politica_gobierno'}, {'title': 'Asalto armado a bus urbano dejó heridos en Quito', 'text': 'Un asalto armado a un bus de transporte urbano dejó pasajeros heridos en el sur de Quito, generando operativos policiales.', 'source': 'El Universo', 'date': '2008-10-02', 'categoria': 'seguridad_crimen'}, {'title': 'Ecuador rethinks oil strategy', 'text': ' Análisis sobre el replanteamiento de la estrategia petrolera ecuatoriana, con mayor regulación y escrutinio a inversionistas, y el peso del petróleo en ingresos fiscales y exportaciones en medio de volatilidad de precios.', 'source': 'UPI', 'date': '2008-10-03', 'categoria': 'economia_finanzas'}]"
157,87,2025-03-28,2020-03-12,0.9138820765421128,3,0.5944318771362305,ok,"economia_finanzas, medio_ambiente, politica_gobierno, seguridad_crimen",politica_gobierno,7,1,"[{'title': 'Ecuador cierra febrero 2025 con tasa de empleo adecuado del 35,4%', 'text': 'La tasa de empleo adecuado subió a 35,4% en febrero de 2025, con informalidad bajando al 52,4%. El análisis destaca recuperación laboral post-pandemia, impacto de políticas gubernamentales y comparación con enero, en contexto de debate presidencial y agenda económica.', 'source': 'Primicias', 'date': '2025-03-26', 'categoria': 'economia_finanzas'}, {'title': 'Ruptura del SOTE derramó 25.116 barriles de petróleo en Esmeraldas', 'text': 'Un deslizamiento provocó la ruptura del oleoducto, afectando ríos, playas y áreas agrícolas; se activaron acciones de contención, monitoreo ambiental y asistencia a comunidades.', 'source': 'Reuters', 'date': '2025-03-26', 'categoria': 'medio_ambiente'}, {'title': 'Noboa anuncia reunión con Trump para tratar seguridad y agenda bilateral', 'text': 'El presidente Noboa informó que se reunirá con su homólogo de EE. UU. para abordar seguridad y asuntos bilaterales, en un contexto de violencia y cooperación internacional.', 'source': 'El Oriente', 'date': '2025-03-28', 'categoria': 'politica_gobierno'}, {'title': 'Tres grupos armados de Ecuador extendieron sus tentáculos', 'text': 'Reportes nacionales revisaron la expansión y dinámica de grupos armados y economías criminales, con impactos en seguridad, territorios y control de rutas.', 'source': 'La Hora', 'date': '2025-03-28', 'categoria': 'seguridad_crimen'}, {'title': 'Venezuela exporta más petróleo y Ecuador pierde mercado', 'text': 'Venezuela aumenta exportaciones de petróleo, afectando la cuota de mercado de Ecuador. La nota analiza impacto en ingresos fiscales, precios internacionales y estrategias del gobierno para mantener competitividad en el sector hidrocarburífero.', 'source': 'La Hora', 'date': '2025-03-31', 'categoria': 'economia_finanzas'}, {'title': 'Informe humanitario reporta afectaciones del derrame de petróleo en Esmeraldas', 'text': 'Se detallaron impactos del derrame en agua, salud, agricultura y medios de vida, así como necesidades y coordinación de respuesta en territorio.', 'source': 'ReliefWeb', 'date': '2025-04-02', 'categoria': 'medio_ambiente'}, {'title': 'Ecuador: Derrame de petróleo – Informe de Situación No. 1', 'text': 'Un reporte humanitario resumió daños, necesidades y respuesta institucional tras el derrame asociado a lluvias y deslizamiento, con afectación a agua, riego y medios de vida.', 'source': 'ReliefWeb', 'date': '2025-04-02', 'categoria': 'medio_ambiente'}]","[{'title': 'Ecuador declara emergencia sanitaria por COVID-19 12 marzo 2020', 'text': 'Gobierno declara emergencia sanitaria por COVID-19 el 12 marzo 2020 tras OMS pandemia. Medidas incluyen cuarentena, suspensión clases y eventos; inicio de confinamiento nacional.', 'source': 'El Comercio', 'date': '2020-03-12', 'categoria': 'politica_gobierno'}]"
157,114,2025-03-28,2022-06-28,0.9130219055424192,4,0.7122471928596497,ok,"economia_finanzas, medio_ambiente, politica_gobierno, seguridad_crimen","economia_finanzas, politica_gobierno, riesgo_pais_calidad_vida, seguridad_crimen",7,15,"[{'title': 'Ecuador cierra febrero 2025 con tasa de empleo adecuado del 35,4%', 'text': 'La tasa de empleo adecuado subió a 35,4% en febrero de 2025, con informalidad bajando al 52,4%. El análisis destaca recuperación laboral post-pandemia, impacto de políticas gubernamentales y comparación con enero, en contexto de debate presidencial y agenda económica.', 'source': 'Primicias', 'date': '2025-03-26', 'categoria': 'economia_finanzas'}, {'title': 'Ruptura del SOTE derramó 25.116 barriles de petróleo en Esmeraldas', 'text': 'Un deslizamiento provocó la ruptura del oleoducto, afectando ríos, playas y áreas agrícolas; se activaron acciones de contención, monitoreo ambiental y asistencia a comunidades.', 'source': 'Reuters', 'date': '2025-03-26', 'categoria': 'medio_ambiente'}, {'title': 'Noboa anuncia reunión con Trump para tratar seguridad y agenda bilateral', 'text': 'El presidente Noboa informó que se reunirá con su homólogo de EE. UU. para abordar seguridad y asuntos bilaterales, en un contexto de violencia y cooperación internacional.', 'source': 'El Oriente', 'date': '2025-03-28', 'categoria': 'politica_gobierno'}, {'title': 'Tres grupos armados de Ecuador extendieron sus tentáculos', 'text': 'Reportes nacionales revisaron la expansión y dinámica de grupos armados y economías criminales, con impactos en seguridad, territorios y control de rutas.', 'source': 'La Hora', 'date': '2025-03-28', 'categoria': 'seguridad_crimen'}, {'title': 'Venezuela exporta más petróleo y Ecuador pierde mercado', 'text': 'Venezuela aumenta exportaciones de petróleo, afectando la cuota de mercado de Ecuador. La nota analiza impacto en ingresos fiscales, precios internacionales y estrategias del gobierno para mantener competitividad en el sector hidrocarburífero.', 'source': 'La Hora', 'date': '2025-03-31', 'categoria': 'economia_finanzas'}, {'title': 'Informe humanitario reporta afectaciones del derrame de petróleo en Esmeraldas', 'text': 'Se detallaron impactos del derrame en agua, salud, agricultura y medios de vida, así como necesidades y coordinación de respuesta en territorio.', 'source': 'ReliefWeb', 'date': '2025-04-02', 'categoria': 'medio_ambiente'}, {'title': 'Ecuador: Derrame de petróleo – Informe de Situación No. 1', 'text': 'Un reporte humanitario resumió daños, necesidades y respuesta institucional tras el derrame asociado a lluvias y deslizamiento, con afectación a agua, riego y medios de vida.', 'source': 'ReliefWeb', 'date': '2025-04-02', 'categoria': 'medio_ambiente'}]","[{'title': 'Pérdidas económicas se acumulan por paro', 'text': 'Cámaras productivas estimaron millonarias pérdidas económicas.', 'source': 'El Universo', 'date': '2022-06-23', 'categoria': 'economia_finanzas'}, {'title': 'Paro nacional termina con acuerdo gobierno-CONAIE junio 2022', 'text': 'Paro nacional de 18 días termina el 24 de junio 2022 con acuerdo entre gobierno Lasso y CONAIE. Incluye compromisos sobre subsidios, precios y diálogo; se levantan bloqueos tras mediación.', 'source': 'El Comercio', 'date': '2022-06-24', 'categoria': 'politica_gobierno'}, {'title': 'Gobierno evalúa estado de excepción', 'text': 'El Ejecutivo analizó decretar nuevas medidas por la crisis.', 'source': 'El Universo', 'date': '2022-06-24', 'categoria': 'politica_gobierno'}, {'title': 'Abastecimiento mejora parcialmente', 'text': 'Se reportó ingreso limitado de alimentos a ciudades.', 'source': 'El Comercio', 'date': '2022-06-24', 'categoria': 'riesgo_pais_calidad_vida'}, {'title': 'Seguridad se refuerza en Quito', 'text': 'Fuerzas del orden reforzaron controles en la capital.', 'source': 'El Comercio', 'date': '2022-06-24', 'categoria': 'seguridad_crimen'}, {'title': 'Producción petrolera se mantiene afectada', 'text': 'Los bloqueos continuaron afectando al sector petrolero.', 'source': 'El Universo', 'date': '2022-06-25', 'categoria': 'economia_finanzas'}, {'title': 'ONU sigue de cerca situación en Ecuador', 'text': 'Organismos internacionales monitorearon la crisis social.', 'source': 'El Universo', 'date': '2022-06-25', 'categoria': 'politica_gobierno'}, {'title': 'Ciudadanos enfrentan escasez de servicios', 'text': 'La crisis impactó en transporte, alimentos y servicios básicos.', 'source': 'El Comercio', 'date': '2022-06-26', 'categoria': 'riesgo_pais_calidad_vida'}, {'title': 'Países expresan preocupación por situación en Ecuador', 'text': 'Gobiernos y organismos expresaron preocupación por la crisis social.', 'source': 'El Universo', 'date': '2022-06-27', 'categoria': 'politica_gobierno'}, {'title': 'Economía de Ecuador se recupera tras paro nacional junio 2022', 'text': 'Tras fin del paro nacional en junio 2022, economía ecuatoriana muestra signos de recuperación. Se analizan impactos en abastecimiento, precios y crecimiento; gobierno anuncia medidas para normalizar vías y comercio.', 'source': 'La Hora', 'date': '2022-06-28', 'categoria': 'economia_finanzas'}, {'title': 'Gobierno y organizaciones firman acuerdo', 'text': 'Se firmó un acuerdo que puso fin al paro nacional.', 'source': 'El Universo', 'date': '2022-06-28', 'categoria': 'politica_gobierno'}, {'title': 'Seguridad se mantiene tras levantamiento del paro', 'text': 'Las autoridades mantuvieron controles tras el fin de las protestas.', 'source': 'El Comercio', 'date': '2022-06-28', 'categoria': 'seguridad_crimen'}, {'title': 'Economía inicia lenta recuperación', 'text': 'Sectores productivos retomaron actividades progresivamente.', 'source': 'El Universo', 'date': '2022-06-29', 'categoria': 'economia_finanzas'}, {'title': 'Riesgo país muestra leve descenso', 'text': 'El indicador reflejó expectativas tras el acuerdo.', 'source': 'El Comercio', 'date': '2022-06-30', 'categoria': 'riesgo_pais_calidad_vida'}, {'title': 'Ecuador comunica acuerdos a la comunidad internacional', 'text': 'El país informó sobre el fin del paro y medidas adoptadas.', 'source': 'El Universo', 'date': '2022-07-01', 'categoria': 'politica_gobierno'}]"
157,85,2025-03-28,2020-02-25,0.9111376810761808,5,0.5118582248687744,ok,"economia_finanzas, medio_ambiente, politica_gobierno, seguridad_crimen","medio_ambiente, politica_gobierno, riesgo_pais_calidad_vida",7,5,"[{'title': 'Ecuador cierra febrero 2025 con tasa de empleo adecuado del 35,4%', 'text': 'La tasa de empleo adecuado subió a 35,4% en febrero de 2025, con informalidad bajando al 52,4%. El análisis destaca recuperación laboral post-pandemia, impacto de políticas gubernamentales y comparación con enero, en contexto de debate presidencial y agenda económica.', 'source': 'Primicias', 'date': '2025-03-26', 'categoria': 'economia_finanzas'}, {'title': 'Ruptura del SOTE derramó 25.116 barriles de petróleo en Esmeraldas', 'text': 'Un deslizamiento provocó la ruptura del oleoducto, afectando ríos, playas y áreas agrícolas; se activaron acciones de contención, monitoreo ambiental y asistencia a comunidades.', 'source': 'Reuters', 'date': '2025-03-26', 'categoria': 'medio_ambiente'}, {'title': 'Noboa anuncia reunión con Trump para tratar seguridad y agenda bilateral', 'text': 'El presidente Noboa informó que se reunirá con su homólogo de EE. UU. para abordar seguridad y asuntos bilaterales, en un contexto de violencia y cooperación internacional.', 'source': 'El Oriente', 'date': '2025-03-28', 'categoria': 'politica_gobierno'}, {'title': 'Tres grupos armados de Ecuador extendieron sus tentáculos', 'text': 'Reportes nacionales revisaron la expansión y dinámica de grupos armados y economías criminales, con impactos en seguridad, territorios y control de rutas.', 'source': 'La Hora', 'date': '2025-03-28', 'categoria': 'seguridad_crimen'}, {'title': 'Venezuela exporta más petróleo y Ecuador pierde mercado', 'text': 'Venezuela aumenta exportaciones de petróleo, afectando la cuota de mercado de Ecuador. La nota analiza impacto en ingresos fiscales, precios internacionales y estrategias del gobierno para mantener competitividad en el sector hidrocarburífero.', 'source': 'La Hora', 'date': '2025-03-31', 'categoria': 'economia_finanzas'}, {'title': 'Informe humanitario reporta afectaciones del derrame de petróleo en Esmeraldas', 'text': 'Se detallaron impactos del derrame en agua, salud, agricultura y medios de vida, así como necesidades y coordinación de respuesta en territorio.', 'source': 'ReliefWeb', 'date': '2025-04-02', 'categoria': 'medio_ambiente'}, {'title': 'Ecuador: Derrame de petróleo – Informe de Situación No. 1', 'text': 'Un reporte humanitario resumió daños, necesidades y respuesta institucional tras el derrame asociado a lluvias y deslizamiento, con afectación a agua, riego y medios de vida.', 'source': 'ReliefWeb', 'date': '2025-04-02', 'categoria': 'medio_ambiente'}]","[{'title': 'Ecuador suma 281.169 casos de Covid-19 febrero 2020', 'text': 'Ecuador registra nuevos contagios COVID-19 en febrero 2020 (2.390 en 24 horas). Ministerio de Salud reporta 35 fallecidos; contexto de expansión pandemia y medidas de contención.', 'source': 'Primicias', 'date': '2020-02-25', 'categoria': 'medio_ambiente'}, {'title': 'Gobierno evalúa medidas preventivas en fronteras', 'text': 'Autoridades analizaron controles y protocolos ante el riesgo de ingreso del virus por fronteras.', 'source': 'El Comercio', 'date': '2020-02-25', 'categoria': 'politica_gobierno'}, {'title': 'Crece preocupación regional por avance del COVID-19', 'text': 'Países de la región reportaron nuevos casos de coronavirus, elevando alertas sanitarias en Ecuador.', 'source': 'El Universo', 'date': '2020-02-25', 'categoria': 'riesgo_pais_calidad_vida'}, {'title': 'Autoridades activan emergencia sanitaria', 'text': 'Tras la confirmación del primer caso, el Gobierno activó medidas de emergencia sanitaria a nivel nacional.', 'source': 'El Comercio', 'date': '2020-02-27', 'categoria': 'riesgo_pais_calidad_vida'}, {'title': 'Ecuador confirma primer caso de coronavirus', 'text': 'El Ministerio de Salud confirmó el primer caso de COVID-19 en Ecuador, activando protocolos de emergencia.', 'source': 'El Universo', 'date': '2020-02-27', 'categoria': 'riesgo_pais_calidad_vida'}]"
157,120,2025-03-28,2022-08-12,0.9103788819298216,6,0.5337640047073364,ok,"economia_finanzas, medio_ambiente, politica_gobierno, seguridad_crimen","economia_finanzas, medio_ambiente, politica_gobierno, seguridad_crimen",7,6,"[{'title': 'Ecuador cierra febrero 2025 con tasa de empleo adecuado del 35,4%', 'text': 'La tasa de empleo adecuado subió a 35,4% en febrero de 2025, con informalidad bajando al 52,4%. El análisis destaca recuperación laboral post-pandemia, impacto de políticas gubernamentales y comparación con enero, en contexto de debate presidencial y agenda económica.', 'source': 'Primicias', 'date': '2025-03-26', 'categoria': 'economia_finanzas'}, {'title': 'Ruptura del SOTE derramó 25.116 barriles de petróleo en Esmeraldas', 'text': 'Un deslizamiento provocó la ruptura del oleoducto, afectando ríos, playas y áreas agrícolas; se activaron acciones de contención, monitoreo ambiental y asistencia a comunidades.', 'source': 'Reuters', 'date': '2025-03-26', 'categoria': 'medio_ambiente'}, {'title': 'Noboa anuncia reunión con Trump para tratar seguridad y agenda bilateral', 'text': 'El presidente Noboa informó que se reunirá con su homólogo de EE. UU. para abordar seguridad y asuntos bilaterales, en un contexto de violencia y cooperación internacional.', 'source': 'El Oriente', 'date': '2025-03-28', 'categoria': 'politica_gobierno'}, {'title': 'Tres grupos armados de Ecuador extendieron sus tentáculos', 'text': 'Reportes nacionales revisaron la expansión y dinámica de grupos armados y economías criminales, con impactos en seguridad, territorios y control de rutas.', 'source': 'La Hora', 'date': '2025-03-28', 'categoria': 'seguridad_crimen'}, {'title': 'Venezuela exporta más petróleo y Ecuador pierde mercado', 'text': 'Venezuela aumenta exportaciones de petróleo, afectando la cuota de mercado de Ecuador. La nota analiza impacto en ingresos fiscales, precios internacionales y estrategias del gobierno para mantener competitividad en el sector hidrocarburífero.', 'source': 'La Hora', 'date': '2025-03-31', 'categoria': 'economia_finanzas'}, {'title': 'Informe humanitario reporta afectaciones del derrame de petróleo en Esmeraldas', 'text': 'Se detallaron impactos del derrame en agua, salud, agricultura y medios de vida, así como necesidades y coordinación de respuesta en territorio.', 'source': 'ReliefWeb', 'date': '2025-04-02', 'categoria': 'medio_ambiente'}, {'title': 'Ecuador: Derrame de petróleo – Informe de Situación No. 1', 'text': 'Un reporte humanitario resumió daños, necesidades y respuesta institucional tras el derrame asociado a lluvias y deslizamiento, con afectación a agua, riego y medios de vida.', 'source': 'ReliefWeb', 'date': '2025-04-02', 'categoria': 'medio_ambiente'}]","[{'title': 'Guayaquil registra aumento de violencia en agosto 2022', 'text': 'Guayaquil enfrenta aumento de violencia en agosto 2022 con balaceras y homicidios por disputas de bandas narcotraficantes. Policía despliega operativos; contexto de escalada criminal en puerto y rutas de droga.', 'source': 'El Universo', 'date': '2022-08-09', 'categoria': 'seguridad_crimen'}, {'title': 'Gobierno anuncia medidas y ajustes de gestión pública', 'text': 'El Ejecutivo comunicó decisiones administrativas y lineamientos para la gestión pública, con énfasis en control presupuestario y continuidad de servicios.', 'source': 'Primicias', 'date': '2022-08-12', 'categoria': 'politica_gobierno'}, {'title': 'Autoridades informan decomisos vinculados a narcotráfico', 'text': 'Fuerzas de seguridad reportaron decomisos de sustancias sujetas a fiscalización y acciones contra redes de microtráfico y narcotráfico en zonas estratégicas.', 'source': 'El Comercio', 'date': '2022-08-12', 'categoria': 'seguridad_crimen'}, {'title': 'Policía reporta operativos y detenciones en varias provincias', 'text': 'La Policía informó sobre operativos realizados en ciudades y carreteras, con detenidos y decomisos relacionados con delitos comunes y control de movilidad.', 'source': 'El Universo', 'date': '2022-08-12', 'categoria': 'seguridad_crimen'}, {'title': 'Sectores evalúan impacto económico y medidas de reactivación', 'text': 'Cámaras y analistas revisaron indicadores económicos, empleo e inversión, y solicitaron medidas para sostener la reactivación tras la crisis.', 'source': 'Expreso', 'date': '2022-08-13', 'categoria': 'economia_finanzas'}, {'title': 'Lluvias y eventos naturales generan afectaciones locales', 'text': 'Se reportaron afectaciones por lluvias, deslizamientos o eventos naturales en distintas provincias, con impactos en vías, viviendas y servicios.', 'source': 'Teleamazonas', 'date': '2022-08-14', 'categoria': 'medio_ambiente'}]"
157,79,2025-03-28,2019-10-08,0.9060317462594384,7,0.3558747172355652,ok,"economia_finanzas, medio_ambiente, politica_gobierno, seguridad_crimen","politica_gobierno, sociedad_cultura",7,4,"[{'title': 'Ecuador cierra febrero 2025 con tasa de empleo adecuado del 35,4%', 'text': 'La tasa de empleo adecuado subió a 35,4% en febrero de 2025, con informalidad bajando al 52,4%. El análisis destaca recuperación laboral post-pandemia, impacto de políticas gubernamentales y comparación con enero, en contexto de debate presidencial y agenda económica.', 'source': 'Primicias', 'date': '2025-03-26', 'categoria': 'economia_finanzas'}, {'title': 'Ruptura del SOTE derramó 25.116 barriles de petróleo en Esmeraldas', 'text': 'Un deslizamiento provocó la ruptura del oleoducto, afectando ríos, playas y áreas agrícolas; se activaron acciones de contención, monitoreo ambiental y asistencia a comunidades.', 'source': 'Reuters', 'date': '2025-03-26', 'categoria': 'medio_ambiente'}, {'title': 'Noboa anuncia reunión con Trump para tratar seguridad y agenda bilateral', 'text': 'El presidente Noboa informó que se reunirá con su homólogo de EE. UU. para abordar seguridad y asuntos bilaterales, en un contexto de violencia y cooperación internacional.', 'source': 'El Oriente', 'date': '2025-03-28', 'categoria': 'politica_gobierno'}, {'title': 'Tres grupos armados de Ecuador extendieron sus tentáculos', 'text': 'Reportes nacionales revisaron la expansión y dinámica de grupos armados y economías criminales, con impactos en seguridad, territorios y control de rutas.', 'source': 'La Hora', 'date': '2025-03-28', 'categoria': 'seguridad_crimen'}, {'title': 'Venezuela exporta más petróleo y Ecuador pierde mercado', 'text': 'Venezuela aumenta exportaciones de petróleo, afectando la cuota de mercado de Ecuador. La nota analiza impacto en ingresos fiscales, precios internacionales y estrategias del gobierno para mantener competitividad en el sector hidrocarburífero.', 'source': 'La Hora', 'date': '2025-03-31', 'categoria': 'economia_finanzas'}, {'title': 'Informe humanitario reporta afectaciones del derrame de petróleo en Esmeraldas', 'text': 'Se detallaron impactos del derrame en agua, salud, agricultura y medios de vida, así como necesidades y coordinación de respuesta en territorio.', 'source': 'ReliefWeb', 'date': '2025-04-02', 'categoria': 'medio_ambiente'}, {'title': 'Ecuador: Derrame de petróleo – Informe de Situación No. 1', 'text': 'Un reporte humanitario resumió daños, necesidades y respuesta institucional tras el derrame asociado a lluvias y deslizamiento, con afectación a agua, riego y medios de vida.', 'source': 'ReliefWeb', 'date': '2025-04-02', 'categoria': 'medio_ambiente'}]","[{'title': 'Gobierno decreta estado de excepción', 'text': 'El Ejecutivo decretó estado de excepción ante disturbios y protestas a escala nacional.', 'source': 'El Comercio', 'date': '2019-10-08', 'categoria': 'politica_gobierno'}, {'title': 'Protestas contra eliminación subsidios inician octubre 2019', 'text': 'Protestas indígenas y sociales inician octubre 2019 contra eliminación subsidios combustibles por Lenín Moreno. Bloqueos y movilizaciones en Quito y provincias; gobierno declara estado de excepción.', 'source': 'El Universo', 'date': '2019-10-08', 'categoria': 'politica_gobierno'}, {'title': 'Inicio de protestas por eliminación de subsidios octubre 2019', 'text': 'Protestas masivas inician en octubre 2019 contra eliminación de subsidios a combustibles por Lenín Moreno. Bloqueos en carreteras y movilizaciones indígenas; gobierno declara estado de excepción.', 'source': 'El Universo', 'date': '2019-10-08', 'categoria': 'politica_gobierno'}, {'title': 'Protestas nacionales se intensifican por eliminación de subsidios', 'text': 'Las movilizaciones contra la eliminación de subsidios a los combustibles se intensificaron en Quito y otras ciudades.', 'source': 'El Universo', 'date': '2019-10-08', 'categoria': 'sociedad_cultura'}]"
157,86,2025-03-28,2020-02-27,0.904109101222368,8,0.5118582248687744,ok,"economia_finanzas, medio_ambiente, politica_gobierno, seguridad_crimen","medio_ambiente, politica_gobierno, riesgo_pais_calidad_vida",7,5,"[{'title': 'Ecuador cierra febrero 2025 con tasa de empleo adecuado del 35,4%', 'text': 'La tasa de empleo adecuado subió a 35,4% en febrero de 2025, con informalidad bajando al 52,4%. El análisis destaca recuperación laboral post-pandemia, impacto de políticas gubernamentales y comparación con enero, en contexto de debate presidencial y agenda económica.', 'source': 'Primicias', 'date': '2025-03-26', 'categoria': 'economia_finanzas'}, {'title': 'Ruptura del SOTE derramó 25.116 barriles de petróleo en Esmeraldas', 'text': 'Un deslizamiento provocó la ruptura del oleoducto, afectando ríos, playas y áreas agrícolas; se activaron acciones de contención, monitoreo ambiental y asistencia a comunidades.', 'source': 'Reuters', 'date': '2025-03-26', 'categoria': 'medio_ambiente'}, {'title': 'Noboa anuncia reunión con Trump para tratar seguridad y agenda bilateral', 'text': 'El presidente Noboa informó que se reunirá con su homólogo de EE. UU. para abordar seguridad y asuntos bilaterales, en un contexto de violencia y cooperación internacional.', 'source': 'El Oriente', 'date': '2025-03-28', 'categoria': 'politica_gobierno'}, {'title': 'Tres grupos armados de Ecuador extendieron sus tentáculos', 'text': 'Reportes nacionales revisaron la expansión y dinámica de grupos armados y economías criminales, con impactos en seguridad, territorios y control de rutas.', 'source': 'La Hora', 'date': '2025-03-28', 'categoria': 'seguridad_crimen'}, {'title': 'Venezuela exporta más petróleo y Ecuador pierde mercado', 'text': 'Venezuela aumenta exportaciones de petróleo, afectando la cuota de mercado de Ecuador. La nota analiza impacto en ingresos fiscales, precios internacionales y estrategias del gobierno para mantener competitividad en el sector hidrocarburífero.', 'source': 'La Hora', 'date': '2025-03-31', 'categoria': 'economia_finanzas'}, {'title': 'Informe humanitario reporta afectaciones del derrame de petróleo en Esmeraldas', 'text': 'Se detallaron impactos del derrame en agua, salud, agricultura y medios de vida, así como necesidades y coordinación de respuesta en territorio.', 'source': 'ReliefWeb', 'date': '2025-04-02', 'categoria': 'medio_ambiente'}, {'title': 'Ecuador: Derrame de petróleo – Informe de Situación No. 1', 'text': 'Un reporte humanitario resumió daños, necesidades y respuesta institucional tras el derrame asociado a lluvias y deslizamiento, con afectación a agua, riego y medios de vida.', 'source': 'ReliefWeb', 'date': '2025-04-02', 'categoria': 'medio_ambiente'}]","[{'title': 'Ecuador suma 281.169 casos de Covid-19 febrero 2020', 'text': 'Ecuador registra nuevos contagios COVID-19 en febrero 2020 (2.390 en 24 horas). Ministerio de Salud reporta 35 fallecidos; contexto de expansión pandemia y medidas de contención.', 'source': 'Primicias', 'date': '2020-02-25', 'categoria': 'medio_ambiente'}, {'title': 'Gobierno evalúa medidas preventivas en fronteras', 'text': 'Autoridades analizaron controles y protocolos ante el riesgo de ingreso del virus por fronteras.', 'source': 'El Comercio', 'date': '2020-02-25', 'categoria': 'politica_gobierno'}, {'title': 'Crece preocupación regional por avance del COVID-19', 'text': 'Países de la región reportaron nuevos casos de coronavirus, elevando alertas sanitarias en Ecuador.', 'source': 'El Universo', 'date': '2020-02-25', 'categoria': 'riesgo_pais_calidad_vida'}, {'title': 'Autoridades activan emergencia sanitaria', 'text': 'Tras la confirmación del primer caso, el Gobierno activó medidas de emergencia sanitaria a nivel nacional.', 'source': 'El Comercio', 'date': '2020-02-27', 'categoria': 'riesgo_pais_calidad_vida'}, {'title': 'Ecuador confirma primer caso de coronavirus', 'text': 'El Ministerio de Salud confirmó el primer caso de COVID-19 en Ecuador, activando protocolos de emergencia.', 'source': 'El Universo', 'date': '2020-02-27', 'categoria': 'riesgo_pais_calidad_vida'}]"
157,30,2025-03-28,2008-12-12,0.9025831015362916,9,0.29550039768218994,ok,"economia_finanzas, medio_ambiente, politica_gobierno, seguridad_crimen","seguridad_crimen, sociedad_cultura",7,2,"[{'title': 'Ecuador cierra febrero 2025 con tasa de empleo adecuado del 35,4%', 'text': 'La tasa de empleo adecuado subió a 35,4% en febrero de 2025, con informalidad bajando al 52,4%. El análisis destaca recuperación laboral post-pandemia, impacto de políticas gubernamentales y comparación con enero, en contexto de debate presidencial y agenda económica.', 'source': 'Primicias', 'date': '2025-03-26', 'categoria': 'economia_finanzas'}, {'title': 'Ruptura del SOTE derramó 25.116 barriles de petróleo en Esmeraldas', 'text': 'Un deslizamiento provocó la ruptura del oleoducto, afectando ríos, playas y áreas agrícolas; se activaron acciones de contención, monitoreo ambiental y asistencia a comunidades.', 'source': 'Reuters', 'date': '2025-03-26', 'categoria': 'medio_ambiente'}, {'title': 'Noboa anuncia reunión con Trump para tratar seguridad y agenda bilateral', 'text': 'El presidente Noboa informó que se reunirá con su homólogo de EE. UU. para abordar seguridad y asuntos bilaterales, en un contexto de violencia y cooperación internacional.', 'source': 'El Oriente', 'date': '2025-03-28', 'categoria': 'politica_gobierno'}, {'title': 'Tres grupos armados de Ecuador extendieron sus tentáculos', 'text': 'Reportes nacionales revisaron la expansión y dinámica de grupos armados y economías criminales, con impactos en seguridad, territorios y control de rutas.', 'source': 'La Hora', 'date': '2025-03-28', 'categoria': 'seguridad_crimen'}, {'title': 'Venezuela exporta más petróleo y Ecuador pierde mercado', 'text': 'Venezuela aumenta exportaciones de petróleo, afectando la cuota de mercado de Ecuador. La nota analiza impacto en ingresos fiscales, precios internacionales y estrategias del gobierno para mantener competitividad en el sector hidrocarburífero.', 'source': 'La Hora', 'date': '2025-03-31', 'categoria': 'economia_finanzas'}, {'title': 'Informe humanitario reporta afectaciones del derrame de petróleo en Esmeraldas', 'text': 'Se detallaron impactos del derrame en agua, salud, agricultura y medios de vida, así como necesidades y coordinación de respuesta en territorio.', 'source': 'ReliefWeb', 'date': '2025-04-02', 'categoria': 'medio_ambiente'}, {'title': 'Ecuador: Derrame de petróleo – Informe de Situación No. 1', 'text': 'Un reporte humanitario resumió daños, necesidades y respuesta institucional tras el derrame asociado a lluvias y deslizamiento, con afectación a agua, riego y medios de vida.', 'source': 'ReliefWeb', 'date': '2025-04-02', 'categoria': 'medio_ambiente'}]","[{'title': 'Transportistas protestan por alza de costos', 'text': 'Dirigentes de transporte realizaron protestas por el incremento de costos operativos, solicitando revisión de tarifas y medidas de compensación. La movilización afectó vías urbanas y carreteras.', 'source': 'El Universo', 'date': '2008-12-12', 'categoria': 'sociedad_cultura'}, {'title': 'Accidente de bus deja varios heridos en Manabí', 'text': 'Un accidente de un bus interprovincial en una vía de Manabí dejó varios heridos, quienes fueron trasladados a casas de salud cercanas. Las causas están bajo investigación.', 'source': 'El Universo', 'date': '2008-12-16', 'categoria': 'seguridad_crimen'}]"
157,20,2025-03-28,2008-10-14,0.9019676349532476,10,0.686356782913208,ok,"economia_finanzas, medio_ambiente, politica_gobierno, seguridad_crimen","economia_finanzas, medio_ambiente, politica_gobierno, riesgo_pais_calidad_vida",7,6,"[{'title': 'Ecuador cierra febrero 2025 con tasa de empleo adecuado del 35,4%', 'text': 'La tasa de empleo adecuado subió a 35,4% en febrero de 2025, con informalidad bajando al 52,4%. El análisis destaca recuperación laboral post-pandemia, impacto de políticas gubernamentales y comparación con enero, en contexto de debate presidencial y agenda económica.', 'source': 'Primicias', 'date': '2025-03-26', 'categoria': 'economia_finanzas'}, {'title': 'Ruptura del SOTE derramó 25.116 barriles de petróleo en Esmeraldas', 'text': 'Un deslizamiento provocó la ruptura del oleoducto, afectando ríos, playas y áreas agrícolas; se activaron acciones de contención, monitoreo ambiental y asistencia a comunidades.', 'source': 'Reuters', 'date': '2025-03-26', 'categoria': 'medio_ambiente'}, {'title': 'Noboa anuncia reunión con Trump para tratar seguridad y agenda bilateral', 'text': 'El presidente Noboa informó que se reunirá con su homólogo de EE. UU. para abordar seguridad y asuntos bilaterales, en un contexto de violencia y cooperación internacional.', 'source': 'El Oriente', 'date': '2025-03-28', 'categoria': 'politica_gobierno'}, {'title': 'Tres grupos armados de Ecuador extendieron sus tentáculos', 'text': 'Reportes nacionales revisaron la expansión y dinámica de grupos armados y economías criminales, con impactos en seguridad, territorios y control de rutas.', 'source': 'La Hora', 'date': '2025-03-28', 'categoria': 'seguridad_crimen'}, {'title': 'Venezuela exporta más petróleo y Ecuador pierde mercado', 'text': 'Venezuela aumenta exportaciones de petróleo, afectando la cuota de mercado de Ecuador. La nota analiza impacto en ingresos fiscales, precios internacionales y estrategias del gobierno para mantener competitividad en el sector hidrocarburífero.', 'source': 'La Hora', 'date': '2025-03-31', 'categoria': 'economia_finanzas'}, {'title': 'Informe humanitario reporta afectaciones del derrame de petróleo en Esmeraldas', 'text': 'Se detallaron impactos del derrame en agua, salud, agricultura y medios de vida, así como necesidades y coordinación de respuesta en territorio.', 'source': 'ReliefWeb', 'date': '2025-04-02', 'categoria': 'medio_ambiente'}, {'title': 'Ecuador: Derrame de petróleo – Informe de Situación No. 1', 'text': 'Un reporte humanitario resumió daños, necesidades y respuesta institucional tras el derrame asociado a lluvias y deslizamiento, con afectación a agua, riego y medios de vida.', 'source': 'ReliefWeb', 'date': '2025-04-02', 'categoria': 'medio_ambiente'}]","[{'title': 'Economía Ecuador crece un 2,4 pct en 2do trim 2008:Banco Central', 'text': ' El Banco Central reportó crecimiento interanual del 2,4% en el segundo trimestre de 2008, impulsado por construcción. Se contextualiza el desempeño macroeconómico ante señales de desaceleración global.', 'source': 'Reuters', 'date': '2008-10-09', 'categoria': 'economia_finanzas'}, {'title': 'Ecuador ratifica la salida de Odebrecht', 'text': 'El Gobierno ecuatoriano confirmó la expulsión definitiva de Odebrecht tras disputas por contratos de infraestructura, con impacto político y diplomático.', 'source': 'El Universo', 'date': '2008-10-09', 'categoria': 'politica_gobierno'}, {'title': 'Lluvias provocan deslizamientos en la provincia de Loja', 'text': 'Fuertes lluvias causaron deslizamientos de tierra en zonas rurales de Loja, afectando vías y comunidades.', 'source': 'El Universo', 'date': '2008-10-10', 'categoria': 'medio_ambiente'}, {'title': 'Índice de Precios al Consumidor – 2008 (recursos Oct-2008)', 'text': ' Página de referencia del INEC que agrupa documentos de inflación e IPC para 2008 (incluye Oct-2008). Útil como insumo para contextualizar shocks macroeconómicos y contrastar con movimientos en series financieras.', 'source': 'INEC (Ecuador en Cifras)', 'date': '2008-10-14', 'categoria': 'economia_finanzas'}, {'title': 'Ejecutivos de Odebrecht y Furnas siguen en Ecuador', 'text': 'Autoridades informaron que ejecutivos de Odebrecht y Furnas permanecían en el país mientras se evaluaban responsabilidades administrativas.', 'source': 'El Universo', 'date': '2008-10-14', 'categoria': 'politica_gobierno'}, {'title': 'Suspenden clases en Manabí por daños en infraestructura', 'text': 'El Ministerio de Educación suspendió clases en varios cantones de Manabí tras daños en infraestructura escolar.', 'source': 'El Universo', 'date': '2008-10-15', 'categoria': 'riesgo_pais_calidad_vida'}]"
158,99,2025-04-04,2020-06-24,0.8911758295886564,1,0.660805344581604,ok,"economia_finanzas, medio_ambiente, politica_gobierno, riesgo_pais_calidad_vida, seguridad_crimen","economia_finanzas, medio_ambiente, politica_gobierno, riesgo_pais_calidad_vida, seguridad_crimen",14,6,"[{'title': 'Venezuela exporta más petróleo y Ecuador pierde mercado', 'text': 'Venezuela aumenta exportaciones de petróleo, afectando la cuota de mercado de Ecuador. La nota analiza impacto en ingresos fiscales, precios internacionales y estrategias del gobierno para mantener competitividad en el sector hidrocarburífero.', 'source': 'La Hora', 'date': '2025-03-31', 'categoria': 'economia_finanzas'}, {'title': 'Informe humanitario reporta afectaciones del derrame de petróleo en Esmeraldas', 'text': 'Se detallaron impactos del derrame en agua, salud, agricultura y medios de vida, así como necesidades y coordinación de respuesta en territorio.', 'source': 'ReliefWeb', 'date': '2025-04-02', 'categoria': 'medio_ambiente'}, {'title': 'Ecuador: Derrame de petróleo – Informe de Situación No. 1', 'text': 'Un reporte humanitario resumió daños, necesidades y respuesta institucional tras el derrame asociado a lluvias y deslizamiento, con afectación a agua, riego y medios de vida.', 'source': 'ReliefWeb', 'date': '2025-04-02', 'categoria': 'medio_ambiente'}, {'title': 'Noboa: Ecuador se vuelve más competitivo con aranceles de Donald Trump', 'text': 'La cobertura revisó el efecto esperado sobre exportaciones, márgenes y cadenas productivas, con atención en pesca, camarón y competencia internacional.', 'source': 'El Comercio', 'date': '2025-04-04', 'categoria': 'economia_finanzas'}, {'title': 'Noboa afirma que el país será más competitivo tras aranceles de EE. UU.', 'text': 'Medios locales compilaron reacciones y análisis sobre aranceles, exportaciones y estrategias para sostener ventas externas en un escenario de cambios regulatorios.', 'source': 'El Oriente', 'date': '2025-04-04', 'categoria': 'economia_finanzas'}, {'title': 'Noboa: Ecuador se vuelve “más competitivo” con los aranceles de Trump', 'text': 'El presidente explicó que, pese al arancel del 10% a productos ecuatorianos, el diferencial frente a competidores con tasas mayores podría favorecer exportaciones como atún y camarón.', 'source': 'swissinfo.ch (Agencia EFE)', 'date': '2025-04-04', 'categoria': 'economia_finanzas'}, {'title': 'Noboa dice que Ecuador se “vuelve más competitivo” con los aranceles de Trump', 'text': 'El debate público se enfocó en los aranceles de EE. UU. y el impacto comercial para Ecuador, incluyendo riesgos y oportunidades por cambios en condiciones de mercado.', 'source': 'Expreso (Agencia EFE)', 'date': '2025-04-04', 'categoria': 'politica_gobierno'}, {'title': 'Noticiero 24 Horas (Emisión Central 04/04/2025)', 'text': 'El informativo incluyó actualidad política y económica, además de reportes de seguridad y servicios en varias provincias durante el periodo electoral.', 'source': 'Teleamazonas', 'date': '2025-04-04', 'categoria': 'politica_gobierno'}, {'title': 'Noticiero de Ecuador (Emisión Matinal 07/04/2025)', 'text': 'El noticiero resumió la agenda nacional en días previos a la elección: seguridad, economía, servicios y actividad institucional en Quito, Guayaquil y provincias.', 'source': 'Teleamazonas', 'date': '2025-04-07', 'categoria': 'politica_gobierno'}, {'title': 'Ecuador News (Central Broadcast 04/07/2025)', 'text': 'El bloque de noticias incluyó reportes sobre afectaciones sociales, operativos y anuncios oficiales que incidieron en actividades cotidianas y percepción ciudadana.', 'source': 'Teleamazonas (YouTube)', 'date': '2025-04-07', 'categoria': 'riesgo_pais_calidad_vida'}, {'title': 'El fundador de Blackwater participó en operativo en Guayaquil (según reportes locales)', 'text': 'Medios locales reportaron participación o presencia de asesores extranjeros en acciones de seguridad; el hecho se enmarcó en la estrategia gubernamental contra el crimen organizado.', 'source': 'El Oriente', 'date': '2025-04-07', 'categoria': 'seguridad_crimen'}, {'title': 'Derrame en el SOTE y force majeure mantienen efectos en exportaciones y finanzas', 'text': 'En el periodo, continuó el impacto del derrame y la declaratoria de fuerza mayor sobre exportaciones de crudo y gestión de riesgos, con costos de respuesta y monitoreo ambiental.', 'source': 'Reuters', 'date': '2025-04-09', 'categoria': 'economia_finanzas'}, {'title': 'Ecuador y EE. UU. discuten apertura comercial y eliminación de barreras', 'text': 'Reportes señalaron conversaciones sobre acceso de mercado y mecanismos para productos clave de exportación ecuatoriana, en un contexto de negociación y agenda bilateral.', 'source': 'El Oriente', 'date': '2025-04-09', 'categoria': 'politica_gobierno'}, {'title': 'Noticiero de Ecuador (Emisión Central 09/04/2025)', 'text': 'El informativo agrupó titulares nacionales sobre campaña electoral, seguridad, economía y eventos en provincias, manteniendo foco en incidentes y decisiones oficiales.', 'source': 'Teleamazonas', 'date': '2025-04-09', 'categoria': 'politica_gobierno'}]","[{'title': 'Ecuador registra pico de muertes por COVID-19 en junio 2020', 'text': 'Ecuador enfrenta pico de muertes por COVID-19 en junio 2020, con Guayaquil y Quito como epicentros. El Ministerio de Salud reporta exceso de mortalidad; se detallan colapso hospitalario, entierros masivos y medidas de emergencia sanitaria bajo Lenín Moreno.', 'source': 'El Universo', 'date': '2020-06-19', 'categoria': 'medio_ambiente'}, {'title': 'Confinamiento nacional se extiende en Ecuador por pandemia junio 2020', 'text': 'El gobierno de Lenín Moreno extiende confinamiento nacional en junio 2020 por avance de COVID-19. Se anuncian restricciones por semáforo epidemiológico; impacto en economía, empleo y salud pública, con críticas por gestión de emergencia.', 'source': 'Primicias', 'date': '2020-06-24', 'categoria': 'politica_gobierno'}, {'title': 'Autoridades alertan por rebrotes de COVID-19', 'text': 'Se reportaron incrementos de contagios en varias provincias tras la flexibilización de restricciones.', 'source': 'El Universo', 'date': '2020-06-24', 'categoria': 'riesgo_pais_calidad_vida'}, {'title': 'Gobierno anuncia nuevos ajustes presupuestarios', 'text': 'El Ejecutivo dispuso recortes adicionales ante la persistente crisis fiscal.', 'source': 'El Comercio', 'date': '2020-06-25', 'categoria': 'economia_finanzas'}, {'title': 'Barrios denuncian aumento de robos', 'text': 'Habitantes reportaron incremento de delitos en sectores urbanos durante la emergencia sanitaria.', 'source': 'El Universo', 'date': '2020-06-26', 'categoria': 'seguridad_crimen'}, {'title': 'Ecuador mantiene diálogo con organismos multilaterales', 'text': 'El Gobierno sostuvo conversaciones con organismos financieros para apoyo en la recuperación.', 'source': 'El Comercio', 'date': '2020-06-27', 'categoria': 'politica_gobierno'}]"
158,39,2025-04-04,2009-03-25,0.8909487106649288,2,0.37441909313201904,ok,"economia_finanzas, medio_ambiente, politica_gobierno, riesgo_pais_calidad_vida, seguridad_crimen","politica_gobierno, sociedad_cultura",14,2,"[{'title': 'Venezuela exporta más petróleo y Ecuador pierde mercado', 'text': 'Venezuela aumenta exportaciones de petróleo, afectando la cuota de mercado de Ecuador. La nota analiza impacto en ingresos fiscales, precios internacionales y estrategias del gobierno para mantener competitividad en el sector hidrocarburífero.', 'source': 'La Hora', 'date': '2025-03-31', 'categoria': 'economia_finanzas'}, {'title': 'Informe humanitario reporta afectaciones del derrame de petróleo en Esmeraldas', 'text': 'Se detallaron impactos del derrame en agua, salud, agricultura y medios de vida, así como necesidades y coordinación de respuesta en territorio.', 'source': 'ReliefWeb', 'date': '2025-04-02', 'categoria': 'medio_ambiente'}, {'title': 'Ecuador: Derrame de petróleo – Informe de Situación No. 1', 'text': 'Un reporte humanitario resumió daños, necesidades y respuesta institucional tras el derrame asociado a lluvias y deslizamiento, con afectación a agua, riego y medios de vida.', 'source': 'ReliefWeb', 'date': '2025-04-02', 'categoria': 'medio_ambiente'}, {'title': 'Noboa: Ecuador se vuelve más competitivo con aranceles de Donald Trump', 'text': 'La cobertura revisó el efecto esperado sobre exportaciones, márgenes y cadenas productivas, con atención en pesca, camarón y competencia internacional.', 'source': 'El Comercio', 'date': '2025-04-04', 'categoria': 'economia_finanzas'}, {'title': 'Noboa afirma que el país será más competitivo tras aranceles de EE. UU.', 'text': 'Medios locales compilaron reacciones y análisis sobre aranceles, exportaciones y estrategias para sostener ventas externas en un escenario de cambios regulatorios.', 'source': 'El Oriente', 'date': '2025-04-04', 'categoria': 'economia_finanzas'}, {'title': 'Noboa: Ecuador se vuelve “más competitivo” con los aranceles de Trump', 'text': 'El presidente explicó que, pese al arancel del 10% a productos ecuatorianos, el diferencial frente a competidores con tasas mayores podría favorecer exportaciones como atún y camarón.', 'source': 'swissinfo.ch (Agencia EFE)', 'date': '2025-04-04', 'categoria': 'economia_finanzas'}, {'title': 'Noboa dice que Ecuador se “vuelve más competitivo” con los aranceles de Trump', 'text': 'El debate público se enfocó en los aranceles de EE. UU. y el impacto comercial para Ecuador, incluyendo riesgos y oportunidades por cambios en condiciones de mercado.', 'source': 'Expreso (Agencia EFE)', 'date': '2025-04-04', 'categoria': 'politica_gobierno'}, {'title': 'Noticiero 24 Horas (Emisión Central 04/04/2025)', 'text': 'El informativo incluyó actualidad política y económica, además de reportes de seguridad y servicios en varias provincias durante el periodo electoral.', 'source': 'Teleamazonas', 'date': '2025-04-04', 'categoria': 'politica_gobierno'}, {'title': 'Noticiero de Ecuador (Emisión Matinal 07/04/2025)', 'text': 'El noticiero resumió la agenda nacional en días previos a la elección: seguridad, economía, servicios y actividad institucional en Quito, Guayaquil y provincias.', 'source': 'Teleamazonas', 'date': '2025-04-07', 'categoria': 'politica_gobierno'}, {'title': 'Ecuador News (Central Broadcast 04/07/2025)', 'text': 'El bloque de noticias incluyó reportes sobre afectaciones sociales, operativos y anuncios oficiales que incidieron en actividades cotidianas y percepción ciudadana.', 'source': 'Teleamazonas (YouTube)', 'date': '2025-04-07', 'categoria': 'riesgo_pais_calidad_vida'}, {'title': 'El fundador de Blackwater participó en operativo en Guayaquil (según reportes locales)', 'text': 'Medios locales reportaron participación o presencia de asesores extranjeros en acciones de seguridad; el hecho se enmarcó en la estrategia gubernamental contra el crimen organizado.', 'source': 'El Oriente', 'date': '2025-04-07', 'categoria': 'seguridad_crimen'}, {'title': 'Derrame en el SOTE y force majeure mantienen efectos en exportaciones y finanzas', 'text': 'En el periodo, continuó el impacto del derrame y la declaratoria de fuerza mayor sobre exportaciones de crudo y gestión de riesgos, con costos de respuesta y monitoreo ambiental.', 'source': 'Reuters', 'date': '2025-04-09', 'categoria': 'economia_finanzas'}, {'title': 'Ecuador y EE. UU. discuten apertura comercial y eliminación de barreras', 'text': 'Reportes señalaron conversaciones sobre acceso de mercado y mecanismos para productos clave de exportación ecuatoriana, en un contexto de negociación y agenda bilateral.', 'source': 'El Oriente', 'date': '2025-04-09', 'categoria': 'politica_gobierno'}, {'title': 'Noticiero de Ecuador (Emisión Central 09/04/2025)', 'text': 'El informativo agrupó titulares nacionales sobre campaña electoral, seguridad, economía y eventos en provincias, manteniendo foco en incidentes y decisiones oficiales.', 'source': 'Teleamazonas', 'date': '2025-04-09', 'categoria': 'politica_gobierno'}]","[{'title': 'Asamblea analiza reformas a la Ley de Minería', 'text': 'La Asamblea Nacional discutió ajustes a la Ley de Minería en medio de protestas sociales y pedidos de comunidades afectadas. El debate se centró en control ambiental, regalías y derechos territoriales.', 'source': 'El Universo', 'date': '2009-03-25', 'categoria': 'politica_gobierno'}, {'title': 'Comunidades indígenas protestan por actividad minera', 'text': 'Organizaciones indígenas realizaron movilizaciones en varias provincias en rechazo a concesiones mineras. Se reportaron bloqueos viales y llamados al diálogo con el Gobierno.', 'source': 'El Comercio', 'date': '2009-03-25', 'categoria': 'sociedad_cultura'}]"
158,115,2025-04-04,2022-07-12,0.8770841172089958,3,0.7134963870048523,ok,"economia_finanzas, medio_ambiente, politica_gobierno, riesgo_pais_calidad_vida, seguridad_crimen","economia_finanzas, medio_ambiente, politica_gobierno, riesgo_pais_calidad_vida, seguridad_crimen",14,9,"[{'title': 'Venezuela exporta más petróleo y Ecuador pierde mercado', 'text': 'Venezuela aumenta exportaciones de petróleo, afectando la cuota de mercado de Ecuador. La nota analiza impacto en ingresos fiscales, precios internacionales y estrategias del gobierno para mantener competitividad en el sector hidrocarburífero.', 'source': 'La Hora', 'date': '2025-03-31', 'categoria': 'economia_finanzas'}, {'title': 'Informe humanitario reporta afectaciones del derrame de petróleo en Esmeraldas', 'text': 'Se detallaron impactos del derrame en agua, salud, agricultura y medios de vida, así como necesidades y coordinación de respuesta en territorio.', 'source': 'ReliefWeb', 'date': '2025-04-02', 'categoria': 'medio_ambiente'}, {'title': 'Ecuador: Derrame de petróleo – Informe de Situación No. 1', 'text': 'Un reporte humanitario resumió daños, necesidades y respuesta institucional tras el derrame asociado a lluvias y deslizamiento, con afectación a agua, riego y medios de vida.', 'source': 'ReliefWeb', 'date': '2025-04-02', 'categoria': 'medio_ambiente'}, {'title': 'Noboa: Ecuador se vuelve más competitivo con aranceles de Donald Trump', 'text': 'La cobertura revisó el efecto esperado sobre exportaciones, márgenes y cadenas productivas, con atención en pesca, camarón y competencia internacional.', 'source': 'El Comercio', 'date': '2025-04-04', 'categoria': 'economia_finanzas'}, {'title': 'Noboa afirma que el país será más competitivo tras aranceles de EE. UU.', 'text': 'Medios locales compilaron reacciones y análisis sobre aranceles, exportaciones y estrategias para sostener ventas externas en un escenario de cambios regulatorios.', 'source': 'El Oriente', 'date': '2025-04-04', 'categoria': 'economia_finanzas'}, {'title': 'Noboa: Ecuador se vuelve “más competitivo” con los aranceles de Trump', 'text': 'El presidente explicó que, pese al arancel del 10% a productos ecuatorianos, el diferencial frente a competidores con tasas mayores podría favorecer exportaciones como atún y camarón.', 'source': 'swissinfo.ch (Agencia EFE)', 'date': '2025-04-04', 'categoria': 'economia_finanzas'}, {'title': 'Noboa dice que Ecuador se “vuelve más competitivo” con los aranceles de Trump', 'text': 'El debate público se enfocó en los aranceles de EE. UU. y el impacto comercial para Ecuador, incluyendo riesgos y oportunidades por cambios en condiciones de mercado.', 'source': 'Expreso (Agencia EFE)', 'date': '2025-04-04', 'categoria': 'politica_gobierno'}, {'title': 'Noticiero 24 Horas (Emisión Central 04/04/2025)', 'text': 'El informativo incluyó actualidad política y económica, además de reportes de seguridad y servicios en varias provincias durante el periodo electoral.', 'source': 'Teleamazonas', 'date': '2025-04-04', 'categoria': 'politica_gobierno'}, {'title': 'Noticiero de Ecuador (Emisión Matinal 07/04/2025)', 'text': 'El noticiero resumió la agenda nacional en días previos a la elección: seguridad, economía, servicios y actividad institucional en Quito, Guayaquil y provincias.', 'source': 'Teleamazonas', 'date': '2025-04-07', 'categoria': 'politica_gobierno'}, {'title': 'Ecuador News (Central Broadcast 04/07/2025)', 'text': 'El bloque de noticias incluyó reportes sobre afectaciones sociales, operativos y anuncios oficiales que incidieron en actividades cotidianas y percepción ciudadana.', 'source': 'Teleamazonas (YouTube)', 'date': '2025-04-07', 'categoria': 'riesgo_pais_calidad_vida'}, {'title': 'El fundador de Blackwater participó en operativo en Guayaquil (según reportes locales)', 'text': 'Medios locales reportaron participación o presencia de asesores extranjeros en acciones de seguridad; el hecho se enmarcó en la estrategia gubernamental contra el crimen organizado.', 'source': 'El Oriente', 'date': '2025-04-07', 'categoria': 'seguridad_crimen'}, {'title': 'Derrame en el SOTE y force majeure mantienen efectos en exportaciones y finanzas', 'text': 'En el periodo, continuó el impacto del derrame y la declaratoria de fuerza mayor sobre exportaciones de crudo y gestión de riesgos, con costos de respuesta y monitoreo ambiental.', 'source': 'Reuters', 'date': '2025-04-09', 'categoria': 'economia_finanzas'}, {'title': 'Ecuador y EE. UU. discuten apertura comercial y eliminación de barreras', 'text': 'Reportes señalaron conversaciones sobre acceso de mercado y mecanismos para productos clave de exportación ecuatoriana, en un contexto de negociación y agenda bilateral.', 'source': 'El Oriente', 'date': '2025-04-09', 'categoria': 'politica_gobierno'}, {'title': 'Noticiero de Ecuador (Emisión Central 09/04/2025)', 'text': 'El informativo agrupó titulares nacionales sobre campaña electoral, seguridad, economía y eventos en provincias, manteniendo foco en incidentes y decisiones oficiales.', 'source': 'Teleamazonas', 'date': '2025-04-09', 'categoria': 'politica_gobierno'}]","[{'title': 'Riesgo país se mantiene alto', 'text': 'El indicador reflejó cautela de los mercados.', 'source': 'El Comercio', 'date': '2022-07-07', 'categoria': 'riesgo_pais_calidad_vida'}, {'title': 'Gobierno busca apoyo internacional post crisis', 'text': 'Autoridades gestionaron respaldo financiero y técnico.', 'source': 'El Universo', 'date': '2022-07-08', 'categoria': 'politica_gobierno'}, {'title': 'Apagones programados en Ecuador por estiaje y crisis energética julio 2022', 'text': 'El Ministerio de Energía anuncia apagones programados en julio 2022 por bajo caudal de ríos debido al estiaje. Afecta regiones como la Costa y Sierra; se detallan horarios y medidas de ahorro para mitigar impacto en hogares y empresas.', 'source': 'El Universo', 'date': '2022-07-12', 'categoria': 'medio_ambiente'}, {'title': 'Gobierno plantea reformas económicas', 'text': 'El Ejecutivo presentó propuestas de reformas tras el paro.', 'source': 'El Universo', 'date': '2022-07-12', 'categoria': 'politica_gobierno'}, {'title': 'Autoridades refuerzan seguridad tras protestas', 'text': 'Se mantuvieron operativos de control en zonas estratégicas.', 'source': 'El Comercio', 'date': '2022-07-13', 'categoria': 'seguridad_crimen'}, {'title': 'Sector petrolero busca recuperarse', 'text': 'La industria petrolera inició planes de recuperación.', 'source': 'El Universo', 'date': '2022-07-14', 'categoria': 'economia_finanzas'}, {'title': 'Televistazo 7PM | 14-07-2022', 'text': 'El noticiero Televistazo 7PM del 14 de julio 2022 cubre agenda nacional: operativos policiales contra crimen organizado en Guayaquil, avances en seguridad vial y temas de violencia urbana, junto con actualizaciones económicas y energéticas post-paro junio.', 'source': 'Ecuavisa', 'date': '2022-07-14', 'categoria': 'seguridad_crimen'}, {'title': 'Riesgo país sigue sensible', 'text': 'El indicador reaccionó a anuncios económicos.', 'source': 'El Comercio', 'date': '2022-07-15', 'categoria': 'riesgo_pais_calidad_vida'}, {'title': 'Ecuador retoma agenda internacional', 'text': 'El país retomó contactos diplomáticos tras la crisis.', 'source': 'El Universo', 'date': '2022-07-16', 'categoria': 'politica_gobierno'}]"
158,140,2025-04-04,2023-08-04,0.871287108471926,4,0.7372004985809326,ok,"economia_finanzas, medio_ambiente, politica_gobierno, riesgo_pais_calidad_vida, seguridad_crimen","economia_finanzas, medio_ambiente, politica_gobierno, riesgo_pais_calidad_vida, seguridad_crimen",14,7,"[{'title': 'Venezuela exporta más petróleo y Ecuador pierde mercado', 'text': 'Venezuela aumenta exportaciones de petróleo, afectando la cuota de mercado de Ecuador. La nota analiza impacto en ingresos fiscales, precios internacionales y estrategias del gobierno para mantener competitividad en el sector hidrocarburífero.', 'source': 'La Hora', 'date': '2025-03-31', 'categoria': 'economia_finanzas'}, {'title': 'Informe humanitario reporta afectaciones del derrame de petróleo en Esmeraldas', 'text': 'Se detallaron impactos del derrame en agua, salud, agricultura y medios de vida, así como necesidades y coordinación de respuesta en territorio.', 'source': 'ReliefWeb', 'date': '2025-04-02', 'categoria': 'medio_ambiente'}, {'title': 'Ecuador: Derrame de petróleo – Informe de Situación No. 1', 'text': 'Un reporte humanitario resumió daños, necesidades y respuesta institucional tras el derrame asociado a lluvias y deslizamiento, con afectación a agua, riego y medios de vida.', 'source': 'ReliefWeb', 'date': '2025-04-02', 'categoria': 'medio_ambiente'}, {'title': 'Noboa: Ecuador se vuelve más competitivo con aranceles de Donald Trump', 'text': 'La cobertura revisó el efecto esperado sobre exportaciones, márgenes y cadenas productivas, con atención en pesca, camarón y competencia internacional.', 'source': 'El Comercio', 'date': '2025-04-04', 'categoria': 'economia_finanzas'}, {'title': 'Noboa afirma que el país será más competitivo tras aranceles de EE. UU.', 'text': 'Medios locales compilaron reacciones y análisis sobre aranceles, exportaciones y estrategias para sostener ventas externas en un escenario de cambios regulatorios.', 'source': 'El Oriente', 'date': '2025-04-04', 'categoria': 'economia_finanzas'}, {'title': 'Noboa: Ecuador se vuelve “más competitivo” con los aranceles de Trump', 'text': 'El presidente explicó que, pese al arancel del 10% a productos ecuatorianos, el diferencial frente a competidores con tasas mayores podría favorecer exportaciones como atún y camarón.', 'source': 'swissinfo.ch (Agencia EFE)', 'date': '2025-04-04', 'categoria': 'economia_finanzas'}, {'title': 'Noboa dice que Ecuador se “vuelve más competitivo” con los aranceles de Trump', 'text': 'El debate público se enfocó en los aranceles de EE. UU. y el impacto comercial para Ecuador, incluyendo riesgos y oportunidades por cambios en condiciones de mercado.', 'source': 'Expreso (Agencia EFE)', 'date': '2025-04-04', 'categoria': 'politica_gobierno'}, {'title': 'Noticiero 24 Horas (Emisión Central 04/04/2025)', 'text': 'El informativo incluyó actualidad política y económica, además de reportes de seguridad y servicios en varias provincias durante el periodo electoral.', 'source': 'Teleamazonas', 'date': '2025-04-04', 'categoria': 'politica_gobierno'}, {'title': 'Noticiero de Ecuador (Emisión Matinal 07/04/2025)', 'text': 'El noticiero resumió la agenda nacional en días previos a la elección: seguridad, economía, servicios y actividad institucional en Quito, Guayaquil y provincias.', 'source': 'Teleamazonas', 'date': '2025-04-07', 'categoria': 'politica_gobierno'}, {'title': 'Ecuador News (Central Broadcast 04/07/2025)', 'text': 'El bloque de noticias incluyó reportes sobre afectaciones sociales, operativos y anuncios oficiales que incidieron en actividades cotidianas y percepción ciudadana.', 'source': 'Teleamazonas (YouTube)', 'date': '2025-04-07', 'categoria': 'riesgo_pais_calidad_vida'}, {'title': 'El fundador de Blackwater participó en operativo en Guayaquil (según reportes locales)', 'text': 'Medios locales reportaron participación o presencia de asesores extranjeros en acciones de seguridad; el hecho se enmarcó en la estrategia gubernamental contra el crimen organizado.', 'source': 'El Oriente', 'date': '2025-04-07', 'categoria': 'seguridad_crimen'}, {'title': 'Derrame en el SOTE y force majeure mantienen efectos en exportaciones y finanzas', 'text': 'En el periodo, continuó el impacto del derrame y la declaratoria de fuerza mayor sobre exportaciones de crudo y gestión de riesgos, con costos de respuesta y monitoreo ambiental.', 'source': 'Reuters', 'date': '2025-04-09', 'categoria': 'economia_finanzas'}, {'title': 'Ecuador y EE. UU. discuten apertura comercial y eliminación de barreras', 'text': 'Reportes señalaron conversaciones sobre acceso de mercado y mecanismos para productos clave de exportación ecuatoriana, en un contexto de negociación y agenda bilateral.', 'source': 'El Oriente', 'date': '2025-04-09', 'categoria': 'politica_gobierno'}, {'title': 'Noticiero de Ecuador (Emisión Central 09/04/2025)', 'text': 'El informativo agrupó titulares nacionales sobre campaña electoral, seguridad, economía y eventos en provincias, manteniendo foco en incidentes y decisiones oficiales.', 'source': 'Teleamazonas', 'date': '2025-04-09', 'categoria': 'politica_gobierno'}]","[{'title': 'Estiaje amenaza generación eléctrica en Ecuador agosto 2023', 'text': 'El estiaje en agosto 2023 reduce niveles de embalses hidroeléctricos. Ministerio de Energía anuncia medidas de ahorro; riesgo de racionamientos en regiones dependientes de agua, en medio de sequía prolongada.', 'source': 'El Comercio', 'date': '2023-08-04', 'categoria': 'medio_ambiente'}, {'title': 'Decisiones y anuncios del Gobierno marcan la agenda nacional', 'text': 'Autoridades informaron decisiones de política pública, decretos o acciones institucionales con impacto nacional y en gobiernos locales.', 'source': 'El Universo', 'date': '2023-08-04', 'categoria': 'politica_gobierno'}, {'title': 'Durán registra récord de homicidios en agosto 2023 por narcotráfico', 'text': 'Durán (Guayas) enfrenta récord de homicidios en agosto 2023 por guerras entre bandas narcotraficantes. Policía reporta balaceras diarias y toque de queda; se analiza penetración criminal en puerto y rutas de droga.', 'source': 'Primicias', 'date': '2023-08-04', 'categoria': 'seguridad_crimen'}, {'title': 'Operativos y hechos delictivos elevan preocupación por seguridad', 'text': 'Se reportaron operativos, detenciones o investigaciones por delitos, junto con alertas ciudadanas en distintas provincias.', 'source': 'El Comercio', 'date': '2023-08-05', 'categoria': 'seguridad_crimen'}, {'title': 'Indicadores económicos y fiscales reflejan presiones en el país', 'text': 'Sectores productivos y autoridades revisaron inflación, empleo, finanzas públicas y actividad económica, con énfasis en riesgos y medidas de ajuste.', 'source': 'Primicias', 'date': '2023-08-06', 'categoria': 'economia_finanzas'}, {'title': 'Costo de vida y servicios impactan a los hogares', 'text': 'Se registraron impactos en empleo, educación, salud, movilidad o servicios, con acciones de mitigación y demandas ciudadanas.', 'source': 'Expreso', 'date': '2023-08-07', 'categoria': 'riesgo_pais_calidad_vida'}, {'title': 'Ecuador sostiene gestiones y posiciones internacionales', 'text': 'Autoridades reportaron reuniones, cooperación o pronunciamientos internacionales relacionados con seguridad, economía o asuntos regionales.', 'source': 'Teleamazonas', 'date': '2023-08-08', 'categoria': 'politica_gobierno'}]"
158,143,2025-04-04,2023-09-01,0.8561796849667119,5,0.7358239889144897,ok,"economia_finanzas, medio_ambiente, politica_gobierno, riesgo_pais_calidad_vida, seguridad_crimen","economia_finanzas, politica_gobierno, seguridad_crimen, servicios_basicos",14,4,"[{'title': 'Venezuela exporta más petróleo y Ecuador pierde mercado', 'text': 'Venezuela aumenta exportaciones de petróleo, afectando la cuota de mercado de Ecuador. La nota analiza impacto en ingresos fiscales, precios internacionales y estrategias del gobierno para mantener competitividad en el sector hidrocarburífero.', 'source': 'La Hora', 'date': '2025-03-31', 'categoria': 'economia_finanzas'}, {'title': 'Informe humanitario reporta afectaciones del derrame de petróleo en Esmeraldas', 'text': 'Se detallaron impactos del derrame en agua, salud, agricultura y medios de vida, así como necesidades y coordinación de respuesta en territorio.', 'source': 'ReliefWeb', 'date': '2025-04-02', 'categoria': 'medio_ambiente'}, {'title': 'Ecuador: Derrame de petróleo – Informe de Situación No. 1', 'text': 'Un reporte humanitario resumió daños, necesidades y respuesta institucional tras el derrame asociado a lluvias y deslizamiento, con afectación a agua, riego y medios de vida.', 'source': 'ReliefWeb', 'date': '2025-04-02', 'categoria': 'medio_ambiente'}, {'title': 'Noboa: Ecuador se vuelve más competitivo con aranceles de Donald Trump', 'text': 'La cobertura revisó el efecto esperado sobre exportaciones, márgenes y cadenas productivas, con atención en pesca, camarón y competencia internacional.', 'source': 'El Comercio', 'date': '2025-04-04', 'categoria': 'economia_finanzas'}, {'title': 'Noboa afirma que el país será más competitivo tras aranceles de EE. UU.', 'text': 'Medios locales compilaron reacciones y análisis sobre aranceles, exportaciones y estrategias para sostener ventas externas en un escenario de cambios regulatorios.', 'source': 'El Oriente', 'date': '2025-04-04', 'categoria': 'economia_finanzas'}, {'title': 'Noboa: Ecuador se vuelve “más competitivo” con los aranceles de Trump', 'text': 'El presidente explicó que, pese al arancel del 10% a productos ecuatorianos, el diferencial frente a competidores con tasas mayores podría favorecer exportaciones como atún y camarón.', 'source': 'swissinfo.ch (Agencia EFE)', 'date': '2025-04-04', 'categoria': 'economia_finanzas'}, {'title': 'Noboa dice que Ecuador se “vuelve más competitivo” con los aranceles de Trump', 'text': 'El debate público se enfocó en los aranceles de EE. UU. y el impacto comercial para Ecuador, incluyendo riesgos y oportunidades por cambios en condiciones de mercado.', 'source': 'Expreso (Agencia EFE)', 'date': '2025-04-04', 'categoria': 'politica_gobierno'}, {'title': 'Noticiero 24 Horas (Emisión Central 04/04/2025)', 'text': 'El informativo incluyó actualidad política y económica, además de reportes de seguridad y servicios en varias provincias durante el periodo electoral.', 'source': 'Teleamazonas', 'date': '2025-04-04', 'categoria': 'politica_gobierno'}, {'title': 'Noticiero de Ecuador (Emisión Matinal 07/04/2025)', 'text': 'El noticiero resumió la agenda nacional en días previos a la elección: seguridad, economía, servicios y actividad institucional en Quito, Guayaquil y provincias.', 'source': 'Teleamazonas', 'date': '2025-04-07', 'categoria': 'politica_gobierno'}, {'title': 'Ecuador News (Central Broadcast 04/07/2025)', 'text': 'El bloque de noticias incluyó reportes sobre afectaciones sociales, operativos y anuncios oficiales que incidieron en actividades cotidianas y percepción ciudadana.', 'source': 'Teleamazonas (YouTube)', 'date': '2025-04-07', 'categoria': 'riesgo_pais_calidad_vida'}, {'title': 'El fundador de Blackwater participó en operativo en Guayaquil (según reportes locales)', 'text': 'Medios locales reportaron participación o presencia de asesores extranjeros en acciones de seguridad; el hecho se enmarcó en la estrategia gubernamental contra el crimen organizado.', 'source': 'El Oriente', 'date': '2025-04-07', 'categoria': 'seguridad_crimen'}, {'title': 'Derrame en el SOTE y force majeure mantienen efectos en exportaciones y finanzas', 'text': 'En el periodo, continuó el impacto del derrame y la declaratoria de fuerza mayor sobre exportaciones de crudo y gestión de riesgos, con costos de respuesta y monitoreo ambiental.', 'source': 'Reuters', 'date': '2025-04-09', 'categoria': 'economia_finanzas'}, {'title': 'Ecuador y EE. UU. discuten apertura comercial y eliminación de barreras', 'text': 'Reportes señalaron conversaciones sobre acceso de mercado y mecanismos para productos clave de exportación ecuatoriana, en un contexto de negociación y agenda bilateral.', 'source': 'El Oriente', 'date': '2025-04-09', 'categoria': 'politica_gobierno'}, {'title': 'Noticiero de Ecuador (Emisión Central 09/04/2025)', 'text': 'El informativo agrupó titulares nacionales sobre campaña electoral, seguridad, economía y eventos en provincias, manteniendo foco en incidentes y decisiones oficiales.', 'source': 'Teleamazonas', 'date': '2025-04-09', 'categoria': 'politica_gobierno'}]","[{'title': 'Riesgo país de Ecuador sube en septiembre 2023 por incertidumbre política', 'text': 'El riesgo país de Ecuador aumenta en septiembre 2023 por inestabilidad política y violencia. Spreads en bonos soberanos suben, elevando costos de financiamiento; análisis compara con pares regionales y proyecta impacto en deuda externa.', 'source': 'Primicias', 'date': '2023-09-01', 'categoria': 'economia_finanzas'}, {'title': 'Servicio eléctrico y energía enfrentan fallas o ajustes operativos', 'text': 'Usuarios y autoridades informaron cortes, mantenimientos o decisiones operativas relacionadas con energía, con acciones para restablecer el servicio.', 'source': 'El Universo', 'date': '2023-09-05', 'categoria': 'servicios_basicos'}, {'title': 'Decisiones y anuncios del Gobierno marcan la agenda nacional', 'text': 'Autoridades informaron decisiones de política pública, decretos o acciones institucionales con impacto nacional y en gobiernos locales.', 'source': 'El Comercio', 'date': '2023-09-06', 'categoria': 'politica_gobierno'}, {'title': 'Durán registra récord de violencia en septiembre 2023', 'text': 'Durán (Guayas) enfrenta récord de homicidios en septiembre 2023 por disputas de bandas narcotraficantes. Se reportan balaceras diarias y toque de queda parcial; Policía y FF.AA. intensifican operativos para controlar territorio.', 'source': 'El Universo', 'date': '2023-09-06', 'categoria': 'seguridad_crimen'}]"
158,8,2025-04-04,2007-01-23,0.8550773856343836,6,0.64054936170578,ok,"economia_finanzas, medio_ambiente, politica_gobierno, riesgo_pais_calidad_vida, seguridad_crimen",politica_gobierno,14,2,"[{'title': 'Venezuela exporta más petróleo y Ecuador pierde mercado', 'text': 'Venezuela aumenta exportaciones de petróleo, afectando la cuota de mercado de Ecuador. La nota analiza impacto en ingresos fiscales, precios internacionales y estrategias del gobierno para mantener competitividad en el sector hidrocarburífero.', 'source': 'La Hora', 'date': '2025-03-31', 'categoria': 'economia_finanzas'}, {'title': 'Informe humanitario reporta afectaciones del derrame de petróleo en Esmeraldas', 'text': 'Se detallaron impactos del derrame en agua, salud, agricultura y medios de vida, así como necesidades y coordinación de respuesta en territorio.', 'source': 'ReliefWeb', 'date': '2025-04-02', 'categoria': 'medio_ambiente'}, {'title': 'Ecuador: Derrame de petróleo – Informe de Situación No. 1', 'text': 'Un reporte humanitario resumió daños, necesidades y respuesta institucional tras el derrame asociado a lluvias y deslizamiento, con afectación a agua, riego y medios de vida.', 'source': 'ReliefWeb', 'date': '2025-04-02', 'categoria': 'medio_ambiente'}, {'title': 'Noboa: Ecuador se vuelve más competitivo con aranceles de Donald Trump', 'text': 'La cobertura revisó el efecto esperado sobre exportaciones, márgenes y cadenas productivas, con atención en pesca, camarón y competencia internacional.', 'source': 'El Comercio', 'date': '2025-04-04', 'categoria': 'economia_finanzas'}, {'title': 'Noboa afirma que el país será más competitivo tras aranceles de EE. UU.', 'text': 'Medios locales compilaron reacciones y análisis sobre aranceles, exportaciones y estrategias para sostener ventas externas en un escenario de cambios regulatorios.', 'source': 'El Oriente', 'date': '2025-04-04', 'categoria': 'economia_finanzas'}, {'title': 'Noboa: Ecuador se vuelve “más competitivo” con los aranceles de Trump', 'text': 'El presidente explicó que, pese al arancel del 10% a productos ecuatorianos, el diferencial frente a competidores con tasas mayores podría favorecer exportaciones como atún y camarón.', 'source': 'swissinfo.ch (Agencia EFE)', 'date': '2025-04-04', 'categoria': 'economia_finanzas'}, {'title': 'Noboa dice que Ecuador se “vuelve más competitivo” con los aranceles de Trump', 'text': 'El debate público se enfocó en los aranceles de EE. UU. y el impacto comercial para Ecuador, incluyendo riesgos y oportunidades por cambios en condiciones de mercado.', 'source': 'Expreso (Agencia EFE)', 'date': '2025-04-04', 'categoria': 'politica_gobierno'}, {'title': 'Noticiero 24 Horas (Emisión Central 04/04/2025)', 'text': 'El informativo incluyó actualidad política y económica, además de reportes de seguridad y servicios en varias provincias durante el periodo electoral.', 'source': 'Teleamazonas', 'date': '2025-04-04', 'categoria': 'politica_gobierno'}, {'title': 'Noticiero de Ecuador (Emisión Matinal 07/04/2025)', 'text': 'El noticiero resumió la agenda nacional en días previos a la elección: seguridad, economía, servicios y actividad institucional en Quito, Guayaquil y provincias.', 'source': 'Teleamazonas', 'date': '2025-04-07', 'categoria': 'politica_gobierno'}, {'title': 'Ecuador News (Central Broadcast 04/07/2025)', 'text': 'El bloque de noticias incluyó reportes sobre afectaciones sociales, operativos y anuncios oficiales que incidieron en actividades cotidianas y percepción ciudadana.', 'source': 'Teleamazonas (YouTube)', 'date': '2025-04-07', 'categoria': 'riesgo_pais_calidad_vida'}, {'title': 'El fundador de Blackwater participó en operativo en Guayaquil (según reportes locales)', 'text': 'Medios locales reportaron participación o presencia de asesores extranjeros en acciones de seguridad; el hecho se enmarcó en la estrategia gubernamental contra el crimen organizado.', 'source': 'El Oriente', 'date': '2025-04-07', 'categoria': 'seguridad_crimen'}, {'title': 'Derrame en el SOTE y force majeure mantienen efectos en exportaciones y finanzas', 'text': 'En el periodo, continuó el impacto del derrame y la declaratoria de fuerza mayor sobre exportaciones de crudo y gestión de riesgos, con costos de respuesta y monitoreo ambiental.', 'source': 'Reuters', 'date': '2025-04-09', 'categoria': 'economia_finanzas'}, {'title': 'Ecuador y EE. UU. discuten apertura comercial y eliminación de barreras', 'text': 'Reportes señalaron conversaciones sobre acceso de mercado y mecanismos para productos clave de exportación ecuatoriana, en un contexto de negociación y agenda bilateral.', 'source': 'El Oriente', 'date': '2025-04-09', 'categoria': 'politica_gobierno'}, {'title': 'Noticiero de Ecuador (Emisión Central 09/04/2025)', 'text': 'El informativo agrupó titulares nacionales sobre campaña electoral, seguridad, economía y eventos en provincias, manteniendo foco en incidentes y decisiones oficiales.', 'source': 'Teleamazonas', 'date': '2025-04-09', 'categoria': 'politica_gobierno'}]","[{'title': 'Ecuador president signals shift in US ties', 'text': ' El presidente Rafael Correa adelantó cambios en la relación de Ecuador con Estados Unidos, cuestionando acuerdos militares y económicos previos. El artículo destaca el debate sobre soberanía, política regional y la reacción de actores internacionales ante el nuevo enfoque del gobierno.', 'source': 'Al Jazeera', 'date': '2007-01-18', 'categoria': 'politica_gobierno'}, {'title': 'Ecuador backs constituent assembly vote', 'text': ' El gobierno de Rafael Correa impulsó un referéndum para convocar una asamblea constituyente. La nota describe el respaldo popular, la oposición del Congreso y las tensiones institucionales que marcaron el inicio del proceso de reforma constitucional.', 'source': 'Reuters', 'date': '2007-01-23', 'categoria': 'politica_gobierno'}]"
158,135,2025-04-04,2023-04-05,0.8465256854982692,7,0.6892765760421753,ok,"economia_finanzas, medio_ambiente, politica_gobierno, riesgo_pais_calidad_vida, seguridad_crimen","economia_finanzas, politica_gobierno, riesgo_pais_calidad_vida, seguridad_crimen, servicios_basicos",14,9,"[{'title': 'Venezuela exporta más petróleo y Ecuador pierde mercado', 'text': 'Venezuela aumenta exportaciones de petróleo, afectando la cuota de mercado de Ecuador. La nota analiza impacto en ingresos fiscales, precios internacionales y estrategias del gobierno para mantener competitividad en el sector hidrocarburífero.', 'source': 'La Hora', 'date': '2025-03-31', 'categoria': 'economia_finanzas'}, {'title': 'Informe humanitario reporta afectaciones del derrame de petróleo en Esmeraldas', 'text': 'Se detallaron impactos del derrame en agua, salud, agricultura y medios de vida, así como necesidades y coordinación de respuesta en territorio.', 'source': 'ReliefWeb', 'date': '2025-04-02', 'categoria': 'medio_ambiente'}, {'title': 'Ecuador: Derrame de petróleo – Informe de Situación No. 1', 'text': 'Un reporte humanitario resumió daños, necesidades y respuesta institucional tras el derrame asociado a lluvias y deslizamiento, con afectación a agua, riego y medios de vida.', 'source': 'ReliefWeb', 'date': '2025-04-02', 'categoria': 'medio_ambiente'}, {'title': 'Noboa: Ecuador se vuelve más competitivo con aranceles de Donald Trump', 'text': 'La cobertura revisó el efecto esperado sobre exportaciones, márgenes y cadenas productivas, con atención en pesca, camarón y competencia internacional.', 'source': 'El Comercio', 'date': '2025-04-04', 'categoria': 'economia_finanzas'}, {'title': 'Noboa afirma que el país será más competitivo tras aranceles de EE. UU.', 'text': 'Medios locales compilaron reacciones y análisis sobre aranceles, exportaciones y estrategias para sostener ventas externas en un escenario de cambios regulatorios.', 'source': 'El Oriente', 'date': '2025-04-04', 'categoria': 'economia_finanzas'}, {'title': 'Noboa: Ecuador se vuelve “más competitivo” con los aranceles de Trump', 'text': 'El presidente explicó que, pese al arancel del 10% a productos ecuatorianos, el diferencial frente a competidores con tasas mayores podría favorecer exportaciones como atún y camarón.', 'source': 'swissinfo.ch (Agencia EFE)', 'date': '2025-04-04', 'categoria': 'economia_finanzas'}, {'title': 'Noboa dice que Ecuador se “vuelve más competitivo” con los aranceles de Trump', 'text': 'El debate público se enfocó en los aranceles de EE. UU. y el impacto comercial para Ecuador, incluyendo riesgos y oportunidades por cambios en condiciones de mercado.', 'source': 'Expreso (Agencia EFE)', 'date': '2025-04-04', 'categoria': 'politica_gobierno'}, {'title': 'Noticiero 24 Horas (Emisión Central 04/04/2025)', 'text': 'El informativo incluyó actualidad política y económica, además de reportes de seguridad y servicios en varias provincias durante el periodo electoral.', 'source': 'Teleamazonas', 'date': '2025-04-04', 'categoria': 'politica_gobierno'}, {'title': 'Noticiero de Ecuador (Emisión Matinal 07/04/2025)', 'text': 'El noticiero resumió la agenda nacional en días previos a la elección: seguridad, economía, servicios y actividad institucional en Quito, Guayaquil y provincias.', 'source': 'Teleamazonas', 'date': '2025-04-07', 'categoria': 'politica_gobierno'}, {'title': 'Ecuador News (Central Broadcast 04/07/2025)', 'text': 'El bloque de noticias incluyó reportes sobre afectaciones sociales, operativos y anuncios oficiales que incidieron en actividades cotidianas y percepción ciudadana.', 'source': 'Teleamazonas (YouTube)', 'date': '2025-04-07', 'categoria': 'riesgo_pais_calidad_vida'}, {'title': 'El fundador de Blackwater participó en operativo en Guayaquil (según reportes locales)', 'text': 'Medios locales reportaron participación o presencia de asesores extranjeros en acciones de seguridad; el hecho se enmarcó en la estrategia gubernamental contra el crimen organizado.', 'source': 'El Oriente', 'date': '2025-04-07', 'categoria': 'seguridad_crimen'}, {'title': 'Derrame en el SOTE y force majeure mantienen efectos en exportaciones y finanzas', 'text': 'En el periodo, continuó el impacto del derrame y la declaratoria de fuerza mayor sobre exportaciones de crudo y gestión de riesgos, con costos de respuesta y monitoreo ambiental.', 'source': 'Reuters', 'date': '2025-04-09', 'categoria': 'economia_finanzas'}, {'title': 'Ecuador y EE. UU. discuten apertura comercial y eliminación de barreras', 'text': 'Reportes señalaron conversaciones sobre acceso de mercado y mecanismos para productos clave de exportación ecuatoriana, en un contexto de negociación y agenda bilateral.', 'source': 'El Oriente', 'date': '2025-04-09', 'categoria': 'politica_gobierno'}, {'title': 'Noticiero de Ecuador (Emisión Central 09/04/2025)', 'text': 'El informativo agrupó titulares nacionales sobre campaña electoral, seguridad, economía y eventos en provincias, manteniendo foco en incidentes y decisiones oficiales.', 'source': 'Teleamazonas', 'date': '2025-04-09', 'categoria': 'politica_gobierno'}]","[{'title': 'Fallas, mantenimiento o ajustes afectan servicios energéticos', 'text': 'Usuarios y autoridades reportaron interrupciones, mantenimientos o medidas operativas relacionadas con electricidad y energía, con acciones de contingencia.', 'source': 'Expreso', 'date': '2023-03-31', 'categoria': 'servicios_basicos'}, {'title': 'Situación social impacta calidad de vida y servicios', 'text': 'Se reportaron efectos en empleo, servicios, movilidad o acceso a bienes, con medidas de mitigación y demandas ciudadanas.', 'source': 'Teleamazonas', 'date': '2023-04-01', 'categoria': 'riesgo_pais_calidad_vida'}, {'title': 'Gobierno anuncia medidas y decisiones de gestión pública', 'text': 'Autoridades comunicaron decisiones de política pública y administración del Estado, con efectos en la agenda nacional y local.', 'source': 'El Universo', 'date': '2023-04-05', 'categoria': 'politica_gobierno'}, {'title': 'Protestas y tensiones por juicio político a Lasso en abril 2023', 'text': 'Manifestaciones en Quito y Guayaquil por juicio político a Lasso en abril 2023. Oposición exige destitución por corrupción y inseguridad; oficialismo convoca contramarchas. Se reportan enfrentamientos y llamados a institucionalidad.', 'source': 'El Universo', 'date': '2023-04-05', 'categoria': 'politica_gobierno'}, {'title': 'Violencia en cárceles de Ecuador persiste en abril 2023', 'text': 'Cárceles ecuatorianas registran nuevos incidentes violentos en abril 2023, con motines y enfrentamientos. Se analiza fracaso de políticas de control y necesidad de reformas estructurales en sistema penitenciario.', 'source': 'Primicias', 'date': '2023-04-05', 'categoria': 'seguridad_crimen'}, {'title': 'Operativos de seguridad y denuncias de delitos en varias provincias', 'text': 'La Policía y otras instituciones reportaron operativos, detenciones o investigaciones vinculadas a delitos comunes y control territorial.', 'source': 'El Comercio', 'date': '2023-04-06', 'categoria': 'seguridad_crimen'}, {'title': 'Indicadores económicos muestran presiones y ajustes en el país', 'text': 'Sectores productivos y autoridades revisaron empleo, precios, finanzas públicas y actividad económica, con énfasis en impactos en hogares y empresas.', 'source': 'Primicias', 'date': '2023-04-07', 'categoria': 'economia_finanzas'}, {'title': 'Situación social impacta calidad de vida y servicios', 'text': 'Se reportaron efectos en empleo, servicios, movilidad o acceso a bienes, con medidas de mitigación y demandas ciudadanas.', 'source': 'Expreso', 'date': '2023-04-08', 'categoria': 'riesgo_pais_calidad_vida'}, {'title': 'Ecuador mantiene agenda y gestiones en el ámbito internacional', 'text': 'Autoridades informaron contactos y gestiones internacionales relacionadas con cooperación, financiamiento o asuntos regionales.', 'source': 'Teleamazonas', 'date': '2023-04-09', 'categoria': 'politica_gobierno'}]"
158,67,2025-04-04,2016-01-12,0.8384208440643539,8,0.5999593734741211,ok,"economia_finanzas, medio_ambiente, politica_gobierno, riesgo_pais_calidad_vida, seguridad_crimen","economia_finanzas, medio_ambiente",14,3,"[{'title': 'Venezuela exporta más petróleo y Ecuador pierde mercado', 'text': 'Venezuela aumenta exportaciones de petróleo, afectando la cuota de mercado de Ecuador. La nota analiza impacto en ingresos fiscales, precios internacionales y estrategias del gobierno para mantener competitividad en el sector hidrocarburífero.', 'source': 'La Hora', 'date': '2025-03-31', 'categoria': 'economia_finanzas'}, {'title': 'Informe humanitario reporta afectaciones del derrame de petróleo en Esmeraldas', 'text': 'Se detallaron impactos del derrame en agua, salud, agricultura y medios de vida, así como necesidades y coordinación de respuesta en territorio.', 'source': 'ReliefWeb', 'date': '2025-04-02', 'categoria': 'medio_ambiente'}, {'title': 'Ecuador: Derrame de petróleo – Informe de Situación No. 1', 'text': 'Un reporte humanitario resumió daños, necesidades y respuesta institucional tras el derrame asociado a lluvias y deslizamiento, con afectación a agua, riego y medios de vida.', 'source': 'ReliefWeb', 'date': '2025-04-02', 'categoria': 'medio_ambiente'}, {'title': 'Noboa: Ecuador se vuelve más competitivo con aranceles de Donald Trump', 'text': 'La cobertura revisó el efecto esperado sobre exportaciones, márgenes y cadenas productivas, con atención en pesca, camarón y competencia internacional.', 'source': 'El Comercio', 'date': '2025-04-04', 'categoria': 'economia_finanzas'}, {'title': 'Noboa afirma que el país será más competitivo tras aranceles de EE. UU.', 'text': 'Medios locales compilaron reacciones y análisis sobre aranceles, exportaciones y estrategias para sostener ventas externas en un escenario de cambios regulatorios.', 'source': 'El Oriente', 'date': '2025-04-04', 'categoria': 'economia_finanzas'}, {'title': 'Noboa: Ecuador se vuelve “más competitivo” con los aranceles de Trump', 'text': 'El presidente explicó que, pese al arancel del 10% a productos ecuatorianos, el diferencial frente a competidores con tasas mayores podría favorecer exportaciones como atún y camarón.', 'source': 'swissinfo.ch (Agencia EFE)', 'date': '2025-04-04', 'categoria': 'economia_finanzas'}, {'title': 'Noboa dice que Ecuador se “vuelve más competitivo” con los aranceles de Trump', 'text': 'El debate público se enfocó en los aranceles de EE. UU. y el impacto comercial para Ecuador, incluyendo riesgos y oportunidades por cambios en condiciones de mercado.', 'source': 'Expreso (Agencia EFE)', 'date': '2025-04-04', 'categoria': 'politica_gobierno'}, {'title': 'Noticiero 24 Horas (Emisión Central 04/04/2025)', 'text': 'El informativo incluyó actualidad política y económica, además de reportes de seguridad y servicios en varias provincias durante el periodo electoral.', 'source': 'Teleamazonas', 'date': '2025-04-04', 'categoria': 'politica_gobierno'}, {'title': 'Noticiero de Ecuador (Emisión Matinal 07/04/2025)', 'text': 'El noticiero resumió la agenda nacional en días previos a la elección: seguridad, economía, servicios y actividad institucional en Quito, Guayaquil y provincias.', 'source': 'Teleamazonas', 'date': '2025-04-07', 'categoria': 'politica_gobierno'}, {'title': 'Ecuador News (Central Broadcast 04/07/2025)', 'text': 'El bloque de noticias incluyó reportes sobre afectaciones sociales, operativos y anuncios oficiales que incidieron en actividades cotidianas y percepción ciudadana.', 'source': 'Teleamazonas (YouTube)', 'date': '2025-04-07', 'categoria': 'riesgo_pais_calidad_vida'}, {'title': 'El fundador de Blackwater participó en operativo en Guayaquil (según reportes locales)', 'text': 'Medios locales reportaron participación o presencia de asesores extranjeros en acciones de seguridad; el hecho se enmarcó en la estrategia gubernamental contra el crimen organizado.', 'source': 'El Oriente', 'date': '2025-04-07', 'categoria': 'seguridad_crimen'}, {'title': 'Derrame en el SOTE y force majeure mantienen efectos en exportaciones y finanzas', 'text': 'En el periodo, continuó el impacto del derrame y la declaratoria de fuerza mayor sobre exportaciones de crudo y gestión de riesgos, con costos de respuesta y monitoreo ambiental.', 'source': 'Reuters', 'date': '2025-04-09', 'categoria': 'economia_finanzas'}, {'title': 'Ecuador y EE. UU. discuten apertura comercial y eliminación de barreras', 'text': 'Reportes señalaron conversaciones sobre acceso de mercado y mecanismos para productos clave de exportación ecuatoriana, en un contexto de negociación y agenda bilateral.', 'source': 'El Oriente', 'date': '2025-04-09', 'categoria': 'politica_gobierno'}, {'title': 'Noticiero de Ecuador (Emisión Central 09/04/2025)', 'text': 'El informativo agrupó titulares nacionales sobre campaña electoral, seguridad, economía y eventos en provincias, manteniendo foco en incidentes y decisiones oficiales.', 'source': 'Teleamazonas', 'date': '2025-04-09', 'categoria': 'politica_gobierno'}]","[{'title': 'Emergencias viales por lluvias en la Sierra', 'text': 'Deslizamientos y cierres viales se reportaron en provincias de la Sierra debido a las precipitaciones intensas.', 'source': 'El Comercio', 'date': '2016-01-12', 'categoria': 'economia_finanzas'}, {'title': 'Riesgo país de Ecuador sube por caída petróleo enero 2016', 'text': 'Riesgo país de Ecuador alcanza niveles altos en enero 2016 por caída del petróleo. Spreads en bonos soberanos suben; análisis de impacto en deuda y financiamiento.', 'source': 'El Universo', 'date': '2016-01-12', 'categoria': 'economia_finanzas'}, {'title': 'Lluvias provocan inundaciones en la Costa', 'text': 'Fuertes lluvias causaron desbordes de ríos e inundaciones en zonas rurales y urbanas de la región Costa.', 'source': 'El Universo', 'date': '2016-01-12', 'categoria': 'medio_ambiente'}]"
158,80,2025-04-04,2019-10-15,0.8327438400234846,9,0.38291263580322266,ok,"economia_finanzas, medio_ambiente, politica_gobierno, riesgo_pais_calidad_vida, seguridad_crimen","politica_gobierno, seguridad_crimen",14,3,"[{'title': 'Venezuela exporta más petróleo y Ecuador pierde mercado', 'text': 'Venezuela aumenta exportaciones de petróleo, afectando la cuota de mercado de Ecuador. La nota analiza impacto en ingresos fiscales, precios internacionales y estrategias del gobierno para mantener competitividad en el sector hidrocarburífero.', 'source': 'La Hora', 'date': '2025-03-31', 'categoria': 'economia_finanzas'}, {'title': 'Informe humanitario reporta afectaciones del derrame de petróleo en Esmeraldas', 'text': 'Se detallaron impactos del derrame en agua, salud, agricultura y medios de vida, así como necesidades y coordinación de respuesta en territorio.', 'source': 'ReliefWeb', 'date': '2025-04-02', 'categoria': 'medio_ambiente'}, {'title': 'Ecuador: Derrame de petróleo – Informe de Situación No. 1', 'text': 'Un reporte humanitario resumió daños, necesidades y respuesta institucional tras el derrame asociado a lluvias y deslizamiento, con afectación a agua, riego y medios de vida.', 'source': 'ReliefWeb', 'date': '2025-04-02', 'categoria': 'medio_ambiente'}, {'title': 'Noboa: Ecuador se vuelve más competitivo con aranceles de Donald Trump', 'text': 'La cobertura revisó el efecto esperado sobre exportaciones, márgenes y cadenas productivas, con atención en pesca, camarón y competencia internacional.', 'source': 'El Comercio', 'date': '2025-04-04', 'categoria': 'economia_finanzas'}, {'title': 'Noboa afirma que el país será más competitivo tras aranceles de EE. UU.', 'text': 'Medios locales compilaron reacciones y análisis sobre aranceles, exportaciones y estrategias para sostener ventas externas en un escenario de cambios regulatorios.', 'source': 'El Oriente', 'date': '2025-04-04', 'categoria': 'economia_finanzas'}, {'title': 'Noboa: Ecuador se vuelve “más competitivo” con los aranceles de Trump', 'text': 'El presidente explicó que, pese al arancel del 10% a productos ecuatorianos, el diferencial frente a competidores con tasas mayores podría favorecer exportaciones como atún y camarón.', 'source': 'swissinfo.ch (Agencia EFE)', 'date': '2025-04-04', 'categoria': 'economia_finanzas'}, {'title': 'Noboa dice que Ecuador se “vuelve más competitivo” con los aranceles de Trump', 'text': 'El debate público se enfocó en los aranceles de EE. UU. y el impacto comercial para Ecuador, incluyendo riesgos y oportunidades por cambios en condiciones de mercado.', 'source': 'Expreso (Agencia EFE)', 'date': '2025-04-04', 'categoria': 'politica_gobierno'}, {'title': 'Noticiero 24 Horas (Emisión Central 04/04/2025)', 'text': 'El informativo incluyó actualidad política y económica, además de reportes de seguridad y servicios en varias provincias durante el periodo electoral.', 'source': 'Teleamazonas', 'date': '2025-04-04', 'categoria': 'politica_gobierno'}, {'title': 'Noticiero de Ecuador (Emisión Matinal 07/04/2025)', 'text': 'El noticiero resumió la agenda nacional en días previos a la elección: seguridad, economía, servicios y actividad institucional en Quito, Guayaquil y provincias.', 'source': 'Teleamazonas', 'date': '2025-04-07', 'categoria': 'politica_gobierno'}, {'title': 'Ecuador News (Central Broadcast 04/07/2025)', 'text': 'El bloque de noticias incluyó reportes sobre afectaciones sociales, operativos y anuncios oficiales que incidieron en actividades cotidianas y percepción ciudadana.', 'source': 'Teleamazonas (YouTube)', 'date': '2025-04-07', 'categoria': 'riesgo_pais_calidad_vida'}, {'title': 'El fundador de Blackwater participó en operativo en Guayaquil (según reportes locales)', 'text': 'Medios locales reportaron participación o presencia de asesores extranjeros en acciones de seguridad; el hecho se enmarcó en la estrategia gubernamental contra el crimen organizado.', 'source': 'El Oriente', 'date': '2025-04-07', 'categoria': 'seguridad_crimen'}, {'title': 'Derrame en el SOTE y force majeure mantienen efectos en exportaciones y finanzas', 'text': 'En el periodo, continuó el impacto del derrame y la declaratoria de fuerza mayor sobre exportaciones de crudo y gestión de riesgos, con costos de respuesta y monitoreo ambiental.', 'source': 'Reuters', 'date': '2025-04-09', 'categoria': 'economia_finanzas'}, {'title': 'Ecuador y EE. UU. discuten apertura comercial y eliminación de barreras', 'text': 'Reportes señalaron conversaciones sobre acceso de mercado y mecanismos para productos clave de exportación ecuatoriana, en un contexto de negociación y agenda bilateral.', 'source': 'El Oriente', 'date': '2025-04-09', 'categoria': 'politica_gobierno'}, {'title': 'Noticiero de Ecuador (Emisión Central 09/04/2025)', 'text': 'El informativo agrupó titulares nacionales sobre campaña electoral, seguridad, economía y eventos en provincias, manteniendo foco en incidentes y decisiones oficiales.', 'source': 'Teleamazonas', 'date': '2025-04-09', 'categoria': 'politica_gobierno'}]","[{'title': 'Gobierno e indígenas instalan diálogo tras protestas', 'text': 'Tras once días de movilizaciones, el Gobierno y organizaciones indígenas instalaron mesas de diálogo.', 'source': 'El Universo', 'date': '2019-10-15', 'categoria': 'politica_gobierno'}, {'title': 'Balance de disturbios deja detenidos y heridos', 'text': 'Autoridades presentaron un balance de detenidos, heridos y daños tras las jornadas de protesta.', 'source': 'El Comercio', 'date': '2019-10-15', 'categoria': 'seguridad_crimen'}, {'title': 'Ocho fallecidos y 1.340 heridos en protestas octubre 2019', 'text': 'Defensoría del Pueblo reporta 8 fallecidos y 1.340 heridos en protestas octubre 2019 contra subsidios. Se detallan enfrentamientos y llamado a diálogo en medio de crisis social.', 'source': 'El Universo', 'date': '2019-10-15', 'categoria': 'seguridad_crimen'}]"
158,131,2025-04-04,2023-03-15,0.8312842155850532,10,0.6883209943771362,ok,"economia_finanzas, medio_ambiente, politica_gobierno, riesgo_pais_calidad_vida, seguridad_crimen","economia_finanzas, politica_gobierno, riesgo_pais_calidad_vida, seguridad_crimen",14,12,"[{'title': 'Venezuela exporta más petróleo y Ecuador pierde mercado', 'text': 'Venezuela aumenta exportaciones de petróleo, afectando la cuota de mercado de Ecuador. La nota analiza impacto en ingresos fiscales, precios internacionales y estrategias del gobierno para mantener competitividad en el sector hidrocarburífero.', 'source': 'La Hora', 'date': '2025-03-31', 'categoria': 'economia_finanzas'}, {'title': 'Informe humanitario reporta afectaciones del derrame de petróleo en Esmeraldas', 'text': 'Se detallaron impactos del derrame en agua, salud, agricultura y medios de vida, así como necesidades y coordinación de respuesta en territorio.', 'source': 'ReliefWeb', 'date': '2025-04-02', 'categoria': 'medio_ambiente'}, {'title': 'Ecuador: Derrame de petróleo – Informe de Situación No. 1', 'text': 'Un reporte humanitario resumió daños, necesidades y respuesta institucional tras el derrame asociado a lluvias y deslizamiento, con afectación a agua, riego y medios de vida.', 'source': 'ReliefWeb', 'date': '2025-04-02', 'categoria': 'medio_ambiente'}, {'title': 'Noboa: Ecuador se vuelve más competitivo con aranceles de Donald Trump', 'text': 'La cobertura revisó el efecto esperado sobre exportaciones, márgenes y cadenas productivas, con atención en pesca, camarón y competencia internacional.', 'source': 'El Comercio', 'date': '2025-04-04', 'categoria': 'economia_finanzas'}, {'title': 'Noboa afirma que el país será más competitivo tras aranceles de EE. UU.', 'text': 'Medios locales compilaron reacciones y análisis sobre aranceles, exportaciones y estrategias para sostener ventas externas en un escenario de cambios regulatorios.', 'source': 'El Oriente', 'date': '2025-04-04', 'categoria': 'economia_finanzas'}, {'title': 'Noboa: Ecuador se vuelve “más competitivo” con los aranceles de Trump', 'text': 'El presidente explicó que, pese al arancel del 10% a productos ecuatorianos, el diferencial frente a competidores con tasas mayores podría favorecer exportaciones como atún y camarón.', 'source': 'swissinfo.ch (Agencia EFE)', 'date': '2025-04-04', 'categoria': 'economia_finanzas'}, {'title': 'Noboa dice que Ecuador se “vuelve más competitivo” con los aranceles de Trump', 'text': 'El debate público se enfocó en los aranceles de EE. UU. y el impacto comercial para Ecuador, incluyendo riesgos y oportunidades por cambios en condiciones de mercado.', 'source': 'Expreso (Agencia EFE)', 'date': '2025-04-04', 'categoria': 'politica_gobierno'}, {'title': 'Noticiero 24 Horas (Emisión Central 04/04/2025)', 'text': 'El informativo incluyó actualidad política y económica, además de reportes de seguridad y servicios en varias provincias durante el periodo electoral.', 'source': 'Teleamazonas', 'date': '2025-04-04', 'categoria': 'politica_gobierno'}, {'title': 'Noticiero de Ecuador (Emisión Matinal 07/04/2025)', 'text': 'El noticiero resumió la agenda nacional en días previos a la elección: seguridad, economía, servicios y actividad institucional en Quito, Guayaquil y provincias.', 'source': 'Teleamazonas', 'date': '2025-04-07', 'categoria': 'politica_gobierno'}, {'title': 'Ecuador News (Central Broadcast 04/07/2025)', 'text': 'El bloque de noticias incluyó reportes sobre afectaciones sociales, operativos y anuncios oficiales que incidieron en actividades cotidianas y percepción ciudadana.', 'source': 'Teleamazonas (YouTube)', 'date': '2025-04-07', 'categoria': 'riesgo_pais_calidad_vida'}, {'title': 'El fundador de Blackwater participó en operativo en Guayaquil (según reportes locales)', 'text': 'Medios locales reportaron participación o presencia de asesores extranjeros en acciones de seguridad; el hecho se enmarcó en la estrategia gubernamental contra el crimen organizado.', 'source': 'El Oriente', 'date': '2025-04-07', 'categoria': 'seguridad_crimen'}, {'title': 'Derrame en el SOTE y force majeure mantienen efectos en exportaciones y finanzas', 'text': 'En el periodo, continuó el impacto del derrame y la declaratoria de fuerza mayor sobre exportaciones de crudo y gestión de riesgos, con costos de respuesta y monitoreo ambiental.', 'source': 'Reuters', 'date': '2025-04-09', 'categoria': 'economia_finanzas'}, {'title': 'Ecuador y EE. UU. discuten apertura comercial y eliminación de barreras', 'text': 'Reportes señalaron conversaciones sobre acceso de mercado y mecanismos para productos clave de exportación ecuatoriana, en un contexto de negociación y agenda bilateral.', 'source': 'El Oriente', 'date': '2025-04-09', 'categoria': 'politica_gobierno'}, {'title': 'Noticiero de Ecuador (Emisión Central 09/04/2025)', 'text': 'El informativo agrupó titulares nacionales sobre campaña electoral, seguridad, economía y eventos en provincias, manteniendo foco en incidentes y decisiones oficiales.', 'source': 'Teleamazonas', 'date': '2025-04-09', 'categoria': 'politica_gobierno'}]","[{'title': 'Gobierno anuncia medidas y decisiones de gestión pública', 'text': 'Autoridades comunicaron decisiones de política pública y administración del Estado, con efectos en la agenda nacional y local.', 'source': 'El Universo', 'date': '2023-03-13', 'categoria': 'politica_gobierno'}, {'title': 'Operativos de seguridad y denuncias de delitos en varias provincias', 'text': 'La Policía y otras instituciones reportaron operativos, detenciones o investigaciones vinculadas a delitos comunes y control territorial.', 'source': 'El Comercio', 'date': '2023-03-14', 'categoria': 'seguridad_crimen'}, {'title': 'Indicadores económicos muestran presiones y ajustes en el país', 'text': 'Sectores productivos y autoridades revisaron empleo, precios, finanzas públicas y actividad económica, con énfasis en impactos en hogares y empresas.', 'source': 'Primicias', 'date': '2023-03-15', 'categoria': 'economia_finanzas'}, {'title': 'Juicio político a Lasso inicia formalmente en Asamblea el 15 de marzo 2023', 'text': 'La Comisión de Fiscalización de la Asamblea inicia formalmente el juicio político contra Guillermo Lasso por presunto incumplimiento de funciones en seguridad y corrupción. Oposición presenta pruebas; oficialismo denuncia persecución política. Se destacan tensiones institucionales y riesgo de inestabilidad.', 'source': 'El Universo', 'date': '2023-03-15', 'categoria': 'politica_gobierno'}, {'title': 'Operativos de seguridad y denuncias de delitos en varias provincias', 'text': 'La Policía y otras instituciones reportaron operativos, detenciones o investigaciones vinculadas a delitos comunes y control territorial.', 'source': 'El Universo', 'date': '2023-03-15', 'categoria': 'seguridad_crimen'}, {'title': 'Situación social impacta calidad de vida y servicios', 'text': 'Se reportaron efectos en empleo, servicios, movilidad o acceso a bienes, con medidas de mitigación y demandas ciudadanas.', 'source': 'Expreso', 'date': '2023-03-16', 'categoria': 'riesgo_pais_calidad_vida'}, {'title': 'Autoridades reportan decomisos y acciones contra narcotráfico', 'text': 'Fuerzas de seguridad informaron decomisos, capturas o investigaciones contra redes de microtráfico y narcotráfico con impacto en puertos y rutas.', 'source': 'El Comercio', 'date': '2023-03-16', 'categoria': 'seguridad_crimen'}, {'title': 'Riesgo país de Ecuador sube por juicio político a Lasso en marzo 2023', 'text': 'El riesgo país de Ecuador aumenta en marzo 2023 por incertidumbre del juicio político a Lasso. Spreads en bonos soberanos suben; análisis proyecta impacto en costos de deuda y percepción de inversionistas ante posible destitución o muerte cruzada.', 'source': 'Primicias', 'date': '2023-03-17', 'categoria': 'economia_finanzas'}, {'title': 'Ecuador mantiene agenda y gestiones en el ámbito internacional', 'text': 'Autoridades informaron contactos y gestiones internacionales relacionadas con cooperación, financiamiento o asuntos regionales.', 'source': 'Teleamazonas', 'date': '2023-03-17', 'categoria': 'politica_gobierno'}, {'title': 'Gobierno anuncia medidas y decisiones de gestión pública', 'text': 'Autoridades comunicaron decisiones de política pública y administración del Estado, con efectos en la agenda nacional y local.', 'source': 'Primicias', 'date': '2023-03-17', 'categoria': 'politica_gobierno'}, {'title': 'Indicadores económicos muestran presiones y ajustes en el país', 'text': 'Sectores productivos y autoridades revisaron empleo, precios, finanzas públicas y actividad económica, con énfasis en impactos en hogares y empresas.', 'source': 'Expreso', 'date': '2023-03-18', 'categoria': 'economia_finanzas'}, {'title': 'Situación social impacta calidad de vida y servicios', 'text': 'Se reportaron efectos en empleo, servicios, movilidad o acceso a bienes, con medidas de mitigación y demandas ciudadanas.', 'source': 'Teleamazonas', 'date': '2023-03-19', 'categoria': 'riesgo_pais_calidad_vida'}]"
159,100,2025-05-07,2020-07-01,0.9460685822306628,1,0.5649864673614502,ok,"economia_finanzas, medio_ambiente, politica_gobierno, seguridad_crimen","economia_finanzas, politica_gobierno, riesgo_pais_calidad_vida, seguridad_crimen",13,9,"[{'title': 'Mayo inicia con alto índice de homicidios en Guayas y Manabí', 'text': 'Mayo de 2025 arranca con más de 40 homicidios en Guayas y Manabí en los primeros días. Policía reporta operativos contra bandas narcotraficantes; violencia ligada a disputas territoriales y microtráfico persiste pese a estado de excepción.', 'source': 'Primicias', 'date': '2025-05-02', 'categoria': 'seguridad_crimen'}, {'title': 'Inflación mensual negativa en abril cierra y mayo mantiene tendencia baja', 'text': 'INEC confirma inflación mensual negativa (-0,12%) en abril 2025, tendencia que continúa en mayo. Anual se ubica cerca de 0%; deflación en alimentos y combustibles ayuda a control, pero preocupa desempleo subyacente.', 'source': 'El Universo', 'date': '2025-05-04', 'categoria': 'economia_finanzas'}, {'title': 'Guayas registra nuevo pico de homicidios en mayo 2025', 'text': 'Guayas registra nuevo pico de homicidios en mayo 2025, con más de 50 casos en una semana, ligado a disputas entre bandas narcotraficantes. Policía reporta operativos y detenciones; contexto de persistencia de violencia pese a estado de excepción.', 'source': 'Primicias', 'date': '2025-05-05', 'categoria': 'seguridad_crimen'}, {'title': 'Noboa extiende estado de excepción en Guayas por 30 días más mayo 2025', 'text': 'Daniel Noboa firma extensión por 30 días del estado de excepción en Guayas (y otras provincias costeras) en mayo 2025. Medida responde a homicidios récord y actividades de crimen organizado; incluye toque de queda y despliegue FF.AA.', 'source': 'La Hora', 'date': '2025-05-06', 'categoria': 'politica_gobierno'}, {'title': 'Inflación mensual en Ecuador se mantiene baja en mayo 2025', 'text': 'INEC reporta inflación mensual negativa (-0,08%) en mayo 2025, la quinta consecutiva. Anual se ubica en 0,15%. Se destaca deflación en alimentos y combustibles; análisis de impacto post-reformas económicas de Noboa.', 'source': 'El Universo', 'date': '2025-05-07', 'categoria': 'economia_finanzas'}, {'title': 'Gobierno extiende estado de excepción en Guayas y Manabí mayo 2025', 'text': 'Daniel Noboa extiende estado de excepción en Guayas y Manabí por 60 días más en mayo 2025. Medida busca controlar violencia narcotraficante y homicidios; incluye toque de queda nocturno y despliegue militar.', 'source': 'La Hora', 'date': '2025-05-08', 'categoria': 'politica_gobierno'}, {'title': 'Lluvias intensas causan inundaciones en Costa y Sierra mayo 2025', 'text': 'Inamhi emite alerta naranja por lluvias intensas en Costa (Guayas, Esmeraldas) y Sierra en mayo 2025. Inundaciones, deslizamientos y cierre de vías secundarias; Gestión de Riesgos reporta damnificados y coordinación con GAD.', 'source': 'El Comercio', 'date': '2025-05-09', 'categoria': 'medio_ambiente'}, {'title': 'Riesgo país se mantiene estable tras reelección Noboa mayo 2025', 'text': 'Riesgo país de Ecuador se ubica alrededor de 1.050-1.100 puntos en mayo 2025. Estabilidad post-reelección de Daniel Noboa; analistas destacan confianza inversionista pero alerta por violencia y gasto público.', 'source': 'Primicias', 'date': '2025-05-10', 'categoria': 'economia_finanzas'}, {'title': 'Lluvias intensas generan inundaciones en Costa mayo 2025', 'text': 'Inamhi alerta naranja por lluvias intensas en Costa (Guayas, Manabí, Esmeraldas) en mayo 2025. Inundaciones y deslizamientos afectan comunidades; Gestión de Riesgos reporta damnificados y cierre de vías secundarias.', 'source': 'El Comercio', 'date': '2025-05-10', 'categoria': 'medio_ambiente'}, {'title': 'Riesgo país de Ecuador se mantiene estable en mayo 2025', 'text': 'Riesgo país de Ecuador se mantiene alrededor de 1.100 puntos en mayo 2025 tras reelección de Noboa. Spreads en bonos soberanos estables; analistas destacan confianza post-electoral pero alerta por violencia persistente.', 'source': 'Primicias', 'date': '2025-05-11', 'categoria': 'economia_finanzas'}, {'title': 'Operativo policial en Durán incauta droga y armas mayo 2025', 'text': 'Policía ejecuta operativo en Durán (Guayas) en mayo 2025: incautación de cocaína, armas y detenciones de presuntos miembros de banda. Contexto de violencia persistente en zona pese a estado de excepción.', 'source': 'Ecuavisa', 'date': '2025-05-11', 'categoria': 'seguridad_crimen'}, {'title': 'Apagones programados por mantenimiento hidroeléctrico mayo 2025', 'text': 'Ministerio de Energía anuncia apagones programados en mayo 2025 por mantenimiento de hidroeléctricas (Coca Codo Sinclair y otras). Horarios rotativos en regiones; medida preventiva ante bajo caudal residual del estiaje previo.', 'source': 'La Hora', 'date': '2025-05-12', 'categoria': 'medio_ambiente'}, {'title': 'Televistazo 7PM | 12-05-2025', 'text': 'El noticiero Televistazo 7PM del 12 de mayo 2025 cubre: operativo policial en Durán con incautación de droga y armas, extensión de estado de excepción en Guayas, y avances en agenda de seguridad del gobierno Noboa.', 'source': 'Ecuavisa', 'date': '2025-05-12', 'categoria': 'seguridad_crimen'}]","[{'title': 'Barrios denuncian aumento de robos', 'text': 'Habitantes reportaron incremento de delitos en sectores urbanos durante la emergencia sanitaria.', 'source': 'El Universo', 'date': '2020-06-26', 'categoria': 'seguridad_crimen'}, {'title': 'Ecuador mantiene diálogo con organismos multilaterales', 'text': 'El Gobierno sostuvo conversaciones con organismos financieros para apoyo en la recuperación.', 'source': 'El Comercio', 'date': '2020-06-27', 'categoria': 'politica_gobierno'}, {'title': 'Ecuador negocia vacunas COVID-19 con laboratorios internacionales julio 2020', 'text': 'Ecuador inicia negociaciones para vacunas COVID-19 con Pfizer y otros laboratorios en julio 2020. El Ministerio de Salud detalla avances en adquisición; contexto de pandemia con alto número de contagios y muertes.', 'source': 'El Comercio', 'date': '2020-07-01', 'categoria': 'politica_gobierno'}, {'title': 'COE anuncia nuevas medidas ante aumento de casos', 'text': 'El COE Nacional ajustó disposiciones frente al incremento de contagios por COVID-19.', 'source': 'El Universo', 'date': '2020-07-01', 'categoria': 'politica_gobierno'}, {'title': 'Crisis sanitaria impacta empleo y salarios', 'text': 'El mercado laboral continuó deteriorándose por la prolongación de la emergencia.', 'source': 'El Comercio', 'date': '2020-07-01', 'categoria': 'riesgo_pais_calidad_vida'}, {'title': 'Producción petrolera no logra recuperarse', 'text': 'La producción de crudo se mantuvo por debajo de niveles históricos debido a daños previos y baja demanda.', 'source': 'El Universo', 'date': '2020-07-02', 'categoria': 'economia_finanzas'}, {'title': 'Operativos policiales se intensifican en ciudades', 'text': 'La Policía reforzó patrullajes ante denuncias de delitos durante la pandemia.', 'source': 'El Comercio', 'date': '2020-07-03', 'categoria': 'seguridad_crimen'}, {'title': 'Provincias retoman restricciones por alza de contagios', 'text': 'Gobiernos locales endurecieron medidas ante el repunte de casos de COVID-19.', 'source': 'El Universo', 'date': '2020-07-06', 'categoria': 'politica_gobierno'}, {'title': 'Sistema de salud vuelve a estar bajo presión', 'text': 'Hospitales reportaron incremento de pacientes en cuidados intensivos.', 'source': 'El Comercio', 'date': '2020-07-06', 'categoria': 'riesgo_pais_calidad_vida'}]"
159,70,2025-05-07,2016-02-17,0.9399011129316466,2,0.5533941984176636,ok,"economia_finanzas, medio_ambiente, politica_gobierno, seguridad_crimen","medio_ambiente, seguridad_crimen",13,6,"[{'title': 'Mayo inicia con alto índice de homicidios en Guayas y Manabí', 'text': 'Mayo de 2025 arranca con más de 40 homicidios en Guayas y Manabí en los primeros días. Policía reporta operativos contra bandas narcotraficantes; violencia ligada a disputas territoriales y microtráfico persiste pese a estado de excepción.', 'source': 'Primicias', 'date': '2025-05-02', 'categoria': 'seguridad_crimen'}, {'title': 'Inflación mensual negativa en abril cierra y mayo mantiene tendencia baja', 'text': 'INEC confirma inflación mensual negativa (-0,12%) en abril 2025, tendencia que continúa en mayo. Anual se ubica cerca de 0%; deflación en alimentos y combustibles ayuda a control, pero preocupa desempleo subyacente.', 'source': 'El Universo', 'date': '2025-05-04', 'categoria': 'economia_finanzas'}, {'title': 'Guayas registra nuevo pico de homicidios en mayo 2025', 'text': 'Guayas registra nuevo pico de homicidios en mayo 2025, con más de 50 casos en una semana, ligado a disputas entre bandas narcotraficantes. Policía reporta operativos y detenciones; contexto de persistencia de violencia pese a estado de excepción.', 'source': 'Primicias', 'date': '2025-05-05', 'categoria': 'seguridad_crimen'}, {'title': 'Noboa extiende estado de excepción en Guayas por 30 días más mayo 2025', 'text': 'Daniel Noboa firma extensión por 30 días del estado de excepción en Guayas (y otras provincias costeras) en mayo 2025. Medida responde a homicidios récord y actividades de crimen organizado; incluye toque de queda y despliegue FF.AA.', 'source': 'La Hora', 'date': '2025-05-06', 'categoria': 'politica_gobierno'}, {'title': 'Inflación mensual en Ecuador se mantiene baja en mayo 2025', 'text': 'INEC reporta inflación mensual negativa (-0,08%) en mayo 2025, la quinta consecutiva. Anual se ubica en 0,15%. Se destaca deflación en alimentos y combustibles; análisis de impacto post-reformas económicas de Noboa.', 'source': 'El Universo', 'date': '2025-05-07', 'categoria': 'economia_finanzas'}, {'title': 'Gobierno extiende estado de excepción en Guayas y Manabí mayo 2025', 'text': 'Daniel Noboa extiende estado de excepción en Guayas y Manabí por 60 días más en mayo 2025. Medida busca controlar violencia narcotraficante y homicidios; incluye toque de queda nocturno y despliegue militar.', 'source': 'La Hora', 'date': '2025-05-08', 'categoria': 'politica_gobierno'}, {'title': 'Lluvias intensas causan inundaciones en Costa y Sierra mayo 2025', 'text': 'Inamhi emite alerta naranja por lluvias intensas en Costa (Guayas, Esmeraldas) y Sierra en mayo 2025. Inundaciones, deslizamientos y cierre de vías secundarias; Gestión de Riesgos reporta damnificados y coordinación con GAD.', 'source': 'El Comercio', 'date': '2025-05-09', 'categoria': 'medio_ambiente'}, {'title': 'Riesgo país se mantiene estable tras reelección Noboa mayo 2025', 'text': 'Riesgo país de Ecuador se ubica alrededor de 1.050-1.100 puntos en mayo 2025. Estabilidad post-reelección de Daniel Noboa; analistas destacan confianza inversionista pero alerta por violencia y gasto público.', 'source': 'Primicias', 'date': '2025-05-10', 'categoria': 'economia_finanzas'}, {'title': 'Lluvias intensas generan inundaciones en Costa mayo 2025', 'text': 'Inamhi alerta naranja por lluvias intensas en Costa (Guayas, Manabí, Esmeraldas) en mayo 2025. Inundaciones y deslizamientos afectan comunidades; Gestión de Riesgos reporta damnificados y cierre de vías secundarias.', 'source': 'El Comercio', 'date': '2025-05-10', 'categoria': 'medio_ambiente'}, {'title': 'Riesgo país de Ecuador se mantiene estable en mayo 2025', 'text': 'Riesgo país de Ecuador se mantiene alrededor de 1.100 puntos en mayo 2025 tras reelección de Noboa. Spreads en bonos soberanos estables; analistas destacan confianza post-electoral pero alerta por violencia persistente.', 'source': 'Primicias', 'date': '2025-05-11', 'categoria': 'economia_finanzas'}, {'title': 'Operativo policial en Durán incauta droga y armas mayo 2025', 'text': 'Policía ejecuta operativo en Durán (Guayas) en mayo 2025: incautación de cocaína, armas y detenciones de presuntos miembros de banda. Contexto de violencia persistente en zona pese a estado de excepción.', 'source': 'Ecuavisa', 'date': '2025-05-11', 'categoria': 'seguridad_crimen'}, {'title': 'Apagones programados por mantenimiento hidroeléctrico mayo 2025', 'text': 'Ministerio de Energía anuncia apagones programados en mayo 2025 por mantenimiento de hidroeléctricas (Coca Codo Sinclair y otras). Horarios rotativos en regiones; medida preventiva ante bajo caudal residual del estiaje previo.', 'source': 'La Hora', 'date': '2025-05-12', 'categoria': 'medio_ambiente'}, {'title': 'Televistazo 7PM | 12-05-2025', 'text': 'El noticiero Televistazo 7PM del 12 de mayo 2025 cubre: operativo policial en Durán con incautación de droga y armas, extensión de estado de excepción en Guayas, y avances en agenda de seguridad del gobierno Noboa.', 'source': 'Ecuavisa', 'date': '2025-05-12', 'categoria': 'seguridad_crimen'}]","[{'title': 'Operativos de seguridad por feriado de Carnaval', 'text': 'La Policía Nacional ejecutó operativos especiales por el feriado de Carnaval para prevenir accidentes y delitos.', 'source': 'El Comercio', 'date': '2016-02-17', 'categoria': 'seguridad_crimen'}, {'title': 'Enfrentamientos en cárceles dejan muertos febrero 2016', 'text': 'Enfrentamientos entre presos en cárceles ecuatorianas dejan muertos en febrero 2016. Gobierno anuncia intervención; contexto de hacinamiento y control de bandas.', 'source': 'El Comercio', 'date': '2016-02-17', 'categoria': 'seguridad_crimen'}, {'title': 'Accidente de bus deja víctimas en Azuay', 'text': 'Un bus interprovincial se accidentó en una vía del Azuay, dejando fallecidos y heridos.', 'source': 'El Universo', 'date': '2016-02-17', 'categoria': 'seguridad_crimen'}, {'title': 'Lluvias causan deslizamientos en la Sierra', 'text': 'Las precipitaciones intensas provocaron deslizamientos y afectaciones en carreteras de la región Sierra.', 'source': 'El Universo', 'date': '2016-02-18', 'categoria': 'medio_ambiente'}, {'title': 'Invierno deja miles de afectados en varias provincias', 'text': 'El fuerte invierno provocó inundaciones, deslaves y daños en viviendas en provincias de la Costa y la Sierra, según reportes de gestión de riesgos.', 'source': 'El Universo', 'date': '2016-02-22', 'categoria': 'medio_ambiente'}, {'title': 'Controles por retorno de feriado de Carnaval', 'text': 'La Policía Nacional ejecutó operativos en carreteras y terminales por el retorno masivo tras el feriado de Carnaval.', 'source': 'El Comercio', 'date': '2016-02-22', 'categoria': 'seguridad_crimen'}]"
159,82,2025-05-07,2019-12-06,0.9300958846513296,3,0.5060979127883911,ok,"economia_finanzas, medio_ambiente, politica_gobierno, seguridad_crimen",politica_gobierno,13,1,"[{'title': 'Mayo inicia con alto índice de homicidios en Guayas y Manabí', 'text': 'Mayo de 2025 arranca con más de 40 homicidios en Guayas y Manabí en los primeros días. Policía reporta operativos contra bandas narcotraficantes; violencia ligada a disputas territoriales y microtráfico persiste pese a estado de excepción.', 'source': 'Primicias', 'date': '2025-05-02', 'categoria': 'seguridad_crimen'}, {'title': 'Inflación mensual negativa en abril cierra y mayo mantiene tendencia baja', 'text': 'INEC confirma inflación mensual negativa (-0,12%) en abril 2025, tendencia que continúa en mayo. Anual se ubica cerca de 0%; deflación en alimentos y combustibles ayuda a control, pero preocupa desempleo subyacente.', 'source': 'El Universo', 'date': '2025-05-04', 'categoria': 'economia_finanzas'}, {'title': 'Guayas registra nuevo pico de homicidios en mayo 2025', 'text': 'Guayas registra nuevo pico de homicidios en mayo 2025, con más de 50 casos en una semana, ligado a disputas entre bandas narcotraficantes. Policía reporta operativos y detenciones; contexto de persistencia de violencia pese a estado de excepción.', 'source': 'Primicias', 'date': '2025-05-05', 'categoria': 'seguridad_crimen'}, {'title': 'Noboa extiende estado de excepción en Guayas por 30 días más mayo 2025', 'text': 'Daniel Noboa firma extensión por 30 días del estado de excepción en Guayas (y otras provincias costeras) en mayo 2025. Medida responde a homicidios récord y actividades de crimen organizado; incluye toque de queda y despliegue FF.AA.', 'source': 'La Hora', 'date': '2025-05-06', 'categoria': 'politica_gobierno'}, {'title': 'Inflación mensual en Ecuador se mantiene baja en mayo 2025', 'text': 'INEC reporta inflación mensual negativa (-0,08%) en mayo 2025, la quinta consecutiva. Anual se ubica en 0,15%. Se destaca deflación en alimentos y combustibles; análisis de impacto post-reformas económicas de Noboa.', 'source': 'El Universo', 'date': '2025-05-07', 'categoria': 'economia_finanzas'}, {'title': 'Gobierno extiende estado de excepción en Guayas y Manabí mayo 2025', 'text': 'Daniel Noboa extiende estado de excepción en Guayas y Manabí por 60 días más en mayo 2025. Medida busca controlar violencia narcotraficante y homicidios; incluye toque de queda nocturno y despliegue militar.', 'source': 'La Hora', 'date': '2025-05-08', 'categoria': 'politica_gobierno'}, {'title': 'Lluvias intensas causan inundaciones en Costa y Sierra mayo 2025', 'text': 'Inamhi emite alerta naranja por lluvias intensas en Costa (Guayas, Esmeraldas) y Sierra en mayo 2025. Inundaciones, deslizamientos y cierre de vías secundarias; Gestión de Riesgos reporta damnificados y coordinación con GAD.', 'source': 'El Comercio', 'date': '2025-05-09', 'categoria': 'medio_ambiente'}, {'title': 'Riesgo país se mantiene estable tras reelección Noboa mayo 2025', 'text': 'Riesgo país de Ecuador se ubica alrededor de 1.050-1.100 puntos en mayo 2025. Estabilidad post-reelección de Daniel Noboa; analistas destacan confianza inversionista pero alerta por violencia y gasto público.', 'source': 'Primicias', 'date': '2025-05-10', 'categoria': 'economia_finanzas'}, {'title': 'Lluvias intensas generan inundaciones en Costa mayo 2025', 'text': 'Inamhi alerta naranja por lluvias intensas en Costa (Guayas, Manabí, Esmeraldas) en mayo 2025. Inundaciones y deslizamientos afectan comunidades; Gestión de Riesgos reporta damnificados y cierre de vías secundarias.', 'source': 'El Comercio', 'date': '2025-05-10', 'categoria': 'medio_ambiente'}, {'title': 'Riesgo país de Ecuador se mantiene estable en mayo 2025', 'text': 'Riesgo país de Ecuador se mantiene alrededor de 1.100 puntos en mayo 2025 tras reelección de Noboa. Spreads en bonos soberanos estables; analistas destacan confianza post-electoral pero alerta por violencia persistente.', 'source': 'Primicias', 'date': '2025-05-11', 'categoria': 'economia_finanzas'}, {'title': 'Operativo policial en Durán incauta droga y armas mayo 2025', 'text': 'Policía ejecuta operativo en Durán (Guayas) en mayo 2025: incautación de cocaína, armas y detenciones de presuntos miembros de banda. Contexto de violencia persistente en zona pese a estado de excepción.', 'source': 'Ecuavisa', 'date': '2025-05-11', 'categoria': 'seguridad_crimen'}, {'title': 'Apagones programados por mantenimiento hidroeléctrico mayo 2025', 'text': 'Ministerio de Energía anuncia apagones programados en mayo 2025 por mantenimiento de hidroeléctricas (Coca Codo Sinclair y otras). Horarios rotativos en regiones; medida preventiva ante bajo caudal residual del estiaje previo.', 'source': 'La Hora', 'date': '2025-05-12', 'categoria': 'medio_ambiente'}, {'title': 'Televistazo 7PM | 12-05-2025', 'text': 'El noticiero Televistazo 7PM del 12 de mayo 2025 cubre: operativo policial en Durán con incautación de droga y armas, extensión de estado de excepción en Guayas, y avances en agenda de seguridad del gobierno Noboa.', 'source': 'Ecuavisa', 'date': '2025-05-12', 'categoria': 'seguridad_crimen'}]","[{'title': 'Conaie advierte nuevas movilizaciones en 2020 diciembre 2019', 'text': 'Conaie advierte continuar movilizaciones en 2020 tras paro octubre 2019. Dirigentes expresan descontento con políticas Moreno; llamado a unidad indígena y social.', 'source': 'El Universo', 'date': '2019-12-06', 'categoria': 'politica_gobierno'}]"
159,68,2025-05-07,2016-01-21,0.9271612659266936,4,0.4815552234649658,ok,"economia_finanzas, medio_ambiente, politica_gobierno, seguridad_crimen","economia_finanzas, seguridad_crimen",13,3,"[{'title': 'Mayo inicia con alto índice de homicidios en Guayas y Manabí', 'text': 'Mayo de 2025 arranca con más de 40 homicidios en Guayas y Manabí en los primeros días. Policía reporta operativos contra bandas narcotraficantes; violencia ligada a disputas territoriales y microtráfico persiste pese a estado de excepción.', 'source': 'Primicias', 'date': '2025-05-02', 'categoria': 'seguridad_crimen'}, {'title': 'Inflación mensual negativa en abril cierra y mayo mantiene tendencia baja', 'text': 'INEC confirma inflación mensual negativa (-0,12%) en abril 2025, tendencia que continúa en mayo. Anual se ubica cerca de 0%; deflación en alimentos y combustibles ayuda a control, pero preocupa desempleo subyacente.', 'source': 'El Universo', 'date': '2025-05-04', 'categoria': 'economia_finanzas'}, {'title': 'Guayas registra nuevo pico de homicidios en mayo 2025', 'text': 'Guayas registra nuevo pico de homicidios en mayo 2025, con más de 50 casos en una semana, ligado a disputas entre bandas narcotraficantes. Policía reporta operativos y detenciones; contexto de persistencia de violencia pese a estado de excepción.', 'source': 'Primicias', 'date': '2025-05-05', 'categoria': 'seguridad_crimen'}, {'title': 'Noboa extiende estado de excepción en Guayas por 30 días más mayo 2025', 'text': 'Daniel Noboa firma extensión por 30 días del estado de excepción en Guayas (y otras provincias costeras) en mayo 2025. Medida responde a homicidios récord y actividades de crimen organizado; incluye toque de queda y despliegue FF.AA.', 'source': 'La Hora', 'date': '2025-05-06', 'categoria': 'politica_gobierno'}, {'title': 'Inflación mensual en Ecuador se mantiene baja en mayo 2025', 'text': 'INEC reporta inflación mensual negativa (-0,08%) en mayo 2025, la quinta consecutiva. Anual se ubica en 0,15%. Se destaca deflación en alimentos y combustibles; análisis de impacto post-reformas económicas de Noboa.', 'source': 'El Universo', 'date': '2025-05-07', 'categoria': 'economia_finanzas'}, {'title': 'Gobierno extiende estado de excepción en Guayas y Manabí mayo 2025', 'text': 'Daniel Noboa extiende estado de excepción en Guayas y Manabí por 60 días más en mayo 2025. Medida busca controlar violencia narcotraficante y homicidios; incluye toque de queda nocturno y despliegue militar.', 'source': 'La Hora', 'date': '2025-05-08', 'categoria': 'politica_gobierno'}, {'title': 'Lluvias intensas causan inundaciones en Costa y Sierra mayo 2025', 'text': 'Inamhi emite alerta naranja por lluvias intensas en Costa (Guayas, Esmeraldas) y Sierra en mayo 2025. Inundaciones, deslizamientos y cierre de vías secundarias; Gestión de Riesgos reporta damnificados y coordinación con GAD.', 'source': 'El Comercio', 'date': '2025-05-09', 'categoria': 'medio_ambiente'}, {'title': 'Riesgo país se mantiene estable tras reelección Noboa mayo 2025', 'text': 'Riesgo país de Ecuador se ubica alrededor de 1.050-1.100 puntos en mayo 2025. Estabilidad post-reelección de Daniel Noboa; analistas destacan confianza inversionista pero alerta por violencia y gasto público.', 'source': 'Primicias', 'date': '2025-05-10', 'categoria': 'economia_finanzas'}, {'title': 'Lluvias intensas generan inundaciones en Costa mayo 2025', 'text': 'Inamhi alerta naranja por lluvias intensas en Costa (Guayas, Manabí, Esmeraldas) en mayo 2025. Inundaciones y deslizamientos afectan comunidades; Gestión de Riesgos reporta damnificados y cierre de vías secundarias.', 'source': 'El Comercio', 'date': '2025-05-10', 'categoria': 'medio_ambiente'}, {'title': 'Riesgo país de Ecuador se mantiene estable en mayo 2025', 'text': 'Riesgo país de Ecuador se mantiene alrededor de 1.100 puntos en mayo 2025 tras reelección de Noboa. Spreads en bonos soberanos estables; analistas destacan confianza post-electoral pero alerta por violencia persistente.', 'source': 'Primicias', 'date': '2025-05-11', 'categoria': 'economia_finanzas'}, {'title': 'Operativo policial en Durán incauta droga y armas mayo 2025', 'text': 'Policía ejecuta operativo en Durán (Guayas) en mayo 2025: incautación de cocaína, armas y detenciones de presuntos miembros de banda. Contexto de violencia persistente en zona pese a estado de excepción.', 'source': 'Ecuavisa', 'date': '2025-05-11', 'categoria': 'seguridad_crimen'}, {'title': 'Apagones programados por mantenimiento hidroeléctrico mayo 2025', 'text': 'Ministerio de Energía anuncia apagones programados en mayo 2025 por mantenimiento de hidroeléctricas (Coca Codo Sinclair y otras). Horarios rotativos en regiones; medida preventiva ante bajo caudal residual del estiaje previo.', 'source': 'La Hora', 'date': '2025-05-12', 'categoria': 'medio_ambiente'}, {'title': 'Televistazo 7PM | 12-05-2025', 'text': 'El noticiero Televistazo 7PM del 12 de mayo 2025 cubre: operativo policial en Durán con incautación de droga y armas, extensión de estado de excepción en Guayas, y avances en agenda de seguridad del gobierno Noboa.', 'source': 'Ecuavisa', 'date': '2025-05-12', 'categoria': 'seguridad_crimen'}]","[{'title': 'Evalúan impacto económico tras sismo en Manabí', 'text': 'Autoridades analizaron los efectos económicos de movimientos telúricos recientes en la provincia de Manabí.', 'source': 'El Universo', 'date': '2016-01-21', 'categoria': 'economia_finanzas'}, {'title': 'Autoridades refuerzan planes de prevención sísmica', 'text': 'Instituciones de gestión de riesgos reforzaron campañas y planes de contingencia ante actividad sísmica registrada en el país.', 'source': 'El Comercio', 'date': '2016-01-22', 'categoria': 'seguridad_crimen'}, {'title': 'Se intensifican controles en frontera norte', 'text': 'Fuerzas Armadas y Policía incrementaron operativos en la frontera norte como medida preventiva.', 'source': 'El Universo', 'date': '2016-01-23', 'categoria': 'seguridad_crimen'}]"
159,77,2025-05-07,2018-11-28,0.9247153839512304,5,0.49997246265411377,ok,"economia_finanzas, medio_ambiente, politica_gobierno, seguridad_crimen","economia_finanzas, politica_gobierno",13,4,"[{'title': 'Mayo inicia con alto índice de homicidios en Guayas y Manabí', 'text': 'Mayo de 2025 arranca con más de 40 homicidios en Guayas y Manabí en los primeros días. Policía reporta operativos contra bandas narcotraficantes; violencia ligada a disputas territoriales y microtráfico persiste pese a estado de excepción.', 'source': 'Primicias', 'date': '2025-05-02', 'categoria': 'seguridad_crimen'}, {'title': 'Inflación mensual negativa en abril cierra y mayo mantiene tendencia baja', 'text': 'INEC confirma inflación mensual negativa (-0,12%) en abril 2025, tendencia que continúa en mayo. Anual se ubica cerca de 0%; deflación en alimentos y combustibles ayuda a control, pero preocupa desempleo subyacente.', 'source': 'El Universo', 'date': '2025-05-04', 'categoria': 'economia_finanzas'}, {'title': 'Guayas registra nuevo pico de homicidios en mayo 2025', 'text': 'Guayas registra nuevo pico de homicidios en mayo 2025, con más de 50 casos en una semana, ligado a disputas entre bandas narcotraficantes. Policía reporta operativos y detenciones; contexto de persistencia de violencia pese a estado de excepción.', 'source': 'Primicias', 'date': '2025-05-05', 'categoria': 'seguridad_crimen'}, {'title': 'Noboa extiende estado de excepción en Guayas por 30 días más mayo 2025', 'text': 'Daniel Noboa firma extensión por 30 días del estado de excepción en Guayas (y otras provincias costeras) en mayo 2025. Medida responde a homicidios récord y actividades de crimen organizado; incluye toque de queda y despliegue FF.AA.', 'source': 'La Hora', 'date': '2025-05-06', 'categoria': 'politica_gobierno'}, {'title': 'Inflación mensual en Ecuador se mantiene baja en mayo 2025', 'text': 'INEC reporta inflación mensual negativa (-0,08%) en mayo 2025, la quinta consecutiva. Anual se ubica en 0,15%. Se destaca deflación en alimentos y combustibles; análisis de impacto post-reformas económicas de Noboa.', 'source': 'El Universo', 'date': '2025-05-07', 'categoria': 'economia_finanzas'}, {'title': 'Gobierno extiende estado de excepción en Guayas y Manabí mayo 2025', 'text': 'Daniel Noboa extiende estado de excepción en Guayas y Manabí por 60 días más en mayo 2025. Medida busca controlar violencia narcotraficante y homicidios; incluye toque de queda nocturno y despliegue militar.', 'source': 'La Hora', 'date': '2025-05-08', 'categoria': 'politica_gobierno'}, {'title': 'Lluvias intensas causan inundaciones en Costa y Sierra mayo 2025', 'text': 'Inamhi emite alerta naranja por lluvias intensas en Costa (Guayas, Esmeraldas) y Sierra en mayo 2025. Inundaciones, deslizamientos y cierre de vías secundarias; Gestión de Riesgos reporta damnificados y coordinación con GAD.', 'source': 'El Comercio', 'date': '2025-05-09', 'categoria': 'medio_ambiente'}, {'title': 'Riesgo país se mantiene estable tras reelección Noboa mayo 2025', 'text': 'Riesgo país de Ecuador se ubica alrededor de 1.050-1.100 puntos en mayo 2025. Estabilidad post-reelección de Daniel Noboa; analistas destacan confianza inversionista pero alerta por violencia y gasto público.', 'source': 'Primicias', 'date': '2025-05-10', 'categoria': 'economia_finanzas'}, {'title': 'Lluvias intensas generan inundaciones en Costa mayo 2025', 'text': 'Inamhi alerta naranja por lluvias intensas en Costa (Guayas, Manabí, Esmeraldas) en mayo 2025. Inundaciones y deslizamientos afectan comunidades; Gestión de Riesgos reporta damnificados y cierre de vías secundarias.', 'source': 'El Comercio', 'date': '2025-05-10', 'categoria': 'medio_ambiente'}, {'title': 'Riesgo país de Ecuador se mantiene estable en mayo 2025', 'text': 'Riesgo país de Ecuador se mantiene alrededor de 1.100 puntos en mayo 2025 tras reelección de Noboa. Spreads en bonos soberanos estables; analistas destacan confianza post-electoral pero alerta por violencia persistente.', 'source': 'Primicias', 'date': '2025-05-11', 'categoria': 'economia_finanzas'}, {'title': 'Operativo policial en Durán incauta droga y armas mayo 2025', 'text': 'Policía ejecuta operativo en Durán (Guayas) en mayo 2025: incautación de cocaína, armas y detenciones de presuntos miembros de banda. Contexto de violencia persistente en zona pese a estado de excepción.', 'source': 'Ecuavisa', 'date': '2025-05-11', 'categoria': 'seguridad_crimen'}, {'title': 'Apagones programados por mantenimiento hidroeléctrico mayo 2025', 'text': 'Ministerio de Energía anuncia apagones programados en mayo 2025 por mantenimiento de hidroeléctricas (Coca Codo Sinclair y otras). Horarios rotativos en regiones; medida preventiva ante bajo caudal residual del estiaje previo.', 'source': 'La Hora', 'date': '2025-05-12', 'categoria': 'medio_ambiente'}, {'title': 'Televistazo 7PM | 12-05-2025', 'text': 'El noticiero Televistazo 7PM del 12 de mayo 2025 cubre: operativo policial en Durán con incautación de droga y armas, extensión de estado de excepción en Guayas, y avances en agenda de seguridad del gobierno Noboa.', 'source': 'Ecuavisa', 'date': '2025-05-12', 'categoria': 'seguridad_crimen'}]","[{'title': 'Ecuador avanza en negociaciones con el FMI', 'text': 'El Gobierno confirmó acercamientos con el Fondo Monetario Internacional para un posible programa de financiamiento.', 'source': 'El Universo', 'date': '2018-11-28', 'categoria': 'economia_finanzas'}, {'title': 'Debate por reformas fiscales se intensifica', 'text': 'Asambleístas y analistas discutieron el alcance de las reformas fiscales planteadas por el Ejecutivo.', 'source': 'El Comercio', 'date': '2018-11-28', 'categoria': 'politica_gobierno'}, {'title': 'Clientes podrán identificar origen de llamadas comerciales diciembre 2018', 'text': 'Usuarios podrán identificar origen de llamadas comerciales y decidir si contestar en noviembre 2018. ARCOTEL regula telemercadeo; medida busca reducir spam y proteger privacidad bajo gobierno de Lenín Moreno.', 'source': 'El Universo', 'date': '2018-11-28', 'categoria': 'politica_gobierno'}, {'title': 'Regulación de llamadas comerciales en Ecuador noviembre 2018', 'text': 'ARCOTEL regula llamadas de telemercadeo en noviembre 2018. Usuarios podrán identificar origen y bloquear; medida busca proteger privacidad y reducir spam.', 'source': 'El Universo', 'date': '2018-11-28', 'categoria': 'politica_gobierno'}]"
159,43,2025-05-07,2009-05-26,0.9212359243014228,6,0.3518374562263489,ok,"economia_finanzas, medio_ambiente, politica_gobierno, seguridad_crimen","politica_gobierno, seguridad_crimen",13,2,"[{'title': 'Mayo inicia con alto índice de homicidios en Guayas y Manabí', 'text': 'Mayo de 2025 arranca con más de 40 homicidios en Guayas y Manabí en los primeros días. Policía reporta operativos contra bandas narcotraficantes; violencia ligada a disputas territoriales y microtráfico persiste pese a estado de excepción.', 'source': 'Primicias', 'date': '2025-05-02', 'categoria': 'seguridad_crimen'}, {'title': 'Inflación mensual negativa en abril cierra y mayo mantiene tendencia baja', 'text': 'INEC confirma inflación mensual negativa (-0,12%) en abril 2025, tendencia que continúa en mayo. Anual se ubica cerca de 0%; deflación en alimentos y combustibles ayuda a control, pero preocupa desempleo subyacente.', 'source': 'El Universo', 'date': '2025-05-04', 'categoria': 'economia_finanzas'}, {'title': 'Guayas registra nuevo pico de homicidios en mayo 2025', 'text': 'Guayas registra nuevo pico de homicidios en mayo 2025, con más de 50 casos en una semana, ligado a disputas entre bandas narcotraficantes. Policía reporta operativos y detenciones; contexto de persistencia de violencia pese a estado de excepción.', 'source': 'Primicias', 'date': '2025-05-05', 'categoria': 'seguridad_crimen'}, {'title': 'Noboa extiende estado de excepción en Guayas por 30 días más mayo 2025', 'text': 'Daniel Noboa firma extensión por 30 días del estado de excepción en Guayas (y otras provincias costeras) en mayo 2025. Medida responde a homicidios récord y actividades de crimen organizado; incluye toque de queda y despliegue FF.AA.', 'source': 'La Hora', 'date': '2025-05-06', 'categoria': 'politica_gobierno'}, {'title': 'Inflación mensual en Ecuador se mantiene baja en mayo 2025', 'text': 'INEC reporta inflación mensual negativa (-0,08%) en mayo 2025, la quinta consecutiva. Anual se ubica en 0,15%. Se destaca deflación en alimentos y combustibles; análisis de impacto post-reformas económicas de Noboa.', 'source': 'El Universo', 'date': '2025-05-07', 'categoria': 'economia_finanzas'}, {'title': 'Gobierno extiende estado de excepción en Guayas y Manabí mayo 2025', 'text': 'Daniel Noboa extiende estado de excepción en Guayas y Manabí por 60 días más en mayo 2025. Medida busca controlar violencia narcotraficante y homicidios; incluye toque de queda nocturno y despliegue militar.', 'source': 'La Hora', 'date': '2025-05-08', 'categoria': 'politica_gobierno'}, {'title': 'Lluvias intensas causan inundaciones en Costa y Sierra mayo 2025', 'text': 'Inamhi emite alerta naranja por lluvias intensas en Costa (Guayas, Esmeraldas) y Sierra en mayo 2025. Inundaciones, deslizamientos y cierre de vías secundarias; Gestión de Riesgos reporta damnificados y coordinación con GAD.', 'source': 'El Comercio', 'date': '2025-05-09', 'categoria': 'medio_ambiente'}, {'title': 'Riesgo país se mantiene estable tras reelección Noboa mayo 2025', 'text': 'Riesgo país de Ecuador se ubica alrededor de 1.050-1.100 puntos en mayo 2025. Estabilidad post-reelección de Daniel Noboa; analistas destacan confianza inversionista pero alerta por violencia y gasto público.', 'source': 'Primicias', 'date': '2025-05-10', 'categoria': 'economia_finanzas'}, {'title': 'Lluvias intensas generan inundaciones en Costa mayo 2025', 'text': 'Inamhi alerta naranja por lluvias intensas en Costa (Guayas, Manabí, Esmeraldas) en mayo 2025. Inundaciones y deslizamientos afectan comunidades; Gestión de Riesgos reporta damnificados y cierre de vías secundarias.', 'source': 'El Comercio', 'date': '2025-05-10', 'categoria': 'medio_ambiente'}, {'title': 'Riesgo país de Ecuador se mantiene estable en mayo 2025', 'text': 'Riesgo país de Ecuador se mantiene alrededor de 1.100 puntos en mayo 2025 tras reelección de Noboa. Spreads en bonos soberanos estables; analistas destacan confianza post-electoral pero alerta por violencia persistente.', 'source': 'Primicias', 'date': '2025-05-11', 'categoria': 'economia_finanzas'}, {'title': 'Operativo policial en Durán incauta droga y armas mayo 2025', 'text': 'Policía ejecuta operativo en Durán (Guayas) en mayo 2025: incautación de cocaína, armas y detenciones de presuntos miembros de banda. Contexto de violencia persistente en zona pese a estado de excepción.', 'source': 'Ecuavisa', 'date': '2025-05-11', 'categoria': 'seguridad_crimen'}, {'title': 'Apagones programados por mantenimiento hidroeléctrico mayo 2025', 'text': 'Ministerio de Energía anuncia apagones programados en mayo 2025 por mantenimiento de hidroeléctricas (Coca Codo Sinclair y otras). Horarios rotativos en regiones; medida preventiva ante bajo caudal residual del estiaje previo.', 'source': 'La Hora', 'date': '2025-05-12', 'categoria': 'medio_ambiente'}, {'title': 'Televistazo 7PM | 12-05-2025', 'text': 'El noticiero Televistazo 7PM del 12 de mayo 2025 cubre: operativo policial en Durán con incautación de droga y armas, extensión de estado de excepción en Guayas, y avances en agenda de seguridad del gobierno Noboa.', 'source': 'Ecuavisa', 'date': '2025-05-12', 'categoria': 'seguridad_crimen'}]","[{'title': 'Resultados preliminares de elecciones legislativas', 'text': 'El Consejo Nacional Electoral difundió resultados preliminares de las elecciones legislativas, con amplia ventaja del movimiento oficialista.', 'source': 'El Universo', 'date': '2009-05-26', 'categoria': 'politica_gobierno'}, {'title': 'Protestas aisladas tras resultados electorales', 'text': 'Tras la difusión de resultados electorales se registraron protestas aisladas y resguardo policial en varios puntos del país.', 'source': 'El Comercio', 'date': '2009-05-27', 'categoria': 'seguridad_crimen'}]"
159,141,2025-05-07,2023-08-10,0.9207464906722188,7,0.593946635723114,ok,"economia_finanzas, medio_ambiente, politica_gobierno, seguridad_crimen","economia_finanzas, politica_gobierno, riesgo_pais_calidad_vida, seguridad_crimen",13,12,"[{'title': 'Mayo inicia con alto índice de homicidios en Guayas y Manabí', 'text': 'Mayo de 2025 arranca con más de 40 homicidios en Guayas y Manabí en los primeros días. Policía reporta operativos contra bandas narcotraficantes; violencia ligada a disputas territoriales y microtráfico persiste pese a estado de excepción.', 'source': 'Primicias', 'date': '2025-05-02', 'categoria': 'seguridad_crimen'}, {'title': 'Inflación mensual negativa en abril cierra y mayo mantiene tendencia baja', 'text': 'INEC confirma inflación mensual negativa (-0,12%) en abril 2025, tendencia que continúa en mayo. Anual se ubica cerca de 0%; deflación en alimentos y combustibles ayuda a control, pero preocupa desempleo subyacente.', 'source': 'El Universo', 'date': '2025-05-04', 'categoria': 'economia_finanzas'}, {'title': 'Guayas registra nuevo pico de homicidios en mayo 2025', 'text': 'Guayas registra nuevo pico de homicidios en mayo 2025, con más de 50 casos en una semana, ligado a disputas entre bandas narcotraficantes. Policía reporta operativos y detenciones; contexto de persistencia de violencia pese a estado de excepción.', 'source': 'Primicias', 'date': '2025-05-05', 'categoria': 'seguridad_crimen'}, {'title': 'Noboa extiende estado de excepción en Guayas por 30 días más mayo 2025', 'text': 'Daniel Noboa firma extensión por 30 días del estado de excepción en Guayas (y otras provincias costeras) en mayo 2025. Medida responde a homicidios récord y actividades de crimen organizado; incluye toque de queda y despliegue FF.AA.', 'source': 'La Hora', 'date': '2025-05-06', 'categoria': 'politica_gobierno'}, {'title': 'Inflación mensual en Ecuador se mantiene baja en mayo 2025', 'text': 'INEC reporta inflación mensual negativa (-0,08%) en mayo 2025, la quinta consecutiva. Anual se ubica en 0,15%. Se destaca deflación en alimentos y combustibles; análisis de impacto post-reformas económicas de Noboa.', 'source': 'El Universo', 'date': '2025-05-07', 'categoria': 'economia_finanzas'}, {'title': 'Gobierno extiende estado de excepción en Guayas y Manabí mayo 2025', 'text': 'Daniel Noboa extiende estado de excepción en Guayas y Manabí por 60 días más en mayo 2025. Medida busca controlar violencia narcotraficante y homicidios; incluye toque de queda nocturno y despliegue militar.', 'source': 'La Hora', 'date': '2025-05-08', 'categoria': 'politica_gobierno'}, {'title': 'Lluvias intensas causan inundaciones en Costa y Sierra mayo 2025', 'text': 'Inamhi emite alerta naranja por lluvias intensas en Costa (Guayas, Esmeraldas) y Sierra en mayo 2025. Inundaciones, deslizamientos y cierre de vías secundarias; Gestión de Riesgos reporta damnificados y coordinación con GAD.', 'source': 'El Comercio', 'date': '2025-05-09', 'categoria': 'medio_ambiente'}, {'title': 'Riesgo país se mantiene estable tras reelección Noboa mayo 2025', 'text': 'Riesgo país de Ecuador se ubica alrededor de 1.050-1.100 puntos en mayo 2025. Estabilidad post-reelección de Daniel Noboa; analistas destacan confianza inversionista pero alerta por violencia y gasto público.', 'source': 'Primicias', 'date': '2025-05-10', 'categoria': 'economia_finanzas'}, {'title': 'Lluvias intensas generan inundaciones en Costa mayo 2025', 'text': 'Inamhi alerta naranja por lluvias intensas en Costa (Guayas, Manabí, Esmeraldas) en mayo 2025. Inundaciones y deslizamientos afectan comunidades; Gestión de Riesgos reporta damnificados y cierre de vías secundarias.', 'source': 'El Comercio', 'date': '2025-05-10', 'categoria': 'medio_ambiente'}, {'title': 'Riesgo país de Ecuador se mantiene estable en mayo 2025', 'text': 'Riesgo país de Ecuador se mantiene alrededor de 1.100 puntos en mayo 2025 tras reelección de Noboa. Spreads en bonos soberanos estables; analistas destacan confianza post-electoral pero alerta por violencia persistente.', 'source': 'Primicias', 'date': '2025-05-11', 'categoria': 'economia_finanzas'}, {'title': 'Operativo policial en Durán incauta droga y armas mayo 2025', 'text': 'Policía ejecuta operativo en Durán (Guayas) en mayo 2025: incautación de cocaína, armas y detenciones de presuntos miembros de banda. Contexto de violencia persistente en zona pese a estado de excepción.', 'source': 'Ecuavisa', 'date': '2025-05-11', 'categoria': 'seguridad_crimen'}, {'title': 'Apagones programados por mantenimiento hidroeléctrico mayo 2025', 'text': 'Ministerio de Energía anuncia apagones programados en mayo 2025 por mantenimiento de hidroeléctricas (Coca Codo Sinclair y otras). Horarios rotativos en regiones; medida preventiva ante bajo caudal residual del estiaje previo.', 'source': 'La Hora', 'date': '2025-05-12', 'categoria': 'medio_ambiente'}, {'title': 'Televistazo 7PM | 12-05-2025', 'text': 'El noticiero Televistazo 7PM del 12 de mayo 2025 cubre: operativo policial en Durán con incautación de droga y armas, extensión de estado de excepción en Guayas, y avances en agenda de seguridad del gobierno Noboa.', 'source': 'Ecuavisa', 'date': '2025-05-12', 'categoria': 'seguridad_crimen'}]","[{'title': 'Operativos y hechos delictivos elevan preocupación por seguridad', 'text': 'Se reportaron operativos, detenciones o investigaciones por delitos, junto con alertas ciudadanas en distintas provincias.', 'source': 'El Comercio', 'date': '2023-08-05', 'categoria': 'seguridad_crimen'}, {'title': 'Indicadores económicos y fiscales reflejan presiones en el país', 'text': 'Sectores productivos y autoridades revisaron inflación, empleo, finanzas públicas y actividad económica, con énfasis en riesgos y medidas de ajuste.', 'source': 'Primicias', 'date': '2023-08-06', 'categoria': 'economia_finanzas'}, {'title': 'Costo de vida y servicios impactan a los hogares', 'text': 'Se registraron impactos en empleo, educación, salud, movilidad o servicios, con acciones de mitigación y demandas ciudadanas.', 'source': 'Expreso', 'date': '2023-08-07', 'categoria': 'riesgo_pais_calidad_vida'}, {'title': 'Ecuador sostiene gestiones y posiciones internacionales', 'text': 'Autoridades reportaron reuniones, cooperación o pronunciamientos internacionales relacionados con seguridad, economía o asuntos regionales.', 'source': 'Teleamazonas', 'date': '2023-08-08', 'categoria': 'politica_gobierno'}, {'title': 'Operativos y hechos delictivos elevan preocupación por seguridad', 'text': 'Se reportaron operativos, detenciones o investigaciones por delitos, junto con alertas ciudadanas en distintas provincias.', 'source': 'El Universo', 'date': '2023-08-10', 'categoria': 'seguridad_crimen'}, {'title': 'Guayaquil registra pico de violencia en agosto 2023 con múltiples balaceras', 'text': 'Guayaquil enfrenta pico de violencia en agosto 2023 con balaceras diarias y disputas entre bandas por control territorial. Se reportan múltiples homicidios en sectores como el sur y Durán, con Policía desplegando operativos; contexto de escalada criminal que preludia crisis nacional.', 'source': 'El Universo', 'date': '2023-08-10', 'categoria': 'seguridad_crimen'}, {'title': 'Decomisos y acciones contra narcotráfico se intensifican', 'text': 'Fuerzas de seguridad informaron decomisos, capturas y operativos vinculados a narcotráfico y microtráfico en rutas, puertos y ciudades.', 'source': 'El Comercio', 'date': '2023-08-11', 'categoria': 'seguridad_crimen'}, {'title': 'Muertes violentas en Ecuador suben en agosto 2023 por narcotráfico', 'text': 'Ecuador registra aumento de homicidios en agosto 2023, ligados a narcotráfico y pugnas territoriales en Guayas y Manabí. Cifras oficiales muestran escalada; análisis destaca debilidad institucional y necesidad de reformas en seguridad.', 'source': 'Primicias', 'date': '2023-08-11', 'categoria': 'seguridad_crimen'}, {'title': 'Decisiones y anuncios del Gobierno marcan la agenda nacional', 'text': 'Autoridades informaron decisiones de política pública, decretos o acciones institucionales con impacto nacional y en gobiernos locales.', 'source': 'Primicias', 'date': '2023-08-12', 'categoria': 'politica_gobierno'}, {'title': 'Indicadores económicos y fiscales reflejan presiones en el país', 'text': 'Sectores productivos y autoridades revisaron inflación, empleo, finanzas públicas y actividad económica, con énfasis en riesgos y medidas de ajuste.', 'source': 'Expreso', 'date': '2023-08-13', 'categoria': 'economia_finanzas'}, {'title': 'Costo de vida y servicios impactan a los hogares', 'text': 'Se registraron impactos en empleo, educación, salud, movilidad o servicios, con acciones de mitigación y demandas ciudadanas.', 'source': 'Teleamazonas', 'date': '2023-08-14', 'categoria': 'riesgo_pais_calidad_vida'}, {'title': 'Decisiones y anuncios del Gobierno marcan la agenda nacional', 'text': 'Autoridades informaron decisiones de política pública, decretos o acciones institucionales con impacto nacional y en gobiernos locales.', 'source': 'El Universo', 'date': '2023-08-15', 'categoria': 'politica_gobierno'}]"
159,40,2025-05-07,2009-03-31,0.919760985231906,8,0.4647214412689209,ok,"economia_finanzas, medio_ambiente, politica_gobierno, seguridad_crimen","medio_ambiente, seguridad_crimen, servicios_basicos",13,4,"[{'title': 'Mayo inicia con alto índice de homicidios en Guayas y Manabí', 'text': 'Mayo de 2025 arranca con más de 40 homicidios en Guayas y Manabí en los primeros días. Policía reporta operativos contra bandas narcotraficantes; violencia ligada a disputas territoriales y microtráfico persiste pese a estado de excepción.', 'source': 'Primicias', 'date': '2025-05-02', 'categoria': 'seguridad_crimen'}, {'title': 'Inflación mensual negativa en abril cierra y mayo mantiene tendencia baja', 'text': 'INEC confirma inflación mensual negativa (-0,12%) en abril 2025, tendencia que continúa en mayo. Anual se ubica cerca de 0%; deflación en alimentos y combustibles ayuda a control, pero preocupa desempleo subyacente.', 'source': 'El Universo', 'date': '2025-05-04', 'categoria': 'economia_finanzas'}, {'title': 'Guayas registra nuevo pico de homicidios en mayo 2025', 'text': 'Guayas registra nuevo pico de homicidios en mayo 2025, con más de 50 casos en una semana, ligado a disputas entre bandas narcotraficantes. Policía reporta operativos y detenciones; contexto de persistencia de violencia pese a estado de excepción.', 'source': 'Primicias', 'date': '2025-05-05', 'categoria': 'seguridad_crimen'}, {'title': 'Noboa extiende estado de excepción en Guayas por 30 días más mayo 2025', 'text': 'Daniel Noboa firma extensión por 30 días del estado de excepción en Guayas (y otras provincias costeras) en mayo 2025. Medida responde a homicidios récord y actividades de crimen organizado; incluye toque de queda y despliegue FF.AA.', 'source': 'La Hora', 'date': '2025-05-06', 'categoria': 'politica_gobierno'}, {'title': 'Inflación mensual en Ecuador se mantiene baja en mayo 2025', 'text': 'INEC reporta inflación mensual negativa (-0,08%) en mayo 2025, la quinta consecutiva. Anual se ubica en 0,15%. Se destaca deflación en alimentos y combustibles; análisis de impacto post-reformas económicas de Noboa.', 'source': 'El Universo', 'date': '2025-05-07', 'categoria': 'economia_finanzas'}, {'title': 'Gobierno extiende estado de excepción en Guayas y Manabí mayo 2025', 'text': 'Daniel Noboa extiende estado de excepción en Guayas y Manabí por 60 días más en mayo 2025. Medida busca controlar violencia narcotraficante y homicidios; incluye toque de queda nocturno y despliegue militar.', 'source': 'La Hora', 'date': '2025-05-08', 'categoria': 'politica_gobierno'}, {'title': 'Lluvias intensas causan inundaciones en Costa y Sierra mayo 2025', 'text': 'Inamhi emite alerta naranja por lluvias intensas en Costa (Guayas, Esmeraldas) y Sierra en mayo 2025. Inundaciones, deslizamientos y cierre de vías secundarias; Gestión de Riesgos reporta damnificados y coordinación con GAD.', 'source': 'El Comercio', 'date': '2025-05-09', 'categoria': 'medio_ambiente'}, {'title': 'Riesgo país se mantiene estable tras reelección Noboa mayo 2025', 'text': 'Riesgo país de Ecuador se ubica alrededor de 1.050-1.100 puntos en mayo 2025. Estabilidad post-reelección de Daniel Noboa; analistas destacan confianza inversionista pero alerta por violencia y gasto público.', 'source': 'Primicias', 'date': '2025-05-10', 'categoria': 'economia_finanzas'}, {'title': 'Lluvias intensas generan inundaciones en Costa mayo 2025', 'text': 'Inamhi alerta naranja por lluvias intensas en Costa (Guayas, Manabí, Esmeraldas) en mayo 2025. Inundaciones y deslizamientos afectan comunidades; Gestión de Riesgos reporta damnificados y cierre de vías secundarias.', 'source': 'El Comercio', 'date': '2025-05-10', 'categoria': 'medio_ambiente'}, {'title': 'Riesgo país de Ecuador se mantiene estable en mayo 2025', 'text': 'Riesgo país de Ecuador se mantiene alrededor de 1.100 puntos en mayo 2025 tras reelección de Noboa. Spreads en bonos soberanos estables; analistas destacan confianza post-electoral pero alerta por violencia persistente.', 'source': 'Primicias', 'date': '2025-05-11', 'categoria': 'economia_finanzas'}, {'title': 'Operativo policial en Durán incauta droga y armas mayo 2025', 'text': 'Policía ejecuta operativo en Durán (Guayas) en mayo 2025: incautación de cocaína, armas y detenciones de presuntos miembros de banda. Contexto de violencia persistente en zona pese a estado de excepción.', 'source': 'Ecuavisa', 'date': '2025-05-11', 'categoria': 'seguridad_crimen'}, {'title': 'Apagones programados por mantenimiento hidroeléctrico mayo 2025', 'text': 'Ministerio de Energía anuncia apagones programados en mayo 2025 por mantenimiento de hidroeléctricas (Coca Codo Sinclair y otras). Horarios rotativos en regiones; medida preventiva ante bajo caudal residual del estiaje previo.', 'source': 'La Hora', 'date': '2025-05-12', 'categoria': 'medio_ambiente'}, {'title': 'Televistazo 7PM | 12-05-2025', 'text': 'El noticiero Televistazo 7PM del 12 de mayo 2025 cubre: operativo policial en Durán con incautación de droga y armas, extensión de estado de excepción en Guayas, y avances en agenda de seguridad del gobierno Noboa.', 'source': 'Ecuavisa', 'date': '2025-05-12', 'categoria': 'seguridad_crimen'}]","[{'title': 'Inundaciones afectan cultivos del Litoral', 'text': 'Las lluvias intensas provocaron inundaciones en zonas agrícolas del Litoral, con pérdidas económicas y evacuaciones preventivas.', 'source': 'El Comercio', 'date': '2009-03-31', 'categoria': 'medio_ambiente'}, {'title': 'Sismo se sintió en varias zonas de Manabí', 'text': 'Un sismo de magnitud moderada se registró en la provincia de Manabí, sin que se reportaran daños estructurales. El Instituto Geofísico confirmó el evento.', 'source': 'El Universo', 'date': '2009-03-31', 'categoria': 'medio_ambiente'}, {'title': 'Accidente de bus dejó varios heridos en Chimborazo', 'text': 'Un bus interprovincial se accidentó en una vía de Chimborazo, dejando varios heridos trasladados a casas de salud. Autoridades investigan las causas.', 'source': 'El Universo', 'date': '2009-04-03', 'categoria': 'seguridad_crimen'}, {'title': 'Corte de energía afectó zonas de la Sierra', 'text': 'Una falla en el sistema eléctrico provocó cortes de energía en varias provincias de la Sierra. La empresa eléctrica informó sobre trabajos de restablecimiento.', 'source': 'El Comercio', 'date': '2009-04-03', 'categoria': 'servicios_basicos'}]"
159,149,2025-05-07,2024-03-01,0.9186366997159772,9,0.6546066999435425,ok,"economia_finanzas, medio_ambiente, politica_gobierno, seguridad_crimen","medio_ambiente, politica_gobierno",13,5,"[{'title': 'Mayo inicia con alto índice de homicidios en Guayas y Manabí', 'text': 'Mayo de 2025 arranca con más de 40 homicidios en Guayas y Manabí en los primeros días. Policía reporta operativos contra bandas narcotraficantes; violencia ligada a disputas territoriales y microtráfico persiste pese a estado de excepción.', 'source': 'Primicias', 'date': '2025-05-02', 'categoria': 'seguridad_crimen'}, {'title': 'Inflación mensual negativa en abril cierra y mayo mantiene tendencia baja', 'text': 'INEC confirma inflación mensual negativa (-0,12%) en abril 2025, tendencia que continúa en mayo. Anual se ubica cerca de 0%; deflación en alimentos y combustibles ayuda a control, pero preocupa desempleo subyacente.', 'source': 'El Universo', 'date': '2025-05-04', 'categoria': 'economia_finanzas'}, {'title': 'Guayas registra nuevo pico de homicidios en mayo 2025', 'text': 'Guayas registra nuevo pico de homicidios en mayo 2025, con más de 50 casos en una semana, ligado a disputas entre bandas narcotraficantes. Policía reporta operativos y detenciones; contexto de persistencia de violencia pese a estado de excepción.', 'source': 'Primicias', 'date': '2025-05-05', 'categoria': 'seguridad_crimen'}, {'title': 'Noboa extiende estado de excepción en Guayas por 30 días más mayo 2025', 'text': 'Daniel Noboa firma extensión por 30 días del estado de excepción en Guayas (y otras provincias costeras) en mayo 2025. Medida responde a homicidios récord y actividades de crimen organizado; incluye toque de queda y despliegue FF.AA.', 'source': 'La Hora', 'date': '2025-05-06', 'categoria': 'politica_gobierno'}, {'title': 'Inflación mensual en Ecuador se mantiene baja en mayo 2025', 'text': 'INEC reporta inflación mensual negativa (-0,08%) en mayo 2025, la quinta consecutiva. Anual se ubica en 0,15%. Se destaca deflación en alimentos y combustibles; análisis de impacto post-reformas económicas de Noboa.', 'source': 'El Universo', 'date': '2025-05-07', 'categoria': 'economia_finanzas'}, {'title': 'Gobierno extiende estado de excepción en Guayas y Manabí mayo 2025', 'text': 'Daniel Noboa extiende estado de excepción en Guayas y Manabí por 60 días más en mayo 2025. Medida busca controlar violencia narcotraficante y homicidios; incluye toque de queda nocturno y despliegue militar.', 'source': 'La Hora', 'date': '2025-05-08', 'categoria': 'politica_gobierno'}, {'title': 'Lluvias intensas causan inundaciones en Costa y Sierra mayo 2025', 'text': 'Inamhi emite alerta naranja por lluvias intensas en Costa (Guayas, Esmeraldas) y Sierra en mayo 2025. Inundaciones, deslizamientos y cierre de vías secundarias; Gestión de Riesgos reporta damnificados y coordinación con GAD.', 'source': 'El Comercio', 'date': '2025-05-09', 'categoria': 'medio_ambiente'}, {'title': 'Riesgo país se mantiene estable tras reelección Noboa mayo 2025', 'text': 'Riesgo país de Ecuador se ubica alrededor de 1.050-1.100 puntos en mayo 2025. Estabilidad post-reelección de Daniel Noboa; analistas destacan confianza inversionista pero alerta por violencia y gasto público.', 'source': 'Primicias', 'date': '2025-05-10', 'categoria': 'economia_finanzas'}, {'title': 'Lluvias intensas generan inundaciones en Costa mayo 2025', 'text': 'Inamhi alerta naranja por lluvias intensas en Costa (Guayas, Manabí, Esmeraldas) en mayo 2025. Inundaciones y deslizamientos afectan comunidades; Gestión de Riesgos reporta damnificados y cierre de vías secundarias.', 'source': 'El Comercio', 'date': '2025-05-10', 'categoria': 'medio_ambiente'}, {'title': 'Riesgo país de Ecuador se mantiene estable en mayo 2025', 'text': 'Riesgo país de Ecuador se mantiene alrededor de 1.100 puntos en mayo 2025 tras reelección de Noboa. Spreads en bonos soberanos estables; analistas destacan confianza post-electoral pero alerta por violencia persistente.', 'source': 'Primicias', 'date': '2025-05-11', 'categoria': 'economia_finanzas'}, {'title': 'Operativo policial en Durán incauta droga y armas mayo 2025', 'text': 'Policía ejecuta operativo en Durán (Guayas) en mayo 2025: incautación de cocaína, armas y detenciones de presuntos miembros de banda. Contexto de violencia persistente en zona pese a estado de excepción.', 'source': 'Ecuavisa', 'date': '2025-05-11', 'categoria': 'seguridad_crimen'}, {'title': 'Apagones programados por mantenimiento hidroeléctrico mayo 2025', 'text': 'Ministerio de Energía anuncia apagones programados en mayo 2025 por mantenimiento de hidroeléctricas (Coca Codo Sinclair y otras). Horarios rotativos en regiones; medida preventiva ante bajo caudal residual del estiaje previo.', 'source': 'La Hora', 'date': '2025-05-12', 'categoria': 'medio_ambiente'}, {'title': 'Televistazo 7PM | 12-05-2025', 'text': 'El noticiero Televistazo 7PM del 12 de mayo 2025 cubre: operativo policial en Durán con incautación de droga y armas, extensión de estado de excepción en Guayas, y avances en agenda de seguridad del gobierno Noboa.', 'source': 'Ecuavisa', 'date': '2025-05-12', 'categoria': 'seguridad_crimen'}]","[{'title': 'Invierno 2024: miles afectados por lluvias en Ecuador desde enero', 'text': 'El invierno 2024 deja miles de afectados por lluvias intensas en 23 provincias desde enero. Se reportan inundaciones, deslizamientos y damnificados; Gestión de Riesgos coordina respuesta con alertas Inamhi y apoyo a comunidades vulnerables.', 'source': 'El Comercio', 'date': '2024-03-01', 'categoria': 'medio_ambiente'}, {'title': 'Ecuador solicita permiso a México para ingresar a su embajada y detener a Jorge Glas', 'text': 'La Cancillería ecuatoriana pidió autorización para ingresar a la embajada de México en Quito y detener al exvicepresidente Jorge Glas, elevando tensiones diplomáticas.', 'source': 'Reuters', 'date': '2024-03-01', 'categoria': 'politica_gobierno'}, {'title': 'Cobertura nacional: agenda política y seguridad del día', 'text': 'Medios nacionales reportaron actualizaciones sobre gestión pública, seguridad y coyuntura política, incluyendo efectos en movilidad y servicios.', 'source': 'Teleamazonas', 'date': '2024-03-01', 'categoria': 'politica_gobierno'}, {'title': 'Volcán La Cumbre inicia erupción en Galápagos', 'text': 'El gobierno informó sobre la erupción del volcán La Cumbre en una isla no habitada de Galápagos y el monitoreo de riesgos.', 'source': 'Reuters', 'date': '2024-03-03', 'categoria': 'medio_ambiente'}, {'title': 'Ecuador se prepara para votaciones con foco en seguridad', 'text': 'La discusión pública incluyó el paquete de medidas de seguridad y gobernabilidad y su impacto en la institucionalidad.', 'source': 'Reuters', 'date': '2024-03-04', 'categoria': 'politica_gobierno'}]"
159,10,2025-05-07,2007-02-14,0.9152025236993192,10,0.3295506238937378,ok,"economia_finanzas, medio_ambiente, politica_gobierno, seguridad_crimen",politica_gobierno,13,1,"[{'title': 'Mayo inicia con alto índice de homicidios en Guayas y Manabí', 'text': 'Mayo de 2025 arranca con más de 40 homicidios en Guayas y Manabí en los primeros días. Policía reporta operativos contra bandas narcotraficantes; violencia ligada a disputas territoriales y microtráfico persiste pese a estado de excepción.', 'source': 'Primicias', 'date': '2025-05-02', 'categoria': 'seguridad_crimen'}, {'title': 'Inflación mensual negativa en abril cierra y mayo mantiene tendencia baja', 'text': 'INEC confirma inflación mensual negativa (-0,12%) en abril 2025, tendencia que continúa en mayo. Anual se ubica cerca de 0%; deflación en alimentos y combustibles ayuda a control, pero preocupa desempleo subyacente.', 'source': 'El Universo', 'date': '2025-05-04', 'categoria': 'economia_finanzas'}, {'title': 'Guayas registra nuevo pico de homicidios en mayo 2025', 'text': 'Guayas registra nuevo pico de homicidios en mayo 2025, con más de 50 casos en una semana, ligado a disputas entre bandas narcotraficantes. Policía reporta operativos y detenciones; contexto de persistencia de violencia pese a estado de excepción.', 'source': 'Primicias', 'date': '2025-05-05', 'categoria': 'seguridad_crimen'}, {'title': 'Noboa extiende estado de excepción en Guayas por 30 días más mayo 2025', 'text': 'Daniel Noboa firma extensión por 30 días del estado de excepción en Guayas (y otras provincias costeras) en mayo 2025. Medida responde a homicidios récord y actividades de crimen organizado; incluye toque de queda y despliegue FF.AA.', 'source': 'La Hora', 'date': '2025-05-06', 'categoria': 'politica_gobierno'}, {'title': 'Inflación mensual en Ecuador se mantiene baja en mayo 2025', 'text': 'INEC reporta inflación mensual negativa (-0,08%) en mayo 2025, la quinta consecutiva. Anual se ubica en 0,15%. Se destaca deflación en alimentos y combustibles; análisis de impacto post-reformas económicas de Noboa.', 'source': 'El Universo', 'date': '2025-05-07', 'categoria': 'economia_finanzas'}, {'title': 'Gobierno extiende estado de excepción en Guayas y Manabí mayo 2025', 'text': 'Daniel Noboa extiende estado de excepción en Guayas y Manabí por 60 días más en mayo 2025. Medida busca controlar violencia narcotraficante y homicidios; incluye toque de queda nocturno y despliegue militar.', 'source': 'La Hora', 'date': '2025-05-08', 'categoria': 'politica_gobierno'}, {'title': 'Lluvias intensas causan inundaciones en Costa y Sierra mayo 2025', 'text': 'Inamhi emite alerta naranja por lluvias intensas en Costa (Guayas, Esmeraldas) y Sierra en mayo 2025. Inundaciones, deslizamientos y cierre de vías secundarias; Gestión de Riesgos reporta damnificados y coordinación con GAD.', 'source': 'El Comercio', 'date': '2025-05-09', 'categoria': 'medio_ambiente'}, {'title': 'Riesgo país se mantiene estable tras reelección Noboa mayo 2025', 'text': 'Riesgo país de Ecuador se ubica alrededor de 1.050-1.100 puntos en mayo 2025. Estabilidad post-reelección de Daniel Noboa; analistas destacan confianza inversionista pero alerta por violencia y gasto público.', 'source': 'Primicias', 'date': '2025-05-10', 'categoria': 'economia_finanzas'}, {'title': 'Lluvias intensas generan inundaciones en Costa mayo 2025', 'text': 'Inamhi alerta naranja por lluvias intensas en Costa (Guayas, Manabí, Esmeraldas) en mayo 2025. Inundaciones y deslizamientos afectan comunidades; Gestión de Riesgos reporta damnificados y cierre de vías secundarias.', 'source': 'El Comercio', 'date': '2025-05-10', 'categoria': 'medio_ambiente'}, {'title': 'Riesgo país de Ecuador se mantiene estable en mayo 2025', 'text': 'Riesgo país de Ecuador se mantiene alrededor de 1.100 puntos en mayo 2025 tras reelección de Noboa. Spreads en bonos soberanos estables; analistas destacan confianza post-electoral pero alerta por violencia persistente.', 'source': 'Primicias', 'date': '2025-05-11', 'categoria': 'economia_finanzas'}, {'title': 'Operativo policial en Durán incauta droga y armas mayo 2025', 'text': 'Policía ejecuta operativo en Durán (Guayas) en mayo 2025: incautación de cocaína, armas y detenciones de presuntos miembros de banda. Contexto de violencia persistente en zona pese a estado de excepción.', 'source': 'Ecuavisa', 'date': '2025-05-11', 'categoria': 'seguridad_crimen'}, {'title': 'Apagones programados por mantenimiento hidroeléctrico mayo 2025', 'text': 'Ministerio de Energía anuncia apagones programados en mayo 2025 por mantenimiento de hidroeléctricas (Coca Codo Sinclair y otras). Horarios rotativos en regiones; medida preventiva ante bajo caudal residual del estiaje previo.', 'source': 'La Hora', 'date': '2025-05-12', 'categoria': 'medio_ambiente'}, {'title': 'Televistazo 7PM | 12-05-2025', 'text': 'El noticiero Televistazo 7PM del 12 de mayo 2025 cubre: operativo policial en Durán con incautación de droga y armas, extensión de estado de excepción en Guayas, y avances en agenda de seguridad del gobierno Noboa.', 'source': 'Ecuavisa', 'date': '2025-05-12', 'categoria': 'seguridad_crimen'}]","[{'title': 'Ecuador voters back Correa plan', 'text': ' Los votantes ecuatorianos respaldaron en referéndum la propuesta del presidente Correa para reformar la Constitución. La noticia aborda el alcance del resultado, la reacción de la oposición y el impacto esperado en la estructura política del país.', 'source': 'BBC News', 'date': '2007-02-14', 'categoria': 'politica_gobierno'}]"
160,70,2025-06-03,2016-02-17,0.9560912370235966,1,0.5271375775337219,ok,"economia_finanzas, politica_gobierno, seguridad_crimen","medio_ambiente, seguridad_crimen",7,6,"[{'title': 'Violencia en Guayas no cede a finales de mayo 2025', 'text': 'Cierre de mayo con homicidios elevados en Guayas y Durán. Policía reporta operativos constantes, pero bandas narcotraficantes mantienen disputas territoriales pese al estado de excepción prolongado.', 'source': 'El Universo', 'date': '2025-05-29', 'categoria': 'seguridad_crimen'}, {'title': 'Ataques con explosivos aumentan en Guayas inicios junio 2025', 'text': 'Entre mayo y primeros días de junio se registran múltiples atentados con explosivos en Guayaquil y alrededores. Gobierno Noboa cita 25 atentados terroristas en el mes previo al decreto de junio.', 'source': 'Primicias', 'date': '2025-06-01', 'categoria': 'seguridad_crimen'}, {'title': 'Explosión afecta locales comerciales en Bahía de Guayaquil junio 2025', 'text': 'Ataque con explosivos daña comercios en la Bahía de Guayaquil el 3 de junio. Fiscalía investiga vínculo con crimen organizado; contexto de ola de violencia que motiva renovación de estado de excepción.', 'source': 'La Hora', 'date': '2025-06-03', 'categoria': 'seguridad_crimen'}, {'title': 'INEC publica inflación de mayo 2025: tendencia baja se mantiene', 'text': 'IPC de mayo 2025 muestra inflación mensual baja o negativa en algunos rubros. Anual cerca del 1%; deflación en alimentos y combustibles, pero preocupa bajo producción de derivados.', 'source': 'Ecuavisa', 'date': '2025-06-05', 'categoria': 'economia_finanzas'}, {'title': 'Producción de combustibles toca mínimo histórico en mayo 2025', 'text': 'Refinería Esmeraldas parada causa caída récord en producción diaria de combustibles (217.429 barriles promedio en mayo). Importaciones suben; gobierno anuncia reinicio en julio.', 'source': 'Primicias', 'date': '2025-06-06', 'categoria': 'economia_finanzas'}, {'title': 'Gobierno prepara renovación estado de excepción por conmoción interna junio 2025', 'text': 'Ante 13.468 emergencias violentas reportadas mayo-junio, Noboa evalúa extender estado de excepción en Guayas y otras provincias costeras + Quito. Incluye toque de queda nocturno.', 'source': 'El Comercio', 'date': '2025-06-07', 'categoria': 'politica_gobierno'}, {'title': 'Operativos intensos en Durán y Guayaquil inicios junio 2025', 'text': 'Policía y FF.AA. incautan droga, armas y detienen sospechosos en Durán. Violencia persiste con masacres y atentados; gobierno destaca avances en agenda de seguridad pese a cifras altas.', 'source': 'Ecuavisa', 'date': '2025-06-08', 'categoria': 'seguridad_crimen'}]","[{'title': 'Operativos de seguridad por feriado de Carnaval', 'text': 'La Policía Nacional ejecutó operativos especiales por el feriado de Carnaval para prevenir accidentes y delitos.', 'source': 'El Comercio', 'date': '2016-02-17', 'categoria': 'seguridad_crimen'}, {'title': 'Enfrentamientos en cárceles dejan muertos febrero 2016', 'text': 'Enfrentamientos entre presos en cárceles ecuatorianas dejan muertos en febrero 2016. Gobierno anuncia intervención; contexto de hacinamiento y control de bandas.', 'source': 'El Comercio', 'date': '2016-02-17', 'categoria': 'seguridad_crimen'}, {'title': 'Accidente de bus deja víctimas en Azuay', 'text': 'Un bus interprovincial se accidentó en una vía del Azuay, dejando fallecidos y heridos.', 'source': 'El Universo', 'date': '2016-02-17', 'categoria': 'seguridad_crimen'}, {'title': 'Lluvias causan deslizamientos en la Sierra', 'text': 'Las precipitaciones intensas provocaron deslizamientos y afectaciones en carreteras de la región Sierra.', 'source': 'El Universo', 'date': '2016-02-18', 'categoria': 'medio_ambiente'}, {'title': 'Invierno deja miles de afectados en varias provincias', 'text': 'El fuerte invierno provocó inundaciones, deslaves y daños en viviendas en provincias de la Costa y la Sierra, según reportes de gestión de riesgos.', 'source': 'El Universo', 'date': '2016-02-22', 'categoria': 'medio_ambiente'}, {'title': 'Controles por retorno de feriado de Carnaval', 'text': 'La Policía Nacional ejecutó operativos en carreteras y terminales por el retorno masivo tras el feriado de Carnaval.', 'source': 'El Comercio', 'date': '2016-02-22', 'categoria': 'seguridad_crimen'}]"
160,77,2025-06-03,2018-11-28,0.936409171362952,2,0.41254884004592896,ok,"economia_finanzas, politica_gobierno, seguridad_crimen","economia_finanzas, politica_gobierno",7,4,"[{'title': 'Violencia en Guayas no cede a finales de mayo 2025', 'text': 'Cierre de mayo con homicidios elevados en Guayas y Durán. Policía reporta operativos constantes, pero bandas narcotraficantes mantienen disputas territoriales pese al estado de excepción prolongado.', 'source': 'El Universo', 'date': '2025-05-29', 'categoria': 'seguridad_crimen'}, {'title': 'Ataques con explosivos aumentan en Guayas inicios junio 2025', 'text': 'Entre mayo y primeros días de junio se registran múltiples atentados con explosivos en Guayaquil y alrededores. Gobierno Noboa cita 25 atentados terroristas en el mes previo al decreto de junio.', 'source': 'Primicias', 'date': '2025-06-01', 'categoria': 'seguridad_crimen'}, {'title': 'Explosión afecta locales comerciales en Bahía de Guayaquil junio 2025', 'text': 'Ataque con explosivos daña comercios en la Bahía de Guayaquil el 3 de junio. Fiscalía investiga vínculo con crimen organizado; contexto de ola de violencia que motiva renovación de estado de excepción.', 'source': 'La Hora', 'date': '2025-06-03', 'categoria': 'seguridad_crimen'}, {'title': 'INEC publica inflación de mayo 2025: tendencia baja se mantiene', 'text': 'IPC de mayo 2025 muestra inflación mensual baja o negativa en algunos rubros. Anual cerca del 1%; deflación en alimentos y combustibles, pero preocupa bajo producción de derivados.', 'source': 'Ecuavisa', 'date': '2025-06-05', 'categoria': 'economia_finanzas'}, {'title': 'Producción de combustibles toca mínimo histórico en mayo 2025', 'text': 'Refinería Esmeraldas parada causa caída récord en producción diaria de combustibles (217.429 barriles promedio en mayo). Importaciones suben; gobierno anuncia reinicio en julio.', 'source': 'Primicias', 'date': '2025-06-06', 'categoria': 'economia_finanzas'}, {'title': 'Gobierno prepara renovación estado de excepción por conmoción interna junio 2025', 'text': 'Ante 13.468 emergencias violentas reportadas mayo-junio, Noboa evalúa extender estado de excepción en Guayas y otras provincias costeras + Quito. Incluye toque de queda nocturno.', 'source': 'El Comercio', 'date': '2025-06-07', 'categoria': 'politica_gobierno'}, {'title': 'Operativos intensos en Durán y Guayaquil inicios junio 2025', 'text': 'Policía y FF.AA. incautan droga, armas y detienen sospechosos en Durán. Violencia persiste con masacres y atentados; gobierno destaca avances en agenda de seguridad pese a cifras altas.', 'source': 'Ecuavisa', 'date': '2025-06-08', 'categoria': 'seguridad_crimen'}]","[{'title': 'Ecuador avanza en negociaciones con el FMI', 'text': 'El Gobierno confirmó acercamientos con el Fondo Monetario Internacional para un posible programa de financiamiento.', 'source': 'El Universo', 'date': '2018-11-28', 'categoria': 'economia_finanzas'}, {'title': 'Debate por reformas fiscales se intensifica', 'text': 'Asambleístas y analistas discutieron el alcance de las reformas fiscales planteadas por el Ejecutivo.', 'source': 'El Comercio', 'date': '2018-11-28', 'categoria': 'politica_gobierno'}, {'title': 'Clientes podrán identificar origen de llamadas comerciales diciembre 2018', 'text': 'Usuarios podrán identificar origen de llamadas comerciales y decidir si contestar en noviembre 2018. ARCOTEL regula telemercadeo; medida busca reducir spam y proteger privacidad bajo gobierno de Lenín Moreno.', 'source': 'El Universo', 'date': '2018-11-28', 'categoria': 'politica_gobierno'}, {'title': 'Regulación de llamadas comerciales en Ecuador noviembre 2018', 'text': 'ARCOTEL regula llamadas de telemercadeo en noviembre 2018. Usuarios podrán identificar origen y bloquear; medida busca proteger privacidad y reducir spam.', 'source': 'El Universo', 'date': '2018-11-28', 'categoria': 'politica_gobierno'}]"
160,92,2025-06-03,2020-04-28,0.9250682920867211,3,0.571779727935791,ok,"economia_finanzas, politica_gobierno, seguridad_crimen","medio_ambiente, politica_gobierno, riesgo_pais_calidad_vida",7,3,"[{'title': 'Violencia en Guayas no cede a finales de mayo 2025', 'text': 'Cierre de mayo con homicidios elevados en Guayas y Durán. Policía reporta operativos constantes, pero bandas narcotraficantes mantienen disputas territoriales pese al estado de excepción prolongado.', 'source': 'El Universo', 'date': '2025-05-29', 'categoria': 'seguridad_crimen'}, {'title': 'Ataques con explosivos aumentan en Guayas inicios junio 2025', 'text': 'Entre mayo y primeros días de junio se registran múltiples atentados con explosivos en Guayaquil y alrededores. Gobierno Noboa cita 25 atentados terroristas en el mes previo al decreto de junio.', 'source': 'Primicias', 'date': '2025-06-01', 'categoria': 'seguridad_crimen'}, {'title': 'Explosión afecta locales comerciales en Bahía de Guayaquil junio 2025', 'text': 'Ataque con explosivos daña comercios en la Bahía de Guayaquil el 3 de junio. Fiscalía investiga vínculo con crimen organizado; contexto de ola de violencia que motiva renovación de estado de excepción.', 'source': 'La Hora', 'date': '2025-06-03', 'categoria': 'seguridad_crimen'}, {'title': 'INEC publica inflación de mayo 2025: tendencia baja se mantiene', 'text': 'IPC de mayo 2025 muestra inflación mensual baja o negativa en algunos rubros. Anual cerca del 1%; deflación en alimentos y combustibles, pero preocupa bajo producción de derivados.', 'source': 'Ecuavisa', 'date': '2025-06-05', 'categoria': 'economia_finanzas'}, {'title': 'Producción de combustibles toca mínimo histórico en mayo 2025', 'text': 'Refinería Esmeraldas parada causa caída récord en producción diaria de combustibles (217.429 barriles promedio en mayo). Importaciones suben; gobierno anuncia reinicio en julio.', 'source': 'Primicias', 'date': '2025-06-06', 'categoria': 'economia_finanzas'}, {'title': 'Gobierno prepara renovación estado de excepción por conmoción interna junio 2025', 'text': 'Ante 13.468 emergencias violentas reportadas mayo-junio, Noboa evalúa extender estado de excepción en Guayas y otras provincias costeras + Quito. Incluye toque de queda nocturno.', 'source': 'El Comercio', 'date': '2025-06-07', 'categoria': 'politica_gobierno'}, {'title': 'Operativos intensos en Durán y Guayaquil inicios junio 2025', 'text': 'Policía y FF.AA. incautan droga, armas y detienen sospechosos en Durán. Violencia persiste con masacres y atentados; gobierno destaca avances en agenda de seguridad pese a cifras altas.', 'source': 'Ecuavisa', 'date': '2025-06-08', 'categoria': 'seguridad_crimen'}]","[{'title': 'Deslizamientos afectan oleoductos en la Amazonía', 'text': 'Deslizamientos de tierra en la Amazonía provocaron daños en oleoductos y afectaciones ambientales.', 'source': 'El Universo', 'date': '2020-04-28', 'categoria': 'medio_ambiente'}, {'title': 'Informe Primer Debate Proyecto de Ley Orgánica de Apoyo Humanitario abril 2020', 'text': 'Debate en Asamblea sobre Ley Orgánica de Apoyo Humanitario en abril 2020 por crisis COVID-19 y caída petróleo. Incluye moratoria deudas, apoyo económico y críticas por impacto pandemia en finanzas públicas y empleo.', 'source': 'Asamblea Nacional', 'date': '2020-04-28', 'categoria': 'politica_gobierno'}, {'title': 'Riesgo país de Ecuador se dispara en medio de la pandemia', 'text': 'El indicador de riesgo país alcanzó niveles históricos, reflejando la gravedad de la crisis económica y social.', 'source': 'El Comercio', 'date': '2020-05-01', 'categoria': 'riesgo_pais_calidad_vida'}]"
160,9,2025-06-03,2007-01-29,0.92413409022908,4,0.45210129022598267,ok,"economia_finanzas, politica_gobierno, seguridad_crimen",politica_gobierno,7,2,"[{'title': 'Violencia en Guayas no cede a finales de mayo 2025', 'text': 'Cierre de mayo con homicidios elevados en Guayas y Durán. Policía reporta operativos constantes, pero bandas narcotraficantes mantienen disputas territoriales pese al estado de excepción prolongado.', 'source': 'El Universo', 'date': '2025-05-29', 'categoria': 'seguridad_crimen'}, {'title': 'Ataques con explosivos aumentan en Guayas inicios junio 2025', 'text': 'Entre mayo y primeros días de junio se registran múltiples atentados con explosivos en Guayaquil y alrededores. Gobierno Noboa cita 25 atentados terroristas en el mes previo al decreto de junio.', 'source': 'Primicias', 'date': '2025-06-01', 'categoria': 'seguridad_crimen'}, {'title': 'Explosión afecta locales comerciales en Bahía de Guayaquil junio 2025', 'text': 'Ataque con explosivos daña comercios en la Bahía de Guayaquil el 3 de junio. Fiscalía investiga vínculo con crimen organizado; contexto de ola de violencia que motiva renovación de estado de excepción.', 'source': 'La Hora', 'date': '2025-06-03', 'categoria': 'seguridad_crimen'}, {'title': 'INEC publica inflación de mayo 2025: tendencia baja se mantiene', 'text': 'IPC de mayo 2025 muestra inflación mensual baja o negativa en algunos rubros. Anual cerca del 1%; deflación en alimentos y combustibles, pero preocupa bajo producción de derivados.', 'source': 'Ecuavisa', 'date': '2025-06-05', 'categoria': 'economia_finanzas'}, {'title': 'Producción de combustibles toca mínimo histórico en mayo 2025', 'text': 'Refinería Esmeraldas parada causa caída récord en producción diaria de combustibles (217.429 barriles promedio en mayo). Importaciones suben; gobierno anuncia reinicio en julio.', 'source': 'Primicias', 'date': '2025-06-06', 'categoria': 'economia_finanzas'}, {'title': 'Gobierno prepara renovación estado de excepción por conmoción interna junio 2025', 'text': 'Ante 13.468 emergencias violentas reportadas mayo-junio, Noboa evalúa extender estado de excepción en Guayas y otras provincias costeras + Quito. Incluye toque de queda nocturno.', 'source': 'El Comercio', 'date': '2025-06-07', 'categoria': 'politica_gobierno'}, {'title': 'Operativos intensos en Durán y Guayaquil inicios junio 2025', 'text': 'Policía y FF.AA. incautan droga, armas y detienen sospechosos en Durán. Violencia persiste con masacres y atentados; gobierno destaca avances en agenda de seguridad pese a cifras altas.', 'source': 'Ecuavisa', 'date': '2025-06-08', 'categoria': 'seguridad_crimen'}]","[{'title': 'Ecuador plunges into fresh political crisis', 'text': ' Ecuador enfrentó una nueva crisis política tras enfrentamientos entre el Ejecutivo y el Congreso. El texto relata destituciones, protestas y acusaciones de abuso de poder, evidenciando la fragilidad institucional durante los primeros meses del gobierno de Correa.', 'source': 'The Guardian', 'date': '2007-01-29', 'categoria': 'politica_gobierno'}, {'title': 'El régimen ecuatoriano enfrenta crisis política y el impacto regional del Plan Colombia', 'text': 'Artículo de análisis publicado por ALAI que examina los desafíos iniciales del régimen ecuatoriano en un contexto de crisis política, social y de seguridad. El texto señala que, desde el inicio, el gobierno debió enfrentar tensiones internas y los efectos del conflicto colombiano, incluyendo la llegada de aproximadamente 130 mil refugiados como consecuencia del Plan Colombia. Se analizan los impactos sociales, económicos y de seguridad derivados de la situación regional, así como las presiones sobre el Estado ecuatoriano para atender la crisis humanitaria y preservar la estabilidad institucional. El artículo contextualiza estos factores dentro de un escenario de reconfiguración política y de relaciones internacionales en la región andina.', 'source': 'ALAI', 'date': '2007-02-01', 'categoria': 'politica_gobierno'}]"
160,55,2025-06-03,2013-01-02,0.922896633814868,5,0.48922497034072876,ok,"economia_finanzas, politica_gobierno, seguridad_crimen","economia_finanzas, seguridad_crimen",7,2,"[{'title': 'Violencia en Guayas no cede a finales de mayo 2025', 'text': 'Cierre de mayo con homicidios elevados en Guayas y Durán. Policía reporta operativos constantes, pero bandas narcotraficantes mantienen disputas territoriales pese al estado de excepción prolongado.', 'source': 'El Universo', 'date': '2025-05-29', 'categoria': 'seguridad_crimen'}, {'title': 'Ataques con explosivos aumentan en Guayas inicios junio 2025', 'text': 'Entre mayo y primeros días de junio se registran múltiples atentados con explosivos en Guayaquil y alrededores. Gobierno Noboa cita 25 atentados terroristas en el mes previo al decreto de junio.', 'source': 'Primicias', 'date': '2025-06-01', 'categoria': 'seguridad_crimen'}, {'title': 'Explosión afecta locales comerciales en Bahía de Guayaquil junio 2025', 'text': 'Ataque con explosivos daña comercios en la Bahía de Guayaquil el 3 de junio. Fiscalía investiga vínculo con crimen organizado; contexto de ola de violencia que motiva renovación de estado de excepción.', 'source': 'La Hora', 'date': '2025-06-03', 'categoria': 'seguridad_crimen'}, {'title': 'INEC publica inflación de mayo 2025: tendencia baja se mantiene', 'text': 'IPC de mayo 2025 muestra inflación mensual baja o negativa en algunos rubros. Anual cerca del 1%; deflación en alimentos y combustibles, pero preocupa bajo producción de derivados.', 'source': 'Ecuavisa', 'date': '2025-06-05', 'categoria': 'economia_finanzas'}, {'title': 'Producción de combustibles toca mínimo histórico en mayo 2025', 'text': 'Refinería Esmeraldas parada causa caída récord en producción diaria de combustibles (217.429 barriles promedio en mayo). Importaciones suben; gobierno anuncia reinicio en julio.', 'source': 'Primicias', 'date': '2025-06-06', 'categoria': 'economia_finanzas'}, {'title': 'Gobierno prepara renovación estado de excepción por conmoción interna junio 2025', 'text': 'Ante 13.468 emergencias violentas reportadas mayo-junio, Noboa evalúa extender estado de excepción en Guayas y otras provincias costeras + Quito. Incluye toque de queda nocturno.', 'source': 'El Comercio', 'date': '2025-06-07', 'categoria': 'politica_gobierno'}, {'title': 'Operativos intensos en Durán y Guayaquil inicios junio 2025', 'text': 'Policía y FF.AA. incautan droga, armas y detienen sospechosos en Durán. Violencia persiste con masacres y atentados; gobierno destaca avances en agenda de seguridad pese a cifras altas.', 'source': 'Ecuavisa', 'date': '2025-06-08', 'categoria': 'seguridad_crimen'}]","[{'title': 'Economía ecuatoriana arranca 2013 con expectativas', 'text': 'Analistas proyectaron expectativas económicas para 2013, considerando inversión pública, comercio y contexto regional.', 'source': 'El Comercio', 'date': '2013-01-02', 'categoria': 'economia_finanzas'}, {'title': 'Feriado de Año Nuevo dejó operativos y accidentes', 'text': 'El feriado registró controles policiales, siniestros viales y balance de movilidad en varias provincias del país.', 'source': 'El Universo', 'date': '2013-01-02', 'categoria': 'seguridad_crimen'}]"
160,33,2025-06-03,2009-01-05,0.9220091643611994,6,0.43149834871292114,ok,"economia_finanzas, politica_gobierno, seguridad_crimen","politica_gobierno, seguridad_crimen, sociedad_cultura",7,7,"[{'title': 'Violencia en Guayas no cede a finales de mayo 2025', 'text': 'Cierre de mayo con homicidios elevados en Guayas y Durán. Policía reporta operativos constantes, pero bandas narcotraficantes mantienen disputas territoriales pese al estado de excepción prolongado.', 'source': 'El Universo', 'date': '2025-05-29', 'categoria': 'seguridad_crimen'}, {'title': 'Ataques con explosivos aumentan en Guayas inicios junio 2025', 'text': 'Entre mayo y primeros días de junio se registran múltiples atentados con explosivos en Guayaquil y alrededores. Gobierno Noboa cita 25 atentados terroristas en el mes previo al decreto de junio.', 'source': 'Primicias', 'date': '2025-06-01', 'categoria': 'seguridad_crimen'}, {'title': 'Explosión afecta locales comerciales en Bahía de Guayaquil junio 2025', 'text': 'Ataque con explosivos daña comercios en la Bahía de Guayaquil el 3 de junio. Fiscalía investiga vínculo con crimen organizado; contexto de ola de violencia que motiva renovación de estado de excepción.', 'source': 'La Hora', 'date': '2025-06-03', 'categoria': 'seguridad_crimen'}, {'title': 'INEC publica inflación de mayo 2025: tendencia baja se mantiene', 'text': 'IPC de mayo 2025 muestra inflación mensual baja o negativa en algunos rubros. Anual cerca del 1%; deflación en alimentos y combustibles, pero preocupa bajo producción de derivados.', 'source': 'Ecuavisa', 'date': '2025-06-05', 'categoria': 'economia_finanzas'}, {'title': 'Producción de combustibles toca mínimo histórico en mayo 2025', 'text': 'Refinería Esmeraldas parada causa caída récord en producción diaria de combustibles (217.429 barriles promedio en mayo). Importaciones suben; gobierno anuncia reinicio en julio.', 'source': 'Primicias', 'date': '2025-06-06', 'categoria': 'economia_finanzas'}, {'title': 'Gobierno prepara renovación estado de excepción por conmoción interna junio 2025', 'text': 'Ante 13.468 emergencias violentas reportadas mayo-junio, Noboa evalúa extender estado de excepción en Guayas y otras provincias costeras + Quito. Incluye toque de queda nocturno.', 'source': 'El Comercio', 'date': '2025-06-07', 'categoria': 'politica_gobierno'}, {'title': 'Operativos intensos en Durán y Guayaquil inicios junio 2025', 'text': 'Policía y FF.AA. incautan droga, armas y detienen sospechosos en Durán. Violencia persiste con masacres y atentados; gobierno destaca avances en agenda de seguridad pese a cifras altas.', 'source': 'Ecuavisa', 'date': '2025-06-08', 'categoria': 'seguridad_crimen'}]","[{'title': 'Ecuador busca estrechar relaciones con Cuba', 'text': 'Ecuador expresó felicitaciones a Cuba por el aniversario de la Revolución y abordó su postura frente al embargo, enmarcando el tema en política exterior y relaciones bilaterales.', 'source': 'El Universo', 'date': '2009-01-05', 'categoria': 'politica_gobierno'}, {'title': 'Daños en 2 casas por incendios', 'text': 'Incendios afectaron viviendas y dejaron familias con daños materiales. Se describen acciones de respuesta y afectación de hogares.', 'source': 'El Universo', 'date': '2009-01-05', 'categoria': 'seguridad_crimen'}, {'title': 'Dos muertos en accidentes de tránsito', 'text': 'Dos personas fallecieron en accidentes de tránsito ocurridos en la ciudad. La nota reporta hechos y el contexto de seguridad vial.', 'source': 'El Universo', 'date': '2009-01-05', 'categoria': 'seguridad_crimen'}, {'title': 'Mineros bloquean vías de Azuay', 'text': 'Mineros cerraron vías en rechazo a la Ley Minera en trámite, afectando movilidad hacia/desde Azuay. La nota describe el paro y demandas del sector.', 'source': 'El Universo', 'date': '2009-01-05', 'categoria': 'sociedad_cultura'}, {'title': 'Decreto presidencial elimina costos para ser policías', 'text': 'El Ejecutivo suprimió cobros requeridos para ingreso a escuelas de formación policial, con implicaciones para acceso y políticas de talento humano en seguridad.', 'source': 'El Universo', 'date': '2009-01-07', 'categoria': 'politica_gobierno'}, {'title': 'Liberado equipo periodístico de EL UNIVERSO', 'text': 'Un equipo periodístico fue retenido temporalmente por comuneros en Pueblo Nuevo (Azuay) y luego liberado. La nota describe el incidente y el contexto local.', 'source': 'El Universo', 'date': '2009-01-07', 'categoria': 'seguridad_crimen'}, {'title': 'Reclamos por justicia en muerte de menor', 'text': 'Familiares y estudiantes marcharon en Latacunga para exigir sanciones por la muerte de un menor. La nota enmarca el caso en demanda social de justicia.', 'source': 'El Universo', 'date': '2009-01-07', 'categoria': 'seguridad_crimen'}]"
160,68,2025-06-03,2016-01-21,0.921227562496608,7,0.4847986400127411,ok,"economia_finanzas, politica_gobierno, seguridad_crimen","economia_finanzas, seguridad_crimen",7,3,"[{'title': 'Violencia en Guayas no cede a finales de mayo 2025', 'text': 'Cierre de mayo con homicidios elevados en Guayas y Durán. Policía reporta operativos constantes, pero bandas narcotraficantes mantienen disputas territoriales pese al estado de excepción prolongado.', 'source': 'El Universo', 'date': '2025-05-29', 'categoria': 'seguridad_crimen'}, {'title': 'Ataques con explosivos aumentan en Guayas inicios junio 2025', 'text': 'Entre mayo y primeros días de junio se registran múltiples atentados con explosivos en Guayaquil y alrededores. Gobierno Noboa cita 25 atentados terroristas en el mes previo al decreto de junio.', 'source': 'Primicias', 'date': '2025-06-01', 'categoria': 'seguridad_crimen'}, {'title': 'Explosión afecta locales comerciales en Bahía de Guayaquil junio 2025', 'text': 'Ataque con explosivos daña comercios en la Bahía de Guayaquil el 3 de junio. Fiscalía investiga vínculo con crimen organizado; contexto de ola de violencia que motiva renovación de estado de excepción.', 'source': 'La Hora', 'date': '2025-06-03', 'categoria': 'seguridad_crimen'}, {'title': 'INEC publica inflación de mayo 2025: tendencia baja se mantiene', 'text': 'IPC de mayo 2025 muestra inflación mensual baja o negativa en algunos rubros. Anual cerca del 1%; deflación en alimentos y combustibles, pero preocupa bajo producción de derivados.', 'source': 'Ecuavisa', 'date': '2025-06-05', 'categoria': 'economia_finanzas'}, {'title': 'Producción de combustibles toca mínimo histórico en mayo 2025', 'text': 'Refinería Esmeraldas parada causa caída récord en producción diaria de combustibles (217.429 barriles promedio en mayo). Importaciones suben; gobierno anuncia reinicio en julio.', 'source': 'Primicias', 'date': '2025-06-06', 'categoria': 'economia_finanzas'}, {'title': 'Gobierno prepara renovación estado de excepción por conmoción interna junio 2025', 'text': 'Ante 13.468 emergencias violentas reportadas mayo-junio, Noboa evalúa extender estado de excepción en Guayas y otras provincias costeras + Quito. Incluye toque de queda nocturno.', 'source': 'El Comercio', 'date': '2025-06-07', 'categoria': 'politica_gobierno'}, {'title': 'Operativos intensos en Durán y Guayaquil inicios junio 2025', 'text': 'Policía y FF.AA. incautan droga, armas y detienen sospechosos en Durán. Violencia persiste con masacres y atentados; gobierno destaca avances en agenda de seguridad pese a cifras altas.', 'source': 'Ecuavisa', 'date': '2025-06-08', 'categoria': 'seguridad_crimen'}]","[{'title': 'Evalúan impacto económico tras sismo en Manabí', 'text': 'Autoridades analizaron los efectos económicos de movimientos telúricos recientes en la provincia de Manabí.', 'source': 'El Universo', 'date': '2016-01-21', 'categoria': 'economia_finanzas'}, {'title': 'Autoridades refuerzan planes de prevención sísmica', 'text': 'Instituciones de gestión de riesgos reforzaron campañas y planes de contingencia ante actividad sísmica registrada en el país.', 'source': 'El Comercio', 'date': '2016-01-22', 'categoria': 'seguridad_crimen'}, {'title': 'Se intensifican controles en frontera norte', 'text': 'Fuerzas Armadas y Policía incrementaron operativos en la frontera norte como medida preventiva.', 'source': 'El Universo', 'date': '2016-01-23', 'categoria': 'seguridad_crimen'}]"
160,126,2025-06-03,2023-01-06,0.9189544486188096,8,0.5093278288841248,ok,"economia_finanzas, politica_gobierno, seguridad_crimen","economia_finanzas, politica_gobierno, riesgo_pais_calidad_vida, seguridad_crimen",7,6,"[{'title': 'Violencia en Guayas no cede a finales de mayo 2025', 'text': 'Cierre de mayo con homicidios elevados en Guayas y Durán. Policía reporta operativos constantes, pero bandas narcotraficantes mantienen disputas territoriales pese al estado de excepción prolongado.', 'source': 'El Universo', 'date': '2025-05-29', 'categoria': 'seguridad_crimen'}, {'title': 'Ataques con explosivos aumentan en Guayas inicios junio 2025', 'text': 'Entre mayo y primeros días de junio se registran múltiples atentados con explosivos en Guayaquil y alrededores. Gobierno Noboa cita 25 atentados terroristas en el mes previo al decreto de junio.', 'source': 'Primicias', 'date': '2025-06-01', 'categoria': 'seguridad_crimen'}, {'title': 'Explosión afecta locales comerciales en Bahía de Guayaquil junio 2025', 'text': 'Ataque con explosivos daña comercios en la Bahía de Guayaquil el 3 de junio. Fiscalía investiga vínculo con crimen organizado; contexto de ola de violencia que motiva renovación de estado de excepción.', 'source': 'La Hora', 'date': '2025-06-03', 'categoria': 'seguridad_crimen'}, {'title': 'INEC publica inflación de mayo 2025: tendencia baja se mantiene', 'text': 'IPC de mayo 2025 muestra inflación mensual baja o negativa en algunos rubros. Anual cerca del 1%; deflación en alimentos y combustibles, pero preocupa bajo producción de derivados.', 'source': 'Ecuavisa', 'date': '2025-06-05', 'categoria': 'economia_finanzas'}, {'title': 'Producción de combustibles toca mínimo histórico en mayo 2025', 'text': 'Refinería Esmeraldas parada causa caída récord en producción diaria de combustibles (217.429 barriles promedio en mayo). Importaciones suben; gobierno anuncia reinicio en julio.', 'source': 'Primicias', 'date': '2025-06-06', 'categoria': 'economia_finanzas'}, {'title': 'Gobierno prepara renovación estado de excepción por conmoción interna junio 2025', 'text': 'Ante 13.468 emergencias violentas reportadas mayo-junio, Noboa evalúa extender estado de excepción en Guayas y otras provincias costeras + Quito. Incluye toque de queda nocturno.', 'source': 'El Comercio', 'date': '2025-06-07', 'categoria': 'politica_gobierno'}, {'title': 'Operativos intensos en Durán y Guayaquil inicios junio 2025', 'text': 'Policía y FF.AA. incautan droga, armas y detienen sospechosos en Durán. Violencia persiste con masacres y atentados; gobierno destaca avances en agenda de seguridad pese a cifras altas.', 'source': 'Ecuavisa', 'date': '2025-06-08', 'categoria': 'seguridad_crimen'}]","[{'title': 'Indicadores económicos reflejan presiones y ajustes', 'text': 'Analistas y autoridades evaluaron la situación económica, fiscal y productiva del país.', 'source': 'Primicias', 'date': '2023-01-06', 'categoria': 'economia_finanzas'}, {'title': 'Gobierno anuncia medidas y decisiones clave', 'text': 'El Ejecutivo comunicó resoluciones y lineamientos de política pública con impacto nacional.', 'source': 'El Universo', 'date': '2023-01-06', 'categoria': 'politica_gobierno'}, {'title': 'Ecuador mantiene agenda y contactos internacionales', 'text': 'Autoridades informaron gestiones y pronunciamientos en el ámbito internacional.', 'source': 'Teleamazonas', 'date': '2023-01-06', 'categoria': 'politica_gobierno'}, {'title': 'Situación social presiona calidad de vida', 'text': 'Ciudadanos enfrentaron dificultades relacionadas con empleo, servicios y costo de vida.', 'source': 'Expreso', 'date': '2023-01-06', 'categoria': 'riesgo_pais_calidad_vida'}, {'title': 'Operativos de seguridad y control en varias provincias', 'text': 'La Policía y Fuerzas Armadas ejecutaron operativos frente a delitos e incidentes reportados.', 'source': 'El Comercio', 'date': '2023-01-06', 'categoria': 'seguridad_crimen'}, {'title': 'Ecuador inicia 2023 con aumento de homicidios violentos', 'text': 'Ecuador registra alza de homicidios en primeros días de 2023, ligados a narcotráfico y sicariato en Guayas y Manabí. Cifras oficiales muestran escalada; Policía intensifica operativos para controlar violencia urbana.', 'source': 'El Universo', 'date': '2023-01-06', 'categoria': 'seguridad_crimen'}]"
160,141,2025-06-03,2023-08-10,0.9178830768604116,9,0.5884060859680176,ok,"economia_finanzas, politica_gobierno, seguridad_crimen","economia_finanzas, politica_gobierno, riesgo_pais_calidad_vida, seguridad_crimen",7,12,"[{'title': 'Violencia en Guayas no cede a finales de mayo 2025', 'text': 'Cierre de mayo con homicidios elevados en Guayas y Durán. Policía reporta operativos constantes, pero bandas narcotraficantes mantienen disputas territoriales pese al estado de excepción prolongado.', 'source': 'El Universo', 'date': '2025-05-29', 'categoria': 'seguridad_crimen'}, {'title': 'Ataques con explosivos aumentan en Guayas inicios junio 2025', 'text': 'Entre mayo y primeros días de junio se registran múltiples atentados con explosivos en Guayaquil y alrededores. Gobierno Noboa cita 25 atentados terroristas en el mes previo al decreto de junio.', 'source': 'Primicias', 'date': '2025-06-01', 'categoria': 'seguridad_crimen'}, {'title': 'Explosión afecta locales comerciales en Bahía de Guayaquil junio 2025', 'text': 'Ataque con explosivos daña comercios en la Bahía de Guayaquil el 3 de junio. Fiscalía investiga vínculo con crimen organizado; contexto de ola de violencia que motiva renovación de estado de excepción.', 'source': 'La Hora', 'date': '2025-06-03', 'categoria': 'seguridad_crimen'}, {'title': 'INEC publica inflación de mayo 2025: tendencia baja se mantiene', 'text': 'IPC de mayo 2025 muestra inflación mensual baja o negativa en algunos rubros. Anual cerca del 1%; deflación en alimentos y combustibles, pero preocupa bajo producción de derivados.', 'source': 'Ecuavisa', 'date': '2025-06-05', 'categoria': 'economia_finanzas'}, {'title': 'Producción de combustibles toca mínimo histórico en mayo 2025', 'text': 'Refinería Esmeraldas parada causa caída récord en producción diaria de combustibles (217.429 barriles promedio en mayo). Importaciones suben; gobierno anuncia reinicio en julio.', 'source': 'Primicias', 'date': '2025-06-06', 'categoria': 'economia_finanzas'}, {'title': 'Gobierno prepara renovación estado de excepción por conmoción interna junio 2025', 'text': 'Ante 13.468 emergencias violentas reportadas mayo-junio, Noboa evalúa extender estado de excepción en Guayas y otras provincias costeras + Quito. Incluye toque de queda nocturno.', 'source': 'El Comercio', 'date': '2025-06-07', 'categoria': 'politica_gobierno'}, {'title': 'Operativos intensos en Durán y Guayaquil inicios junio 2025', 'text': 'Policía y FF.AA. incautan droga, armas y detienen sospechosos en Durán. Violencia persiste con masacres y atentados; gobierno destaca avances en agenda de seguridad pese a cifras altas.', 'source': 'Ecuavisa', 'date': '2025-06-08', 'categoria': 'seguridad_crimen'}]","[{'title': 'Operativos y hechos delictivos elevan preocupación por seguridad', 'text': 'Se reportaron operativos, detenciones o investigaciones por delitos, junto con alertas ciudadanas en distintas provincias.', 'source': 'El Comercio', 'date': '2023-08-05', 'categoria': 'seguridad_crimen'}, {'title': 'Indicadores económicos y fiscales reflejan presiones en el país', 'text': 'Sectores productivos y autoridades revisaron inflación, empleo, finanzas públicas y actividad económica, con énfasis en riesgos y medidas de ajuste.', 'source': 'Primicias', 'date': '2023-08-06', 'categoria': 'economia_finanzas'}, {'title': 'Costo de vida y servicios impactan a los hogares', 'text': 'Se registraron impactos en empleo, educación, salud, movilidad o servicios, con acciones de mitigación y demandas ciudadanas.', 'source': 'Expreso', 'date': '2023-08-07', 'categoria': 'riesgo_pais_calidad_vida'}, {'title': 'Ecuador sostiene gestiones y posiciones internacionales', 'text': 'Autoridades reportaron reuniones, cooperación o pronunciamientos internacionales relacionados con seguridad, economía o asuntos regionales.', 'source': 'Teleamazonas', 'date': '2023-08-08', 'categoria': 'politica_gobierno'}, {'title': 'Operativos y hechos delictivos elevan preocupación por seguridad', 'text': 'Se reportaron operativos, detenciones o investigaciones por delitos, junto con alertas ciudadanas en distintas provincias.', 'source': 'El Universo', 'date': '2023-08-10', 'categoria': 'seguridad_crimen'}, {'title': 'Guayaquil registra pico de violencia en agosto 2023 con múltiples balaceras', 'text': 'Guayaquil enfrenta pico de violencia en agosto 2023 con balaceras diarias y disputas entre bandas por control territorial. Se reportan múltiples homicidios en sectores como el sur y Durán, con Policía desplegando operativos; contexto de escalada criminal que preludia crisis nacional.', 'source': 'El Universo', 'date': '2023-08-10', 'categoria': 'seguridad_crimen'}, {'title': 'Decomisos y acciones contra narcotráfico se intensifican', 'text': 'Fuerzas de seguridad informaron decomisos, capturas y operativos vinculados a narcotráfico y microtráfico en rutas, puertos y ciudades.', 'source': 'El Comercio', 'date': '2023-08-11', 'categoria': 'seguridad_crimen'}, {'title': 'Muertes violentas en Ecuador suben en agosto 2023 por narcotráfico', 'text': 'Ecuador registra aumento de homicidios en agosto 2023, ligados a narcotráfico y pugnas territoriales en Guayas y Manabí. Cifras oficiales muestran escalada; análisis destaca debilidad institucional y necesidad de reformas en seguridad.', 'source': 'Primicias', 'date': '2023-08-11', 'categoria': 'seguridad_crimen'}, {'title': 'Decisiones y anuncios del Gobierno marcan la agenda nacional', 'text': 'Autoridades informaron decisiones de política pública, decretos o acciones institucionales con impacto nacional y en gobiernos locales.', 'source': 'Primicias', 'date': '2023-08-12', 'categoria': 'politica_gobierno'}, {'title': 'Indicadores económicos y fiscales reflejan presiones en el país', 'text': 'Sectores productivos y autoridades revisaron inflación, empleo, finanzas públicas y actividad económica, con énfasis en riesgos y medidas de ajuste.', 'source': 'Expreso', 'date': '2023-08-13', 'categoria': 'economia_finanzas'}, {'title': 'Costo de vida y servicios impactan a los hogares', 'text': 'Se registraron impactos en empleo, educación, salud, movilidad o servicios, con acciones de mitigación y demandas ciudadanas.', 'source': 'Teleamazonas', 'date': '2023-08-14', 'categoria': 'riesgo_pais_calidad_vida'}, {'title': 'Decisiones y anuncios del Gobierno marcan la agenda nacional', 'text': 'Autoridades informaron decisiones de política pública, decretos o acciones institucionales con impacto nacional y en gobiernos locales.', 'source': 'El Universo', 'date': '2023-08-15', 'categoria': 'politica_gobierno'}]"
160,82,2025-06-03,2019-12-06,0.916578296315444,10,0.44937148690223694,ok,"economia_finanzas, politica_gobierno, seguridad_crimen",politica_gobierno,7,1,"[{'title': 'Violencia en Guayas no cede a finales de mayo 2025', 'text': 'Cierre de mayo con homicidios elevados en Guayas y Durán. Policía reporta operativos constantes, pero bandas narcotraficantes mantienen disputas territoriales pese al estado de excepción prolongado.', 'source': 'El Universo', 'date': '2025-05-29', 'categoria': 'seguridad_crimen'}, {'title': 'Ataques con explosivos aumentan en Guayas inicios junio 2025', 'text': 'Entre mayo y primeros días de junio se registran múltiples atentados con explosivos en Guayaquil y alrededores. Gobierno Noboa cita 25 atentados terroristas en el mes previo al decreto de junio.', 'source': 'Primicias', 'date': '2025-06-01', 'categoria': 'seguridad_crimen'}, {'title': 'Explosión afecta locales comerciales en Bahía de Guayaquil junio 2025', 'text': 'Ataque con explosivos daña comercios en la Bahía de Guayaquil el 3 de junio. Fiscalía investiga vínculo con crimen organizado; contexto de ola de violencia que motiva renovación de estado de excepción.', 'source': 'La Hora', 'date': '2025-06-03', 'categoria': 'seguridad_crimen'}, {'title': 'INEC publica inflación de mayo 2025: tendencia baja se mantiene', 'text': 'IPC de mayo 2025 muestra inflación mensual baja o negativa en algunos rubros. Anual cerca del 1%; deflación en alimentos y combustibles, pero preocupa bajo producción de derivados.', 'source': 'Ecuavisa', 'date': '2025-06-05', 'categoria': 'economia_finanzas'}, {'title': 'Producción de combustibles toca mínimo histórico en mayo 2025', 'text': 'Refinería Esmeraldas parada causa caída récord en producción diaria de combustibles (217.429 barriles promedio en mayo). Importaciones suben; gobierno anuncia reinicio en julio.', 'source': 'Primicias', 'date': '2025-06-06', 'categoria': 'economia_finanzas'}, {'title': 'Gobierno prepara renovación estado de excepción por conmoción interna junio 2025', 'text': 'Ante 13.468 emergencias violentas reportadas mayo-junio, Noboa evalúa extender estado de excepción en Guayas y otras provincias costeras + Quito. Incluye toque de queda nocturno.', 'source': 'El Comercio', 'date': '2025-06-07', 'categoria': 'politica_gobierno'}, {'title': 'Operativos intensos en Durán y Guayaquil inicios junio 2025', 'text': 'Policía y FF.AA. incautan droga, armas y detienen sospechosos en Durán. Violencia persiste con masacres y atentados; gobierno destaca avances en agenda de seguridad pese a cifras altas.', 'source': 'Ecuavisa', 'date': '2025-06-08', 'categoria': 'seguridad_crimen'}]","[{'title': 'Conaie advierte nuevas movilizaciones en 2020 diciembre 2019', 'text': 'Conaie advierte continuar movilizaciones en 2020 tras paro octubre 2019. Dirigentes expresan descontento con políticas Moreno; llamado a unidad indígena y social.', 'source': 'El Universo', 'date': '2019-12-06', 'categoria': 'politica_gobierno'}]"
161,109,2025-09-18,2022-03-04,0.9044138996468032,1,0.6392989158630371,ok,"economia_finanzas, politica_gobierno, seguridad_crimen","economia_finanzas, politica_gobierno, riesgo_pais_calidad_vida, seguridad_crimen",8,9,"[{'title': 'Cartas a Quito / 18 de septiembre de 2025', 'text': 'En la sección de cartas al editor del 18 de septiembre de 2025 se discute el impacto económico y social del fin del subsidio al diésel en Ecuador, que representaba un gasto anual de alrededor de 1.100 millones de dólares. Lectores expresan preocupaciones por el alza de precios en transporte y productos, críticas al gobierno de Noboa por falta de diálogo y propuestas para mitigar efectos en sectores vulnerables.', 'source': 'El Comercio', 'date': '2025-09-18', 'categoria': 'economia_finanzas'}, {'title': 'Televistazo 1PM | 18-09-2025', 'text': 'El informativo Televistazo 1PM del 18 de septiembre de 2025 cubre las noticias principales de Ecuador: convocatoria de paro nacional por la Conaie contra el fin del subsidio al diésel, decreto de toque de queda en cinco provincias por el presidente Daniel Noboa, y ampliación del estado de excepción. Incluye reacciones del gobierno, posibles bloqueos viales y análisis de impacto económico y social.', 'source': 'Ecuavisa', 'date': '2025-09-18', 'categoria': 'politica_gobierno'}, {'title': 'Conaie confirma paro nacional inmediato tras reunión en Riobamba este 18 de septiembre', 'text': 'La Conaie, tras una asamblea de más de tres horas en Riobamba el 18 de septiembre de 2025, confirmó un paro nacional indefinido en rechazo al retiro del subsidio al diésel. Dirigentes indígenas proclamaron la medida como respuesta a la subida de precios que afecta a sectores productivos y populares. El gobierno de Noboa rechaza imposiciones violentas y advierte sanciones, mientras se reportan tensiones en provincias andinas.', 'source': 'El Comercio', 'date': '2025-09-18', 'categoria': 'politica_gobierno'}, {'title': 'Conaie convoca a paro nacional inmediato e indefinido tras asamblea en Riobamba', 'text': 'La Confederación de Nacionalidades Indígenas del Ecuador (Conaie) convocó a un paro nacional inmediato e indefinido tras una asamblea extraordinaria en Riobamba el 18 de septiembre de 2025. La medida rechaza la eliminación del subsidio al diésel anunciada por el gobierno de Daniel Noboa, que elevó el precio y generó críticas de transportistas, agricultores y sectores populares. Dirigentes indígenas levantaron las manos en señal de aprobación, y se espera que el paro inicie formalmente días después, con posibles bloqueos viales y movilizaciones en provincias como Cotopaxi, Imbabura y Pichincha.', 'source': 'Primicias', 'date': '2025-09-18', 'categoria': 'politica_gobierno'}, {'title': 'Televistazo en la Comunidad Quito | 18-09-2025', 'text': 'En el segmento Televistazo en la Comunidad Quito del 18 de septiembre de 2025 se destaca la desarticulación de una banda de asaltantes en vías por la Policía, en medio de alertas por protestas inminentes. Cubre agenda de seguridad, impactos del decreto de toque de queda en provincias cercanas y actualizaciones sobre la convocatoria de paro por la Conaie, con enfoque local en Quito y tensiones nacionales.', 'source': 'Ecuavisa', 'date': '2025-09-18', 'categoria': 'seguridad_crimen'}, {'title': 'Estas son las provincias con toque de queda desde este 18 de septiembre', 'text': 'Mediante Decreto Ejecutivo Nº 146 del 18 de septiembre de 2025, el presidente Daniel Noboa impuso toque de queda (22:00 a 05:00) en Cotopaxi, Imbabura, Chimborazo, Bolívar y Carchi, y amplió el estado de excepción en otras provincias. La medida busca controlar protestas por el subsidio al diésel, con énfasis en zonas indígenas y de alta movilización social.', 'source': 'El Universo', 'date': '2025-09-18', 'categoria': 'seguridad_crimen'}, {'title': 'Daniel Noboa decreta toque de queda en Cotopaxi, Imbabura, Chimborazo, Bolívar y Carchi desde este 18 de septiembre', 'text': 'El presidente Daniel Noboa emitió el Decreto Ejecutivo Nº 146 la noche del 18 de septiembre de 2025, imponiendo toque de queda desde las 22:00 hasta las 05:00 en cinco provincias: Cotopaxi, Imbabura, Chimborazo, Bolívar y Carchi. La medida responde a la escalada de protestas por el fin del subsidio al diésel y busca prevenir desórdenes, bloqueos y violencia en zonas de alta tensión indígena y campesina. Se amplía el estado de excepción en varias regiones para garantizar seguridad pública.', 'source': 'El Universo', 'date': '2025-09-18', 'categoria': 'seguridad_crimen'}, {'title': 'Nacional: 18 de septiembre, 2025', 'text': 'El gobierno destaca un ""golpe histórico"" con incautación de más de 1 millón de galones de combustible traficado por grupos criminales. Además, se reporta alza en precios del diésel y gasolina, en contexto de protestas y toque de queda decretado ese mismo día por Noboa ante tensiones por eliminación de subsidios.', 'source': 'La Hora', 'date': '2025-09-18', 'categoria': 'seguridad_crimen'}]","[{'title': 'Protestas sociales se reactivan en varias provincias', 'text': 'Organizaciones sociales retomaron protestas por demandas económicas.', 'source': 'El Universo', 'date': '2022-03-04', 'categoria': 'politica_gobierno'}, {'title': 'Operativos de seguridad acompañan protestas', 'text': 'La Policía desplegó operativos para resguardar el orden público.', 'source': 'El Comercio', 'date': '2022-03-04', 'categoria': 'seguridad_crimen'}, {'title': 'Masacre en cárcel de Ecuador deja decenas de muertos marzo 2022', 'text': 'Nueva masacre en prisión ecuatoriana deja decenas de muertos en marzo 2022 por disputas entre bandas. Gobierno de Lasso anuncia intervención militar; contexto de crisis penitenciaria persistente.', 'source': 'Primicias', 'date': '2022-03-04', 'categoria': 'seguridad_crimen'}, {'title': 'Impacto económico preocupa a sectores productivos', 'text': 'Empresarios advirtieron efectos económicos por conflictos sociales.', 'source': 'El Universo', 'date': '2022-03-05', 'categoria': 'economia_finanzas'}, {'title': 'Gobierno busca respaldo internacional', 'text': 'Autoridades mantuvieron contactos diplomáticos ante el escenario interno.', 'source': 'El Comercio', 'date': '2022-03-06', 'categoria': 'politica_gobierno'}, {'title': 'Conflictos sociales inciden en riesgo país', 'text': 'El indicador de riesgo país reflejó tensiones sociales.', 'source': 'El Universo', 'date': '2022-03-07', 'categoria': 'riesgo_pais_calidad_vida'}, {'title': 'Inflación sube en Ecuador marzo 2022 por recuperación post-pandemia', 'text': 'Inflación en Ecuador aumenta en marzo 2022 por recuperación económica post-pandemia y precios internacionales. INEC reporta alza en alimentos y combustibles; análisis de impacto en hogares.', 'source': 'El Comercio', 'date': '2022-03-09', 'categoria': 'economia_finanzas'}, {'title': 'Gobierno insiste en diálogo ante protestas', 'text': 'El Ejecutivo reiteró su llamado al diálogo frente a movilizaciones sociales registradas en varias provincias.', 'source': 'El Universo', 'date': '2022-03-09', 'categoria': 'politica_gobierno'}, {'title': 'Operativos policiales se mantienen por protestas', 'text': 'La Policía reforzó controles para evitar disturbios durante jornadas de protesta.', 'source': 'El Comercio', 'date': '2022-03-09', 'categoria': 'seguridad_crimen'}]"
161,146,2025-09-18,2023-12-13,0.8801461117412596,2,0.5892388224601746,ok,"economia_finanzas, politica_gobierno, seguridad_crimen","economia_finanzas, medio_ambiente, politica_gobierno, riesgo_pais_calidad_vida, seguridad_crimen",8,6,"[{'title': 'Cartas a Quito / 18 de septiembre de 2025', 'text': 'En la sección de cartas al editor del 18 de septiembre de 2025 se discute el impacto económico y social del fin del subsidio al diésel en Ecuador, que representaba un gasto anual de alrededor de 1.100 millones de dólares. Lectores expresan preocupaciones por el alza de precios en transporte y productos, críticas al gobierno de Noboa por falta de diálogo y propuestas para mitigar efectos en sectores vulnerables.', 'source': 'El Comercio', 'date': '2025-09-18', 'categoria': 'economia_finanzas'}, {'title': 'Televistazo 1PM | 18-09-2025', 'text': 'El informativo Televistazo 1PM del 18 de septiembre de 2025 cubre las noticias principales de Ecuador: convocatoria de paro nacional por la Conaie contra el fin del subsidio al diésel, decreto de toque de queda en cinco provincias por el presidente Daniel Noboa, y ampliación del estado de excepción. Incluye reacciones del gobierno, posibles bloqueos viales y análisis de impacto económico y social.', 'source': 'Ecuavisa', 'date': '2025-09-18', 'categoria': 'politica_gobierno'}, {'title': 'Conaie confirma paro nacional inmediato tras reunión en Riobamba este 18 de septiembre', 'text': 'La Conaie, tras una asamblea de más de tres horas en Riobamba el 18 de septiembre de 2025, confirmó un paro nacional indefinido en rechazo al retiro del subsidio al diésel. Dirigentes indígenas proclamaron la medida como respuesta a la subida de precios que afecta a sectores productivos y populares. El gobierno de Noboa rechaza imposiciones violentas y advierte sanciones, mientras se reportan tensiones en provincias andinas.', 'source': 'El Comercio', 'date': '2025-09-18', 'categoria': 'politica_gobierno'}, {'title': 'Conaie convoca a paro nacional inmediato e indefinido tras asamblea en Riobamba', 'text': 'La Confederación de Nacionalidades Indígenas del Ecuador (Conaie) convocó a un paro nacional inmediato e indefinido tras una asamblea extraordinaria en Riobamba el 18 de septiembre de 2025. La medida rechaza la eliminación del subsidio al diésel anunciada por el gobierno de Daniel Noboa, que elevó el precio y generó críticas de transportistas, agricultores y sectores populares. Dirigentes indígenas levantaron las manos en señal de aprobación, y se espera que el paro inicie formalmente días después, con posibles bloqueos viales y movilizaciones en provincias como Cotopaxi, Imbabura y Pichincha.', 'source': 'Primicias', 'date': '2025-09-18', 'categoria': 'politica_gobierno'}, {'title': 'Televistazo en la Comunidad Quito | 18-09-2025', 'text': 'En el segmento Televistazo en la Comunidad Quito del 18 de septiembre de 2025 se destaca la desarticulación de una banda de asaltantes en vías por la Policía, en medio de alertas por protestas inminentes. Cubre agenda de seguridad, impactos del decreto de toque de queda en provincias cercanas y actualizaciones sobre la convocatoria de paro por la Conaie, con enfoque local en Quito y tensiones nacionales.', 'source': 'Ecuavisa', 'date': '2025-09-18', 'categoria': 'seguridad_crimen'}, {'title': 'Estas son las provincias con toque de queda desde este 18 de septiembre', 'text': 'Mediante Decreto Ejecutivo Nº 146 del 18 de septiembre de 2025, el presidente Daniel Noboa impuso toque de queda (22:00 a 05:00) en Cotopaxi, Imbabura, Chimborazo, Bolívar y Carchi, y amplió el estado de excepción en otras provincias. La medida busca controlar protestas por el subsidio al diésel, con énfasis en zonas indígenas y de alta movilización social.', 'source': 'El Universo', 'date': '2025-09-18', 'categoria': 'seguridad_crimen'}, {'title': 'Daniel Noboa decreta toque de queda en Cotopaxi, Imbabura, Chimborazo, Bolívar y Carchi desde este 18 de septiembre', 'text': 'El presidente Daniel Noboa emitió el Decreto Ejecutivo Nº 146 la noche del 18 de septiembre de 2025, imponiendo toque de queda desde las 22:00 hasta las 05:00 en cinco provincias: Cotopaxi, Imbabura, Chimborazo, Bolívar y Carchi. La medida responde a la escalada de protestas por el fin del subsidio al diésel y busca prevenir desórdenes, bloqueos y violencia en zonas de alta tensión indígena y campesina. Se amplía el estado de excepción en varias regiones para garantizar seguridad pública.', 'source': 'El Universo', 'date': '2025-09-18', 'categoria': 'seguridad_crimen'}, {'title': 'Nacional: 18 de septiembre, 2025', 'text': 'El gobierno destaca un ""golpe histórico"" con incautación de más de 1 millón de galones de combustible traficado por grupos criminales. Además, se reporta alza en precios del diésel y gasolina, en contexto de protestas y toque de queda decretado ese mismo día por Noboa ante tensiones por eliminación de subsidios.', 'source': 'La Hora', 'date': '2025-09-18', 'categoria': 'seguridad_crimen'}]","[{'title': 'Eventos climáticos y emergencias afectan localidades', 'text': 'Se reportaron afectaciones por lluvias, deslizamientos, incendios u otros eventos naturales, con impactos en vías, viviendas y servicios.', 'source': 'El Universo', 'date': '2023-12-13', 'categoria': 'medio_ambiente'}, {'title': 'Ecuador cierra 2023 con récord de homicidios', 'text': 'Ecuador registra récord de homicidios en 2023, con tasa histórica por narcotráfico y masacres carcelarias. La nota analiza causas estructurales, zonas más afectadas (Guayas, Manabí) y críticas a gestión de seguridad bajo Lasso.', 'source': 'El Comercio', 'date': '2023-12-13', 'categoria': 'seguridad_crimen'}, {'title': 'Decisiones y anuncios del Gobierno marcan la agenda nacional', 'text': 'Autoridades informaron decisiones de política pública, decretos o acciones institucionales con impacto nacional y en gobiernos locales.', 'source': 'El Comercio', 'date': '2023-12-14', 'categoria': 'politica_gobierno'}, {'title': 'Operativos y hechos delictivos elevan preocupación por seguridad', 'text': 'Se reportaron operativos, detenciones o investigaciones por delitos, junto con alertas ciudadanas en distintas provincias.', 'source': 'Primicias', 'date': '2023-12-15', 'categoria': 'seguridad_crimen'}, {'title': 'Indicadores económicos y fiscales reflejan presiones en el país', 'text': 'Sectores productivos y autoridades revisaron inflación, empleo, finanzas públicas y actividad económica, con énfasis en riesgos y medidas de ajuste.', 'source': 'Expreso', 'date': '2023-12-16', 'categoria': 'economia_finanzas'}, {'title': 'Costo de vida y servicios impactan a los hogares', 'text': 'Se registraron impactos en empleo, educación, salud, movilidad o servicios, con acciones de mitigación y demandas ciudadanas.', 'source': 'Teleamazonas', 'date': '2023-12-17', 'categoria': 'riesgo_pais_calidad_vida'}]"
161,115,2025-09-18,2022-07-12,0.8707169440413777,3,0.6514075994491577,ok,"economia_finanzas, politica_gobierno, seguridad_crimen","economia_finanzas, medio_ambiente, politica_gobierno, riesgo_pais_calidad_vida, seguridad_crimen",8,9,"[{'title': 'Cartas a Quito / 18 de septiembre de 2025', 'text': 'En la sección de cartas al editor del 18 de septiembre de 2025 se discute el impacto económico y social del fin del subsidio al diésel en Ecuador, que representaba un gasto anual de alrededor de 1.100 millones de dólares. Lectores expresan preocupaciones por el alza de precios en transporte y productos, críticas al gobierno de Noboa por falta de diálogo y propuestas para mitigar efectos en sectores vulnerables.', 'source': 'El Comercio', 'date': '2025-09-18', 'categoria': 'economia_finanzas'}, {'title': 'Televistazo 1PM | 18-09-2025', 'text': 'El informativo Televistazo 1PM del 18 de septiembre de 2025 cubre las noticias principales de Ecuador: convocatoria de paro nacional por la Conaie contra el fin del subsidio al diésel, decreto de toque de queda en cinco provincias por el presidente Daniel Noboa, y ampliación del estado de excepción. Incluye reacciones del gobierno, posibles bloqueos viales y análisis de impacto económico y social.', 'source': 'Ecuavisa', 'date': '2025-09-18', 'categoria': 'politica_gobierno'}, {'title': 'Conaie confirma paro nacional inmediato tras reunión en Riobamba este 18 de septiembre', 'text': 'La Conaie, tras una asamblea de más de tres horas en Riobamba el 18 de septiembre de 2025, confirmó un paro nacional indefinido en rechazo al retiro del subsidio al diésel. Dirigentes indígenas proclamaron la medida como respuesta a la subida de precios que afecta a sectores productivos y populares. El gobierno de Noboa rechaza imposiciones violentas y advierte sanciones, mientras se reportan tensiones en provincias andinas.', 'source': 'El Comercio', 'date': '2025-09-18', 'categoria': 'politica_gobierno'}, {'title': 'Conaie convoca a paro nacional inmediato e indefinido tras asamblea en Riobamba', 'text': 'La Confederación de Nacionalidades Indígenas del Ecuador (Conaie) convocó a un paro nacional inmediato e indefinido tras una asamblea extraordinaria en Riobamba el 18 de septiembre de 2025. La medida rechaza la eliminación del subsidio al diésel anunciada por el gobierno de Daniel Noboa, que elevó el precio y generó críticas de transportistas, agricultores y sectores populares. Dirigentes indígenas levantaron las manos en señal de aprobación, y se espera que el paro inicie formalmente días después, con posibles bloqueos viales y movilizaciones en provincias como Cotopaxi, Imbabura y Pichincha.', 'source': 'Primicias', 'date': '2025-09-18', 'categoria': 'politica_gobierno'}, {'title': 'Televistazo en la Comunidad Quito | 18-09-2025', 'text': 'En el segmento Televistazo en la Comunidad Quito del 18 de septiembre de 2025 se destaca la desarticulación de una banda de asaltantes en vías por la Policía, en medio de alertas por protestas inminentes. Cubre agenda de seguridad, impactos del decreto de toque de queda en provincias cercanas y actualizaciones sobre la convocatoria de paro por la Conaie, con enfoque local en Quito y tensiones nacionales.', 'source': 'Ecuavisa', 'date': '2025-09-18', 'categoria': 'seguridad_crimen'}, {'title': 'Estas son las provincias con toque de queda desde este 18 de septiembre', 'text': 'Mediante Decreto Ejecutivo Nº 146 del 18 de septiembre de 2025, el presidente Daniel Noboa impuso toque de queda (22:00 a 05:00) en Cotopaxi, Imbabura, Chimborazo, Bolívar y Carchi, y amplió el estado de excepción en otras provincias. La medida busca controlar protestas por el subsidio al diésel, con énfasis en zonas indígenas y de alta movilización social.', 'source': 'El Universo', 'date': '2025-09-18', 'categoria': 'seguridad_crimen'}, {'title': 'Daniel Noboa decreta toque de queda en Cotopaxi, Imbabura, Chimborazo, Bolívar y Carchi desde este 18 de septiembre', 'text': 'El presidente Daniel Noboa emitió el Decreto Ejecutivo Nº 146 la noche del 18 de septiembre de 2025, imponiendo toque de queda desde las 22:00 hasta las 05:00 en cinco provincias: Cotopaxi, Imbabura, Chimborazo, Bolívar y Carchi. La medida responde a la escalada de protestas por el fin del subsidio al diésel y busca prevenir desórdenes, bloqueos y violencia en zonas de alta tensión indígena y campesina. Se amplía el estado de excepción en varias regiones para garantizar seguridad pública.', 'source': 'El Universo', 'date': '2025-09-18', 'categoria': 'seguridad_crimen'}, {'title': 'Nacional: 18 de septiembre, 2025', 'text': 'El gobierno destaca un ""golpe histórico"" con incautación de más de 1 millón de galones de combustible traficado por grupos criminales. Además, se reporta alza en precios del diésel y gasolina, en contexto de protestas y toque de queda decretado ese mismo día por Noboa ante tensiones por eliminación de subsidios.', 'source': 'La Hora', 'date': '2025-09-18', 'categoria': 'seguridad_crimen'}]","[{'title': 'Riesgo país se mantiene alto', 'text': 'El indicador reflejó cautela de los mercados.', 'source': 'El Comercio', 'date': '2022-07-07', 'categoria': 'riesgo_pais_calidad_vida'}, {'title': 'Gobierno busca apoyo internacional post crisis', 'text': 'Autoridades gestionaron respaldo financiero y técnico.', 'source': 'El Universo', 'date': '2022-07-08', 'categoria': 'politica_gobierno'}, {'title': 'Apagones programados en Ecuador por estiaje y crisis energética julio 2022', 'text': 'El Ministerio de Energía anuncia apagones programados en julio 2022 por bajo caudal de ríos debido al estiaje. Afecta regiones como la Costa y Sierra; se detallan horarios y medidas de ahorro para mitigar impacto en hogares y empresas.', 'source': 'El Universo', 'date': '2022-07-12', 'categoria': 'medio_ambiente'}, {'title': 'Gobierno plantea reformas económicas', 'text': 'El Ejecutivo presentó propuestas de reformas tras el paro.', 'source': 'El Universo', 'date': '2022-07-12', 'categoria': 'politica_gobierno'}, {'title': 'Autoridades refuerzan seguridad tras protestas', 'text': 'Se mantuvieron operativos de control en zonas estratégicas.', 'source': 'El Comercio', 'date': '2022-07-13', 'categoria': 'seguridad_crimen'}, {'title': 'Sector petrolero busca recuperarse', 'text': 'La industria petrolera inició planes de recuperación.', 'source': 'El Universo', 'date': '2022-07-14', 'categoria': 'economia_finanzas'}, {'title': 'Televistazo 7PM | 14-07-2022', 'text': 'El noticiero Televistazo 7PM del 14 de julio 2022 cubre agenda nacional: operativos policiales contra crimen organizado en Guayaquil, avances en seguridad vial y temas de violencia urbana, junto con actualizaciones económicas y energéticas post-paro junio.', 'source': 'Ecuavisa', 'date': '2022-07-14', 'categoria': 'seguridad_crimen'}, {'title': 'Riesgo país sigue sensible', 'text': 'El indicador reaccionó a anuncios económicos.', 'source': 'El Comercio', 'date': '2022-07-15', 'categoria': 'riesgo_pais_calidad_vida'}, {'title': 'Ecuador retoma agenda internacional', 'text': 'El país retomó contactos diplomáticos tras la crisis.', 'source': 'El Universo', 'date': '2022-07-16', 'categoria': 'politica_gobierno'}]"
161,88,2025-09-18,2020-03-20,0.8654542410057628,4,0.6160207986831665,ok,"economia_finanzas, politica_gobierno, seguridad_crimen","medio_ambiente, politica_gobierno, seguridad_crimen",8,5,"[{'title': 'Cartas a Quito / 18 de septiembre de 2025', 'text': 'En la sección de cartas al editor del 18 de septiembre de 2025 se discute el impacto económico y social del fin del subsidio al diésel en Ecuador, que representaba un gasto anual de alrededor de 1.100 millones de dólares. Lectores expresan preocupaciones por el alza de precios en transporte y productos, críticas al gobierno de Noboa por falta de diálogo y propuestas para mitigar efectos en sectores vulnerables.', 'source': 'El Comercio', 'date': '2025-09-18', 'categoria': 'economia_finanzas'}, {'title': 'Televistazo 1PM | 18-09-2025', 'text': 'El informativo Televistazo 1PM del 18 de septiembre de 2025 cubre las noticias principales de Ecuador: convocatoria de paro nacional por la Conaie contra el fin del subsidio al diésel, decreto de toque de queda en cinco provincias por el presidente Daniel Noboa, y ampliación del estado de excepción. Incluye reacciones del gobierno, posibles bloqueos viales y análisis de impacto económico y social.', 'source': 'Ecuavisa', 'date': '2025-09-18', 'categoria': 'politica_gobierno'}, {'title': 'Conaie confirma paro nacional inmediato tras reunión en Riobamba este 18 de septiembre', 'text': 'La Conaie, tras una asamblea de más de tres horas en Riobamba el 18 de septiembre de 2025, confirmó un paro nacional indefinido en rechazo al retiro del subsidio al diésel. Dirigentes indígenas proclamaron la medida como respuesta a la subida de precios que afecta a sectores productivos y populares. El gobierno de Noboa rechaza imposiciones violentas y advierte sanciones, mientras se reportan tensiones en provincias andinas.', 'source': 'El Comercio', 'date': '2025-09-18', 'categoria': 'politica_gobierno'}, {'title': 'Conaie convoca a paro nacional inmediato e indefinido tras asamblea en Riobamba', 'text': 'La Confederación de Nacionalidades Indígenas del Ecuador (Conaie) convocó a un paro nacional inmediato e indefinido tras una asamblea extraordinaria en Riobamba el 18 de septiembre de 2025. La medida rechaza la eliminación del subsidio al diésel anunciada por el gobierno de Daniel Noboa, que elevó el precio y generó críticas de transportistas, agricultores y sectores populares. Dirigentes indígenas levantaron las manos en señal de aprobación, y se espera que el paro inicie formalmente días después, con posibles bloqueos viales y movilizaciones en provincias como Cotopaxi, Imbabura y Pichincha.', 'source': 'Primicias', 'date': '2025-09-18', 'categoria': 'politica_gobierno'}, {'title': 'Televistazo en la Comunidad Quito | 18-09-2025', 'text': 'En el segmento Televistazo en la Comunidad Quito del 18 de septiembre de 2025 se destaca la desarticulación de una banda de asaltantes en vías por la Policía, en medio de alertas por protestas inminentes. Cubre agenda de seguridad, impactos del decreto de toque de queda en provincias cercanas y actualizaciones sobre la convocatoria de paro por la Conaie, con enfoque local en Quito y tensiones nacionales.', 'source': 'Ecuavisa', 'date': '2025-09-18', 'categoria': 'seguridad_crimen'}, {'title': 'Estas son las provincias con toque de queda desde este 18 de septiembre', 'text': 'Mediante Decreto Ejecutivo Nº 146 del 18 de septiembre de 2025, el presidente Daniel Noboa impuso toque de queda (22:00 a 05:00) en Cotopaxi, Imbabura, Chimborazo, Bolívar y Carchi, y amplió el estado de excepción en otras provincias. La medida busca controlar protestas por el subsidio al diésel, con énfasis en zonas indígenas y de alta movilización social.', 'source': 'El Universo', 'date': '2025-09-18', 'categoria': 'seguridad_crimen'}, {'title': 'Daniel Noboa decreta toque de queda en Cotopaxi, Imbabura, Chimborazo, Bolívar y Carchi desde este 18 de septiembre', 'text': 'El presidente Daniel Noboa emitió el Decreto Ejecutivo Nº 146 la noche del 18 de septiembre de 2025, imponiendo toque de queda desde las 22:00 hasta las 05:00 en cinco provincias: Cotopaxi, Imbabura, Chimborazo, Bolívar y Carchi. La medida responde a la escalada de protestas por el fin del subsidio al diésel y busca prevenir desórdenes, bloqueos y violencia en zonas de alta tensión indígena y campesina. Se amplía el estado de excepción en varias regiones para garantizar seguridad pública.', 'source': 'El Universo', 'date': '2025-09-18', 'categoria': 'seguridad_crimen'}, {'title': 'Nacional: 18 de septiembre, 2025', 'text': 'El gobierno destaca un ""golpe histórico"" con incautación de más de 1 millón de galones de combustible traficado por grupos criminales. Además, se reporta alza en precios del diésel y gasolina, en contexto de protestas y toque de queda decretado ese mismo día por Noboa ante tensiones por eliminación de subsidios.', 'source': 'La Hora', 'date': '2025-09-18', 'categoria': 'seguridad_crimen'}]","[{'title': 'Ecuador reporta primeras muertes por COVID-19 marzo 2020', 'text': 'Ecuador confirma primeras muertes por COVID-19 en marzo 2020. Caso primario en mujer contagiada; inicio de conteo oficial y alerta sanitaria nacional.', 'source': 'El Universo', 'date': '2020-03-20', 'categoria': 'medio_ambiente'}, {'title': 'Gobierno amplía estado de excepción por COVID-19', 'text': 'El Ejecutivo amplió el estado de excepción y reforzó restricciones de movilidad para contener la propagación del coronavirus en el país.', 'source': 'El Universo', 'date': '2020-03-20', 'categoria': 'politica_gobierno'}, {'title': 'Minuto a minuto sobre el coronavirus en Ecuador marzo 2020', 'text': 'Cobertura minuto a minuto de la emergencia COVID-19 en Ecuador en marzo 2020: primeros casos confirmados, expansión en Guayaquil, medidas de confinamiento y estadísticas diarias. Se destacan alertas sanitarias y colapso inicial en Guayas.', 'source': 'Plan V', 'date': '2020-03-22', 'categoria': 'medio_ambiente'}, {'title': 'Toque de queda genera controles y detenciones', 'text': 'Las fuerzas del orden reportaron detenciones por incumplimiento del toque de queda decretado durante la emergencia sanitaria.', 'source': 'El Comercio', 'date': '2020-03-22', 'categoria': 'seguridad_crimen'}, {'title': 'Colapso sanitario en Guayaquil por COVID-19 marzo 2020', 'text': 'Guayaquil enfrenta colapso sanitario en marzo 2020 por pico COVID-19. Cuerpos acumulados, hospitales saturados y exceso mortalidad; gobierno envía ayuda y declara emergencia máxima.', 'source': 'El Comercio', 'date': '2020-03-24', 'categoria': 'medio_ambiente'}]"
161,12,2025-09-18,2007-08-16,0.8645300463742421,5,0.502964973449707,ok,"economia_finanzas, politica_gobierno, seguridad_crimen","medio_ambiente, politica_gobierno",8,2,"[{'title': 'Cartas a Quito / 18 de septiembre de 2025', 'text': 'En la sección de cartas al editor del 18 de septiembre de 2025 se discute el impacto económico y social del fin del subsidio al diésel en Ecuador, que representaba un gasto anual de alrededor de 1.100 millones de dólares. Lectores expresan preocupaciones por el alza de precios en transporte y productos, críticas al gobierno de Noboa por falta de diálogo y propuestas para mitigar efectos en sectores vulnerables.', 'source': 'El Comercio', 'date': '2025-09-18', 'categoria': 'economia_finanzas'}, {'title': 'Televistazo 1PM | 18-09-2025', 'text': 'El informativo Televistazo 1PM del 18 de septiembre de 2025 cubre las noticias principales de Ecuador: convocatoria de paro nacional por la Conaie contra el fin del subsidio al diésel, decreto de toque de queda en cinco provincias por el presidente Daniel Noboa, y ampliación del estado de excepción. Incluye reacciones del gobierno, posibles bloqueos viales y análisis de impacto económico y social.', 'source': 'Ecuavisa', 'date': '2025-09-18', 'categoria': 'politica_gobierno'}, {'title': 'Conaie confirma paro nacional inmediato tras reunión en Riobamba este 18 de septiembre', 'text': 'La Conaie, tras una asamblea de más de tres horas en Riobamba el 18 de septiembre de 2025, confirmó un paro nacional indefinido en rechazo al retiro del subsidio al diésel. Dirigentes indígenas proclamaron la medida como respuesta a la subida de precios que afecta a sectores productivos y populares. El gobierno de Noboa rechaza imposiciones violentas y advierte sanciones, mientras se reportan tensiones en provincias andinas.', 'source': 'El Comercio', 'date': '2025-09-18', 'categoria': 'politica_gobierno'}, {'title': 'Conaie convoca a paro nacional inmediato e indefinido tras asamblea en Riobamba', 'text': 'La Confederación de Nacionalidades Indígenas del Ecuador (Conaie) convocó a un paro nacional inmediato e indefinido tras una asamblea extraordinaria en Riobamba el 18 de septiembre de 2025. La medida rechaza la eliminación del subsidio al diésel anunciada por el gobierno de Daniel Noboa, que elevó el precio y generó críticas de transportistas, agricultores y sectores populares. Dirigentes indígenas levantaron las manos en señal de aprobación, y se espera que el paro inicie formalmente días después, con posibles bloqueos viales y movilizaciones en provincias como Cotopaxi, Imbabura y Pichincha.', 'source': 'Primicias', 'date': '2025-09-18', 'categoria': 'politica_gobierno'}, {'title': 'Televistazo en la Comunidad Quito | 18-09-2025', 'text': 'En el segmento Televistazo en la Comunidad Quito del 18 de septiembre de 2025 se destaca la desarticulación de una banda de asaltantes en vías por la Policía, en medio de alertas por protestas inminentes. Cubre agenda de seguridad, impactos del decreto de toque de queda en provincias cercanas y actualizaciones sobre la convocatoria de paro por la Conaie, con enfoque local en Quito y tensiones nacionales.', 'source': 'Ecuavisa', 'date': '2025-09-18', 'categoria': 'seguridad_crimen'}, {'title': 'Estas son las provincias con toque de queda desde este 18 de septiembre', 'text': 'Mediante Decreto Ejecutivo Nº 146 del 18 de septiembre de 2025, el presidente Daniel Noboa impuso toque de queda (22:00 a 05:00) en Cotopaxi, Imbabura, Chimborazo, Bolívar y Carchi, y amplió el estado de excepción en otras provincias. La medida busca controlar protestas por el subsidio al diésel, con énfasis en zonas indígenas y de alta movilización social.', 'source': 'El Universo', 'date': '2025-09-18', 'categoria': 'seguridad_crimen'}, {'title': 'Daniel Noboa decreta toque de queda en Cotopaxi, Imbabura, Chimborazo, Bolívar y Carchi desde este 18 de septiembre', 'text': 'El presidente Daniel Noboa emitió el Decreto Ejecutivo Nº 146 la noche del 18 de septiembre de 2025, imponiendo toque de queda desde las 22:00 hasta las 05:00 en cinco provincias: Cotopaxi, Imbabura, Chimborazo, Bolívar y Carchi. La medida responde a la escalada de protestas por el fin del subsidio al diésel y busca prevenir desórdenes, bloqueos y violencia en zonas de alta tensión indígena y campesina. Se amplía el estado de excepción en varias regiones para garantizar seguridad pública.', 'source': 'El Universo', 'date': '2025-09-18', 'categoria': 'seguridad_crimen'}, {'title': 'Nacional: 18 de septiembre, 2025', 'text': 'El gobierno destaca un ""golpe histórico"" con incautación de más de 1 millón de galones de combustible traficado por grupos criminales. Además, se reporta alza en precios del diésel y gasolina, en contexto de protestas y toque de queda decretado ese mismo día por Noboa ante tensiones por eliminación de subsidios.', 'source': 'La Hora', 'date': '2025-09-18', 'categoria': 'seguridad_crimen'}]","[{'title': 'Ecuador to expel 6,000 illegal residents from world heritage site', 'text': ' Se reportó una decisión de Ecuador orientada a retirar miles de residentes irregulares de un área declarada Patrimonio de la Humanidad, con el fin de enfrentar presiones demográficas y ambientales. El artículo enmarca la medida en la gestión de conservación y control migratorio hacia zonas protegidas.', 'source': ""People's Daily Online (via Galapaguide)"", 'date': '2007-08-16', 'categoria': 'medio_ambiente'}, {'title': 'Ecuador: Correa autoriza levantar secreto bancario', 'text': ' Rafael Correa autorizó levantar el secreto bancario de sus cuentas dentro y fuera del país para facilitar una investigación solicitada por el Congreso. La nota describe el trasfondo político de la indagación y el objetivo de transparentar el manejo de fondos y el patrimonio de funcionarios.', 'source': 'MyPlainview (AP)', 'date': '2007-08-16', 'categoria': 'politica_gobierno'}]"
161,76,2025-09-18,2016-11-14,0.8568220000905928,6,0.5897395014762878,ok,"economia_finanzas, politica_gobierno, seguridad_crimen","economia_finanzas, sociedad_cultura",8,3,"[{'title': 'Cartas a Quito / 18 de septiembre de 2025', 'text': 'En la sección de cartas al editor del 18 de septiembre de 2025 se discute el impacto económico y social del fin del subsidio al diésel en Ecuador, que representaba un gasto anual de alrededor de 1.100 millones de dólares. Lectores expresan preocupaciones por el alza de precios en transporte y productos, críticas al gobierno de Noboa por falta de diálogo y propuestas para mitigar efectos en sectores vulnerables.', 'source': 'El Comercio', 'date': '2025-09-18', 'categoria': 'economia_finanzas'}, {'title': 'Televistazo 1PM | 18-09-2025', 'text': 'El informativo Televistazo 1PM del 18 de septiembre de 2025 cubre las noticias principales de Ecuador: convocatoria de paro nacional por la Conaie contra el fin del subsidio al diésel, decreto de toque de queda en cinco provincias por el presidente Daniel Noboa, y ampliación del estado de excepción. Incluye reacciones del gobierno, posibles bloqueos viales y análisis de impacto económico y social.', 'source': 'Ecuavisa', 'date': '2025-09-18', 'categoria': 'politica_gobierno'}, {'title': 'Conaie confirma paro nacional inmediato tras reunión en Riobamba este 18 de septiembre', 'text': 'La Conaie, tras una asamblea de más de tres horas en Riobamba el 18 de septiembre de 2025, confirmó un paro nacional indefinido en rechazo al retiro del subsidio al diésel. Dirigentes indígenas proclamaron la medida como respuesta a la subida de precios que afecta a sectores productivos y populares. El gobierno de Noboa rechaza imposiciones violentas y advierte sanciones, mientras se reportan tensiones en provincias andinas.', 'source': 'El Comercio', 'date': '2025-09-18', 'categoria': 'politica_gobierno'}, {'title': 'Conaie convoca a paro nacional inmediato e indefinido tras asamblea en Riobamba', 'text': 'La Confederación de Nacionalidades Indígenas del Ecuador (Conaie) convocó a un paro nacional inmediato e indefinido tras una asamblea extraordinaria en Riobamba el 18 de septiembre de 2025. La medida rechaza la eliminación del subsidio al diésel anunciada por el gobierno de Daniel Noboa, que elevó el precio y generó críticas de transportistas, agricultores y sectores populares. Dirigentes indígenas levantaron las manos en señal de aprobación, y se espera que el paro inicie formalmente días después, con posibles bloqueos viales y movilizaciones en provincias como Cotopaxi, Imbabura y Pichincha.', 'source': 'Primicias', 'date': '2025-09-18', 'categoria': 'politica_gobierno'}, {'title': 'Televistazo en la Comunidad Quito | 18-09-2025', 'text': 'En el segmento Televistazo en la Comunidad Quito del 18 de septiembre de 2025 se destaca la desarticulación de una banda de asaltantes en vías por la Policía, en medio de alertas por protestas inminentes. Cubre agenda de seguridad, impactos del decreto de toque de queda en provincias cercanas y actualizaciones sobre la convocatoria de paro por la Conaie, con enfoque local en Quito y tensiones nacionales.', 'source': 'Ecuavisa', 'date': '2025-09-18', 'categoria': 'seguridad_crimen'}, {'title': 'Estas son las provincias con toque de queda desde este 18 de septiembre', 'text': 'Mediante Decreto Ejecutivo Nº 146 del 18 de septiembre de 2025, el presidente Daniel Noboa impuso toque de queda (22:00 a 05:00) en Cotopaxi, Imbabura, Chimborazo, Bolívar y Carchi, y amplió el estado de excepción en otras provincias. La medida busca controlar protestas por el subsidio al diésel, con énfasis en zonas indígenas y de alta movilización social.', 'source': 'El Universo', 'date': '2025-09-18', 'categoria': 'seguridad_crimen'}, {'title': 'Daniel Noboa decreta toque de queda en Cotopaxi, Imbabura, Chimborazo, Bolívar y Carchi desde este 18 de septiembre', 'text': 'El presidente Daniel Noboa emitió el Decreto Ejecutivo Nº 146 la noche del 18 de septiembre de 2025, imponiendo toque de queda desde las 22:00 hasta las 05:00 en cinco provincias: Cotopaxi, Imbabura, Chimborazo, Bolívar y Carchi. La medida responde a la escalada de protestas por el fin del subsidio al diésel y busca prevenir desórdenes, bloqueos y violencia en zonas de alta tensión indígena y campesina. Se amplía el estado de excepción en varias regiones para garantizar seguridad pública.', 'source': 'El Universo', 'date': '2025-09-18', 'categoria': 'seguridad_crimen'}, {'title': 'Nacional: 18 de septiembre, 2025', 'text': 'El gobierno destaca un ""golpe histórico"" con incautación de más de 1 millón de galones de combustible traficado por grupos criminales. Además, se reporta alza en precios del diésel y gasolina, en contexto de protestas y toque de queda decretado ese mismo día por Noboa ante tensiones por eliminación de subsidios.', 'source': 'La Hora', 'date': '2025-09-18', 'categoria': 'seguridad_crimen'}]","[{'title': 'Ecuador firma acuerdo comercial multipartes con Unión Europea noviembre 2016', 'text': 'Ecuador firma acuerdo comercial multipartes con UE tras nueve años de espera en noviembre 2016. Incluye Colombia y Perú; se destaca impacto en exportaciones, aranceles y oportunidades económicas post-Correa.', 'source': 'El Universo', 'date': '2016-11-14', 'categoria': 'economia_finanzas'}, {'title': 'Gobierno anuncia medidas económicas para cierre de año', 'text': 'El Ejecutivo anunció ajustes y medidas fiscales orientadas a sostener la caja fiscal en el último trimestre de 2016.', 'source': 'El Universo', 'date': '2016-11-14', 'categoria': 'economia_finanzas'}, {'title': 'Trabajadores públicos protestan por recortes', 'text': 'Gremios del sector público realizaron movilizaciones en Quito y Guayaquil por reducción presupuestaria.', 'source': 'El Comercio', 'date': '2016-11-15', 'categoria': 'sociedad_cultura'}]"
161,39,2025-09-18,2009-03-25,0.8520817827808334,7,0.47458988428115845,ok,"economia_finanzas, politica_gobierno, seguridad_crimen","politica_gobierno, sociedad_cultura",8,2,"[{'title': 'Cartas a Quito / 18 de septiembre de 2025', 'text': 'En la sección de cartas al editor del 18 de septiembre de 2025 se discute el impacto económico y social del fin del subsidio al diésel en Ecuador, que representaba un gasto anual de alrededor de 1.100 millones de dólares. Lectores expresan preocupaciones por el alza de precios en transporte y productos, críticas al gobierno de Noboa por falta de diálogo y propuestas para mitigar efectos en sectores vulnerables.', 'source': 'El Comercio', 'date': '2025-09-18', 'categoria': 'economia_finanzas'}, {'title': 'Televistazo 1PM | 18-09-2025', 'text': 'El informativo Televistazo 1PM del 18 de septiembre de 2025 cubre las noticias principales de Ecuador: convocatoria de paro nacional por la Conaie contra el fin del subsidio al diésel, decreto de toque de queda en cinco provincias por el presidente Daniel Noboa, y ampliación del estado de excepción. Incluye reacciones del gobierno, posibles bloqueos viales y análisis de impacto económico y social.', 'source': 'Ecuavisa', 'date': '2025-09-18', 'categoria': 'politica_gobierno'}, {'title': 'Conaie confirma paro nacional inmediato tras reunión en Riobamba este 18 de septiembre', 'text': 'La Conaie, tras una asamblea de más de tres horas en Riobamba el 18 de septiembre de 2025, confirmó un paro nacional indefinido en rechazo al retiro del subsidio al diésel. Dirigentes indígenas proclamaron la medida como respuesta a la subida de precios que afecta a sectores productivos y populares. El gobierno de Noboa rechaza imposiciones violentas y advierte sanciones, mientras se reportan tensiones en provincias andinas.', 'source': 'El Comercio', 'date': '2025-09-18', 'categoria': 'politica_gobierno'}, {'title': 'Conaie convoca a paro nacional inmediato e indefinido tras asamblea en Riobamba', 'text': 'La Confederación de Nacionalidades Indígenas del Ecuador (Conaie) convocó a un paro nacional inmediato e indefinido tras una asamblea extraordinaria en Riobamba el 18 de septiembre de 2025. La medida rechaza la eliminación del subsidio al diésel anunciada por el gobierno de Daniel Noboa, que elevó el precio y generó críticas de transportistas, agricultores y sectores populares. Dirigentes indígenas levantaron las manos en señal de aprobación, y se espera que el paro inicie formalmente días después, con posibles bloqueos viales y movilizaciones en provincias como Cotopaxi, Imbabura y Pichincha.', 'source': 'Primicias', 'date': '2025-09-18', 'categoria': 'politica_gobierno'}, {'title': 'Televistazo en la Comunidad Quito | 18-09-2025', 'text': 'En el segmento Televistazo en la Comunidad Quito del 18 de septiembre de 2025 se destaca la desarticulación de una banda de asaltantes en vías por la Policía, en medio de alertas por protestas inminentes. Cubre agenda de seguridad, impactos del decreto de toque de queda en provincias cercanas y actualizaciones sobre la convocatoria de paro por la Conaie, con enfoque local en Quito y tensiones nacionales.', 'source': 'Ecuavisa', 'date': '2025-09-18', 'categoria': 'seguridad_crimen'}, {'title': 'Estas son las provincias con toque de queda desde este 18 de septiembre', 'text': 'Mediante Decreto Ejecutivo Nº 146 del 18 de septiembre de 2025, el presidente Daniel Noboa impuso toque de queda (22:00 a 05:00) en Cotopaxi, Imbabura, Chimborazo, Bolívar y Carchi, y amplió el estado de excepción en otras provincias. La medida busca controlar protestas por el subsidio al diésel, con énfasis en zonas indígenas y de alta movilización social.', 'source': 'El Universo', 'date': '2025-09-18', 'categoria': 'seguridad_crimen'}, {'title': 'Daniel Noboa decreta toque de queda en Cotopaxi, Imbabura, Chimborazo, Bolívar y Carchi desde este 18 de septiembre', 'text': 'El presidente Daniel Noboa emitió el Decreto Ejecutivo Nº 146 la noche del 18 de septiembre de 2025, imponiendo toque de queda desde las 22:00 hasta las 05:00 en cinco provincias: Cotopaxi, Imbabura, Chimborazo, Bolívar y Carchi. La medida responde a la escalada de protestas por el fin del subsidio al diésel y busca prevenir desórdenes, bloqueos y violencia en zonas de alta tensión indígena y campesina. Se amplía el estado de excepción en varias regiones para garantizar seguridad pública.', 'source': 'El Universo', 'date': '2025-09-18', 'categoria': 'seguridad_crimen'}, {'title': 'Nacional: 18 de septiembre, 2025', 'text': 'El gobierno destaca un ""golpe histórico"" con incautación de más de 1 millón de galones de combustible traficado por grupos criminales. Además, se reporta alza en precios del diésel y gasolina, en contexto de protestas y toque de queda decretado ese mismo día por Noboa ante tensiones por eliminación de subsidios.', 'source': 'La Hora', 'date': '2025-09-18', 'categoria': 'seguridad_crimen'}]","[{'title': 'Asamblea analiza reformas a la Ley de Minería', 'text': 'La Asamblea Nacional discutió ajustes a la Ley de Minería en medio de protestas sociales y pedidos de comunidades afectadas. El debate se centró en control ambiental, regalías y derechos territoriales.', 'source': 'El Universo', 'date': '2009-03-25', 'categoria': 'politica_gobierno'}, {'title': 'Comunidades indígenas protestan por actividad minera', 'text': 'Organizaciones indígenas realizaron movilizaciones en varias provincias en rechazo a concesiones mineras. Se reportaron bloqueos viales y llamados al diálogo con el Gobierno.', 'source': 'El Comercio', 'date': '2009-03-25', 'categoria': 'sociedad_cultura'}]"
161,131,2025-09-18,2023-03-15,0.8519080956367178,8,0.5909188985824585,ok,"economia_finanzas, politica_gobierno, seguridad_crimen","economia_finanzas, politica_gobierno, riesgo_pais_calidad_vida, seguridad_crimen",8,12,"[{'title': 'Cartas a Quito / 18 de septiembre de 2025', 'text': 'En la sección de cartas al editor del 18 de septiembre de 2025 se discute el impacto económico y social del fin del subsidio al diésel en Ecuador, que representaba un gasto anual de alrededor de 1.100 millones de dólares. Lectores expresan preocupaciones por el alza de precios en transporte y productos, críticas al gobierno de Noboa por falta de diálogo y propuestas para mitigar efectos en sectores vulnerables.', 'source': 'El Comercio', 'date': '2025-09-18', 'categoria': 'economia_finanzas'}, {'title': 'Televistazo 1PM | 18-09-2025', 'text': 'El informativo Televistazo 1PM del 18 de septiembre de 2025 cubre las noticias principales de Ecuador: convocatoria de paro nacional por la Conaie contra el fin del subsidio al diésel, decreto de toque de queda en cinco provincias por el presidente Daniel Noboa, y ampliación del estado de excepción. Incluye reacciones del gobierno, posibles bloqueos viales y análisis de impacto económico y social.', 'source': 'Ecuavisa', 'date': '2025-09-18', 'categoria': 'politica_gobierno'}, {'title': 'Conaie confirma paro nacional inmediato tras reunión en Riobamba este 18 de septiembre', 'text': 'La Conaie, tras una asamblea de más de tres horas en Riobamba el 18 de septiembre de 2025, confirmó un paro nacional indefinido en rechazo al retiro del subsidio al diésel. Dirigentes indígenas proclamaron la medida como respuesta a la subida de precios que afecta a sectores productivos y populares. El gobierno de Noboa rechaza imposiciones violentas y advierte sanciones, mientras se reportan tensiones en provincias andinas.', 'source': 'El Comercio', 'date': '2025-09-18', 'categoria': 'politica_gobierno'}, {'title': 'Conaie convoca a paro nacional inmediato e indefinido tras asamblea en Riobamba', 'text': 'La Confederación de Nacionalidades Indígenas del Ecuador (Conaie) convocó a un paro nacional inmediato e indefinido tras una asamblea extraordinaria en Riobamba el 18 de septiembre de 2025. La medida rechaza la eliminación del subsidio al diésel anunciada por el gobierno de Daniel Noboa, que elevó el precio y generó críticas de transportistas, agricultores y sectores populares. Dirigentes indígenas levantaron las manos en señal de aprobación, y se espera que el paro inicie formalmente días después, con posibles bloqueos viales y movilizaciones en provincias como Cotopaxi, Imbabura y Pichincha.', 'source': 'Primicias', 'date': '2025-09-18', 'categoria': 'politica_gobierno'}, {'title': 'Televistazo en la Comunidad Quito | 18-09-2025', 'text': 'En el segmento Televistazo en la Comunidad Quito del 18 de septiembre de 2025 se destaca la desarticulación de una banda de asaltantes en vías por la Policía, en medio de alertas por protestas inminentes. Cubre agenda de seguridad, impactos del decreto de toque de queda en provincias cercanas y actualizaciones sobre la convocatoria de paro por la Conaie, con enfoque local en Quito y tensiones nacionales.', 'source': 'Ecuavisa', 'date': '2025-09-18', 'categoria': 'seguridad_crimen'}, {'title': 'Estas son las provincias con toque de queda desde este 18 de septiembre', 'text': 'Mediante Decreto Ejecutivo Nº 146 del 18 de septiembre de 2025, el presidente Daniel Noboa impuso toque de queda (22:00 a 05:00) en Cotopaxi, Imbabura, Chimborazo, Bolívar y Carchi, y amplió el estado de excepción en otras provincias. La medida busca controlar protestas por el subsidio al diésel, con énfasis en zonas indígenas y de alta movilización social.', 'source': 'El Universo', 'date': '2025-09-18', 'categoria': 'seguridad_crimen'}, {'title': 'Daniel Noboa decreta toque de queda en Cotopaxi, Imbabura, Chimborazo, Bolívar y Carchi desde este 18 de septiembre', 'text': 'El presidente Daniel Noboa emitió el Decreto Ejecutivo Nº 146 la noche del 18 de septiembre de 2025, imponiendo toque de queda desde las 22:00 hasta las 05:00 en cinco provincias: Cotopaxi, Imbabura, Chimborazo, Bolívar y Carchi. La medida responde a la escalada de protestas por el fin del subsidio al diésel y busca prevenir desórdenes, bloqueos y violencia en zonas de alta tensión indígena y campesina. Se amplía el estado de excepción en varias regiones para garantizar seguridad pública.', 'source': 'El Universo', 'date': '2025-09-18', 'categoria': 'seguridad_crimen'}, {'title': 'Nacional: 18 de septiembre, 2025', 'text': 'El gobierno destaca un ""golpe histórico"" con incautación de más de 1 millón de galones de combustible traficado por grupos criminales. Además, se reporta alza en precios del diésel y gasolina, en contexto de protestas y toque de queda decretado ese mismo día por Noboa ante tensiones por eliminación de subsidios.', 'source': 'La Hora', 'date': '2025-09-18', 'categoria': 'seguridad_crimen'}]","[{'title': 'Gobierno anuncia medidas y decisiones de gestión pública', 'text': 'Autoridades comunicaron decisiones de política pública y administración del Estado, con efectos en la agenda nacional y local.', 'source': 'El Universo', 'date': '2023-03-13', 'categoria': 'politica_gobierno'}, {'title': 'Operativos de seguridad y denuncias de delitos en varias provincias', 'text': 'La Policía y otras instituciones reportaron operativos, detenciones o investigaciones vinculadas a delitos comunes y control territorial.', 'source': 'El Comercio', 'date': '2023-03-14', 'categoria': 'seguridad_crimen'}, {'title': 'Indicadores económicos muestran presiones y ajustes en el país', 'text': 'Sectores productivos y autoridades revisaron empleo, precios, finanzas públicas y actividad económica, con énfasis en impactos en hogares y empresas.', 'source': 'Primicias', 'date': '2023-03-15', 'categoria': 'economia_finanzas'}, {'title': 'Juicio político a Lasso inicia formalmente en Asamblea el 15 de marzo 2023', 'text': 'La Comisión de Fiscalización de la Asamblea inicia formalmente el juicio político contra Guillermo Lasso por presunto incumplimiento de funciones en seguridad y corrupción. Oposición presenta pruebas; oficialismo denuncia persecución política. Se destacan tensiones institucionales y riesgo de inestabilidad.', 'source': 'El Universo', 'date': '2023-03-15', 'categoria': 'politica_gobierno'}, {'title': 'Operativos de seguridad y denuncias de delitos en varias provincias', 'text': 'La Policía y otras instituciones reportaron operativos, detenciones o investigaciones vinculadas a delitos comunes y control territorial.', 'source': 'El Universo', 'date': '2023-03-15', 'categoria': 'seguridad_crimen'}, {'title': 'Situación social impacta calidad de vida y servicios', 'text': 'Se reportaron efectos en empleo, servicios, movilidad o acceso a bienes, con medidas de mitigación y demandas ciudadanas.', 'source': 'Expreso', 'date': '2023-03-16', 'categoria': 'riesgo_pais_calidad_vida'}, {'title': 'Autoridades reportan decomisos y acciones contra narcotráfico', 'text': 'Fuerzas de seguridad informaron decomisos, capturas o investigaciones contra redes de microtráfico y narcotráfico con impacto en puertos y rutas.', 'source': 'El Comercio', 'date': '2023-03-16', 'categoria': 'seguridad_crimen'}, {'title': 'Riesgo país de Ecuador sube por juicio político a Lasso en marzo 2023', 'text': 'El riesgo país de Ecuador aumenta en marzo 2023 por incertidumbre del juicio político a Lasso. Spreads en bonos soberanos suben; análisis proyecta impacto en costos de deuda y percepción de inversionistas ante posible destitución o muerte cruzada.', 'source': 'Primicias', 'date': '2023-03-17', 'categoria': 'economia_finanzas'}, {'title': 'Ecuador mantiene agenda y gestiones en el ámbito internacional', 'text': 'Autoridades informaron contactos y gestiones internacionales relacionadas con cooperación, financiamiento o asuntos regionales.', 'source': 'Teleamazonas', 'date': '2023-03-17', 'categoria': 'politica_gobierno'}, {'title': 'Gobierno anuncia medidas y decisiones de gestión pública', 'text': 'Autoridades comunicaron decisiones de política pública y administración del Estado, con efectos en la agenda nacional y local.', 'source': 'Primicias', 'date': '2023-03-17', 'categoria': 'politica_gobierno'}, {'title': 'Indicadores económicos muestran presiones y ajustes en el país', 'text': 'Sectores productivos y autoridades revisaron empleo, precios, finanzas públicas y actividad económica, con énfasis en impactos en hogares y empresas.', 'source': 'Expreso', 'date': '2023-03-18', 'categoria': 'economia_finanzas'}, {'title': 'Situación social impacta calidad de vida y servicios', 'text': 'Se reportaron efectos en empleo, servicios, movilidad o acceso a bienes, con medidas de mitigación y demandas ciudadanas.', 'source': 'Teleamazonas', 'date': '2023-03-19', 'categoria': 'riesgo_pais_calidad_vida'}]"
161,143,2025-09-18,2023-09-01,0.8499448721879814,9,0.7010865807533264,ok,"economia_finanzas, politica_gobierno, seguridad_crimen","economia_finanzas, politica_gobierno, seguridad_crimen, servicios_basicos",8,4,"[{'title': 'Cartas a Quito / 18 de septiembre de 2025', 'text': 'En la sección de cartas al editor del 18 de septiembre de 2025 se discute el impacto económico y social del fin del subsidio al diésel en Ecuador, que representaba un gasto anual de alrededor de 1.100 millones de dólares. Lectores expresan preocupaciones por el alza de precios en transporte y productos, críticas al gobierno de Noboa por falta de diálogo y propuestas para mitigar efectos en sectores vulnerables.', 'source': 'El Comercio', 'date': '2025-09-18', 'categoria': 'economia_finanzas'}, {'title': 'Televistazo 1PM | 18-09-2025', 'text': 'El informativo Televistazo 1PM del 18 de septiembre de 2025 cubre las noticias principales de Ecuador: convocatoria de paro nacional por la Conaie contra el fin del subsidio al diésel, decreto de toque de queda en cinco provincias por el presidente Daniel Noboa, y ampliación del estado de excepción. Incluye reacciones del gobierno, posibles bloqueos viales y análisis de impacto económico y social.', 'source': 'Ecuavisa', 'date': '2025-09-18', 'categoria': 'politica_gobierno'}, {'title': 'Conaie confirma paro nacional inmediato tras reunión en Riobamba este 18 de septiembre', 'text': 'La Conaie, tras una asamblea de más de tres horas en Riobamba el 18 de septiembre de 2025, confirmó un paro nacional indefinido en rechazo al retiro del subsidio al diésel. Dirigentes indígenas proclamaron la medida como respuesta a la subida de precios que afecta a sectores productivos y populares. El gobierno de Noboa rechaza imposiciones violentas y advierte sanciones, mientras se reportan tensiones en provincias andinas.', 'source': 'El Comercio', 'date': '2025-09-18', 'categoria': 'politica_gobierno'}, {'title': 'Conaie convoca a paro nacional inmediato e indefinido tras asamblea en Riobamba', 'text': 'La Confederación de Nacionalidades Indígenas del Ecuador (Conaie) convocó a un paro nacional inmediato e indefinido tras una asamblea extraordinaria en Riobamba el 18 de septiembre de 2025. La medida rechaza la eliminación del subsidio al diésel anunciada por el gobierno de Daniel Noboa, que elevó el precio y generó críticas de transportistas, agricultores y sectores populares. Dirigentes indígenas levantaron las manos en señal de aprobación, y se espera que el paro inicie formalmente días después, con posibles bloqueos viales y movilizaciones en provincias como Cotopaxi, Imbabura y Pichincha.', 'source': 'Primicias', 'date': '2025-09-18', 'categoria': 'politica_gobierno'}, {'title': 'Televistazo en la Comunidad Quito | 18-09-2025', 'text': 'En el segmento Televistazo en la Comunidad Quito del 18 de septiembre de 2025 se destaca la desarticulación de una banda de asaltantes en vías por la Policía, en medio de alertas por protestas inminentes. Cubre agenda de seguridad, impactos del decreto de toque de queda en provincias cercanas y actualizaciones sobre la convocatoria de paro por la Conaie, con enfoque local en Quito y tensiones nacionales.', 'source': 'Ecuavisa', 'date': '2025-09-18', 'categoria': 'seguridad_crimen'}, {'title': 'Estas son las provincias con toque de queda desde este 18 de septiembre', 'text': 'Mediante Decreto Ejecutivo Nº 146 del 18 de septiembre de 2025, el presidente Daniel Noboa impuso toque de queda (22:00 a 05:00) en Cotopaxi, Imbabura, Chimborazo, Bolívar y Carchi, y amplió el estado de excepción en otras provincias. La medida busca controlar protestas por el subsidio al diésel, con énfasis en zonas indígenas y de alta movilización social.', 'source': 'El Universo', 'date': '2025-09-18', 'categoria': 'seguridad_crimen'}, {'title': 'Daniel Noboa decreta toque de queda en Cotopaxi, Imbabura, Chimborazo, Bolívar y Carchi desde este 18 de septiembre', 'text': 'El presidente Daniel Noboa emitió el Decreto Ejecutivo Nº 146 la noche del 18 de septiembre de 2025, imponiendo toque de queda desde las 22:00 hasta las 05:00 en cinco provincias: Cotopaxi, Imbabura, Chimborazo, Bolívar y Carchi. La medida responde a la escalada de protestas por el fin del subsidio al diésel y busca prevenir desórdenes, bloqueos y violencia en zonas de alta tensión indígena y campesina. Se amplía el estado de excepción en varias regiones para garantizar seguridad pública.', 'source': 'El Universo', 'date': '2025-09-18', 'categoria': 'seguridad_crimen'}, {'title': 'Nacional: 18 de septiembre, 2025', 'text': 'El gobierno destaca un ""golpe histórico"" con incautación de más de 1 millón de galones de combustible traficado por grupos criminales. Además, se reporta alza en precios del diésel y gasolina, en contexto de protestas y toque de queda decretado ese mismo día por Noboa ante tensiones por eliminación de subsidios.', 'source': 'La Hora', 'date': '2025-09-18', 'categoria': 'seguridad_crimen'}]","[{'title': 'Riesgo país de Ecuador sube en septiembre 2023 por incertidumbre política', 'text': 'El riesgo país de Ecuador aumenta en septiembre 2023 por inestabilidad política y violencia. Spreads en bonos soberanos suben, elevando costos de financiamiento; análisis compara con pares regionales y proyecta impacto en deuda externa.', 'source': 'Primicias', 'date': '2023-09-01', 'categoria': 'economia_finanzas'}, {'title': 'Servicio eléctrico y energía enfrentan fallas o ajustes operativos', 'text': 'Usuarios y autoridades informaron cortes, mantenimientos o decisiones operativas relacionadas con energía, con acciones para restablecer el servicio.', 'source': 'El Universo', 'date': '2023-09-05', 'categoria': 'servicios_basicos'}, {'title': 'Decisiones y anuncios del Gobierno marcan la agenda nacional', 'text': 'Autoridades informaron decisiones de política pública, decretos o acciones institucionales con impacto nacional y en gobiernos locales.', 'source': 'El Comercio', 'date': '2023-09-06', 'categoria': 'politica_gobierno'}, {'title': 'Durán registra récord de violencia en septiembre 2023', 'text': 'Durán (Guayas) enfrenta récord de homicidios en septiembre 2023 por disputas de bandas narcotraficantes. Se reportan balaceras diarias y toque de queda parcial; Policía y FF.AA. intensifican operativos para controlar territorio.', 'source': 'El Universo', 'date': '2023-09-06', 'categoria': 'seguridad_crimen'}]"
161,97,2025-09-18,2020-06-11,0.8459144018444642,10,0.5084531903266907,ok,"economia_finanzas, politica_gobierno, seguridad_crimen",economia_finanzas,8,1,"[{'title': 'Cartas a Quito / 18 de septiembre de 2025', 'text': 'En la sección de cartas al editor del 18 de septiembre de 2025 se discute el impacto económico y social del fin del subsidio al diésel en Ecuador, que representaba un gasto anual de alrededor de 1.100 millones de dólares. Lectores expresan preocupaciones por el alza de precios en transporte y productos, críticas al gobierno de Noboa por falta de diálogo y propuestas para mitigar efectos en sectores vulnerables.', 'source': 'El Comercio', 'date': '2025-09-18', 'categoria': 'economia_finanzas'}, {'title': 'Televistazo 1PM | 18-09-2025', 'text': 'El informativo Televistazo 1PM del 18 de septiembre de 2025 cubre las noticias principales de Ecuador: convocatoria de paro nacional por la Conaie contra el fin del subsidio al diésel, decreto de toque de queda en cinco provincias por el presidente Daniel Noboa, y ampliación del estado de excepción. Incluye reacciones del gobierno, posibles bloqueos viales y análisis de impacto económico y social.', 'source': 'Ecuavisa', 'date': '2025-09-18', 'categoria': 'politica_gobierno'}, {'title': 'Conaie confirma paro nacional inmediato tras reunión en Riobamba este 18 de septiembre', 'text': 'La Conaie, tras una asamblea de más de tres horas en Riobamba el 18 de septiembre de 2025, confirmó un paro nacional indefinido en rechazo al retiro del subsidio al diésel. Dirigentes indígenas proclamaron la medida como respuesta a la subida de precios que afecta a sectores productivos y populares. El gobierno de Noboa rechaza imposiciones violentas y advierte sanciones, mientras se reportan tensiones en provincias andinas.', 'source': 'El Comercio', 'date': '2025-09-18', 'categoria': 'politica_gobierno'}, {'title': 'Conaie convoca a paro nacional inmediato e indefinido tras asamblea en Riobamba', 'text': 'La Confederación de Nacionalidades Indígenas del Ecuador (Conaie) convocó a un paro nacional inmediato e indefinido tras una asamblea extraordinaria en Riobamba el 18 de septiembre de 2025. La medida rechaza la eliminación del subsidio al diésel anunciada por el gobierno de Daniel Noboa, que elevó el precio y generó críticas de transportistas, agricultores y sectores populares. Dirigentes indígenas levantaron las manos en señal de aprobación, y se espera que el paro inicie formalmente días después, con posibles bloqueos viales y movilizaciones en provincias como Cotopaxi, Imbabura y Pichincha.', 'source': 'Primicias', 'date': '2025-09-18', 'categoria': 'politica_gobierno'}, {'title': 'Televistazo en la Comunidad Quito | 18-09-2025', 'text': 'En el segmento Televistazo en la Comunidad Quito del 18 de septiembre de 2025 se destaca la desarticulación de una banda de asaltantes en vías por la Policía, en medio de alertas por protestas inminentes. Cubre agenda de seguridad, impactos del decreto de toque de queda en provincias cercanas y actualizaciones sobre la convocatoria de paro por la Conaie, con enfoque local en Quito y tensiones nacionales.', 'source': 'Ecuavisa', 'date': '2025-09-18', 'categoria': 'seguridad_crimen'}, {'title': 'Estas son las provincias con toque de queda desde este 18 de septiembre', 'text': 'Mediante Decreto Ejecutivo Nº 146 del 18 de septiembre de 2025, el presidente Daniel Noboa impuso toque de queda (22:00 a 05:00) en Cotopaxi, Imbabura, Chimborazo, Bolívar y Carchi, y amplió el estado de excepción en otras provincias. La medida busca controlar protestas por el subsidio al diésel, con énfasis en zonas indígenas y de alta movilización social.', 'source': 'El Universo', 'date': '2025-09-18', 'categoria': 'seguridad_crimen'}, {'title': 'Daniel Noboa decreta toque de queda en Cotopaxi, Imbabura, Chimborazo, Bolívar y Carchi desde este 18 de septiembre', 'text': 'El presidente Daniel Noboa emitió el Decreto Ejecutivo Nº 146 la noche del 18 de septiembre de 2025, imponiendo toque de queda desde las 22:00 hasta las 05:00 en cinco provincias: Cotopaxi, Imbabura, Chimborazo, Bolívar y Carchi. La medida responde a la escalada de protestas por el fin del subsidio al diésel y busca prevenir desórdenes, bloqueos y violencia en zonas de alta tensión indígena y campesina. Se amplía el estado de excepción en varias regiones para garantizar seguridad pública.', 'source': 'El Universo', 'date': '2025-09-18', 'categoria': 'seguridad_crimen'}, {'title': 'Nacional: 18 de septiembre, 2025', 'text': 'El gobierno destaca un ""golpe histórico"" con incautación de más de 1 millón de galones de combustible traficado por grupos criminales. Además, se reporta alza en precios del diésel y gasolina, en contexto de protestas y toque de queda decretado ese mismo día por Noboa ante tensiones por eliminación de subsidios.', 'source': 'La Hora', 'date': '2025-09-18', 'categoria': 'seguridad_crimen'}]","[{'title': 'Economía de Ecuador cae por pandemia junio 2020', 'text': 'Economía ecuatoriana registra contracción fuerte en junio 2020 por COVID-19. BCE proyecta caída PIB; análisis destaca desempleo, informalidad y medidas fiscales de emergencia.', 'source': 'Primicias', 'date': '2020-06-11', 'categoria': 'economia_finanzas'}]"
162,62,2025-10-10,2014-12-15,0.9047616796797672,1,0.300282746553421,ok,"politica_gobierno, seguridad_crimen","medio_ambiente, riesgo_pais_calidad_vida, seguridad_crimen",7,3,"[{'title': 'El estado de excepción de octubre 2025, explicado', 'text': 'El 4 de octubre de 2025, Daniel Noboa decretó estado de excepción en 10 provincias (Pichincha, Cotopaxi, Tungurahua, Chimborazo, etc.) por alteración del orden público durante protestas. La nota explica alcance, duración, derechos suspendidos y contexto de paros por subsidio al diésel.', 'source': 'GK City', 'date': '2025-10-06', 'categoria': 'seguridad_crimen'}, {'title': 'Estas son las vías cerradas por el paro nacional este viernes 10 de octubre', 'text': 'El paro nacional lleva 19 días en Ecuador con foco en Imbabura. Este viernes 10 de octubre de 2025 persisten cierres viales en rutas clave por manifestantes de la Conaie y aliados, afectando transporte y abastecimiento. Incluye reportes de ECU 911 sobre bloqueos en provincias andinas, con llamados del gobierno a respetar el orden y amenazas de sanciones por violencia durante protestas.', 'source': 'El Universo', 'date': '2025-10-10', 'categoria': 'seguridad_crimen'}, {'title': 'Conozca el estado de las vías en Ecuador este 10 de octubre por el paro', 'text': 'El Sistema de Seguridad ECU 911 registró la noche del viernes 10 de octubre de 2025 vías cerradas en dos provincias (principalmente Imbabura y Pichincha), en el contexto del paro convocado por la Conaie contra el fin del subsidio al diésel. Se reportan cierres en rutas principales y rurales, con presencia de manifestantes indígenas y campesinos bloqueando accesos. El gobierno mantiene despliegue de Fuerzas Armadas y Policía para despejar vías y evitar violencia, en medio de un feriado extendido que complica la movilidad nacional.', 'source': 'Primicias', 'date': '2025-10-10', 'categoria': 'seguridad_crimen'}, {'title': 'Este es el estado de las vías en Ecuador este 11 de octubre por manifestaciones', 'text': 'El Sistema Integrado de Seguridad ECU 911 reportó el sábado 11 de octubre de 2025 que persisten cierres viales en rutas principales y rurales de Imbabura y otras provincias andinas durante el paro. Se detallan bloqueos específicos, presencia de manifestantes y operativos para habilitar vías, en un feriado que agrava la situación de movilidad y abastecimiento en el país.', 'source': 'Primicias', 'date': '2025-10-11', 'categoria': 'seguridad_crimen'}, {'title': 'Más de 5 500 operativos ejecutó la Policía durante el feriado de octubre 2025', 'text': 'La Policía Nacional ejecutó más de 5.500 operativos durante el feriado de octubre 2025, en medio del paro nacional focalizado. Incluye controles, detenciones por desórdenes, incautaciones y despliegue para mantener el orden público en provincias afectadas por protestas contra el fin del subsidio al diésel, con resultados en seguridad vial y prevención de violencia.', 'source': 'El Comercio', 'date': '2025-10-13', 'categoria': 'seguridad_crimen'}, {'title': 'Seis decisiones del Gobierno de Ecuador que hacen del paro un desafío mayor', 'text': 'El gobierno de Daniel Noboa tomó medidas clave durante el paro de octubre 2025: convoy militar a Imbabura con 1.000 uniformados para enviar insumos y despejar vías (13 de octubre), despliegue de 7.000 militares y 1.000 policías en Quito para prevenir tomas, suspensión de transporte público al sur de la capital y otros operativos. Estas acciones buscan contrarrestar bloqueos y mantener control ante protestas indígenas por subsidio al diésel.', 'source': 'Primicias', 'date': '2025-10-14', 'categoria': 'politica_gobierno'}, {'title': 'Se levanta el paro en Imbabura al cabo de 24 días de protestas', 'text': 'Tras 24 días de protestas y una mesa de diálogo en Otavalo el 15 de octubre de 2025 (con líderes indígenas, Iglesia y gobierno), se levantó el paro en Imbabura. El ministro del Interior John Reimberg y dirigentes como Manuel Catacuango anunciaron el acuerdo, aunque persisten tensiones nacionales por el fin del subsidio al diésel. Incluye compromisos de desbloqueo y diálogo para evitar más violencia.', 'source': 'Primicias', 'date': '2025-10-15', 'categoria': 'politica_gobierno'}]","[{'title': 'Estudiantes protestan por reformas universitarias', 'text': 'Movilizaciones estudiantiles se registraron en Quito y Cuenca en rechazo a reformas académicas y cambios en el sistema universitario.', 'source': 'El Universo', 'date': '2014-12-15', 'categoria': 'riesgo_pais_calidad_vida'}, {'title': 'Lluvias provocan inundaciones en sectores del Litoral', 'text': 'Intensas lluvias ocasionaron desbordes de ríos e inundaciones en zonas rurales del Litoral, afectando viviendas y cultivos.', 'source': 'El Comercio', 'date': '2014-12-16', 'categoria': 'medio_ambiente'}, {'title': 'Accidente de bus deja heridos en Manabí', 'text': 'Un bus interprovincial se accidentó en una vía de Manabí, dejando varios heridos trasladados a centros de salud.', 'source': 'El Universo', 'date': '2014-12-18', 'categoria': 'seguridad_crimen'}]"
162,146,2025-10-10,2023-12-13,0.902681697312076,2,0.5432735681533813,ok,"politica_gobierno, seguridad_crimen","economia_finanzas, medio_ambiente, politica_gobierno, riesgo_pais_calidad_vida, seguridad_crimen",7,6,"[{'title': 'El estado de excepción de octubre 2025, explicado', 'text': 'El 4 de octubre de 2025, Daniel Noboa decretó estado de excepción en 10 provincias (Pichincha, Cotopaxi, Tungurahua, Chimborazo, etc.) por alteración del orden público durante protestas. La nota explica alcance, duración, derechos suspendidos y contexto de paros por subsidio al diésel.', 'source': 'GK City', 'date': '2025-10-06', 'categoria': 'seguridad_crimen'}, {'title': 'Estas son las vías cerradas por el paro nacional este viernes 10 de octubre', 'text': 'El paro nacional lleva 19 días en Ecuador con foco en Imbabura. Este viernes 10 de octubre de 2025 persisten cierres viales en rutas clave por manifestantes de la Conaie y aliados, afectando transporte y abastecimiento. Incluye reportes de ECU 911 sobre bloqueos en provincias andinas, con llamados del gobierno a respetar el orden y amenazas de sanciones por violencia durante protestas.', 'source': 'El Universo', 'date': '2025-10-10', 'categoria': 'seguridad_crimen'}, {'title': 'Conozca el estado de las vías en Ecuador este 10 de octubre por el paro', 'text': 'El Sistema de Seguridad ECU 911 registró la noche del viernes 10 de octubre de 2025 vías cerradas en dos provincias (principalmente Imbabura y Pichincha), en el contexto del paro convocado por la Conaie contra el fin del subsidio al diésel. Se reportan cierres en rutas principales y rurales, con presencia de manifestantes indígenas y campesinos bloqueando accesos. El gobierno mantiene despliegue de Fuerzas Armadas y Policía para despejar vías y evitar violencia, en medio de un feriado extendido que complica la movilidad nacional.', 'source': 'Primicias', 'date': '2025-10-10', 'categoria': 'seguridad_crimen'}, {'title': 'Este es el estado de las vías en Ecuador este 11 de octubre por manifestaciones', 'text': 'El Sistema Integrado de Seguridad ECU 911 reportó el sábado 11 de octubre de 2025 que persisten cierres viales en rutas principales y rurales de Imbabura y otras provincias andinas durante el paro. Se detallan bloqueos específicos, presencia de manifestantes y operativos para habilitar vías, en un feriado que agrava la situación de movilidad y abastecimiento en el país.', 'source': 'Primicias', 'date': '2025-10-11', 'categoria': 'seguridad_crimen'}, {'title': 'Más de 5 500 operativos ejecutó la Policía durante el feriado de octubre 2025', 'text': 'La Policía Nacional ejecutó más de 5.500 operativos durante el feriado de octubre 2025, en medio del paro nacional focalizado. Incluye controles, detenciones por desórdenes, incautaciones y despliegue para mantener el orden público en provincias afectadas por protestas contra el fin del subsidio al diésel, con resultados en seguridad vial y prevención de violencia.', 'source': 'El Comercio', 'date': '2025-10-13', 'categoria': 'seguridad_crimen'}, {'title': 'Seis decisiones del Gobierno de Ecuador que hacen del paro un desafío mayor', 'text': 'El gobierno de Daniel Noboa tomó medidas clave durante el paro de octubre 2025: convoy militar a Imbabura con 1.000 uniformados para enviar insumos y despejar vías (13 de octubre), despliegue de 7.000 militares y 1.000 policías en Quito para prevenir tomas, suspensión de transporte público al sur de la capital y otros operativos. Estas acciones buscan contrarrestar bloqueos y mantener control ante protestas indígenas por subsidio al diésel.', 'source': 'Primicias', 'date': '2025-10-14', 'categoria': 'politica_gobierno'}, {'title': 'Se levanta el paro en Imbabura al cabo de 24 días de protestas', 'text': 'Tras 24 días de protestas y una mesa de diálogo en Otavalo el 15 de octubre de 2025 (con líderes indígenas, Iglesia y gobierno), se levantó el paro en Imbabura. El ministro del Interior John Reimberg y dirigentes como Manuel Catacuango anunciaron el acuerdo, aunque persisten tensiones nacionales por el fin del subsidio al diésel. Incluye compromisos de desbloqueo y diálogo para evitar más violencia.', 'source': 'Primicias', 'date': '2025-10-15', 'categoria': 'politica_gobierno'}]","[{'title': 'Eventos climáticos y emergencias afectan localidades', 'text': 'Se reportaron afectaciones por lluvias, deslizamientos, incendios u otros eventos naturales, con impactos en vías, viviendas y servicios.', 'source': 'El Universo', 'date': '2023-12-13', 'categoria': 'medio_ambiente'}, {'title': 'Ecuador cierra 2023 con récord de homicidios', 'text': 'Ecuador registra récord de homicidios en 2023, con tasa histórica por narcotráfico y masacres carcelarias. La nota analiza causas estructurales, zonas más afectadas (Guayas, Manabí) y críticas a gestión de seguridad bajo Lasso.', 'source': 'El Comercio', 'date': '2023-12-13', 'categoria': 'seguridad_crimen'}, {'title': 'Decisiones y anuncios del Gobierno marcan la agenda nacional', 'text': 'Autoridades informaron decisiones de política pública, decretos o acciones institucionales con impacto nacional y en gobiernos locales.', 'source': 'El Comercio', 'date': '2023-12-14', 'categoria': 'politica_gobierno'}, {'title': 'Operativos y hechos delictivos elevan preocupación por seguridad', 'text': 'Se reportaron operativos, detenciones o investigaciones por delitos, junto con alertas ciudadanas en distintas provincias.', 'source': 'Primicias', 'date': '2023-12-15', 'categoria': 'seguridad_crimen'}, {'title': 'Indicadores económicos y fiscales reflejan presiones en el país', 'text': 'Sectores productivos y autoridades revisaron inflación, empleo, finanzas públicas y actividad económica, con énfasis en riesgos y medidas de ajuste.', 'source': 'Expreso', 'date': '2023-12-16', 'categoria': 'economia_finanzas'}, {'title': 'Costo de vida y servicios impactan a los hogares', 'text': 'Se registraron impactos en empleo, educación, salud, movilidad o servicios, con acciones de mitigación y demandas ciudadanas.', 'source': 'Teleamazonas', 'date': '2023-12-17', 'categoria': 'riesgo_pais_calidad_vida'}]"
162,132,2025-10-10,2023-03-17,0.900246671640037,3,0.5614181160926819,ok,"politica_gobierno, seguridad_crimen","economia_finanzas, politica_gobierno, riesgo_pais_calidad_vida, seguridad_crimen",7,15,"[{'title': 'El estado de excepción de octubre 2025, explicado', 'text': 'El 4 de octubre de 2025, Daniel Noboa decretó estado de excepción en 10 provincias (Pichincha, Cotopaxi, Tungurahua, Chimborazo, etc.) por alteración del orden público durante protestas. La nota explica alcance, duración, derechos suspendidos y contexto de paros por subsidio al diésel.', 'source': 'GK City', 'date': '2025-10-06', 'categoria': 'seguridad_crimen'}, {'title': 'Estas son las vías cerradas por el paro nacional este viernes 10 de octubre', 'text': 'El paro nacional lleva 19 días en Ecuador con foco en Imbabura. Este viernes 10 de octubre de 2025 persisten cierres viales en rutas clave por manifestantes de la Conaie y aliados, afectando transporte y abastecimiento. Incluye reportes de ECU 911 sobre bloqueos en provincias andinas, con llamados del gobierno a respetar el orden y amenazas de sanciones por violencia durante protestas.', 'source': 'El Universo', 'date': '2025-10-10', 'categoria': 'seguridad_crimen'}, {'title': 'Conozca el estado de las vías en Ecuador este 10 de octubre por el paro', 'text': 'El Sistema de Seguridad ECU 911 registró la noche del viernes 10 de octubre de 2025 vías cerradas en dos provincias (principalmente Imbabura y Pichincha), en el contexto del paro convocado por la Conaie contra el fin del subsidio al diésel. Se reportan cierres en rutas principales y rurales, con presencia de manifestantes indígenas y campesinos bloqueando accesos. El gobierno mantiene despliegue de Fuerzas Armadas y Policía para despejar vías y evitar violencia, en medio de un feriado extendido que complica la movilidad nacional.', 'source': 'Primicias', 'date': '2025-10-10', 'categoria': 'seguridad_crimen'}, {'title': 'Este es el estado de las vías en Ecuador este 11 de octubre por manifestaciones', 'text': 'El Sistema Integrado de Seguridad ECU 911 reportó el sábado 11 de octubre de 2025 que persisten cierres viales en rutas principales y rurales de Imbabura y otras provincias andinas durante el paro. Se detallan bloqueos específicos, presencia de manifestantes y operativos para habilitar vías, en un feriado que agrava la situación de movilidad y abastecimiento en el país.', 'source': 'Primicias', 'date': '2025-10-11', 'categoria': 'seguridad_crimen'}, {'title': 'Más de 5 500 operativos ejecutó la Policía durante el feriado de octubre 2025', 'text': 'La Policía Nacional ejecutó más de 5.500 operativos durante el feriado de octubre 2025, en medio del paro nacional focalizado. Incluye controles, detenciones por desórdenes, incautaciones y despliegue para mantener el orden público en provincias afectadas por protestas contra el fin del subsidio al diésel, con resultados en seguridad vial y prevención de violencia.', 'source': 'El Comercio', 'date': '2025-10-13', 'categoria': 'seguridad_crimen'}, {'title': 'Seis decisiones del Gobierno de Ecuador que hacen del paro un desafío mayor', 'text': 'El gobierno de Daniel Noboa tomó medidas clave durante el paro de octubre 2025: convoy militar a Imbabura con 1.000 uniformados para enviar insumos y despejar vías (13 de octubre), despliegue de 7.000 militares y 1.000 policías en Quito para prevenir tomas, suspensión de transporte público al sur de la capital y otros operativos. Estas acciones buscan contrarrestar bloqueos y mantener control ante protestas indígenas por subsidio al diésel.', 'source': 'Primicias', 'date': '2025-10-14', 'categoria': 'politica_gobierno'}, {'title': 'Se levanta el paro en Imbabura al cabo de 24 días de protestas', 'text': 'Tras 24 días de protestas y una mesa de diálogo en Otavalo el 15 de octubre de 2025 (con líderes indígenas, Iglesia y gobierno), se levantó el paro en Imbabura. El ministro del Interior John Reimberg y dirigentes como Manuel Catacuango anunciaron el acuerdo, aunque persisten tensiones nacionales por el fin del subsidio al diésel. Incluye compromisos de desbloqueo y diálogo para evitar más violencia.', 'source': 'Primicias', 'date': '2025-10-15', 'categoria': 'politica_gobierno'}]","[{'title': 'Gobierno anuncia medidas y decisiones de gestión pública', 'text': 'Autoridades comunicaron decisiones de política pública y administración del Estado, con efectos en la agenda nacional y local.', 'source': 'El Universo', 'date': '2023-03-13', 'categoria': 'politica_gobierno'}, {'title': 'Operativos de seguridad y denuncias de delitos en varias provincias', 'text': 'La Policía y otras instituciones reportaron operativos, detenciones o investigaciones vinculadas a delitos comunes y control territorial.', 'source': 'El Comercio', 'date': '2023-03-14', 'categoria': 'seguridad_crimen'}, {'title': 'Indicadores económicos muestran presiones y ajustes en el país', 'text': 'Sectores productivos y autoridades revisaron empleo, precios, finanzas públicas y actividad económica, con énfasis en impactos en hogares y empresas.', 'source': 'Primicias', 'date': '2023-03-15', 'categoria': 'economia_finanzas'}, {'title': 'Juicio político a Lasso inicia formalmente en Asamblea el 15 de marzo 2023', 'text': 'La Comisión de Fiscalización de la Asamblea inicia formalmente el juicio político contra Guillermo Lasso por presunto incumplimiento de funciones en seguridad y corrupción. Oposición presenta pruebas; oficialismo denuncia persecución política. Se destacan tensiones institucionales y riesgo de inestabilidad.', 'source': 'El Universo', 'date': '2023-03-15', 'categoria': 'politica_gobierno'}, {'title': 'Operativos de seguridad y denuncias de delitos en varias provincias', 'text': 'La Policía y otras instituciones reportaron operativos, detenciones o investigaciones vinculadas a delitos comunes y control territorial.', 'source': 'El Universo', 'date': '2023-03-15', 'categoria': 'seguridad_crimen'}, {'title': 'Situación social impacta calidad de vida y servicios', 'text': 'Se reportaron efectos en empleo, servicios, movilidad o acceso a bienes, con medidas de mitigación y demandas ciudadanas.', 'source': 'Expreso', 'date': '2023-03-16', 'categoria': 'riesgo_pais_calidad_vida'}, {'title': 'Autoridades reportan decomisos y acciones contra narcotráfico', 'text': 'Fuerzas de seguridad informaron decomisos, capturas o investigaciones contra redes de microtráfico y narcotráfico con impacto en puertos y rutas.', 'source': 'El Comercio', 'date': '2023-03-16', 'categoria': 'seguridad_crimen'}, {'title': 'Riesgo país de Ecuador sube por juicio político a Lasso en marzo 2023', 'text': 'El riesgo país de Ecuador aumenta en marzo 2023 por incertidumbre del juicio político a Lasso. Spreads en bonos soberanos suben; análisis proyecta impacto en costos de deuda y percepción de inversionistas ante posible destitución o muerte cruzada.', 'source': 'Primicias', 'date': '2023-03-17', 'categoria': 'economia_finanzas'}, {'title': 'Ecuador mantiene agenda y gestiones en el ámbito internacional', 'text': 'Autoridades informaron contactos y gestiones internacionales relacionadas con cooperación, financiamiento o asuntos regionales.', 'source': 'Teleamazonas', 'date': '2023-03-17', 'categoria': 'politica_gobierno'}, {'title': 'Gobierno anuncia medidas y decisiones de gestión pública', 'text': 'Autoridades comunicaron decisiones de política pública y administración del Estado, con efectos en la agenda nacional y local.', 'source': 'Primicias', 'date': '2023-03-17', 'categoria': 'politica_gobierno'}, {'title': 'Indicadores económicos muestran presiones y ajustes en el país', 'text': 'Sectores productivos y autoridades revisaron empleo, precios, finanzas públicas y actividad económica, con énfasis en impactos en hogares y empresas.', 'source': 'Expreso', 'date': '2023-03-18', 'categoria': 'economia_finanzas'}, {'title': 'Situación social impacta calidad de vida y servicios', 'text': 'Se reportaron efectos en empleo, servicios, movilidad o acceso a bienes, con medidas de mitigación y demandas ciudadanas.', 'source': 'Teleamazonas', 'date': '2023-03-19', 'categoria': 'riesgo_pais_calidad_vida'}, {'title': 'Gobierno anuncia medidas y decisiones de gestión pública', 'text': 'Autoridades comunicaron decisiones de política pública y administración del Estado, con efectos en la agenda nacional y local.', 'source': 'El Universo', 'date': '2023-03-21', 'categoria': 'politica_gobierno'}, {'title': 'Nueva masacre en cárcel de Ecuador deja 20 muertos en marzo 2023', 'text': 'Una nueva masacre en prisión ecuatoriana deja 20 reos muertos en marzo 2023, por disputas entre bandas. Autoridades investigan; se critica control interno de grupos narcotraficantes y hacinamiento, en contexto de crisis carcelaria nacional.', 'source': 'El Comercio', 'date': '2023-03-21', 'categoria': 'seguridad_crimen'}, {'title': 'Indicadores económicos muestran presiones y ajustes en el país', 'text': 'Sectores productivos y autoridades revisaron empleo, precios, finanzas públicas y actividad económica, con énfasis en impactos en hogares y empresas.', 'source': 'El Comercio', 'date': '2023-03-22', 'categoria': 'economia_finanzas'}]"
162,88,2025-10-10,2020-03-20,0.8988284954746972,4,0.5473718047142029,ok,"politica_gobierno, seguridad_crimen","medio_ambiente, politica_gobierno, seguridad_crimen",7,5,"[{'title': 'El estado de excepción de octubre 2025, explicado', 'text': 'El 4 de octubre de 2025, Daniel Noboa decretó estado de excepción en 10 provincias (Pichincha, Cotopaxi, Tungurahua, Chimborazo, etc.) por alteración del orden público durante protestas. La nota explica alcance, duración, derechos suspendidos y contexto de paros por subsidio al diésel.', 'source': 'GK City', 'date': '2025-10-06', 'categoria': 'seguridad_crimen'}, {'title': 'Estas son las vías cerradas por el paro nacional este viernes 10 de octubre', 'text': 'El paro nacional lleva 19 días en Ecuador con foco en Imbabura. Este viernes 10 de octubre de 2025 persisten cierres viales en rutas clave por manifestantes de la Conaie y aliados, afectando transporte y abastecimiento. Incluye reportes de ECU 911 sobre bloqueos en provincias andinas, con llamados del gobierno a respetar el orden y amenazas de sanciones por violencia durante protestas.', 'source': 'El Universo', 'date': '2025-10-10', 'categoria': 'seguridad_crimen'}, {'title': 'Conozca el estado de las vías en Ecuador este 10 de octubre por el paro', 'text': 'El Sistema de Seguridad ECU 911 registró la noche del viernes 10 de octubre de 2025 vías cerradas en dos provincias (principalmente Imbabura y Pichincha), en el contexto del paro convocado por la Conaie contra el fin del subsidio al diésel. Se reportan cierres en rutas principales y rurales, con presencia de manifestantes indígenas y campesinos bloqueando accesos. El gobierno mantiene despliegue de Fuerzas Armadas y Policía para despejar vías y evitar violencia, en medio de un feriado extendido que complica la movilidad nacional.', 'source': 'Primicias', 'date': '2025-10-10', 'categoria': 'seguridad_crimen'}, {'title': 'Este es el estado de las vías en Ecuador este 11 de octubre por manifestaciones', 'text': 'El Sistema Integrado de Seguridad ECU 911 reportó el sábado 11 de octubre de 2025 que persisten cierres viales en rutas principales y rurales de Imbabura y otras provincias andinas durante el paro. Se detallan bloqueos específicos, presencia de manifestantes y operativos para habilitar vías, en un feriado que agrava la situación de movilidad y abastecimiento en el país.', 'source': 'Primicias', 'date': '2025-10-11', 'categoria': 'seguridad_crimen'}, {'title': 'Más de 5 500 operativos ejecutó la Policía durante el feriado de octubre 2025', 'text': 'La Policía Nacional ejecutó más de 5.500 operativos durante el feriado de octubre 2025, en medio del paro nacional focalizado. Incluye controles, detenciones por desórdenes, incautaciones y despliegue para mantener el orden público en provincias afectadas por protestas contra el fin del subsidio al diésel, con resultados en seguridad vial y prevención de violencia.', 'source': 'El Comercio', 'date': '2025-10-13', 'categoria': 'seguridad_crimen'}, {'title': 'Seis decisiones del Gobierno de Ecuador que hacen del paro un desafío mayor', 'text': 'El gobierno de Daniel Noboa tomó medidas clave durante el paro de octubre 2025: convoy militar a Imbabura con 1.000 uniformados para enviar insumos y despejar vías (13 de octubre), despliegue de 7.000 militares y 1.000 policías en Quito para prevenir tomas, suspensión de transporte público al sur de la capital y otros operativos. Estas acciones buscan contrarrestar bloqueos y mantener control ante protestas indígenas por subsidio al diésel.', 'source': 'Primicias', 'date': '2025-10-14', 'categoria': 'politica_gobierno'}, {'title': 'Se levanta el paro en Imbabura al cabo de 24 días de protestas', 'text': 'Tras 24 días de protestas y una mesa de diálogo en Otavalo el 15 de octubre de 2025 (con líderes indígenas, Iglesia y gobierno), se levantó el paro en Imbabura. El ministro del Interior John Reimberg y dirigentes como Manuel Catacuango anunciaron el acuerdo, aunque persisten tensiones nacionales por el fin del subsidio al diésel. Incluye compromisos de desbloqueo y diálogo para evitar más violencia.', 'source': 'Primicias', 'date': '2025-10-15', 'categoria': 'politica_gobierno'}]","[{'title': 'Ecuador reporta primeras muertes por COVID-19 marzo 2020', 'text': 'Ecuador confirma primeras muertes por COVID-19 en marzo 2020. Caso primario en mujer contagiada; inicio de conteo oficial y alerta sanitaria nacional.', 'source': 'El Universo', 'date': '2020-03-20', 'categoria': 'medio_ambiente'}, {'title': 'Gobierno amplía estado de excepción por COVID-19', 'text': 'El Ejecutivo amplió el estado de excepción y reforzó restricciones de movilidad para contener la propagación del coronavirus en el país.', 'source': 'El Universo', 'date': '2020-03-20', 'categoria': 'politica_gobierno'}, {'title': 'Minuto a minuto sobre el coronavirus en Ecuador marzo 2020', 'text': 'Cobertura minuto a minuto de la emergencia COVID-19 en Ecuador en marzo 2020: primeros casos confirmados, expansión en Guayaquil, medidas de confinamiento y estadísticas diarias. Se destacan alertas sanitarias y colapso inicial en Guayas.', 'source': 'Plan V', 'date': '2020-03-22', 'categoria': 'medio_ambiente'}, {'title': 'Toque de queda genera controles y detenciones', 'text': 'Las fuerzas del orden reportaron detenciones por incumplimiento del toque de queda decretado durante la emergencia sanitaria.', 'source': 'El Comercio', 'date': '2020-03-22', 'categoria': 'seguridad_crimen'}, {'title': 'Colapso sanitario en Guayaquil por COVID-19 marzo 2020', 'text': 'Guayaquil enfrenta colapso sanitario en marzo 2020 por pico COVID-19. Cuerpos acumulados, hospitales saturados y exceso mortalidad; gobierno envía ayuda y declara emergencia máxima.', 'source': 'El Comercio', 'date': '2020-03-24', 'categoria': 'medio_ambiente'}]"
162,12,2025-10-10,2007-08-16,0.8923326421239917,5,0.4829413890838623,ok,"politica_gobierno, seguridad_crimen","medio_ambiente, politica_gobierno",7,2,"[{'title': 'El estado de excepción de octubre 2025, explicado', 'text': 'El 4 de octubre de 2025, Daniel Noboa decretó estado de excepción en 10 provincias (Pichincha, Cotopaxi, Tungurahua, Chimborazo, etc.) por alteración del orden público durante protestas. La nota explica alcance, duración, derechos suspendidos y contexto de paros por subsidio al diésel.', 'source': 'GK City', 'date': '2025-10-06', 'categoria': 'seguridad_crimen'}, {'title': 'Estas son las vías cerradas por el paro nacional este viernes 10 de octubre', 'text': 'El paro nacional lleva 19 días en Ecuador con foco en Imbabura. Este viernes 10 de octubre de 2025 persisten cierres viales en rutas clave por manifestantes de la Conaie y aliados, afectando transporte y abastecimiento. Incluye reportes de ECU 911 sobre bloqueos en provincias andinas, con llamados del gobierno a respetar el orden y amenazas de sanciones por violencia durante protestas.', 'source': 'El Universo', 'date': '2025-10-10', 'categoria': 'seguridad_crimen'}, {'title': 'Conozca el estado de las vías en Ecuador este 10 de octubre por el paro', 'text': 'El Sistema de Seguridad ECU 911 registró la noche del viernes 10 de octubre de 2025 vías cerradas en dos provincias (principalmente Imbabura y Pichincha), en el contexto del paro convocado por la Conaie contra el fin del subsidio al diésel. Se reportan cierres en rutas principales y rurales, con presencia de manifestantes indígenas y campesinos bloqueando accesos. El gobierno mantiene despliegue de Fuerzas Armadas y Policía para despejar vías y evitar violencia, en medio de un feriado extendido que complica la movilidad nacional.', 'source': 'Primicias', 'date': '2025-10-10', 'categoria': 'seguridad_crimen'}, {'title': 'Este es el estado de las vías en Ecuador este 11 de octubre por manifestaciones', 'text': 'El Sistema Integrado de Seguridad ECU 911 reportó el sábado 11 de octubre de 2025 que persisten cierres viales en rutas principales y rurales de Imbabura y otras provincias andinas durante el paro. Se detallan bloqueos específicos, presencia de manifestantes y operativos para habilitar vías, en un feriado que agrava la situación de movilidad y abastecimiento en el país.', 'source': 'Primicias', 'date': '2025-10-11', 'categoria': 'seguridad_crimen'}, {'title': 'Más de 5 500 operativos ejecutó la Policía durante el feriado de octubre 2025', 'text': 'La Policía Nacional ejecutó más de 5.500 operativos durante el feriado de octubre 2025, en medio del paro nacional focalizado. Incluye controles, detenciones por desórdenes, incautaciones y despliegue para mantener el orden público en provincias afectadas por protestas contra el fin del subsidio al diésel, con resultados en seguridad vial y prevención de violencia.', 'source': 'El Comercio', 'date': '2025-10-13', 'categoria': 'seguridad_crimen'}, {'title': 'Seis decisiones del Gobierno de Ecuador que hacen del paro un desafío mayor', 'text': 'El gobierno de Daniel Noboa tomó medidas clave durante el paro de octubre 2025: convoy militar a Imbabura con 1.000 uniformados para enviar insumos y despejar vías (13 de octubre), despliegue de 7.000 militares y 1.000 policías en Quito para prevenir tomas, suspensión de transporte público al sur de la capital y otros operativos. Estas acciones buscan contrarrestar bloqueos y mantener control ante protestas indígenas por subsidio al diésel.', 'source': 'Primicias', 'date': '2025-10-14', 'categoria': 'politica_gobierno'}, {'title': 'Se levanta el paro en Imbabura al cabo de 24 días de protestas', 'text': 'Tras 24 días de protestas y una mesa de diálogo en Otavalo el 15 de octubre de 2025 (con líderes indígenas, Iglesia y gobierno), se levantó el paro en Imbabura. El ministro del Interior John Reimberg y dirigentes como Manuel Catacuango anunciaron el acuerdo, aunque persisten tensiones nacionales por el fin del subsidio al diésel. Incluye compromisos de desbloqueo y diálogo para evitar más violencia.', 'source': 'Primicias', 'date': '2025-10-15', 'categoria': 'politica_gobierno'}]","[{'title': 'Ecuador to expel 6,000 illegal residents from world heritage site', 'text': ' Se reportó una decisión de Ecuador orientada a retirar miles de residentes irregulares de un área declarada Patrimonio de la Humanidad, con el fin de enfrentar presiones demográficas y ambientales. El artículo enmarca la medida en la gestión de conservación y control migratorio hacia zonas protegidas.', 'source': ""People's Daily Online (via Galapaguide)"", 'date': '2007-08-16', 'categoria': 'medio_ambiente'}, {'title': 'Ecuador: Correa autoriza levantar secreto bancario', 'text': ' Rafael Correa autorizó levantar el secreto bancario de sus cuentas dentro y fuera del país para facilitar una investigación solicitada por el Congreso. La nota describe el trasfondo político de la indagación y el objetivo de transparentar el manejo de fondos y el patrimonio de funcionarios.', 'source': 'MyPlainview (AP)', 'date': '2007-08-16', 'categoria': 'politica_gobierno'}]"
162,131,2025-10-10,2023-03-15,0.8879737824953984,6,0.5474589467048645,ok,"politica_gobierno, seguridad_crimen","economia_finanzas, politica_gobierno, riesgo_pais_calidad_vida, seguridad_crimen",7,12,"[{'title': 'El estado de excepción de octubre 2025, explicado', 'text': 'El 4 de octubre de 2025, Daniel Noboa decretó estado de excepción en 10 provincias (Pichincha, Cotopaxi, Tungurahua, Chimborazo, etc.) por alteración del orden público durante protestas. La nota explica alcance, duración, derechos suspendidos y contexto de paros por subsidio al diésel.', 'source': 'GK City', 'date': '2025-10-06', 'categoria': 'seguridad_crimen'}, {'title': 'Estas son las vías cerradas por el paro nacional este viernes 10 de octubre', 'text': 'El paro nacional lleva 19 días en Ecuador con foco en Imbabura. Este viernes 10 de octubre de 2025 persisten cierres viales en rutas clave por manifestantes de la Conaie y aliados, afectando transporte y abastecimiento. Incluye reportes de ECU 911 sobre bloqueos en provincias andinas, con llamados del gobierno a respetar el orden y amenazas de sanciones por violencia durante protestas.', 'source': 'El Universo', 'date': '2025-10-10', 'categoria': 'seguridad_crimen'}, {'title': 'Conozca el estado de las vías en Ecuador este 10 de octubre por el paro', 'text': 'El Sistema de Seguridad ECU 911 registró la noche del viernes 10 de octubre de 2025 vías cerradas en dos provincias (principalmente Imbabura y Pichincha), en el contexto del paro convocado por la Conaie contra el fin del subsidio al diésel. Se reportan cierres en rutas principales y rurales, con presencia de manifestantes indígenas y campesinos bloqueando accesos. El gobierno mantiene despliegue de Fuerzas Armadas y Policía para despejar vías y evitar violencia, en medio de un feriado extendido que complica la movilidad nacional.', 'source': 'Primicias', 'date': '2025-10-10', 'categoria': 'seguridad_crimen'}, {'title': 'Este es el estado de las vías en Ecuador este 11 de octubre por manifestaciones', 'text': 'El Sistema Integrado de Seguridad ECU 911 reportó el sábado 11 de octubre de 2025 que persisten cierres viales en rutas principales y rurales de Imbabura y otras provincias andinas durante el paro. Se detallan bloqueos específicos, presencia de manifestantes y operativos para habilitar vías, en un feriado que agrava la situación de movilidad y abastecimiento en el país.', 'source': 'Primicias', 'date': '2025-10-11', 'categoria': 'seguridad_crimen'}, {'title': 'Más de 5 500 operativos ejecutó la Policía durante el feriado de octubre 2025', 'text': 'La Policía Nacional ejecutó más de 5.500 operativos durante el feriado de octubre 2025, en medio del paro nacional focalizado. Incluye controles, detenciones por desórdenes, incautaciones y despliegue para mantener el orden público en provincias afectadas por protestas contra el fin del subsidio al diésel, con resultados en seguridad vial y prevención de violencia.', 'source': 'El Comercio', 'date': '2025-10-13', 'categoria': 'seguridad_crimen'}, {'title': 'Seis decisiones del Gobierno de Ecuador que hacen del paro un desafío mayor', 'text': 'El gobierno de Daniel Noboa tomó medidas clave durante el paro de octubre 2025: convoy militar a Imbabura con 1.000 uniformados para enviar insumos y despejar vías (13 de octubre), despliegue de 7.000 militares y 1.000 policías en Quito para prevenir tomas, suspensión de transporte público al sur de la capital y otros operativos. Estas acciones buscan contrarrestar bloqueos y mantener control ante protestas indígenas por subsidio al diésel.', 'source': 'Primicias', 'date': '2025-10-14', 'categoria': 'politica_gobierno'}, {'title': 'Se levanta el paro en Imbabura al cabo de 24 días de protestas', 'text': 'Tras 24 días de protestas y una mesa de diálogo en Otavalo el 15 de octubre de 2025 (con líderes indígenas, Iglesia y gobierno), se levantó el paro en Imbabura. El ministro del Interior John Reimberg y dirigentes como Manuel Catacuango anunciaron el acuerdo, aunque persisten tensiones nacionales por el fin del subsidio al diésel. Incluye compromisos de desbloqueo y diálogo para evitar más violencia.', 'source': 'Primicias', 'date': '2025-10-15', 'categoria': 'politica_gobierno'}]","[{'title': 'Gobierno anuncia medidas y decisiones de gestión pública', 'text': 'Autoridades comunicaron decisiones de política pública y administración del Estado, con efectos en la agenda nacional y local.', 'source': 'El Universo', 'date': '2023-03-13', 'categoria': 'politica_gobierno'}, {'title': 'Operativos de seguridad y denuncias de delitos en varias provincias', 'text': 'La Policía y otras instituciones reportaron operativos, detenciones o investigaciones vinculadas a delitos comunes y control territorial.', 'source': 'El Comercio', 'date': '2023-03-14', 'categoria': 'seguridad_crimen'}, {'title': 'Indicadores económicos muestran presiones y ajustes en el país', 'text': 'Sectores productivos y autoridades revisaron empleo, precios, finanzas públicas y actividad económica, con énfasis en impactos en hogares y empresas.', 'source': 'Primicias', 'date': '2023-03-15', 'categoria': 'economia_finanzas'}, {'title': 'Juicio político a Lasso inicia formalmente en Asamblea el 15 de marzo 2023', 'text': 'La Comisión de Fiscalización de la Asamblea inicia formalmente el juicio político contra Guillermo Lasso por presunto incumplimiento de funciones en seguridad y corrupción. Oposición presenta pruebas; oficialismo denuncia persecución política. Se destacan tensiones institucionales y riesgo de inestabilidad.', 'source': 'El Universo', 'date': '2023-03-15', 'categoria': 'politica_gobierno'}, {'title': 'Operativos de seguridad y denuncias de delitos en varias provincias', 'text': 'La Policía y otras instituciones reportaron operativos, detenciones o investigaciones vinculadas a delitos comunes y control territorial.', 'source': 'El Universo', 'date': '2023-03-15', 'categoria': 'seguridad_crimen'}, {'title': 'Situación social impacta calidad de vida y servicios', 'text': 'Se reportaron efectos en empleo, servicios, movilidad o acceso a bienes, con medidas de mitigación y demandas ciudadanas.', 'source': 'Expreso', 'date': '2023-03-16', 'categoria': 'riesgo_pais_calidad_vida'}, {'title': 'Autoridades reportan decomisos y acciones contra narcotráfico', 'text': 'Fuerzas de seguridad informaron decomisos, capturas o investigaciones contra redes de microtráfico y narcotráfico con impacto en puertos y rutas.', 'source': 'El Comercio', 'date': '2023-03-16', 'categoria': 'seguridad_crimen'}, {'title': 'Riesgo país de Ecuador sube por juicio político a Lasso en marzo 2023', 'text': 'El riesgo país de Ecuador aumenta en marzo 2023 por incertidumbre del juicio político a Lasso. Spreads en bonos soberanos suben; análisis proyecta impacto en costos de deuda y percepción de inversionistas ante posible destitución o muerte cruzada.', 'source': 'Primicias', 'date': '2023-03-17', 'categoria': 'economia_finanzas'}, {'title': 'Ecuador mantiene agenda y gestiones en el ámbito internacional', 'text': 'Autoridades informaron contactos y gestiones internacionales relacionadas con cooperación, financiamiento o asuntos regionales.', 'source': 'Teleamazonas', 'date': '2023-03-17', 'categoria': 'politica_gobierno'}, {'title': 'Gobierno anuncia medidas y decisiones de gestión pública', 'text': 'Autoridades comunicaron decisiones de política pública y administración del Estado, con efectos en la agenda nacional y local.', 'source': 'Primicias', 'date': '2023-03-17', 'categoria': 'politica_gobierno'}, {'title': 'Indicadores económicos muestran presiones y ajustes en el país', 'text': 'Sectores productivos y autoridades revisaron empleo, precios, finanzas públicas y actividad económica, con énfasis en impactos en hogares y empresas.', 'source': 'Expreso', 'date': '2023-03-18', 'categoria': 'economia_finanzas'}, {'title': 'Situación social impacta calidad de vida y servicios', 'text': 'Se reportaron efectos en empleo, servicios, movilidad o acceso a bienes, con medidas de mitigación y demandas ciudadanas.', 'source': 'Teleamazonas', 'date': '2023-03-19', 'categoria': 'riesgo_pais_calidad_vida'}]"
162,14,2025-10-10,2008-09-15,0.8868696377390753,7,0.3810718357563019,ok,"politica_gobierno, seguridad_crimen",politica_gobierno,7,1,"[{'title': 'El estado de excepción de octubre 2025, explicado', 'text': 'El 4 de octubre de 2025, Daniel Noboa decretó estado de excepción en 10 provincias (Pichincha, Cotopaxi, Tungurahua, Chimborazo, etc.) por alteración del orden público durante protestas. La nota explica alcance, duración, derechos suspendidos y contexto de paros por subsidio al diésel.', 'source': 'GK City', 'date': '2025-10-06', 'categoria': 'seguridad_crimen'}, {'title': 'Estas son las vías cerradas por el paro nacional este viernes 10 de octubre', 'text': 'El paro nacional lleva 19 días en Ecuador con foco en Imbabura. Este viernes 10 de octubre de 2025 persisten cierres viales en rutas clave por manifestantes de la Conaie y aliados, afectando transporte y abastecimiento. Incluye reportes de ECU 911 sobre bloqueos en provincias andinas, con llamados del gobierno a respetar el orden y amenazas de sanciones por violencia durante protestas.', 'source': 'El Universo', 'date': '2025-10-10', 'categoria': 'seguridad_crimen'}, {'title': 'Conozca el estado de las vías en Ecuador este 10 de octubre por el paro', 'text': 'El Sistema de Seguridad ECU 911 registró la noche del viernes 10 de octubre de 2025 vías cerradas en dos provincias (principalmente Imbabura y Pichincha), en el contexto del paro convocado por la Conaie contra el fin del subsidio al diésel. Se reportan cierres en rutas principales y rurales, con presencia de manifestantes indígenas y campesinos bloqueando accesos. El gobierno mantiene despliegue de Fuerzas Armadas y Policía para despejar vías y evitar violencia, en medio de un feriado extendido que complica la movilidad nacional.', 'source': 'Primicias', 'date': '2025-10-10', 'categoria': 'seguridad_crimen'}, {'title': 'Este es el estado de las vías en Ecuador este 11 de octubre por manifestaciones', 'text': 'El Sistema Integrado de Seguridad ECU 911 reportó el sábado 11 de octubre de 2025 que persisten cierres viales en rutas principales y rurales de Imbabura y otras provincias andinas durante el paro. Se detallan bloqueos específicos, presencia de manifestantes y operativos para habilitar vías, en un feriado que agrava la situación de movilidad y abastecimiento en el país.', 'source': 'Primicias', 'date': '2025-10-11', 'categoria': 'seguridad_crimen'}, {'title': 'Más de 5 500 operativos ejecutó la Policía durante el feriado de octubre 2025', 'text': 'La Policía Nacional ejecutó más de 5.500 operativos durante el feriado de octubre 2025, en medio del paro nacional focalizado. Incluye controles, detenciones por desórdenes, incautaciones y despliegue para mantener el orden público en provincias afectadas por protestas contra el fin del subsidio al diésel, con resultados en seguridad vial y prevención de violencia.', 'source': 'El Comercio', 'date': '2025-10-13', 'categoria': 'seguridad_crimen'}, {'title': 'Seis decisiones del Gobierno de Ecuador que hacen del paro un desafío mayor', 'text': 'El gobierno de Daniel Noboa tomó medidas clave durante el paro de octubre 2025: convoy militar a Imbabura con 1.000 uniformados para enviar insumos y despejar vías (13 de octubre), despliegue de 7.000 militares y 1.000 policías en Quito para prevenir tomas, suspensión de transporte público al sur de la capital y otros operativos. Estas acciones buscan contrarrestar bloqueos y mantener control ante protestas indígenas por subsidio al diésel.', 'source': 'Primicias', 'date': '2025-10-14', 'categoria': 'politica_gobierno'}, {'title': 'Se levanta el paro en Imbabura al cabo de 24 días de protestas', 'text': 'Tras 24 días de protestas y una mesa de diálogo en Otavalo el 15 de octubre de 2025 (con líderes indígenas, Iglesia y gobierno), se levantó el paro en Imbabura. El ministro del Interior John Reimberg y dirigentes como Manuel Catacuango anunciaron el acuerdo, aunque persisten tensiones nacionales por el fin del subsidio al diésel. Incluye compromisos de desbloqueo y diálogo para evitar más violencia.', 'source': 'Primicias', 'date': '2025-10-15', 'categoria': 'politica_gobierno'}]","[{'title': 'European Union sends Election Observation Mission to Ecuador', 'text': ' La Unión Europea anunció el despliegue de una Misión de Observación Electoral para Ecuador con motivo del referéndum constitucional de 2008, detallando liderazgo, mandato de observación y apoyo logístico/financiero para acompañar el proceso.', 'source': 'European Sources (record)', 'date': '2008-09-15', 'categoria': 'politica_gobierno'}]"
162,123,2025-10-10,2022-09-27,0.8791878551418288,8,0.6215298175811768,ok,"politica_gobierno, seguridad_crimen","economia_finanzas, politica_gobierno, riesgo_pais_calidad_vida, seguridad_crimen",7,6,"[{'title': 'El estado de excepción de octubre 2025, explicado', 'text': 'El 4 de octubre de 2025, Daniel Noboa decretó estado de excepción en 10 provincias (Pichincha, Cotopaxi, Tungurahua, Chimborazo, etc.) por alteración del orden público durante protestas. La nota explica alcance, duración, derechos suspendidos y contexto de paros por subsidio al diésel.', 'source': 'GK City', 'date': '2025-10-06', 'categoria': 'seguridad_crimen'}, {'title': 'Estas son las vías cerradas por el paro nacional este viernes 10 de octubre', 'text': 'El paro nacional lleva 19 días en Ecuador con foco en Imbabura. Este viernes 10 de octubre de 2025 persisten cierres viales en rutas clave por manifestantes de la Conaie y aliados, afectando transporte y abastecimiento. Incluye reportes de ECU 911 sobre bloqueos en provincias andinas, con llamados del gobierno a respetar el orden y amenazas de sanciones por violencia durante protestas.', 'source': 'El Universo', 'date': '2025-10-10', 'categoria': 'seguridad_crimen'}, {'title': 'Conozca el estado de las vías en Ecuador este 10 de octubre por el paro', 'text': 'El Sistema de Seguridad ECU 911 registró la noche del viernes 10 de octubre de 2025 vías cerradas en dos provincias (principalmente Imbabura y Pichincha), en el contexto del paro convocado por la Conaie contra el fin del subsidio al diésel. Se reportan cierres en rutas principales y rurales, con presencia de manifestantes indígenas y campesinos bloqueando accesos. El gobierno mantiene despliegue de Fuerzas Armadas y Policía para despejar vías y evitar violencia, en medio de un feriado extendido que complica la movilidad nacional.', 'source': 'Primicias', 'date': '2025-10-10', 'categoria': 'seguridad_crimen'}, {'title': 'Este es el estado de las vías en Ecuador este 11 de octubre por manifestaciones', 'text': 'El Sistema Integrado de Seguridad ECU 911 reportó el sábado 11 de octubre de 2025 que persisten cierres viales en rutas principales y rurales de Imbabura y otras provincias andinas durante el paro. Se detallan bloqueos específicos, presencia de manifestantes y operativos para habilitar vías, en un feriado que agrava la situación de movilidad y abastecimiento en el país.', 'source': 'Primicias', 'date': '2025-10-11', 'categoria': 'seguridad_crimen'}, {'title': 'Más de 5 500 operativos ejecutó la Policía durante el feriado de octubre 2025', 'text': 'La Policía Nacional ejecutó más de 5.500 operativos durante el feriado de octubre 2025, en medio del paro nacional focalizado. Incluye controles, detenciones por desórdenes, incautaciones y despliegue para mantener el orden público en provincias afectadas por protestas contra el fin del subsidio al diésel, con resultados en seguridad vial y prevención de violencia.', 'source': 'El Comercio', 'date': '2025-10-13', 'categoria': 'seguridad_crimen'}, {'title': 'Seis decisiones del Gobierno de Ecuador que hacen del paro un desafío mayor', 'text': 'El gobierno de Daniel Noboa tomó medidas clave durante el paro de octubre 2025: convoy militar a Imbabura con 1.000 uniformados para enviar insumos y despejar vías (13 de octubre), despliegue de 7.000 militares y 1.000 policías en Quito para prevenir tomas, suspensión de transporte público al sur de la capital y otros operativos. Estas acciones buscan contrarrestar bloqueos y mantener control ante protestas indígenas por subsidio al diésel.', 'source': 'Primicias', 'date': '2025-10-14', 'categoria': 'politica_gobierno'}, {'title': 'Se levanta el paro en Imbabura al cabo de 24 días de protestas', 'text': 'Tras 24 días de protestas y una mesa de diálogo en Otavalo el 15 de octubre de 2025 (con líderes indígenas, Iglesia y gobierno), se levantó el paro en Imbabura. El ministro del Interior John Reimberg y dirigentes como Manuel Catacuango anunciaron el acuerdo, aunque persisten tensiones nacionales por el fin del subsidio al diésel. Incluye compromisos de desbloqueo y diálogo para evitar más violencia.', 'source': 'Primicias', 'date': '2025-10-15', 'categoria': 'politica_gobierno'}]","[{'title': 'Gobierno anuncia medidas y ajustes de gestión pública', 'text': 'El Ejecutivo comunicó decisiones administrativas y lineamientos para la gestión pública, con énfasis en control presupuestario y continuidad de servicios.', 'source': 'Primicias', 'date': '2022-09-26', 'categoria': 'politica_gobierno'}, {'title': 'Policía reporta operativos y detenciones en varias provincias', 'text': 'La Policía informó sobre operativos realizados en ciudades y carreteras, con detenidos y decomisos relacionados con delitos comunes y control de movilidad.', 'source': 'El Universo', 'date': '2022-09-26', 'categoria': 'seguridad_crimen'}, {'title': 'Sectores evalúan impacto económico y medidas de reactivación', 'text': 'Cámaras y analistas revisaron indicadores económicos, empleo e inversión, y solicitaron medidas para sostener la reactivación tras la crisis.', 'source': 'Expreso', 'date': '2022-09-27', 'categoria': 'economia_finanzas'}, {'title': 'Protestas contra eliminación de subsidios a combustibles en Ecuador septiembre 2022', 'text': 'Transportistas y sectores populares protestan en septiembre 2022 contra eliminación parcial de subsidios a combustibles anunciada por Lasso. Bloqueos en carreteras y manifestaciones en Quito/Guayaquil; gobierno defiende medida por sostenibilidad fiscal.', 'source': 'El Universo', 'date': '2022-09-27', 'categoria': 'politica_gobierno'}, {'title': 'Autoridades informan decomisos vinculados a narcotráfico', 'text': 'Fuerzas de seguridad reportaron decomisos de sustancias sujetas a fiscalización y acciones contra redes de microtráfico y narcotráfico en zonas estratégicas.', 'source': 'El Comercio', 'date': '2022-09-27', 'categoria': 'seguridad_crimen'}, {'title': 'Situación social presiona costo de vida y servicios', 'text': 'Ciudadanos reportaron presión sobre el costo de vida y acceso a servicios, mientras autoridades presentaron acciones para mitigar impactos en hogares.', 'source': 'Teleamazonas', 'date': '2022-09-28', 'categoria': 'riesgo_pais_calidad_vida'}]"
162,60,2025-10-10,2014-11-06,0.8783026607100066,9,0.4844718873500824,ok,"politica_gobierno, seguridad_crimen","economia_finanzas, seguridad_crimen, servicios_basicos",7,4,"[{'title': 'El estado de excepción de octubre 2025, explicado', 'text': 'El 4 de octubre de 2025, Daniel Noboa decretó estado de excepción en 10 provincias (Pichincha, Cotopaxi, Tungurahua, Chimborazo, etc.) por alteración del orden público durante protestas. La nota explica alcance, duración, derechos suspendidos y contexto de paros por subsidio al diésel.', 'source': 'GK City', 'date': '2025-10-06', 'categoria': 'seguridad_crimen'}, {'title': 'Estas son las vías cerradas por el paro nacional este viernes 10 de octubre', 'text': 'El paro nacional lleva 19 días en Ecuador con foco en Imbabura. Este viernes 10 de octubre de 2025 persisten cierres viales en rutas clave por manifestantes de la Conaie y aliados, afectando transporte y abastecimiento. Incluye reportes de ECU 911 sobre bloqueos en provincias andinas, con llamados del gobierno a respetar el orden y amenazas de sanciones por violencia durante protestas.', 'source': 'El Universo', 'date': '2025-10-10', 'categoria': 'seguridad_crimen'}, {'title': 'Conozca el estado de las vías en Ecuador este 10 de octubre por el paro', 'text': 'El Sistema de Seguridad ECU 911 registró la noche del viernes 10 de octubre de 2025 vías cerradas en dos provincias (principalmente Imbabura y Pichincha), en el contexto del paro convocado por la Conaie contra el fin del subsidio al diésel. Se reportan cierres en rutas principales y rurales, con presencia de manifestantes indígenas y campesinos bloqueando accesos. El gobierno mantiene despliegue de Fuerzas Armadas y Policía para despejar vías y evitar violencia, en medio de un feriado extendido que complica la movilidad nacional.', 'source': 'Primicias', 'date': '2025-10-10', 'categoria': 'seguridad_crimen'}, {'title': 'Este es el estado de las vías en Ecuador este 11 de octubre por manifestaciones', 'text': 'El Sistema Integrado de Seguridad ECU 911 reportó el sábado 11 de octubre de 2025 que persisten cierres viales en rutas principales y rurales de Imbabura y otras provincias andinas durante el paro. Se detallan bloqueos específicos, presencia de manifestantes y operativos para habilitar vías, en un feriado que agrava la situación de movilidad y abastecimiento en el país.', 'source': 'Primicias', 'date': '2025-10-11', 'categoria': 'seguridad_crimen'}, {'title': 'Más de 5 500 operativos ejecutó la Policía durante el feriado de octubre 2025', 'text': 'La Policía Nacional ejecutó más de 5.500 operativos durante el feriado de octubre 2025, en medio del paro nacional focalizado. Incluye controles, detenciones por desórdenes, incautaciones y despliegue para mantener el orden público en provincias afectadas por protestas contra el fin del subsidio al diésel, con resultados en seguridad vial y prevención de violencia.', 'source': 'El Comercio', 'date': '2025-10-13', 'categoria': 'seguridad_crimen'}, {'title': 'Seis decisiones del Gobierno de Ecuador que hacen del paro un desafío mayor', 'text': 'El gobierno de Daniel Noboa tomó medidas clave durante el paro de octubre 2025: convoy militar a Imbabura con 1.000 uniformados para enviar insumos y despejar vías (13 de octubre), despliegue de 7.000 militares y 1.000 policías en Quito para prevenir tomas, suspensión de transporte público al sur de la capital y otros operativos. Estas acciones buscan contrarrestar bloqueos y mantener control ante protestas indígenas por subsidio al diésel.', 'source': 'Primicias', 'date': '2025-10-14', 'categoria': 'politica_gobierno'}, {'title': 'Se levanta el paro en Imbabura al cabo de 24 días de protestas', 'text': 'Tras 24 días de protestas y una mesa de diálogo en Otavalo el 15 de octubre de 2025 (con líderes indígenas, Iglesia y gobierno), se levantó el paro en Imbabura. El ministro del Interior John Reimberg y dirigentes como Manuel Catacuango anunciaron el acuerdo, aunque persisten tensiones nacionales por el fin del subsidio al diésel. Incluye compromisos de desbloqueo y diálogo para evitar más violencia.', 'source': 'Primicias', 'date': '2025-10-15', 'categoria': 'politica_gobierno'}]","[{'title': 'Transportistas protestan por precios de combustibles', 'text': 'Gremios de transporte realizaron protestas para exigir revisión de precios de combustibles y compensaciones estatales.', 'source': 'El Universo', 'date': '2014-11-04', 'categoria': 'economia_finanzas'}, {'title': 'Refuerzan controles de seguridad en frontera norte', 'text': 'Fuerzas Armadas intensificaron controles en la frontera norte ante alertas de seguridad y movimientos irregulares.', 'source': 'El Comercio', 'date': '2014-11-04', 'categoria': 'seguridad_crimen'}, {'title': 'Corte de agua afectó amplios sectores de Guayaquil', 'text': 'Trabajos en el sistema de bombeo dejaron sin agua potable a barrios del norte y centro de Guayaquil.', 'source': 'El Universo', 'date': '2014-11-06', 'categoria': 'servicios_basicos'}, {'title': 'Accidente ferroviario dejó heridos en la Sierra', 'text': 'Un tren turístico sufrió un accidente en la Sierra central, dejando varios heridos y suspensión temporal del servicio.', 'source': 'El Comercio', 'date': '2014-11-07', 'categoria': 'economia_finanzas'}]"
162,115,2025-10-10,2022-07-12,0.8778934372941128,10,0.6316981315612793,ok,"politica_gobierno, seguridad_crimen","economia_finanzas, medio_ambiente, politica_gobierno, riesgo_pais_calidad_vida, seguridad_crimen",7,9,"[{'title': 'El estado de excepción de octubre 2025, explicado', 'text': 'El 4 de octubre de 2025, Daniel Noboa decretó estado de excepción en 10 provincias (Pichincha, Cotopaxi, Tungurahua, Chimborazo, etc.) por alteración del orden público durante protestas. La nota explica alcance, duración, derechos suspendidos y contexto de paros por subsidio al diésel.', 'source': 'GK City', 'date': '2025-10-06', 'categoria': 'seguridad_crimen'}, {'title': 'Estas son las vías cerradas por el paro nacional este viernes 10 de octubre', 'text': 'El paro nacional lleva 19 días en Ecuador con foco en Imbabura. Este viernes 10 de octubre de 2025 persisten cierres viales en rutas clave por manifestantes de la Conaie y aliados, afectando transporte y abastecimiento. Incluye reportes de ECU 911 sobre bloqueos en provincias andinas, con llamados del gobierno a respetar el orden y amenazas de sanciones por violencia durante protestas.', 'source': 'El Universo', 'date': '2025-10-10', 'categoria': 'seguridad_crimen'}, {'title': 'Conozca el estado de las vías en Ecuador este 10 de octubre por el paro', 'text': 'El Sistema de Seguridad ECU 911 registró la noche del viernes 10 de octubre de 2025 vías cerradas en dos provincias (principalmente Imbabura y Pichincha), en el contexto del paro convocado por la Conaie contra el fin del subsidio al diésel. Se reportan cierres en rutas principales y rurales, con presencia de manifestantes indígenas y campesinos bloqueando accesos. El gobierno mantiene despliegue de Fuerzas Armadas y Policía para despejar vías y evitar violencia, en medio de un feriado extendido que complica la movilidad nacional.', 'source': 'Primicias', 'date': '2025-10-10', 'categoria': 'seguridad_crimen'}, {'title': 'Este es el estado de las vías en Ecuador este 11 de octubre por manifestaciones', 'text': 'El Sistema Integrado de Seguridad ECU 911 reportó el sábado 11 de octubre de 2025 que persisten cierres viales en rutas principales y rurales de Imbabura y otras provincias andinas durante el paro. Se detallan bloqueos específicos, presencia de manifestantes y operativos para habilitar vías, en un feriado que agrava la situación de movilidad y abastecimiento en el país.', 'source': 'Primicias', 'date': '2025-10-11', 'categoria': 'seguridad_crimen'}, {'title': 'Más de 5 500 operativos ejecutó la Policía durante el feriado de octubre 2025', 'text': 'La Policía Nacional ejecutó más de 5.500 operativos durante el feriado de octubre 2025, en medio del paro nacional focalizado. Incluye controles, detenciones por desórdenes, incautaciones y despliegue para mantener el orden público en provincias afectadas por protestas contra el fin del subsidio al diésel, con resultados en seguridad vial y prevención de violencia.', 'source': 'El Comercio', 'date': '2025-10-13', 'categoria': 'seguridad_crimen'}, {'title': 'Seis decisiones del Gobierno de Ecuador que hacen del paro un desafío mayor', 'text': 'El gobierno de Daniel Noboa tomó medidas clave durante el paro de octubre 2025: convoy militar a Imbabura con 1.000 uniformados para enviar insumos y despejar vías (13 de octubre), despliegue de 7.000 militares y 1.000 policías en Quito para prevenir tomas, suspensión de transporte público al sur de la capital y otros operativos. Estas acciones buscan contrarrestar bloqueos y mantener control ante protestas indígenas por subsidio al diésel.', 'source': 'Primicias', 'date': '2025-10-14', 'categoria': 'politica_gobierno'}, {'title': 'Se levanta el paro en Imbabura al cabo de 24 días de protestas', 'text': 'Tras 24 días de protestas y una mesa de diálogo en Otavalo el 15 de octubre de 2025 (con líderes indígenas, Iglesia y gobierno), se levantó el paro en Imbabura. El ministro del Interior John Reimberg y dirigentes como Manuel Catacuango anunciaron el acuerdo, aunque persisten tensiones nacionales por el fin del subsidio al diésel. Incluye compromisos de desbloqueo y diálogo para evitar más violencia.', 'source': 'Primicias', 'date': '2025-10-15', 'categoria': 'politica_gobierno'}]","[{'title': 'Riesgo país se mantiene alto', 'text': 'El indicador reflejó cautela de los mercados.', 'source': 'El Comercio', 'date': '2022-07-07', 'categoria': 'riesgo_pais_calidad_vida'}, {'title': 'Gobierno busca apoyo internacional post crisis', 'text': 'Autoridades gestionaron respaldo financiero y técnico.', 'source': 'El Universo', 'date': '2022-07-08', 'categoria': 'politica_gobierno'}, {'title': 'Apagones programados en Ecuador por estiaje y crisis energética julio 2022', 'text': 'El Ministerio de Energía anuncia apagones programados en julio 2022 por bajo caudal de ríos debido al estiaje. Afecta regiones como la Costa y Sierra; se detallan horarios y medidas de ahorro para mitigar impacto en hogares y empresas.', 'source': 'El Universo', 'date': '2022-07-12', 'categoria': 'medio_ambiente'}, {'title': 'Gobierno plantea reformas económicas', 'text': 'El Ejecutivo presentó propuestas de reformas tras el paro.', 'source': 'El Universo', 'date': '2022-07-12', 'categoria': 'politica_gobierno'}, {'title': 'Autoridades refuerzan seguridad tras protestas', 'text': 'Se mantuvieron operativos de control en zonas estratégicas.', 'source': 'El Comercio', 'date': '2022-07-13', 'categoria': 'seguridad_crimen'}, {'title': 'Sector petrolero busca recuperarse', 'text': 'La industria petrolera inició planes de recuperación.', 'source': 'El Universo', 'date': '2022-07-14', 'categoria': 'economia_finanzas'}, {'title': 'Televistazo 7PM | 14-07-2022', 'text': 'El noticiero Televistazo 7PM del 14 de julio 2022 cubre agenda nacional: operativos policiales contra crimen organizado en Guayaquil, avances en seguridad vial y temas de violencia urbana, junto con actualizaciones económicas y energéticas post-paro junio.', 'source': 'Ecuavisa', 'date': '2022-07-14', 'categoria': 'seguridad_crimen'}, {'title': 'Riesgo país sigue sensible', 'text': 'El indicador reaccionó a anuncios económicos.', 'source': 'El Comercio', 'date': '2022-07-15', 'categoria': 'riesgo_pais_calidad_vida'}, {'title': 'Ecuador retoma agenda internacional', 'text': 'El país retomó contactos diplomáticos tras la crisis.', 'source': 'El Universo', 'date': '2022-07-16', 'categoria': 'politica_gobierno'}]"
