fecha,valor,pred,fuente
2004-07-29,870.0,,original
2004-07-30,852.0,,original
2004-07-31,852.0,,original
2004-08-01,852.0,,original
2004-08-02,872.0,,original
2004-08-03,869.0,,original
2004-08-04,869.0,,original
2004-08-05,849.0,,original
2004-08-06,842.0,,original
2004-08-07,842.0,,original
2004-08-08,842.0,,original
2004-08-09,827.0,,original
2004-08-10,830.0,,original
2004-08-11,851.0,,original
2004-08-12,846.0,,original
2004-08-13,831.0,,original
2004-08-14,831.0,,original
2004-08-15,831.0,,original
2004-08-16,832.0,,original
2004-08-17,841.0,,original
2004-08-18,840.0,,original
2004-08-19,830.0,,original
2004-08-20,822.0,,original
2004-08-21,822.0,,original
2004-08-22,822.0,,original
2004-08-23,830.0,,original
2004-08-24,814.0,,original
2004-08-25,823.0,,original
2004-08-26,826.0,,original
2004-08-27,826.0,,original
2004-08-28,826.0,,original
2004-08-29,826.0,,original
2004-08-30,812.0,,original
2004-08-31,813.0,,original
2004-09-01,815.0,,original
2004-09-02,812.0,,original
2004-09-03,809.0,,original
2004-09-04,809.0,,original
2004-09-05,809.0,,original
2004-09-06,809.0,,original
2004-09-07,816.0,,original
2004-09-08,821.0,,original
2004-09-09,849.0,,original
2004-09-10,848.0,,original
2004-09-11,848.0,,original
2004-09-12,848.0,,original
2004-09-13,844.0,,original
2004-09-14,825.0,,original
2004-09-15,806.0,,original
2004-09-16,798.0,,original
2004-09-17,791.0,,original
2004-09-18,791.0,,original
2004-09-19,791.0,,original
2004-09-20,765.0,,original
2004-09-21,773.0,,original
2004-09-22,773.0,,original
2004-09-23,775.0,,original
2004-09-24,786.0,,original
2004-09-25,786.0,,original
2004-09-26,786.0,,original
2004-09-27,785.0,,original
2004-09-28,790.0,,original
2004-09-29,778.0,,original
2004-09-30,778.0,,original
2004-10-01,777.0,,original
2004-10-02,777.0,,original
2004-10-03,777.0,,original
2004-10-04,734.0,,original
2004-10-05,730.0,,original
2004-10-06,728.0,,original
2004-10-07,705.0,,original
2004-10-08,700.0,,original
2004-10-09,700.0,,original
2004-10-10,700.0,,original
2004-10-11,700.0,,original
2004-10-12,685.0,,original
2004-10-13,704.0,,original
2004-10-14,727.0,,original
2004-10-15,711.0,,original
2004-10-16,711.0,,original
2004-10-17,711.0,,original
2004-10-18,705.0,,original
2004-10-19,726.0,,original
2004-10-20,734.0,,original
2004-10-21,751.0,,original
2004-10-22,742.0,,original
2004-10-23,742.0,,original
2004-10-24,742.0,,original
2004-10-25,754.0,,original
2004-10-26,761.0,,original
2004-10-27,758.0,,original
2004-10-28,744.0,,original
2004-10-29,745.0,,original
2004-10-30,745.0,,original
2004-10-31,745.0,,original
2004-11-01,733.0,,original
2004-11-02,728.0,,original
2004-11-03,725.0,,original
2004-11-04,731.0,,original
2004-11-05,744.0,,original
2004-11-06,744.0,,original
2004-11-07,744.0,,original
2004-11-08,747.0,,original
2004-11-09,750.0,,original
2004-11-10,723.0,,original
2004-11-11,723.0,,original
2004-11-12,711.0,,original
2004-11-13,711.0,,original
2004-11-14,711.0,,original
2004-11-15,703.0,,original
2004-11-16,708.0,,original
2004-11-17,713.0,,original
2004-11-18,720.0,,original
2004-11-19,734.0,,original
2004-11-20,734.0,,original
2004-11-21,734.0,,original
2004-11-22,729.0,,original
2004-11-23,721.0,,original
2004-11-24,713.0,,original
2004-11-25,713.0,,original
2004-11-26,708.0,,original
2004-11-27,708.0,,original
2004-11-28,708.0,,original
2004-11-29,702.0,,original
2004-11-30,696.0,,original
2004-12-01,685.0,,original
2004-12-02,697.0,,original
2004-12-03,699.0,,original
2004-12-04,699.0,,original
2004-12-05,699.0,,original
2004-12-06,698.0,,original
2004-12-07,704.0,,original
2004-12-08,718.0,,original
2004-12-09,719.0,,original
2004-12-10,740.0,,original
2004-12-11,740.0,,original
2004-12-12,740.0,,original
2004-12-13,739.0,,original
2004-12-14,736.0,,original
2004-12-15,739.0,,original
2004-12-16,730.0,,original
2004-12-17,710.0,,original
2004-12-18,710.0,,original
2004-12-19,710.0,,original
2004-12-20,708.0,,original
2004-12-21,712.0,,original
2004-12-22,704.0,,original
2004-12-23,708.0,,original
2004-12-24,708.0,,original
2004-12-25,708.0,,original
2004-12-26,708.0,,original
2004-12-27,697.0,,original
2004-12-28,706.0,,original
2004-12-29,700.0,,original
2004-12-30,694.0,,original
2004-12-31,690.0,,original
2005-01-01,690.0,,original
2005-01-02,690.0,,original
2005-01-03,695.0,,original
2005-01-04,704.0,,original
2005-01-05,719.0,,original
2005-01-06,719.0,,original
2005-01-07,711.0,,original
2005-01-08,711.0,,original
2005-01-09,711.0,,original
2005-01-10,716.0,,original
2005-01-11,698.0,,original
2005-01-12,689.0,,original
2005-01-13,692.0,,original
2005-01-14,695.0,,original
2005-01-15,695.0,,original
2005-01-16,695.0,,original
2005-01-17,695.0,,original
2005-01-18,693.0,,original
2005-01-19,686.0,,original
2005-01-20,680.0,,original
2005-01-21,663.0,,original
2005-01-22,663.0,,original
2005-01-23,663.0,,original
2005-01-24,656.0,,original
2005-01-25,646.0,,original
2005-01-26,644.0,,original
2005-01-27,643.0,,original
2005-01-28,653.0,,original
2005-01-29,653.0,,original
2005-01-30,653.0,,original
2005-01-31,644.0,,original
2005-02-01,641.0,,original
2005-02-02,641.0,,original
2005-02-03,635.0,,original
2005-02-04,629.0,,original
2005-02-05,629.0,,original
2005-02-06,629.0,,original
2005-02-07,626.0,,original
2005-02-08,630.0,,original
2005-02-09,640.0,,original
2005-02-10,640.0,,original
2005-02-11,635.0,,original
2005-02-12,635.0,,original
2005-02-13,635.0,,original
2005-02-14,637.0,,original
2005-02-15,644.0,,original
2005-02-16,638.0,,original
2005-02-17,638.0,,original
2005-02-18,644.0,,original
2005-02-19,644.0,,original
2005-02-20,644.0,,original
2005-02-21,644.0,,original
2005-02-22,652.0,,original
2005-02-23,644.0,,original
2005-02-24,641.0,,original
2005-02-25,642.0,,original
2005-02-26,642.0,,original
2005-02-27,642.0,,original
2005-02-28,632.0,,original
2005-03-01,630.0,,original
2005-03-02,617.0,,original
2005-03-03,618.0,,original
2005-03-04,612.0,,original
2005-03-05,612.0,,original
2005-03-06,612.0,,original
2005-03-07,607.0,,original
2005-03-08,592.0,,original
2005-03-09,595.0,,original
2005-03-10,599.0,,original
2005-03-11,606.0,,original
2005-03-12,606.0,,original
2005-03-13,606.0,,original
2005-03-14,627.0,,original
2005-03-15,636.0,,original
2005-03-16,638.0,,original
2005-03-17,624.0,,original
2005-03-18,621.0,,original
2005-03-19,621.0,,original
2005-03-20,621.0,,original
2005-03-21,634.0,,original
2005-03-22,637.0,,original
2005-03-23,654.0,,original
2005-03-24,673.0,,original
2005-03-25,673.0,,original
2005-03-26,673.0,,original
2005-03-27,673.0,,original
2005-03-28,683.0,,original
2005-03-29,675.0,,original
2005-03-30,677.0,,original
2005-03-31,660.0,,original
2005-04-01,659.0,,original
2005-04-02,659.0,,original
2005-04-03,659.0,,original
2005-04-04,669.0,,original
2005-04-05,676.0,,original
2005-04-06,666.0,,original
2005-04-07,654.0,,original
2005-04-08,655.0,,original
2005-04-09,655.0,,original
2005-04-10,655.0,,original
2005-04-11,661.0,,original
2005-04-12,662.0,,original
2005-04-13,663.0,,original
2005-04-14,691.0,,original
2005-04-15,730.0,,original
2005-04-16,730.0,,original
2005-04-17,730.0,,original
2005-04-18,737.0,,original
2005-04-19,718.0,,original
2005-04-20,786.0,,original
2005-04-21,820.0,,original
2005-04-22,861.0,,original
2005-04-23,861.0,,original
2005-04-24,861.0,,original
2005-04-25,887.0,,original
2005-04-26,821.0,,original
2005-04-27,833.0,,original
2005-04-28,836.0,,original
2005-04-29,810.0,,original
2005-04-30,810.0,,original
2005-05-01,810.0,,original
2005-05-02,796.0,,original
2005-05-03,787.0,,original
2005-05-04,817.0,,original
2005-05-05,797.0,,original
2005-05-06,796.0,,original
2005-05-07,796.0,,original
2005-05-08,796.0,,original
2005-05-09,797.0,,original
2005-05-10,824.0,,original
2005-05-11,817.0,,original
2005-05-12,829.0,,original
2005-05-13,840.0,,original
2005-05-14,840.0,,original
2005-05-15,840.0,,original
2005-05-16,837.0,,original
2005-05-17,873.0,,original
2005-05-18,864.0,,original
2005-05-19,858.0,,original
2005-05-20,851.0,,original
2005-05-21,851.0,,original
2005-05-22,851.0,,original
2005-05-23,851.0,,original
2005-05-24,862.0,,original
2005-05-25,837.0,,original
2005-05-26,867.0,,original
2005-05-27,867.0,,original
2005-05-28,867.0,,original
2005-05-29,867.0,,original
2005-05-30,867.0,,original
2005-05-31,875.0,,original
2005-06-01,874.0,,original
2005-06-02,863.0,,original
2005-06-03,870.0,,original
2005-06-04,870.0,,original
2005-06-05,870.0,,original
2005-06-06,861.0,,original
2005-06-07,859.0,,original
2005-06-08,844.0,,original
2005-06-09,842.0,,original
2005-06-10,816.0,,original
2005-06-11,816.0,,original
2005-06-12,816.0,,original
2005-06-13,806.0,,original
2005-06-14,796.0,,original
2005-06-15,783.0,,original
2005-06-16,780.0,,original
2005-06-17,767.0,,original
2005-06-18,767.0,,original
2005-06-19,767.0,,original
2005-06-20,762.0,,original
2005-06-21,793.0,,original
2005-06-22,807.0,,original
2005-06-23,821.0,,original
2005-06-24,831.0,,original
2005-06-25,831.0,,original
2005-06-26,831.0,,original
2005-06-27,832.0,,original
2005-06-28,806.0,,original
2005-06-29,799.0,,original
2005-06-30,808.0,,original
2005-07-01,801.0,,original
2005-07-02,801.0,,original
2005-07-03,801.0,,original
2005-07-04,801.0,,original
2005-07-05,810.0,,original
2005-07-06,809.0,,original
2005-07-07,815.0,,original
2005-07-08,797.0,,original
2005-07-09,797.0,,original
2005-07-10,797.0,,original
2005-07-11,803.0,,original
2005-07-12,771.0,,original
2005-07-13,738.0,,original
2005-07-14,735.0,,original
2005-07-15,727.0,,original
2005-07-16,727.0,,original
2005-07-17,727.0,,original
2005-07-18,723.0,,original
2005-07-19,725.0,,original
2005-07-20,733.0,,original
2005-07-21,718.0,,original
2005-07-22,743.0,,original
2005-07-23,743.0,,original
2005-07-24,743.0,,original
2005-07-25,767.0,,original
2005-07-26,751.0,,original
2005-07-27,743.0,,original
2005-07-28,736.0,,original
2005-07-29,735.0,,original
2005-07-30,735.0,,original
2005-07-31,735.0,,original
2005-08-01,721.0,,original
2005-08-02,708.0,,original
2005-08-03,705.0,,original
2005-08-04,701.0,,original
2005-08-05,688.0,,original
2005-08-06,688.0,,original
2005-08-07,688.0,,original
2005-08-08,701.0,,original
2005-08-09,700.0,,original
2005-08-10,699.0,,original
2005-08-11,701.0,,original
2005-08-12,714.0,,original
2005-08-13,714.0,,original
2005-08-14,714.0,,original
2005-08-15,700.0,,original
2005-08-16,700.0,,original
2005-08-17,703.0,,original
2005-08-18,708.0,,original
2005-08-19,731.0,,original
2005-08-20,731.0,,original
2005-08-21,731.0,,original
2005-08-22,737.0,,original
2005-08-23,744.0,,original
2005-08-24,746.0,,original
2005-08-25,732.0,,original
2005-08-26,720.0,,original
2005-08-27,720.0,,original
2005-08-28,720.0,,original
2005-08-29,719.0,,original
2005-08-30,720.0,,original
2005-08-31,727.0,,original
2005-09-01,721.0,,original
2005-09-02,716.0,,original
2005-09-03,716.0,,original
2005-09-04,716.0,,original
2005-09-05,716.0,,original
2005-09-06,712.0,,original
2005-09-07,709.0,,original
2005-09-08,704.0,,original
2005-09-09,707.0,,original
2005-09-10,707.0,,original
2005-09-11,707.0,,original
2005-09-12,708.0,,original
2005-09-13,710.0,,original
2005-09-14,698.0,,original
2005-09-15,691.0,,original
2005-09-16,672.0,,original
2005-09-17,672.0,,original
2005-09-18,672.0,,original
2005-09-19,674.0,,original
2005-09-20,662.0,,original
2005-09-21,671.0,,original
2005-09-22,673.0,,original
2005-09-23,673.0,,original
2005-09-24,673.0,,original
2005-09-25,673.0,,original
2005-09-26,652.0,,original
2005-09-27,648.0,,original
2005-09-28,653.0,,original
2005-09-29,639.0,,original
2005-09-30,634.0,,original
2005-10-01,634.0,,original
2005-10-02,634.0,,original
2005-10-03,630.0,,original
2005-10-04,654.0,,original
2005-10-05,642.0,,original
2005-10-06,684.0,,original
2005-10-07,651.0,,original
2005-10-08,651.0,,original
2005-10-09,651.0,,original
2005-10-10,651.0,,original
2005-10-11,670.0,,original
2005-10-12,687.0,,original
2005-10-13,701.0,,original
2005-10-14,700.0,,original
2005-10-15,700.0,,original
2005-10-16,700.0,,original
2005-10-17,690.0,,original
2005-10-18,688.0,,original
2005-10-19,709.0,,original
2005-10-20,711.0,,original
2005-10-21,727.0,,original
2005-10-22,727.0,,original
2005-10-23,727.0,,original
2005-10-24,706.0,,original
2005-10-25,683.0,,original
2005-10-26,688.0,,original
2005-10-27,689.0,,original
2005-10-28,682.0,,original
2005-10-29,682.0,,original
2005-10-30,682.0,,original
2005-10-31,660.0,,original
2005-11-01,661.0,,original
2005-11-02,655.0,,original
2005-11-03,662.0,,original
2005-11-04,671.0,,original
2005-11-05,671.0,,original
2005-11-06,671.0,,original
2005-11-07,663.0,,original
2005-11-08,662.0,,original
2005-11-09,654.0,,original
2005-11-10,663.0,,original
2005-11-11,663.0,,original
2005-11-12,663.0,,original
2005-11-13,663.0,,original
2005-11-14,665.0,,original
2005-11-15,663.0,,original
2005-11-16,647.0,,original
2005-11-17,650.0,,original
2005-11-18,648.0,,original
2005-11-19,648.0,,original
2005-11-20,648.0,,original
2005-11-21,640.0,,original
2005-11-22,630.0,,original
2005-11-23,633.0,,original
2005-11-24,633.0,,original
2005-11-25,630.0,,original
2005-11-26,630.0,,original
2005-11-27,630.0,,original
2005-11-28,636.0,,original
2005-11-29,646.0,,original
2005-11-30,642.0,,original
2005-12-01,631.0,,original
2005-12-02,638.0,,original
2005-12-03,638.0,,original
2005-12-04,638.0,,original
2005-12-05,629.0,,original
2005-12-06,629.0,,original
2005-12-07,652.0,,original
2005-12-08,649.0,,original
2005-12-09,640.0,,original
2005-12-10,640.0,,original
2005-12-11,640.0,,original
2005-12-12,640.0,,original
2005-12-13,640.0,,original
2005-12-14,640.0,,original
2005-12-15,637.0,,original
2005-12-16,639.0,,original
2005-12-17,639.0,,original
2005-12-18,639.0,,original
2005-12-19,645.0,,original
2005-12-20,650.0,,original
2005-12-21,648.0,,original
2005-12-22,648.0,,original
2005-12-23,654.0,,original
2005-12-24,654.0,,original
2005-12-25,654.0,,original
2005-12-26,654.0,,original
2005-12-27,658.0,,original
2005-12-28,655.0,,original
2005-12-29,655.0,,original
2005-12-30,669.0,,original
2005-12-31,669.0,,original
2006-01-01,669.0,,original
2006-01-02,669.0,,original
2006-01-03,650.0,,original
2006-01-04,631.0,,original
2006-01-05,638.0,,original
2006-01-06,625.0,,original
2006-01-07,625.0,,original
2006-01-08,625.0,,original
2006-01-09,625.0,,original
2006-01-10,626.0,,original
2006-01-11,627.0,,original
2006-01-12,639.0,,original
2006-01-13,641.0,,original
2006-01-14,641.0,,original
2006-01-15,641.0,,original
2006-01-16,641.0,,original
2006-01-17,637.0,,original
2006-01-18,639.0,,original
2006-01-19,624.0,,original
2006-01-20,619.0,,original
2006-01-21,619.0,,original
2006-01-22,619.0,,original
2006-01-23,618.0,,original
2006-01-24,615.0,,original
2006-01-25,604.0,,original
2006-01-26,596.0,,original
2006-01-27,591.0,,original
2006-01-28,591.0,,original
2006-01-29,591.0,,original
2006-01-30,577.0,,original
2006-01-31,579.0,,original
2006-02-01,576.0,,original
2006-02-02,577.0,,original
2006-02-03,568.0,,original
2006-02-04,568.0,,original
2006-02-05,568.0,,original
2006-02-06,565.0,,original
2006-02-07,575.0,,original
2006-02-08,568.0,,original
2006-02-09,573.0,,original
2006-02-10,557.0,,original
2006-02-11,557.0,,original
2006-02-12,557.0,,original
2006-02-13,557.0,,original
2006-02-14,553.0,,original
2006-02-15,557.0,,original
2006-02-16,571.0,,original
2006-02-17,570.0,,original
2006-02-18,570.0,,original
2006-02-19,570.0,,original
2006-02-20,570.0,,original
2006-02-21,570.0,,original
2006-02-22,579.0,,original
2006-02-23,575.0,,original
2006-02-24,572.0,,original
2006-02-25,572.0,,original
2006-02-26,572.0,,original
2006-02-27,567.0,,original
2006-02-28,574.0,,original
2006-03-01,570.0,,original
2006-03-02,566.0,,original
2006-03-03,564.0,,original
2006-03-04,564.0,,original
2006-03-05,564.0,,original
2006-03-06,563.0,,original
2006-03-07,582.0,,original
2006-03-08,590.0,,original
2006-03-09,578.0,,original
2006-03-10,569.0,,original
2006-03-11,569.0,,original
2006-03-12,569.0,,original
2006-03-13,566.0,,original
2006-03-14,569.0,,original
2006-03-15,560.0,,original
2006-03-16,561.0,,original
2006-03-17,562.0,,original
2006-03-18,562.0,,original
2006-03-19,562.0,,original
2006-03-20,558.0,,original
2006-03-21,557.0,,original
2006-03-22,556.0,,original
2006-03-23,557.0,,original
2006-03-24,556.0,,original
2006-03-25,556.0,,original
2006-03-26,556.0,,original
2006-03-27,559.0,,original
2006-03-28,546.0,,original
2006-03-29,539.0,,original
2006-03-30,532.0,,original
2006-03-31,524.0,,original
2006-04-01,524.0,,original
2006-04-02,524.0,,original
2006-04-03,530.0,,original
2006-04-04,528.0,,original
2006-04-05,530.0,,original
2006-04-06,534.0,,original
2006-04-07,534.0,,original
2006-04-08,534.0,,original
2006-04-09,534.0,,original
2006-04-10,530.0,,original
2006-04-11,531.0,,original
2006-04-12,523.0,,original
2006-04-13,522.0,,original
2006-04-14,522.0,,original
2006-04-15,522.0,,original
2006-04-16,522.0,,original
2006-04-17,522.0,,original
2006-04-18,514.0,,original
2006-04-19,506.0,,original
2006-04-20,504.0,,original
2006-04-21,503.0,,original
2006-04-22,503.0,,original
2006-04-23,503.0,,original
2006-04-24,502.0,,original
2006-04-25,490.0,,original
2006-04-26,480.0,,original
2006-04-27,480.0,,original
2006-04-28,483.0,,original
2006-04-29,483.0,,original
2006-04-30,483.0,,original
2006-05-01,478.0,,original
2006-05-02,481.0,,original
2006-05-03,479.0,,original
2006-05-04,477.0,,original
2006-05-05,481.0,,original
2006-05-06,481.0,,original
2006-05-07,481.0,,original
2006-05-08,480.0,,original
2006-05-09,478.0,,original
2006-05-10,457.0,,original
2006-05-11,460.0,,original
2006-05-12,465.0,,original
2006-05-13,465.0,,original
2006-05-14,465.0,,original
2006-05-15,484.0,,original
2006-05-16,482.0,,original
2006-05-17,491.0,,original
2006-05-18,491.0,,original
2006-05-19,496.0,,original
2006-05-20,496.0,,original
2006-05-21,496.0,,original
2006-05-22,513.0,,original
2006-05-23,506.0,,original
2006-05-24,524.0,,original
2006-05-25,509.0,,original
2006-05-26,504.0,,original
2006-05-27,504.0,,original
2006-05-28,504.0,,original
2006-05-29,504.0,,original
2006-05-30,503.0,,original
2006-05-31,504.0,,original
2006-06-01,495.0,,original
2006-06-02,516.0,,original
2006-06-03,516.0,,original
2006-06-04,516.0,,original
2006-06-05,503.0,,original
2006-06-06,510.0,,original
2006-06-07,509.0,,original
2006-06-08,520.0,,original
2006-06-09,514.0,,original
2006-06-10,514.0,,original
2006-06-11,514.0,,original
2006-06-12,521.0,,original
2006-06-13,529.0,,original
2006-06-14,521.0,,original
2006-06-15,506.0,,original
2006-06-16,506.0,,original
2006-06-17,506.0,,original
2006-06-18,506.0,,original
2006-06-19,507.0,,original
2006-06-20,518.0,,original
2006-06-21,518.0,,original
2006-06-22,530.0,,original
2006-06-23,528.0,,original
2006-06-24,528.0,,original
2006-06-25,528.0,,original
2006-06-26,525.0,,original
2006-06-27,538.0,,original
2006-06-28,519.0,,original
2006-06-29,528.0,,original
2006-06-30,519.0,,original
2006-07-01,519.0,,original
2006-07-02,519.0,,original
2006-07-03,510.0,,original
2006-07-04,510.0,,original
2006-07-05,513.0,,original
2006-07-06,514.0,,original
2006-07-07,519.0,,original
2006-07-08,519.0,,original
2006-07-09,519.0,,original
2006-07-10,517.0,,original
2006-07-11,516.0,,original
2006-07-12,514.0,,original
2006-07-13,524.0,,original
2006-07-14,517.0,,original
2006-07-15,517.0,,original
2006-07-16,517.0,,original
2006-07-17,517.0,,original
2006-07-18,509.0,,original
2006-07-19,499.0,,original
2006-07-20,495.0,,original
2006-07-21,492.0,,original
2006-07-22,492.0,,original
2006-07-23,492.0,,original
2006-07-24,489.0,,original
2006-07-25,484.0,,original
2006-07-26,484.0,,original
2006-07-27,480.0,,original
2006-07-28,482.0,,original
2006-07-29,482.0,,original
2006-07-30,482.0,,original
2006-07-31,488.0,,original
2006-08-01,492.0,,original
2006-08-02,491.0,,original
2006-08-03,492.0,,original
2006-08-04,492.0,,original
2006-08-05,492.0,,original
2006-08-06,492.0,,original
2006-08-07,485.0,,original
2006-08-08,476.0,,original
2006-08-09,476.0,,original
2006-08-10,485.0,,original
2006-08-11,481.0,,original
2006-08-12,481.0,,original
2006-08-13,481.0,,original
2006-08-14,478.0,,original
2006-08-15,478.0,,original
2006-08-16,476.0,,original
2006-08-17,477.0,,original
2006-08-18,479.0,,original
2006-08-19,479.0,,original
2006-08-20,479.0,,original
2006-08-21,483.0,,original
2006-08-22,490.0,,original
2006-08-23,494.0,,original
2006-08-24,512.0,,original
2006-08-25,524.0,,original
2006-08-26,524.0,,original
2006-08-27,524.0,,original
2006-08-28,522.0,,original
2006-08-29,524.0,,original
2006-08-30,528.0,,original
2006-08-31,532.0,,original
2006-09-01,532.0,,original
2006-09-02,532.0,,original
2006-09-03,532.0,,original
2006-09-04,532.0,,original
2006-09-05,525.0,,original
2006-09-06,532.0,,original
2006-09-07,543.0,,original
2006-09-08,545.0,,original
2006-09-09,545.0,,original
2006-09-10,545.0,,original
2006-09-11,548.0,,original
2006-09-12,556.0,,original
2006-09-13,561.0,,original
2006-09-14,564.0,,original
2006-09-15,574.0,,original
2006-09-16,574.0,,original
2006-09-17,574.0,,original
2006-09-18,575.0,,original
2006-09-19,586.0,,original
2006-09-20,598.0,,original
2006-09-21,626.0,,original
2006-09-22,623.0,,original
2006-09-23,623.0,,original
2006-09-24,623.0,,original
2006-09-25,630.0,,original
2006-09-26,623.0,,original
2006-09-27,624.0,,original
2006-09-28,631.0,,original
2006-09-29,608.0,,original
2006-09-30,608.0,,original
2006-10-01,608.0,,original
2006-10-02,609.0,,original
2006-10-03,622.0,,original
2006-10-04,645.0,,original
2006-10-05,627.0,,original
2006-10-06,620.0,,original
2006-10-07,620.0,,original
2006-10-08,620.0,,original
2006-10-09,620.0,,original
2006-10-10,611.0,,original
2006-10-11,607.0,,original
2006-10-12,614.0,,original
2006-10-13,606.0,,original
2006-10-14,606.0,,original
2006-10-15,606.0,,original
2006-10-16,520.0,,original
2006-10-17,535.0,,original
2006-10-18,527.0,,original
2006-10-19,527.0,,original
2006-10-20,530.0,,original
2006-10-21,530.0,,original
2006-10-22,530.0,,original
2006-10-23,524.0,,original
2006-10-24,509.0,,original
2006-10-25,494.0,,original
2006-10-26,502.0,,original
2006-10-27,502.0,,original
2006-10-28,502.0,,original
2006-10-29,502.0,,original
2006-10-30,508.0,,original
2006-10-31,513.0,,original
2006-11-01,523.0,,original
2006-11-02,510.0,,original
2006-11-03,498.0,,original
2006-11-04,498.0,,original
2006-11-05,498.0,,original
2006-11-06,493.0,,original
2006-11-07,495.0,,original
2006-11-08,495.0,,original
2006-11-09,498.0,,original
2006-11-10,501.0,,original
2006-11-11,501.0,,original
2006-11-12,501.0,,original
2006-11-13,500.0,,original
2006-11-14,507.0,,original
2006-11-15,508.0,,original
2006-11-16,519.0,,original
2006-11-17,531.0,,original
2006-11-18,531.0,,original
2006-11-19,531.0,,original
2006-11-20,525.0,,original
2006-11-21,518.0,,original
2006-11-22,528.0,,original
2006-11-23,528.0,,original
2006-11-24,536.0,,original
2006-11-25,536.0,,original
2006-11-26,536.0,,original
2006-11-27,604.0,,original
2006-11-28,598.0,,original
2006-11-29,595.0,,original
2006-11-30,612.0,,original
2006-12-01,674.0,,original
2006-12-02,674.0,,original
2006-12-03,674.0,,original
2006-12-04,686.0,,original
2006-12-05,688.0,,original
2006-12-06,686.0,,original
2006-12-07,708.0,,original
2006-12-08,691.0,,original
2006-12-09,691.0,,original
2006-12-10,691.0,,original
2006-12-11,674.0,,original
2006-12-12,666.0,,original
2006-12-13,616.0,,original
2006-12-14,641.0,,original
2006-12-15,669.0,,original
2006-12-16,669.0,,original
2006-12-17,669.0,,original
2006-12-18,674.0,,original
2006-12-19,672.0,,original
2006-12-20,671.0,,original
2006-12-21,675.0,,original
2006-12-22,852.0,,original
2006-12-23,852.0,,original
2006-12-24,852.0,,original
2006-12-25,852.0,,original
2006-12-26,854.0,,original
2006-12-27,878.0,,original
2006-12-28,889.0,,original
2006-12-29,920.0,,original
2006-12-30,920.0,,original
2006-12-31,920.0,,original
2007-01-01,920.0,,original
2007-01-02,922.0,,original
2007-01-03,880.0,,original
2007-01-04,861.0,,original
2007-01-05,870.0,,original
2007-01-06,870.0,,original
2007-01-07,870.0,,original
2007-01-08,871.0,,original
2007-01-09,873.0,,original
2007-01-10,893.0,,original
2007-01-11,852.0,,original
2007-01-12,827.0,,original
2007-01-13,827.0,,original
2007-01-14,827.0,,original
2007-01-15,827.0,,original
2007-01-16,833.0,,original
2007-01-17,797.0,,original
2007-01-18,946.0,,original
2007-01-19,947.0,,original
2007-01-20,947.0,,original
2007-01-21,947.0,,original
2007-01-22,979.0,,original
2007-01-23,1038.0,,original
2007-01-24,1048.0,,original
2007-01-25,1018.0,,original
2007-01-26,1013.0,,original
2007-01-27,1013.0,,original
2007-01-28,1013.0,,original
2007-01-29,885.0,,original
2007-01-30,812.0,,original
2007-01-31,822.0,,original
2007-02-01,784.0,,original
2007-02-02,788.0,,original
2007-02-03,788.0,,original
2007-02-04,788.0,,original
2007-02-05,795.0,,original
2007-02-06,807.0,,original
2007-02-07,818.0,,original
2007-02-08,790.0,,original
2007-02-09,808.0,,original
2007-02-10,808.0,,original
2007-02-11,808.0,,original
2007-02-12,760.0,,original
2007-02-13,761.0,,original
2007-02-14,696.0,,original
2007-02-15,720.0,,original
2007-02-16,723.0,,original
2007-02-17,723.0,,original
2007-02-18,723.0,,original
2007-02-19,723.0,,original
2007-02-20,719.0,,original
2007-02-21,697.0,,original
2007-02-22,678.0,,original
2007-02-23,683.0,,original
2007-02-24,683.0,,original
2007-02-25,683.0,,original
2007-02-26,686.0,,original
2007-02-27,740.0,,original
2007-02-28,717.0,,original
2007-03-01,717.0,,original
2007-03-02,716.0,,original
2007-03-03,716.0,,original
2007-03-04,716.0,,original
2007-03-05,719.0,,original
2007-03-06,725.0,,original
2007-03-07,717.0,,original
2007-03-08,712.0,,original
2007-03-09,706.0,,original
2007-03-10,706.0,,original
2007-03-11,706.0,,original
2007-03-12,701.0,,original
2007-03-13,712.0,,original
2007-03-14,704.0,,original
2007-03-15,708.0,,original
2007-03-16,705.0,,original
2007-03-17,705.0,,original
2007-03-18,705.0,,original
2007-03-19,702.0,,original
2007-03-20,701.0,,original
2007-03-21,698.0,,original
2007-03-22,684.0,,original
2007-03-23,672.0,,original
2007-03-24,672.0,,original
2007-03-25,672.0,,original
2007-03-26,664.0,,original
2007-03-27,658.0,,original
2007-03-28,661.0,,original
2007-03-29,659.0,,original
2007-03-30,650.0,,original
2007-03-31,650.0,,original
2007-04-01,650.0,,original
2007-04-02,652.0,,original
2007-04-03,650.0,,original
2007-04-04,647.0,,original
2007-04-05,647.0,,original
2007-04-06,647.0,,original
2007-04-07,647.0,,original
2007-04-08,647.0,,original
2007-04-09,633.0,,original
2007-04-10,615.0,,original
2007-04-11,605.0,,original
2007-04-12,611.0,,original
2007-04-13,605.0,,original
2007-04-14,605.0,,original
2007-04-15,605.0,,original
2007-04-16,604.0,,original
2007-04-17,600.0,,original
2007-04-18,598.0,,original
2007-04-19,592.0,,original
2007-04-20,581.0,,original
2007-04-21,581.0,,original
2007-04-22,581.0,,original
2007-04-23,586.0,,original
2007-04-24,586.0,,original
2007-04-25,592.0,,original
2007-04-26,609.0,,original
2007-04-27,601.0,,original
2007-04-28,601.0,,original
2007-04-29,601.0,,original
2007-04-30,600.0,,original
2007-05-01,603.0,,original
2007-05-02,610.0,,original
2007-05-03,616.0,,original
2007-05-04,648.0,,original
2007-05-05,648.0,,original
2007-05-06,648.0,,original
2007-05-07,635.0,,original
2007-05-08,621.0,,original
2007-05-09,626.0,,original
2007-05-10,644.0,,original
2007-05-11,642.0,,original
2007-05-12,642.0,,original
2007-05-13,642.0,,original
2007-05-14,636.0,,original
2007-05-15,641.0,,original
2007-05-16,617.0,,original
2007-05-17,633.0,,original
2007-05-18,612.0,,original
2007-05-19,612.0,,original
2007-05-20,612.0,,original
2007-05-21,614.0,,original
2007-05-22,609.0,,original
2007-05-23,608.0,,original
2007-05-24,620.0,,original
2007-05-25,622.0,,original
2007-05-26,622.0,,original
2007-05-27,622.0,,original
2007-05-28,622.0,,original
2007-05-29,627.0,,original
2007-05-30,639.0,,original
2007-05-31,620.0,,original
2007-06-01,618.0,,original
2007-06-02,618.0,,original
2007-06-03,618.0,,original
2007-06-04,621.0,,original
2007-06-05,625.0,,original
2007-06-06,650.0,,original
2007-06-07,648.0,,original
2007-06-08,639.0,,original
2007-06-09,639.0,,original
2007-06-10,639.0,,original
2007-06-11,643.0,,original
2007-06-12,627.0,,original
2007-06-13,637.0,,original
2007-06-14,615.0,,original
2007-06-15,603.0,,original
2007-06-16,603.0,,original
2007-06-17,603.0,,original
2007-06-18,604.0,,original
2007-06-19,586.0,,original
2007-06-20,591.0,,original
2007-06-21,600.0,,original
2007-06-22,604.0,,original
2007-06-23,604.0,,original
2007-06-24,604.0,,original
2007-06-25,631.0,,original
2007-06-26,646.0,,original
2007-06-27,663.0,,original
2007-06-28,665.0,,original
2007-06-29,711.0,,original
2007-06-30,711.0,,original
2007-07-01,711.0,,original
2007-07-02,700.0,,original
2007-07-03,707.0,,original
2007-07-04,707.0,,original
2007-07-05,707.0,,original
2007-07-06,696.0,,original
2007-07-07,696.0,,original
2007-07-08,696.0,,original
2007-07-09,699.0,,original
2007-07-10,724.0,,original
2007-07-11,725.0,,original
2007-07-12,719.0,,original
2007-07-13,721.0,,original
2007-07-14,721.0,,original
2007-07-15,721.0,,original
2007-07-16,722.0,,original
2007-07-17,682.0,,original
2007-07-18,691.0,,original
2007-07-19,688.0,,original
2007-07-20,706.0,,original
2007-07-21,706.0,,original
2007-07-22,706.0,,original
2007-07-23,723.0,,original
2007-07-24,751.0,,original
2007-07-25,728.0,,original
2007-07-26,779.0,,original
2007-07-27,710.0,,original
2007-07-28,710.0,,original
2007-07-29,710.0,,original
2007-07-30,712.0,,original
2007-07-31,711.0,,original
2007-08-01,718.0,,original
2007-08-02,700.0,,original
2007-08-03,692.0,,original
2007-08-04,692.0,,original
2007-08-05,692.0,,original
2007-08-06,688.0,,original
2007-08-07,677.0,,original
2007-08-08,627.0,,original
2007-08-09,651.0,,original
2007-08-10,666.0,,original
2007-08-11,666.0,,original
2007-08-12,666.0,,original
2007-08-13,660.0,,original
2007-08-14,696.0,,original
2007-08-15,696.0,,original
2007-08-16,770.0,,original
2007-08-17,745.0,,original
2007-08-18,745.0,,original
2007-08-19,745.0,,original
2007-08-20,759.0,,original
2007-08-21,763.0,,original
2007-08-22,727.0,,original
2007-08-23,716.0,,original
2007-08-24,714.0,,original
2007-08-25,714.0,,original
2007-08-26,714.0,,original
2007-08-27,693.0,,original
2007-08-28,711.0,,original
2007-08-29,689.0,,original
2007-08-30,707.0,,original
2007-08-31,676.0,,original
2007-09-01,676.0,,original
2007-09-02,676.0,,original
2007-09-03,676.0,,original
2007-09-04,671.0,,original
2007-09-05,690.0,,original
2007-09-06,690.0,,original
2007-09-07,701.0,,original
2007-09-08,701.0,,original
2007-09-09,701.0,,original
2007-09-10,698.0,,original
2007-09-11,695.0,,original
2007-09-12,696.0,,original
2007-09-13,672.0,,original
2007-09-14,672.0,,original
2007-09-15,672.0,,original
2007-09-16,672.0,,original
2007-09-17,671.0,,original
2007-09-18,637.0,,original
2007-09-19,647.0,,original
2007-09-20,642.0,,original
2007-09-21,630.0,,original
2007-09-22,630.0,,original
2007-09-23,630.0,,original
2007-09-24,632.0,,original
2007-09-25,632.0,,original
2007-09-26,614.0,,original
2007-09-27,617.0,,original
2007-09-28,616.0,,original
2007-09-29,616.0,,original
2007-09-30,616.0,,original
2007-10-01,603.0,,original
2007-10-02,611.0,,original
2007-10-03,614.0,,original
2007-10-04,608.0,,original
2007-10-05,598.0,,original
2007-10-06,598.0,,original
2007-10-07,598.0,,original
2007-10-08,598.0,,original
2007-10-09,584.0,,original
2007-10-10,585.0,,original
2007-10-11,585.0,,original
2007-10-12,582.0,,original
2007-10-13,582.0,,original
2007-10-14,582.0,,original
2007-10-15,586.0,,original
2007-10-16,591.0,,original
2007-10-17,596.0,,original
2007-10-18,593.0,,original
2007-10-19,608.0,,original
2007-10-20,608.0,,original
2007-10-21,608.0,,original
2007-10-22,614.0,,original
2007-10-23,614.0,,original
2007-10-24,621.0,,original
2007-10-25,613.0,,original
2007-10-26,607.0,,original
2007-10-27,607.0,,original
2007-10-28,607.0,,original
2007-10-29,597.0,,original
2007-10-30,596.0,,original
2007-10-31,575.0,,original
2007-11-01,590.0,,original
2007-11-02,596.0,,original
2007-11-03,596.0,,original
2007-11-04,596.0,,original
2007-11-05,594.0,,original
2007-11-06,585.0,,original
2007-11-07,609.0,,original
2007-11-08,617.0,,original
2007-11-09,621.0,,original
2007-11-10,621.0,,original
2007-11-11,621.0,,original
2007-11-12,621.0,,original
2007-11-13,611.0,,original
2007-11-14,606.0,,original
2007-11-15,609.0,,original
2007-11-16,616.0,,original
2007-11-17,616.0,,original
2007-11-18,616.0,,original
2007-11-19,631.0,,original
2007-11-20,619.0,,original
2007-11-21,637.0,,original
2007-11-22,637.0,,original
2007-11-23,629.0,,original
2007-11-24,629.0,,original
2007-11-25,629.0,,original
2007-11-26,654.0,,original
2007-11-27,642.0,,original
2007-11-28,627.0,,original
2007-11-29,633.0,,original
2007-11-30,616.0,,original
2007-12-01,616.0,,original
2007-12-02,616.0,,original
2007-12-03,632.0,,original
2007-12-04,632.0,,original
2007-12-05,627.0,,original
2007-12-06,618.0,,original
2007-12-07,611.0,,original
2007-12-08,611.0,,original
2007-12-09,611.0,,original
2007-12-10,588.0,,original
2007-12-11,606.0,,original
2007-12-12,603.0,,original
2007-12-13,591.0,,original
2007-12-14,586.0,,original
2007-12-15,586.0,,original
2007-12-16,586.0,,original
2007-12-17,596.0,,original
2007-12-18,601.0,,original
2007-12-19,607.0,,original
2007-12-20,611.0,,original
2007-12-21,600.0,,original
2007-12-22,600.0,,original
2007-12-23,600.0,,original
2007-12-24,593.0,,original
2007-12-25,593.0,,original
2007-12-26,590.0,,original
2007-12-27,598.0,,original
2007-12-28,606.0,,original
2007-12-29,606.0,,original
2007-12-30,606.0,,original
2007-12-31,614.0,,original
2008-01-01,614.0,,original
2008-01-02,624.0,,original
2008-01-03,621.0,,original
2008-01-04,624.0,,original
2008-01-05,624.0,,original
2008-01-06,624.0,,original
2008-01-07,627.0,,original
2008-01-08,622.0,,original
2008-01-09,630.0,,original
2008-01-10,622.0,,original
2008-01-11,621.0,,original
2008-01-12,621.0,,original
2008-01-13,621.0,,original
2008-01-14,621.0,,original
2008-01-15,631.0,,original
2008-01-16,633.0,,original
2008-01-17,643.0,,original
2008-01-18,641.0,,original
2008-01-19,641.0,,original
2008-01-20,641.0,,original
2008-01-21,641.0,,original
2008-01-22,654.0,,original
2008-01-23,663.0,,original
2008-01-24,641.0,,original
2008-01-25,642.0,,original
2008-01-26,642.0,,original
2008-01-27,642.0,,original
2008-01-28,642.0,,original
2008-01-29,638.0,,original
2008-01-30,637.0,,original
2008-01-31,649.0,,original
2008-02-01,655.0,,original
2008-02-02,655.0,,original
2008-02-03,655.0,,original
2008-02-04,649.0,,original
2008-02-05,657.0,,original
2008-02-06,657.0,,original
2008-02-07,648.0,,original
2008-02-08,659.0,,original
2008-02-09,659.0,,original
2008-02-10,659.0,,original
2008-02-11,660.0,,original
2008-02-12,659.0,,original
2008-02-13,655.0,,original
2008-02-14,648.0,,original
2008-02-15,652.0,,original
2008-02-16,652.0,,original
2008-02-17,652.0,,original
2008-02-18,652.0,,original
2008-02-19,644.0,,original
2008-02-20,627.0,,original
2008-02-21,618.0,,original
2008-02-22,618.0,,original
2008-02-23,618.0,,original
2008-02-24,618.0,,original
2008-02-25,605.0,,original
2008-02-26,602.0,,original
2008-02-27,609.0,,original
2008-02-28,626.0,,original
2008-02-29,640.0,,original
2008-03-01,640.0,,original
2008-03-02,640.0,,original
2008-03-03,652.0,,original
2008-03-04,654.0,,original
2008-03-05,646.0,,original
2008-03-06,651.0,,original
2008-03-07,666.0,,original
2008-03-08,666.0,,original
2008-03-09,666.0,,original
2008-03-10,671.0,,original
2008-03-11,651.0,,original
2008-03-12,663.0,,original
2008-03-13,667.0,,original
2008-03-14,694.0,,original
2008-03-15,694.0,,original
2008-03-16,694.0,,original
2008-03-17,733.0,,original
2008-03-18,678.0,,original
2008-03-19,687.0,,original
2008-03-20,687.0,,original
2008-03-21,687.0,,original
2008-03-22,687.0,,original
2008-03-23,687.0,,original
2008-03-24,662.0,,original
2008-03-25,660.0,,original
2008-03-26,658.0,,original
2008-03-27,650.0,,original
2008-03-28,660.0,,original
2008-03-29,660.0,,original
2008-03-30,660.0,,original
2008-03-31,662.0,,original
2008-04-01,650.0,,original
2008-04-02,639.0,,original
2008-04-03,631.0,,original
2008-04-04,624.0,,original
2008-04-05,624.0,,original
2008-04-06,624.0,,original
2008-04-07,606.0,,original
2008-04-08,610.0,,original
2008-04-09,616.0,,original
2008-04-10,610.0,,original
2008-04-11,613.0,,original
2008-04-12,613.0,,original
2008-04-13,613.0,,original
2008-04-14,611.0,,original
2008-04-15,602.0,,original
2008-04-16,588.0,,original
2008-04-17,597.0,,original
2008-04-18,587.0,,original
2008-04-19,587.0,,original
2008-04-20,587.0,,original
2008-04-21,591.0,,original
2008-04-22,593.0,,original
2008-04-23,590.0,,original
2008-04-24,580.0,,original
2008-04-25,574.0,,original
2008-04-26,574.0,,original
2008-04-27,574.0,,original
2008-04-28,578.0,,original
2008-04-29,577.0,,original
2008-04-30,574.0,,original
2008-05-01,580.0,,original
2008-05-02,571.0,,original
2008-05-03,571.0,,original
2008-05-04,571.0,,original
2008-05-05,569.0,,original
2008-05-06,564.0,,original
2008-05-07,567.0,,original
2008-05-08,576.0,,original
2008-05-09,581.0,,original
2008-05-10,581.0,,original
2008-05-11,581.0,,original
2008-05-12,580.0,,original
2008-05-13,565.0,,original
2008-05-14,558.0,,original
2008-05-15,566.0,,original
2008-05-16,564.0,,original
2008-05-17,564.0,,original
2008-05-18,564.0,,original
2008-05-19,564.0,,original
2008-05-20,565.0,,original
2008-05-21,561.0,,original
2008-05-22,547.0,,original
2008-05-23,554.0,,original
2008-05-24,554.0,,original
2008-05-25,554.0,,original
2008-05-26,554.0,,original
2008-05-27,545.0,,original
2008-05-28,544.0,,original
2008-05-29,538.0,,original
2008-05-30,541.0,,original
2008-05-31,541.0,,original
2008-06-01,541.0,,original
2008-06-02,547.0,,original
2008-06-03,556.0,,original
2008-06-04,550.0,,original
2008-06-05,545.0,,original
2008-06-06,555.0,,original
2008-06-07,555.0,,original
2008-06-08,555.0,,original
2008-06-09,568.0,,original
2008-06-10,556.0,,original
2008-06-11,560.0,,original
2008-06-12,563.0,,original
2008-06-13,562.0,,original
2008-06-14,562.0,,original
2008-06-15,562.0,,original
2008-06-16,562.0,,original
2008-06-17,558.0,,original
2008-06-18,550.0,,original
2008-06-19,552.0,,original
2008-06-20,579.0,,original
2008-06-21,579.0,,original
2008-06-22,579.0,,original
2008-06-23,574.0,,original
2008-06-24,582.0,,original
2008-06-25,583.0,,original
2008-06-26,598.0,,original
2008-06-27,610.0,,original
2008-06-28,610.0,,original
2008-06-29,610.0,,original
2008-06-30,596.0,,original
2008-07-01,598.0,,original
2008-07-02,607.0,,original
2008-07-03,610.0,,original
2008-07-04,610.0,,original
2008-07-05,610.0,,original
2008-07-06,610.0,,original
2008-07-07,611.0,,original
2008-07-08,665.0,,original
2008-07-09,663.0,,original
2008-07-10,684.0,,original
2008-07-11,672.0,,original
2008-07-12,672.0,,original
2008-07-13,672.0,,original
2008-07-14,678.0,,original
2008-07-15,694.0,,original
2008-07-16,693.0,,original
2008-07-17,687.0,,original
2008-07-18,687.0,,original
2008-07-19,687.0,,original
2008-07-20,687.0,,original
2008-07-21,687.0,,original
2008-07-22,684.0,,original
2008-07-23,669.0,,original
2008-07-24,682.0,,original
2008-07-25,673.0,,original
2008-07-26,673.0,,original
2008-07-27,673.0,,original
2008-07-28,682.0,,original
2008-07-29,678.0,,original
2008-07-30,663.0,,original
2008-07-31,664.0,,original
2008-08-01,666.0,,original
2008-08-02,666.0,,original
2008-08-03,666.0,,original
2008-08-04,665.0,,original
2008-08-05,661.0,,original
2008-08-06,662.0,,original
2008-08-07,675.0,,original
2008-08-08,674.0,,original
2008-08-09,674.0,,original
2008-08-10,674.0,,original
2008-08-11,672.0,,original
2008-08-12,682.0,,original
2008-08-13,680.0,,original
2008-08-14,684.0,,original
2008-08-15,687.0,,original
2008-08-16,687.0,,original
2008-08-17,687.0,,original
2008-08-18,723.0,,original
2008-08-19,720.0,,original
2008-08-20,725.0,,original
2008-08-21,728.0,,original
2008-08-22,725.0,,original
2008-08-23,725.0,,original
2008-08-24,725.0,,original
2008-08-25,733.0,,original
2008-08-26,741.0,,original
2008-08-27,742.0,,original
2008-08-28,728.0,,original
2008-08-29,724.0,,original
2008-08-30,724.0,,original
2008-08-31,724.0,,original
2008-09-01,724.0,,original
2008-09-02,731.0,,original
2008-09-03,737.0,,original
2008-09-04,749.0,,original
2008-09-05,762.0,,original
2008-09-06,762.0,,original
2008-09-07,762.0,,original
2008-09-08,756.0,,original
2008-09-09,804.0,,original
2008-09-10,806.0,,original
2008-09-11,831.0,,original
2008-09-12,841.0,,original
2008-09-13,841.0,,original
2008-09-14,841.0,,original
2008-09-15,974.0,,original
2008-09-16,1006.0,,original
2008-09-17,1026.0,,original
2008-09-18,1037.0,,original
2008-09-19,927.0,,original
2008-09-20,927.0,,original
2008-09-21,927.0,,original
2008-09-22,904.0,,original
2008-09-23,910.0,,original
2008-09-24,930.0,,original
2008-09-25,946.0,,original
2008-09-26,952.0,,original
2008-09-27,952.0,,original
2008-09-28,952.0,,original
2008-09-29,1008.0,,original
2008-09-30,1001.0,,original
2008-10-01,1078.0,,original
2008-10-02,1162.0,,original
2008-10-03,1160.0,,original
2008-10-04,1160.0,,original
2008-10-05,1160.0,,original
2008-10-06,1341.0,,original
2008-10-07,1298.0,,original
2008-10-08,1347.0,,original
2008-10-09,1431.0,,original
2008-10-10,1509.0,,original
2008-10-11,1509.0,,original
2008-10-12,1509.0,,original
2008-10-13,1509.0,,original
2008-10-14,1397.0,,original
2008-10-15,1470.0,,original
2008-10-16,1543.0,,original
2008-10-17,1610.0,,original
2008-10-18,1610.0,,original
2008-10-19,1610.0,,original
2008-10-20,1668.0,,original
2008-10-21,1916.0,,original
2008-10-22,2439.0,,original
2008-10-23,2819.0,,original
2008-10-24,2989.0,,original
2008-10-25,2989.0,,original
2008-10-26,2989.0,,original
2008-10-27,2985.0,,original
2008-10-28,3130.0,,original
2008-10-29,3129.0,,original
2008-10-30,3153.0,,original
2008-10-31,3150.0,,original
2008-11-01,3150.0,,original
2008-11-02,3150.0,,original
2008-11-03,3080.0,,original
2008-11-04,3089.0,,original
2008-11-05,3109.0,,original
2008-11-06,3109.0,,original
2008-11-07,2945.0,,original
2008-11-08,2945.0,,original
2008-11-09,2945.0,,original
2008-11-10,2941.0,,original
2008-11-11,2941.0,,original
2008-11-12,3029.0,,original
2008-11-13,4218.0,,original
2008-11-14,4460.0,,original
2008-11-15,4460.0,,original
2008-11-16,4460.0,,original
2008-11-17,4457.0,,original
2008-11-18,4469.0,,original
2008-11-19,4476.0,,original
2008-11-20,4493.0,,original
2008-11-21,4280.0,,original
2008-11-22,4280.0,,original
2008-11-23,4280.0,,original
2008-11-24,4213.0,,original
2008-11-25,4039.0,,original
2008-11-26,3575.0,,original
2008-11-27,3575.0,,original
2008-11-28,3576.0,,original
2008-11-29,3576.0,,original
2008-11-30,3576.0,,original
2008-12-01,3604.0,,original
2008-12-02,3481.0,,original
2008-12-03,3489.0,,original
2008-12-04,3558.0,,original
2008-12-05,3490.0,,original
2008-12-06,3490.0,,original
2008-12-07,3490.0,,original
2008-12-08,3486.0,,original
2008-12-09,3491.0,,original
2008-12-10,3511.0,,original
2008-12-11,3496.0,,original
2008-12-12,3924.0,,original
2008-12-13,3924.0,,original
2008-12-14,3924.0,,original
2008-12-15,4325.0,,original
2008-12-16,5020.0,,original
2008-12-17,5040.0,,original
2008-12-18,5054.0,,original
2008-12-19,5055.0,,original
2008-12-20,5055.0,,original
2008-12-21,5055.0,,original
2008-12-22,5069.0,,original
2008-12-23,4666.0,,original
2008-12-24,4672.0,,original
2008-12-25,4672.0,,original
2008-12-26,4671.0,,original
2008-12-27,4671.0,,original
2008-12-28,4671.0,,original
2008-12-29,4735.0,,original
2008-12-30,4729.0,,original
2008-12-31,4731.0,,original
2009-01-01,4731.0,,original
2009-01-02,4720.0,,original
2009-01-03,4720.0,,original
2009-01-04,4720.0,,original
2009-01-05,4342.0,,original
2009-01-06,4039.0,,original
2009-01-07,3930.0,,original
2009-01-08,3937.0,,original
2009-01-09,3947.0,,original
2009-01-10,3947.0,,original
2009-01-11,3947.0,,original
2009-01-12,3958.0,,original
2009-01-13,3963.0,,original
2009-01-14,3829.0,,original
2009-01-15,3752.0,,original
2009-01-16,3748.0,,original
2009-01-17,3748.0,,original
2009-01-18,3748.0,,original
2009-01-19,3748.0,,original
2009-01-20,3710.0,,original
2009-01-21,3710.0,,original
2009-01-22,3713.0,,original
2009-01-23,3713.0,,original
2009-01-24,3713.0,,original
2009-01-25,3713.0,,original
2009-01-26,3715.0,,original
2009-01-27,3861.0,,original
2009-01-28,3747.0,,original
2009-01-29,3835.0,,original
2009-01-30,3842.0,,original
2009-01-31,3842.0,,original
2009-02-01,3842.0,,original
2009-02-02,3877.0,,original
2009-02-03,3884.0,,original
2009-02-04,3928.0,,original
2009-02-05,3934.0,,original
2009-02-06,3933.0,,original
2009-02-07,3933.0,,original
2009-02-08,3933.0,,original
2009-02-09,3933.0,,original
2009-02-10,3953.0,,original
2009-02-11,3480.0,,original
2009-02-12,3487.0,,original
2009-02-13,3477.0,,original
2009-02-14,3477.0,,original
2009-02-15,3477.0,,original
2009-02-16,3477.0,,original
2009-02-17,3497.0,,original
2009-02-18,3468.0,,original
2009-02-19,3463.0,,original
2009-02-20,3486.0,,original
2009-02-21,3486.0,,original
2009-02-22,3486.0,,original
2009-02-23,3425.0,,original
2009-02-24,3506.0,,original
2009-02-25,3427.0,,original
2009-02-26,3428.0,,original
2009-02-27,3433.0,,original
2009-02-28,3433.0,,original
2009-03-01,3433.0,,original
2009-03-02,3464.0,,original
2009-03-03,3456.0,,original
2009-03-04,3459.0,,original
2009-03-05,3476.0,,original
2009-03-06,3477.0,,original
2009-03-07,3477.0,,original
2009-03-08,3477.0,,original
2009-03-09,3475.0,,original
2009-03-10,3470.0,,original
2009-03-11,3481.0,,original
2009-03-12,3487.0,,original
2009-03-13,3493.0,,original
2009-03-14,3493.0,,original
2009-03-15,3493.0,,original
2009-03-16,3492.0,,original
2009-03-17,3491.0,,original
2009-03-18,3537.0,,original
2009-03-19,3533.0,,original
2009-03-20,3535.0,,original
2009-03-21,3535.0,,original
2009-03-22,3535.0,,original
2009-03-23,3538.0,,original
2009-03-24,3538.0,,original
2009-03-25,3698.0,,original
2009-03-26,3702.0,,original
2009-03-27,3700.0,,original
2009-03-28,3700.0,,original
2009-03-29,3700.0,,original
2009-03-30,3687.0,,original
2009-03-31,3568.0,,original
2009-04-01,3519.0,,original
2009-04-02,3514.0,,original
2009-04-03,3394.0,,original
2009-04-04,3394.0,,original
2009-04-05,3394.0,,original
2009-04-06,3396.0,,original
2009-04-07,3415.0,,original
2009-04-08,3417.0,,original
2009-04-09,3415.0,,original
2009-04-10,3415.0,,original
2009-04-11,3415.0,,original
2009-04-12,3415.0,,original
2009-04-13,3418.0,,original
2009-04-14,3435.0,,original
2009-04-15,3446.0,,original
2009-04-16,3443.0,,original
2009-04-17,3437.0,,original
2009-04-18,3437.0,,original
2009-04-19,3437.0,,original
2009-04-20,3412.0,,original
2009-04-21,3411.0,,original
2009-04-22,3415.0,,original
2009-04-23,3374.0,,original
2009-04-24,3372.0,,original
2009-04-25,3372.0,,original
2009-04-26,3372.0,,original
2009-04-27,3383.0,,original
2009-04-28,3379.0,,original
2009-04-29,3382.0,,original
2009-04-30,3385.0,,original
2009-05-01,3386.0,,original
2009-05-02,3386.0,,original
2009-05-03,3386.0,,original
2009-05-04,3390.0,,original
2009-05-05,3392.0,,original
2009-05-06,3434.0,,original
2009-05-07,3427.0,,original
2009-05-08,3452.0,,original
2009-05-09,3452.0,,original
2009-05-10,3452.0,,original
2009-05-11,3466.0,,original
2009-05-12,3383.0,,original
2009-05-13,3393.0,,original
2009-05-14,3396.0,,original
2009-05-15,3399.0,,original
2009-05-16,3399.0,,original
2009-05-17,3399.0,,original
2009-05-18,3404.0,,original
2009-05-19,3405.0,,original
2009-05-20,3395.0,,original
2009-05-21,3360.0,,original
2009-05-22,3358.0,,original
2009-05-23,3358.0,,original
2009-05-24,3358.0,,original
2009-05-25,3358.0,,original
2009-05-26,3210.0,,original
2009-05-27,3051.0,,original
2009-05-28,3035.0,,original
2009-05-29,3003.0,,original
2009-05-30,3003.0,,original
2009-05-31,3003.0,,original
2009-06-01,2958.0,,original
2009-06-02,2964.0,,original
2009-06-03,2963.0,,original
2009-06-04,2954.0,,original
2009-06-05,2901.0,,original
2009-06-06,2901.0,,original
2009-06-07,2901.0,,original
2009-06-08,2881.0,,original
2009-06-09,2875.0,,original
2009-06-10,2860.0,,original
2009-06-11,2869.0,,original
2009-06-12,2704.0,,original
2009-06-13,2704.0,,original
2009-06-14,2704.0,,original
2009-06-15,2714.0,,original
2009-06-16,2677.0,,original
2009-06-17,2689.0,,original
2009-06-18,2675.0,,original
2009-06-19,2682.0,,original
2009-06-20,2682.0,,original
2009-06-21,2682.0,,original
2009-06-22,2692.0,,original
2009-06-23,2699.0,,original
2009-06-24,2705.0,,original
2009-06-25,2716.0,,original
2009-06-26,2723.0,,original
2009-06-27,2723.0,,original
2009-06-28,2723.0,,original
2009-06-29,2780.0,,original
2009-06-30,1322.0,,original
2009-07-01,1323.0,,original
2009-07-02,1333.0,,original
2009-07-03,1333.0,,original
2009-07-04,1333.0,,original
2009-07-05,1333.0,,original
2009-07-06,1302.0,,original
2009-07-07,1295.0,,original
2009-07-08,1310.0,,original
2009-07-09,1300.0,,original
2009-07-10,1311.0,,original
2009-07-11,1311.0,,original
2009-07-12,1311.0,,original
2009-07-13,1307.0,,original
2009-07-14,1299.0,,original
2009-07-15,1284.0,,original
2009-07-16,1289.0,,original
2009-07-17,1281.0,,original
2009-07-18,1281.0,,original
2009-07-19,1281.0,,original
2009-07-20,1288.0,,original
2009-07-21,1299.0,,original
2009-07-22,1293.0,,original
2009-07-23,1226.0,,original
2009-07-24,1216.0,,original
2009-07-25,1216.0,,original
2009-07-26,1216.0,,original
2009-07-27,1168.0,,original
2009-07-28,1168.0,,original
2009-07-29,1166.0,,original
2009-07-30,1166.0,,original
2009-07-31,1180.0,,original
2009-08-01,1180.0,,original
2009-08-02,1180.0,,original
2009-08-03,1168.0,,original
2009-08-04,1164.0,,original
2009-08-05,1159.0,,original
2009-08-06,1161.0,,original
2009-08-07,1150.0,,original
2009-08-08,1150.0,,original
2009-08-09,1150.0,,original
2009-08-10,1159.0,,original
2009-08-11,1165.0,,original
2009-08-12,1143.0,,original
2009-08-13,1155.0,,original
2009-08-14,1160.0,,original
2009-08-15,1160.0,,original
2009-08-16,1160.0,,original
2009-08-17,1140.0,,original
2009-08-18,1135.0,,original
2009-08-19,1113.0,,original
2009-08-20,1114.0,,original
2009-08-21,1101.0,,original
2009-08-22,1101.0,,original
2009-08-23,1101.0,,original
2009-08-24,1108.0,,original
2009-08-25,1112.0,,original
2009-08-26,1084.0,,original
2009-08-27,1081.0,,original
2009-08-28,1084.0,,original
2009-08-29,1084.0,,original
2009-08-30,1084.0,,original
2009-08-31,1091.0,,original
2009-09-01,1096.0,,original
2009-09-02,1104.0,,original
2009-09-03,1102.0,,original
2009-09-04,1100.0,,original
2009-09-05,1100.0,,original
2009-09-06,1100.0,,original
2009-09-07,1100.0,,original
2009-09-08,1093.0,,original
2009-09-09,1092.0,,original
2009-09-10,1104.0,,original
2009-09-11,1062.0,,original
2009-09-12,1062.0,,original
2009-09-13,1062.0,,original
2009-09-14,1056.0,,original
2009-09-15,1013.0,,original
2009-09-16,982.0,,original
2009-09-17,989.0,,original
2009-09-18,981.0,,original
2009-09-19,981.0,,original
2009-09-20,981.0,,original
2009-09-21,981.0,,original
2009-09-22,946.0,,original
2009-09-23,964.0,,original
2009-09-24,965.0,,original
2009-09-25,954.0,,original
2009-09-26,954.0,,original
2009-09-27,954.0,,original
2009-09-28,957.0,,original
2009-09-29,938.0,,original
2009-09-30,940.0,,original
2009-10-01,953.0,,original
2009-10-02,945.0,,original
2009-10-03,945.0,,original
2009-10-04,945.0,,original
2009-10-05,883.0,,original
2009-10-06,881.0,,original
2009-10-07,937.0,,original
2009-10-08,882.0,,original
2009-10-09,871.0,,original
2009-10-10,871.0,,original
2009-10-11,871.0,,original
2009-10-12,871.0,,original
2009-10-13,879.0,,original
2009-10-14,870.0,,original
2009-10-15,842.0,,original
2009-10-16,845.0,,original
2009-10-17,845.0,,original
2009-10-18,845.0,,original
2009-10-19,846.0,,original
2009-10-20,829.0,,original
2009-10-21,809.0,,original
2009-10-22,810.0,,original
2009-10-23,804.0,,original
2009-10-24,804.0,,original
2009-10-25,804.0,,original
2009-10-26,796.0,,original
2009-10-27,807.0,,original
2009-10-28,812.0,,original
2009-10-29,802.0,,original
2009-10-30,814.0,,original
2009-10-31,814.0,,original
2009-11-01,814.0,,original
2009-11-02,813.0,,original
2009-11-03,810.0,,original
2009-11-04,807.0,,original
2009-11-05,811.0,,original
2009-11-06,814.0,,original
2009-11-07,814.0,,original
2009-11-08,814.0,,original
2009-11-09,816.0,,original
2009-11-10,816.0,,original
2009-11-11,816.0,,original
2009-11-12,820.0,,original
2009-11-13,821.0,,original
2009-11-14,821.0,,original
2009-11-15,821.0,,original
2009-11-16,829.0,,original
2009-11-17,830.0,,original
2009-11-18,827.0,,original
2009-11-19,831.0,,original
2009-11-20,830.0,,original
2009-11-21,830.0,,original
2009-11-22,830.0,,original
2009-11-23,817.0,,original
2009-11-24,825.0,,original
2009-11-25,825.0,,original
2009-11-26,825.0,,original
2009-11-27,832.0,,original
2009-11-28,832.0,,original
2009-11-29,832.0,,original
2009-11-30,842.0,,original
2009-12-01,844.0,,original
2009-12-02,839.0,,original
2009-12-03,835.0,,original
2009-12-04,823.0,,original
2009-12-05,823.0,,original
2009-12-06,823.0,,original
2009-12-07,829.0,,original
2009-12-08,837.0,,original
2009-12-09,834.0,,original
2009-12-10,842.0,,original
2009-12-11,860.0,,original
2009-12-12,860.0,,original
2009-12-13,860.0,,original
2009-12-14,856.0,,original
2009-12-15,862.0,,original
2009-12-16,827.0,,original
2009-12-17,839.0,,original
2009-12-18,833.0,,original
2009-12-19,833.0,,original
2009-12-20,833.0,,original
2009-12-21,809.0,,original
2009-12-22,791.0,,original
2009-12-23,791.0,,original
2009-12-24,786.0,,original
2009-12-25,786.0,,original
2009-12-26,786.0,,original
2009-12-27,786.0,,original
2009-12-28,779.0,,original
2009-12-29,779.0,,original
2009-12-30,775.0,,original
2009-12-31,769.0,,original
2010-01-01,769.0,,original
2010-01-02,769.0,,original
2010-01-03,769.0,,original
2010-01-04,751.0,,original
2010-01-05,748.0,,original
2010-01-06,744.0,,original
2010-01-07,743.0,,original
2010-01-08,747.0,,original
2010-01-09,747.0,,original
2010-01-10,747.0,,original
2010-01-11,725.0,,original
2010-01-12,732.0,,original
2010-01-13,727.0,,original
2010-01-14,733.0,,original
2010-01-15,740.0,,original
2010-01-16,740.0,,original
2010-01-17,740.0,,original
2010-01-18,740.0,,original
2010-01-19,736.0,,original
2010-01-20,751.0,,original
2010-01-21,793.0,,original
2010-01-22,783.0,,original
2010-01-23,783.0,,original
2010-01-24,783.0,,original
2010-01-25,781.0,,original
2010-01-26,782.0,,original
2010-01-27,779.0,,original
2010-01-28,801.0,,original
2010-01-29,806.0,,original
2010-01-30,806.0,,original
2010-01-31,806.0,,original
2010-02-01,804.0,,original
2010-02-02,806.0,,original
2010-02-03,801.0,,original
2010-02-04,812.0,,original
2010-02-05,820.0,,original
2010-02-06,820.0,,original
2010-02-07,820.0,,original
2010-02-08,816.0,,original
2010-02-09,817.0,,original
2010-02-10,810.0,,original
2010-02-11,811.0,,original
2010-02-12,815.0,,original
2010-02-13,815.0,,original
2010-02-14,815.0,,original
2010-02-15,815.0,,original
2010-02-16,818.0,,original
2010-02-17,810.0,,original
2010-02-18,804.0,,original
2010-02-19,803.0,,original
2010-02-20,803.0,,original
2010-02-21,803.0,,original
2010-02-22,805.0,,original
2010-02-23,815.0,,original
2010-02-24,813.0,,original
2010-02-25,816.0,,original
2010-02-26,822.0,,original
2010-02-27,822.0,,original
2010-02-28,822.0,,original
2010-03-01,822.0,,original
2010-03-02,821.0,,original
2010-03-03,823.0,,original
2010-03-04,824.0,,original
2010-03-05,822.0,,original
2010-03-06,822.0,,original
2010-03-07,822.0,,original
2010-03-08,821.0,,original
2010-03-09,829.0,,original
2010-03-10,826.0,,original
2010-03-11,821.0,,original
2010-03-12,823.0,,original
2010-03-13,823.0,,original
2010-03-14,823.0,,original
2010-03-15,824.0,,original
2010-03-16,829.0,,original
2010-03-17,829.0,,original
2010-03-18,825.0,,original
2010-03-19,827.0,,original
2010-03-20,827.0,,original
2010-03-21,827.0,,original
2010-03-22,831.0,,original
2010-03-23,831.0,,original
2010-03-24,815.0,,original
2010-03-25,807.0,,original
2010-03-26,814.0,,original
2010-03-27,814.0,,original
2010-03-28,814.0,,original
2010-03-29,813.0,,original
2010-03-30,813.0,,original
2010-03-31,817.0,,original
2010-04-01,816.0,,original
2010-04-02,816.0,,original
2010-04-03,816.0,,original
2010-04-04,816.0,,original
2010-04-05,800.0,,original
2010-04-06,803.0,,original
2010-04-07,813.0,,original
2010-04-08,811.0,,original
2010-04-09,811.0,,original
2010-04-10,811.0,,original
2010-04-11,811.0,,original
2010-04-12,816.0,,original
2010-04-13,819.0,,original
2010-04-14,816.0,,original
2010-04-15,813.0,,original
2010-04-16,822.0,,original
2010-04-17,822.0,,original
2010-04-18,822.0,,original
2010-04-19,818.0,,original
2010-04-20,816.0,,original
2010-04-21,820.0,,original
2010-04-22,816.0,,original
2010-04-23,812.0,,original
2010-04-24,812.0,,original
2010-04-25,812.0,,original
2010-04-26,814.0,,original
2010-04-27,828.0,,original
2010-04-28,819.0,,original
2010-04-29,823.0,,original
2010-04-30,823.0,,original
2010-05-01,823.0,,original
2010-05-02,823.0,,original
2010-05-03,818.0,,original
2010-05-04,828.0,,original
2010-05-05,835.0,,original
2010-05-06,867.0,,original
2010-05-07,887.0,,original
2010-05-08,887.0,,original
2010-05-09,887.0,,original
2010-05-10,879.0,,original
2010-05-11,880.0,,original
2010-05-12,877.0,,original
2010-05-13,879.0,,original
2010-05-14,890.0,,original
2010-05-15,890.0,,original
2010-05-16,890.0,,original
2010-05-17,887.0,,original
2010-05-18,923.0,,original
2010-05-19,921.0,,original
2010-05-20,932.0,,original
2010-05-21,933.0,,original
2010-05-22,933.0,,original
2010-05-23,933.0,,original
2010-05-24,931.0,,original
2010-05-25,962.0,,original
2010-05-26,954.0,,original
2010-05-27,942.0,,original
2010-05-28,952.0,,original
2010-05-29,952.0,,original
2010-05-30,952.0,,original
2010-05-31,952.0,,original
2010-06-01,952.0,,original
2010-06-02,948.0,,original
2010-06-03,920.0,,original
2010-06-04,937.0,,original
2010-06-05,937.0,,original
2010-06-06,937.0,,original
2010-06-07,965.0,,original
2010-06-08,966.0,,original
2010-06-09,964.0,,original
2010-06-10,953.0,,original
2010-06-11,962.0,,original
2010-06-12,962.0,,original
2010-06-13,962.0,,original
2010-06-14,958.0,,original
2010-06-15,955.0,,original
2010-06-16,957.0,,original
2010-06-17,966.0,,original
2010-06-18,963.0,,original
2010-06-19,963.0,,original
2010-06-20,963.0,,original
2010-06-21,962.0,,original
2010-06-22,968.0,,original
2010-06-23,974.0,,original
2010-06-24,971.0,,original
2010-06-25,974.0,,original
2010-06-26,974.0,,original
2010-06-27,974.0,,original
2010-06-28,995.0,,original
2010-06-29,1000.0,,original
2010-06-30,1013.0,,original
2010-07-01,1014.0,,original
2010-07-02,1013.0,,original
2010-07-03,1013.0,,original
2010-07-04,1013.0,,original
2010-07-05,1013.0,,original
2010-07-06,1018.0,,original
2010-07-07,1016.0,,original
2010-07-08,1014.0,,original
2010-07-09,997.0,,original
2010-07-10,997.0,,original
2010-07-11,997.0,,original
2010-07-12,998.0,,original
2010-07-13,992.0,,original
2010-07-14,999.0,,original
2010-07-15,1007.0,,original
2010-07-16,1012.0,,original
2010-07-17,1012.0,,original
2010-07-18,1012.0,,original
2010-07-19,1011.0,,original
2010-07-20,1013.0,,original
2010-07-21,1017.0,,original
2010-07-22,1029.0,,original
2010-07-23,1024.0,,original
2010-07-24,1024.0,,original
2010-07-25,1024.0,,original
2010-07-26,1023.0,,original
2010-07-27,1018.0,,original
2010-07-28,1026.0,,original
2010-07-29,1027.0,,original
2010-07-30,1037.0,,original
2010-07-31,1037.0,,original
2010-08-01,1037.0,,original
2010-08-02,1034.0,,original
2010-08-03,1042.0,,original
2010-08-04,1036.0,,original
2010-08-05,1042.0,,original
2010-08-06,1047.0,,original
2010-08-07,1047.0,,original
2010-08-08,1047.0,,original
2010-08-09,1046.0,,original
2010-08-10,1052.0,,original
2010-08-11,1055.0,,original
2010-08-12,1052.0,,original
2010-08-13,1052.0,,original
2010-08-14,1052.0,,original
2010-08-15,1052.0,,original
2010-08-16,1060.0,,original
2010-08-17,1002.0,,original
2010-08-18,1001.0,,original
2010-08-19,1006.0,,original
2010-08-20,1031.0,,original
2010-08-21,1031.0,,original
2010-08-22,1031.0,,original
2010-08-23,1030.0,,original
2010-08-24,1039.0,,original
2010-08-25,1034.0,,original
2010-08-26,1035.0,,original
2010-08-27,1024.0,,original
2010-08-28,1024.0,,original
2010-08-29,1024.0,,original
2010-08-30,1035.0,,original
2010-08-31,1040.0,,original
2010-09-01,1033.0,,original
2010-09-02,1033.0,,original
2010-09-03,1025.0,,original
2010-09-04,1025.0,,original
2010-09-05,1025.0,,original
2010-09-06,1025.0,,original
2010-09-07,1035.0,,original
2010-09-08,1030.0,,original
2010-09-09,1020.0,,original
2010-09-10,1018.0,,original
2010-09-11,1018.0,,original
2010-09-12,1018.0,,original
2010-09-13,1012.0,,original
2010-09-14,1020.0,,original
2010-09-15,1019.0,,original
2010-09-16,1017.0,,original
2010-09-17,1019.0,,original
2010-09-18,1019.0,,original
2010-09-19,1019.0,,original
2010-09-20,1022.0,,original
2010-09-21,1032.0,,original
2010-09-22,1032.0,,original
2010-09-23,1031.0,,original
2010-09-24,1029.0,,original
2010-09-25,1029.0,,original
2010-09-26,1029.0,,original
2010-09-27,1036.0,,original
2010-09-28,1041.0,,original
2010-09-29,1036.0,,original
2010-09-30,1226.0,,original
2010-10-01,1010.0,,original
2010-10-02,1010.0,,original
2010-10-03,1010.0,,original
2010-10-04,1015.0,,original
2010-10-05,1017.0,,original
2010-10-06,1021.0,,original
2010-10-07,1024.0,,original
2010-10-08,1029.0,,original
2010-10-09,1029.0,,original
2010-10-10,1029.0,,original
2010-10-11,1029.0,,original
2010-10-12,1025.0,,original
2010-10-13,1040.0,,original
2010-10-14,1035.0,,original
2010-10-15,1007.0,,original
2010-10-16,1007.0,,original
2010-10-17,1007.0,,original
2010-10-18,1013.0,,original
2010-10-19,1015.0,,original
2010-10-20,1016.0,,original
2010-10-21,1013.0,,original
2010-10-22,1012.0,,original
2010-10-23,1012.0,,original
2010-10-24,1012.0,,original
2010-10-25,1009.0,,original
2010-10-26,1003.0,,original
2010-10-27,997.0,,original
2010-10-28,1004.0,,original
2010-10-29,1011.0,,original
2010-10-30,1011.0,,original
2010-10-31,1011.0,,original
2010-11-01,1012.0,,original
2010-11-02,1013.0,,original
2010-11-03,1016.0,,original
2010-11-04,1026.0,,original
2010-11-05,1019.0,,original
2010-11-06,1019.0,,original
2010-11-07,1019.0,,original
2010-11-08,1015.0,,original
2010-11-09,1004.0,,original
2010-11-10,1008.0,,original
2010-11-11,1008.0,,original
2010-11-12,996.0,,original
2010-11-13,996.0,,original
2010-11-14,996.0,,original
2010-11-15,982.0,,original
2010-11-16,985.0,,original
2010-11-17,986.0,,original
2010-11-18,983.0,,original
2010-11-19,981.0,,original
2010-11-20,981.0,,original
2010-11-21,981.0,,original
2010-11-22,990.0,,original
2010-11-23,995.0,,original
2010-11-24,979.0,,original
2010-11-25,979.0,,original
2010-11-26,979.0,,original
2010-11-27,979.0,,original
2010-11-28,979.0,,original
2010-11-29,983.0,,original
2010-11-30,988.0,,original
2010-12-01,971.0,,original
2010-12-02,969.0,,original
2010-12-03,974.0,,original
2010-12-04,974.0,,original
2010-12-05,974.0,,original
2010-12-06,984.0,,original
2010-12-07,962.0,,original
2010-12-08,952.0,,original
2010-12-09,949.0,,original
2010-12-10,916.0,,original
2010-12-11,916.0,,original
2010-12-12,916.0,,original
2010-12-13,922.0,,original
2010-12-14,907.0,,original
2010-12-15,904.0,,original
2010-12-16,908.0,,original
2010-12-17,919.0,,original
2010-12-18,919.0,,original
2010-12-19,919.0,,original
2010-12-20,917.0,,original
2010-12-21,916.0,,original
2010-12-22,912.0,,original
2010-12-23,908.0,,original
2010-12-24,908.0,,original
2010-12-25,908.0,,original
2010-12-26,908.0,,original
2010-12-27,904.0,,original
2010-12-28,904.0,,original
2010-12-29,908.0,,original
2010-12-30,905.0,,original
2010-12-31,913.0,,original
2011-01-01,913.0,,original
2011-01-02,913.0,,original
2011-01-03,914.0,,original
2011-01-04,886.0,,original
2011-01-05,874.0,,original
2011-01-06,880.0,,original
2011-01-07,892.0,,original
2011-01-08,892.0,,original
2011-01-09,892.0,,original
2011-01-10,896.0,,original
2011-01-11,892.0,,original
2011-01-12,891.0,,original
2011-01-13,897.0,,original
2011-01-14,896.0,,original
2011-01-15,896.0,,original
2011-01-16,896.0,,original
2011-01-17,896.0,,original
2011-01-18,839.0,,original
2011-01-19,841.0,,original
2011-01-20,831.0,,original
2011-01-21,834.0,,original
2011-01-22,834.0,,original
2011-01-23,834.0,,original
2011-01-24,835.0,,original
2011-01-25,842.0,,original
2011-01-26,836.0,,original
2011-01-27,838.0,,original
2011-01-28,844.0,,original
2011-01-29,844.0,,original
2011-01-30,844.0,,original
2011-01-31,841.0,,original
2011-02-01,835.0,,original
2011-02-02,786.0,,original
2011-02-03,780.0,,original
2011-02-04,770.0,,original
2011-02-05,770.0,,original
2011-02-06,770.0,,original
2011-02-07,770.0,,original
2011-02-08,758.0,,original
2011-02-09,765.0,,original
2011-02-10,759.0,,original
2011-02-11,761.0,,original
2011-02-12,761.0,,original
2011-02-13,761.0,,original
2011-02-14,763.0,,original
2011-02-15,751.0,,original
2011-02-16,735.0,,original
2011-02-17,744.0,,original
2011-02-18,744.0,,original
2011-02-19,744.0,,original
2011-02-20,744.0,,original
2011-02-21,744.0,,original
2011-02-22,758.0,,original
2011-02-23,754.0,,original
2011-02-24,753.0,,original
2011-02-25,756.0,,original
2011-02-26,756.0,,original
2011-02-27,756.0,,original
2011-02-28,759.0,,original
2011-03-01,761.0,,original
2011-03-02,756.0,,original
2011-03-03,743.0,,original
2011-03-04,756.0,,original
2011-03-05,756.0,,original
2011-03-06,756.0,,original
2011-03-07,762.0,,original
2011-03-08,753.0,,original
2011-03-09,758.0,,original
2011-03-10,782.0,,original
2011-03-11,782.0,,original
2011-03-12,782.0,,original
2011-03-13,782.0,,original
2011-03-14,788.0,,original
2011-03-15,802.0,,original
2011-03-16,813.0,,original
2011-03-17,810.0,,original
2011-03-18,806.0,,original
2011-03-19,806.0,,original
2011-03-20,806.0,,original
2011-03-21,798.0,,original
2011-03-22,797.0,,original
2011-03-23,797.0,,original
2011-03-24,791.0,,original
2011-03-25,784.0,,original
2011-03-26,784.0,,original
2011-03-27,784.0,,original
2011-03-28,781.0,,original
2011-03-29,784.0,,original
2011-03-30,780.0,,original
2011-03-31,780.0,,original
2011-04-01,778.0,,original
2011-04-02,778.0,,original
2011-04-03,778.0,,original
2011-04-04,743.0,,original
2011-04-05,736.0,,original
2011-04-06,730.0,,original
2011-04-07,736.0,,original
2011-04-08,734.0,,original
2011-04-09,734.0,,original
2011-04-10,734.0,,original
2011-04-11,734.0,,original
2011-04-12,743.0,,original
2011-04-13,745.0,,original
2011-04-14,743.0,,original
2011-04-15,751.0,,original
2011-04-16,751.0,,original
2011-04-17,751.0,,original
2011-04-18,785.0,,original
2011-04-19,785.0,,original
2011-04-20,779.0,,original
2011-04-21,780.0,,original
2011-04-22,780.0,,original
2011-04-23,780.0,,original
2011-04-24,780.0,,original
2011-04-25,785.0,,original
2011-04-26,790.0,,original
2011-04-27,774.0,,original
2011-04-28,779.0,,original
2011-04-29,782.0,,original
2011-04-30,782.0,,original
2011-05-01,782.0,,original
2011-05-02,782.0,,original
2011-05-03,784.0,,original
2011-05-04,785.0,,original
2011-05-05,790.0,,original
2011-05-06,793.0,,original
2011-05-07,793.0,,original
2011-05-08,793.0,,original
2011-05-09,796.0,,original
2011-05-10,790.0,,original
2011-05-11,793.0,,original
2011-05-12,764.0,,original
2011-05-13,767.0,,original
2011-05-14,767.0,,original
2011-05-15,767.0,,original
2011-05-16,771.0,,original
2011-05-17,773.0,,original
2011-05-18,769.0,,original
2011-05-19,770.0,,original
2011-05-20,787.0,,original
2011-05-21,787.0,,original
2011-05-22,787.0,,original
2011-05-23,787.0,,original
2011-05-24,788.0,,original
2011-05-25,803.0,,original
2011-05-26,808.0,,original
2011-05-27,810.0,,original
2011-05-28,810.0,,original
2011-05-29,810.0,,original
2011-05-30,810.0,,original
2011-05-31,799.0,,original
2011-06-01,806.0,,original
2011-06-02,809.0,,original
2011-06-03,807.0,,original
2011-06-04,807.0,,original
2011-06-05,807.0,,original
2011-06-06,808.0,,original
2011-06-07,782.0,,original
2011-06-08,789.0,,original
2011-06-09,795.0,,original
2011-06-10,797.0,,original
2011-06-11,797.0,,original
2011-06-12,797.0,,original
2011-06-13,797.0,,original
2011-06-14,787.0,,original
2011-06-15,799.0,,original
2011-06-16,803.0,,original
2011-06-17,803.0,,original
2011-06-18,803.0,,original
2011-06-19,803.0,,original
2011-06-20,802.0,,original
2011-06-21,801.0,,original
2011-06-22,801.0,,original
2011-06-23,809.0,,original
2011-06-24,816.0,,original
2011-06-25,816.0,,original
2011-06-26,816.0,,original
2011-06-27,810.0,,original
2011-06-28,796.0,,original
2011-06-29,787.0,,original
2011-06-30,783.0,,original
2011-07-01,779.0,,original
2011-07-02,779.0,,original
2011-07-03,779.0,,original
2011-07-04,779.0,,original
2011-07-05,790.0,,original
2011-07-06,794.0,,original
2011-07-07,772.0,,original
2011-07-08,788.0,,original
2011-07-09,788.0,,original
2011-07-10,788.0,,original
2011-07-11,796.0,,original
2011-07-12,797.0,,original
2011-07-13,797.0,,original
2011-07-14,794.0,,original
2011-07-15,799.0,,original
2011-07-16,799.0,,original
2011-07-17,799.0,,original
2011-07-18,800.0,,original
2011-07-19,799.0,,original
2011-07-20,796.0,,original
2011-07-21,763.0,,original
2011-07-22,766.0,,original
2011-07-23,766.0,,original
2011-07-24,766.0,,original
2011-07-25,764.0,,original
2011-07-26,768.0,,original
2011-07-27,764.0,,original
2011-07-28,764.0,,original
2011-07-29,779.0,,original
2011-07-30,779.0,,original
2011-07-31,779.0,,original
2011-08-01,782.0,,original
2011-08-02,791.0,,original
2011-08-03,789.0,,original
2011-08-04,799.0,,original
2011-08-05,790.0,,original
2011-08-06,790.0,,original
2011-08-07,790.0,,original
2011-08-08,801.0,,original
2011-08-09,872.0,,original
2011-08-10,872.0,,original
2011-08-11,869.0,,original
2011-08-12,900.0,,original
2011-08-13,900.0,,original
2011-08-14,900.0,,original
2011-08-15,896.0,,original
2011-08-16,901.0,,original
2011-08-17,902.0,,original
2011-08-18,903.0,,original
2011-08-19,901.0,,original
2011-08-20,901.0,,original
2011-08-21,901.0,,original
2011-08-22,899.0,,original
2011-08-23,900.0,,original
2011-08-24,892.0,,original
2011-08-25,896.0,,original
2011-08-26,901.0,,original
2011-08-27,901.0,,original
2011-08-28,901.0,,original
2011-08-29,868.0,,original
2011-08-30,872.0,,original
2011-08-31,871.0,,original
2011-09-01,876.0,,original
2011-09-02,876.0,,original
2011-09-03,876.0,,original
2011-09-04,876.0,,original
2011-09-05,876.0,,original
2011-09-06,876.0,,original
2011-09-07,874.0,,original
2011-09-08,877.0,,original
2011-09-09,896.0,,original
2011-09-10,896.0,,original
2011-09-11,896.0,,original
2011-09-12,892.0,,original
2011-09-13,889.0,,original
2011-09-14,889.0,,original
2011-09-15,886.0,,original
2011-09-16,888.0,,original
2011-09-17,888.0,,original
2011-09-18,888.0,,original
2011-09-19,911.0,,original
2011-09-20,881.0,,original
2011-09-21,876.0,,original
2011-09-22,881.0,,original
2011-09-23,877.0,,original
2011-09-24,877.0,,original
2011-09-25,877.0,,original
2011-09-26,873.0,,original
2011-09-27,869.0,,original
2011-09-28,869.0,,original
2011-09-29,868.0,,original
2011-09-30,868.0,,original
2011-10-01,868.0,,original
2011-10-02,868.0,,original
2011-10-03,876.0,,original
2011-10-04,873.0,,original
2011-10-05,899.0,,original
2011-10-06,896.0,,original
2011-10-07,891.0,,original
2011-10-08,891.0,,original
2011-10-09,891.0,,original
2011-10-10,891.0,,original
2011-10-11,885.0,,original
2011-10-12,882.0,,original
2011-10-13,889.0,,original
2011-10-14,889.0,,original
2011-10-15,889.0,,original
2011-10-16,889.0,,original
2011-10-17,892.0,,original
2011-10-18,895.0,,original
2011-10-19,894.0,,original
2011-10-20,894.0,,original
2011-10-21,894.0,,original
2011-10-22,894.0,,original
2011-10-23,894.0,,original
2011-10-24,892.0,,original
2011-10-25,899.0,,original
2011-10-26,894.0,,original
2011-10-27,870.0,,original
2011-10-28,876.0,,original
2011-10-29,876.0,,original
2011-10-30,876.0,,original
2011-10-31,886.0,,original
2011-11-01,891.0,,original
2011-11-02,893.0,,original
2011-11-03,892.0,,original
2011-11-04,894.0,,original
2011-11-05,894.0,,original
2011-11-06,894.0,,original
2011-11-07,895.0,,original
2011-11-08,847.0,,original
2011-11-09,865.0,,original
2011-11-10,862.0,,original
2011-11-11,862.0,,original
2011-11-12,862.0,,original
2011-11-13,862.0,,original
2011-11-14,863.0,,original
2011-11-15,862.0,,original
2011-11-16,862.0,,original
2011-11-17,864.0,,original
2011-11-18,860.0,,original
2011-11-19,860.0,,original
2011-11-20,860.0,,original
2011-11-21,861.0,,original
2011-11-22,863.0,,original
2011-11-23,863.0,,original
2011-11-24,863.0,,original
2011-11-25,863.0,,original
2011-11-26,863.0,,original
2011-11-27,863.0,,original
2011-11-28,862.0,,original
2011-11-29,861.0,,original
2011-11-30,838.0,,original
2011-12-01,837.0,,original
2011-12-02,840.0,,original
2011-12-03,840.0,,original
2011-12-04,840.0,,original
2011-12-05,840.0,,original
2011-12-06,839.0,,original
2011-12-07,844.0,,original
2011-12-08,847.0,,original
2011-12-09,844.0,,original
2011-12-10,844.0,,original
2011-12-11,844.0,,original
2011-12-12,846.0,,original
2011-12-13,846.0,,original
2011-12-14,845.0,,original
2011-12-15,845.0,,original
2011-12-16,848.0,,original
2011-12-17,848.0,,original
2011-12-18,848.0,,original
2011-12-19,847.0,,original
2011-12-20,844.0,,original
2011-12-21,840.0,,original
2011-12-22,840.0,,original
2011-12-23,835.0,,original
2011-12-24,835.0,,original
2011-12-25,835.0,,original
2011-12-26,835.0,,original
2011-12-27,836.0,,original
2011-12-28,840.0,,original
2011-12-29,843.0,,original
2011-12-30,846.0,,original
2011-12-31,846.0,,original
2012-01-01,846.0,,original
2012-01-02,846.0,,original
2012-01-03,790.0,,original
2012-01-04,790.0,,original
2012-01-05,791.0,,original
2012-01-06,792.0,,original
2012-01-07,792.0,,original
2012-01-08,792.0,,original
2012-01-09,793.0,,original
2012-01-10,793.0,,original
2012-01-11,795.0,,original
2012-01-12,810.0,,original
2012-01-13,812.0,,original
2012-01-14,812.0,,original
2012-01-15,812.0,,original
2012-01-16,812.0,,original
2012-01-17,813.0,,original
2012-01-18,811.0,,original
2012-01-19,808.0,,original
2012-01-20,806.0,,original
2012-01-21,806.0,,original
2012-01-22,806.0,,original
2012-01-23,805.0,,original
2012-01-24,805.0,,original
2012-01-25,813.0,,original
2012-01-26,815.0,,original
2012-01-27,816.0,,original
2012-01-28,816.0,,original
2012-01-29,816.0,,original
2012-01-30,817.0,,original
2012-01-31,818.0,,original
2012-02-01,817.0,,original
2012-02-02,818.0,,original
2012-02-03,783.0,,original
2012-02-04,783.0,,original
2012-02-05,783.0,,original
2012-02-06,785.0,,original
2012-02-07,781.0,,original
2012-02-08,779.0,,original
2012-02-09,776.0,,original
2012-02-10,795.0,,original
2012-02-11,795.0,,original
2012-02-12,795.0,,original
2012-02-13,792.0,,original
2012-02-14,793.0,,original
2012-02-15,795.0,,original
2012-02-16,790.0,,original
2012-02-17,787.0,,original
2012-02-18,787.0,,original
2012-02-19,787.0,,original
2012-02-20,787.0,,original
2012-02-21,786.0,,original
2012-02-22,788.0,,original
2012-02-23,787.0,,original
2012-02-24,787.0,,original
2012-02-25,787.0,,original
2012-02-26,787.0,,original
2012-02-27,790.0,,original
2012-02-28,791.0,,original
2012-02-29,788.0,,original
2012-03-01,787.0,,original
2012-03-02,791.0,,original
2012-03-03,791.0,,original
2012-03-04,791.0,,original
2012-03-05,789.0,,original
2012-03-06,808.0,,original
2012-03-07,805.0,,original
2012-03-08,803.0,,original
2012-03-09,802.0,,original
2012-03-10,802.0,,original
2012-03-11,802.0,,original
2012-03-12,800.0,,original
2012-03-13,796.0,,original
2012-03-14,800.0,,original
2012-03-15,803.0,,original
2012-03-16,802.0,,original
2012-03-17,802.0,,original
2012-03-18,802.0,,original
2012-03-19,797.0,,original
2012-03-20,795.0,,original
2012-03-21,800.0,,original
2012-03-22,803.0,,original
2012-03-23,804.0,,original
2012-03-24,804.0,,original
2012-03-25,804.0,,original
2012-03-26,806.0,,original
2012-03-27,810.0,,original
2012-03-28,809.0,,original
2012-03-29,826.0,,original
2012-03-30,824.0,,original
2012-03-31,824.0,,original
2012-04-01,824.0,,original
2012-04-02,827.0,,original
2012-04-03,804.0,,original
2012-04-04,807.0,,original
2012-04-05,811.0,,original
2012-04-06,811.0,,original
2012-04-07,811.0,,original
2012-04-08,811.0,,original
2012-04-09,818.0,,original
2012-04-10,821.0,,original
2012-04-11,819.0,,original
2012-04-12,819.0,,original
2012-04-13,838.0,,original
2012-04-14,838.0,,original
2012-04-15,838.0,,original
2012-04-16,830.0,,original
2012-04-17,789.0,,original
2012-04-18,790.0,,original
2012-04-19,790.0,,original
2012-04-20,790.0,,original
2012-04-21,790.0,,original
2012-04-22,790.0,,original
2012-04-23,792.0,,original
2012-04-24,790.0,,original
2012-04-25,790.0,,original
2012-04-26,791.0,,original
2012-04-27,792.0,,original
2012-04-28,792.0,,original
2012-04-29,792.0,,original
2012-04-30,792.0,,original
2012-05-01,791.0,,original
2012-05-02,792.0,,original
2012-05-03,792.0,,original
2012-05-04,794.0,,original
2012-05-05,794.0,,original
2012-05-06,794.0,,original
2012-05-07,794.0,,original
2012-05-08,795.0,,original
2012-05-09,794.0,,original
2012-05-10,793.0,,original
2012-05-11,811.0,,original
2012-05-12,811.0,,original
2012-05-13,811.0,,original
2012-05-14,828.0,,original
2012-05-15,860.0,,original
2012-05-16,858.0,,original
2012-05-17,858.0,,original
2012-05-18,857.0,,original
2012-05-19,857.0,,original
2012-05-20,857.0,,original
2012-05-21,858.0,,original
2012-05-22,890.0,,original
2012-05-23,909.0,,original
2012-05-24,906.0,,original
2012-05-25,907.0,,original
2012-05-26,907.0,,original
2012-05-27,907.0,,original
2012-05-28,907.0,,original
2012-05-29,924.0,,original
2012-05-30,946.0,,original
2012-05-31,948.0,,original
2012-06-01,951.0,,original
2012-06-02,951.0,,original
2012-06-03,951.0,,original
2012-06-04,949.0,,original
2012-06-05,881.0,,original
2012-06-06,878.0,,original
2012-06-07,878.0,,original
2012-06-08,878.0,,original
2012-06-09,878.0,,original
2012-06-10,878.0,,original
2012-06-11,879.0,,original
2012-06-12,875.0,,original
2012-06-13,876.0,,original
2012-06-14,876.0,,original
2012-06-15,875.0,,original
2012-06-16,875.0,,original
2012-06-17,875.0,,original
2012-06-18,878.0,,original
2012-06-19,877.0,,original
2012-06-20,891.0,,original
2012-06-21,892.0,,original
2012-06-22,891.0,,original
2012-06-23,891.0,,original
2012-06-24,891.0,,original
2012-06-25,893.0,,original
2012-06-26,892.0,,original
2012-06-27,892.0,,original
2012-06-28,893.0,,original
2012-06-29,892.0,,original
2012-06-30,892.0,,original
2012-07-01,892.0,,original
2012-07-02,887.0,,original
2012-07-03,877.0,,original
2012-07-04,877.0,,original
2012-07-05,870.0,,original
2012-07-06,872.0,,original
2012-07-07,872.0,,original
2012-07-08,872.0,,original
2012-07-09,864.0,,original
2012-07-10,864.0,,original
2012-07-11,863.0,,original
2012-07-12,864.0,,original
2012-07-13,847.0,,original
2012-07-14,847.0,,original
2012-07-15,847.0,,original
2012-07-16,850.0,,original
2012-07-17,849.0,,original
2012-07-18,851.0,,original
2012-07-19,834.0,,original
2012-07-20,836.0,,original
2012-07-21,836.0,,original
2012-07-22,836.0,,original
2012-07-23,837.0,,original
2012-07-24,854.0,,original
2012-07-25,853.0,,original
2012-07-26,852.0,,original
2012-07-27,847.0,,original
2012-07-28,847.0,,original
2012-07-29,847.0,,original
2012-07-30,851.0,,original
2012-07-31,852.0,,original
2012-08-01,849.0,,original
2012-08-02,851.0,,original
2012-08-03,831.0,,original
2012-08-04,831.0,,original
2012-08-05,831.0,,original
2012-08-06,832.0,,original
2012-08-07,827.0,,original
2012-08-08,825.0,,original
2012-08-09,825.0,,original
2012-08-10,827.0,,original
2012-08-11,827.0,,original
2012-08-12,827.0,,original
2012-08-13,827.0,,original
2012-08-14,825.0,,original
2012-08-15,796.0,,original
2012-08-16,795.0,,original
2012-08-17,795.0,,original
2012-08-18,795.0,,original
2012-08-19,795.0,,original
2012-08-20,796.0,,original
2012-08-21,770.0,,original
2012-08-22,774.0,,original
2012-08-23,775.0,,original
2012-08-24,774.0,,original
2012-08-25,774.0,,original
2012-08-26,774.0,,original
2012-08-27,775.0,,original
2012-08-28,775.0,,original
2012-08-29,783.0,,original
2012-08-30,786.0,,original
2012-08-31,791.0,,original
2012-09-01,791.0,,original
2012-09-02,791.0,,original
2012-09-03,791.0,,original
2012-09-04,789.0,,original
2012-09-05,788.0,,original
2012-09-06,776.0,,original
2012-09-07,778.0,,original
2012-09-08,778.0,,original
2012-09-09,778.0,,original
2012-09-10,778.0,,original
2012-09-11,778.0,,original
2012-09-12,776.0,,original
2012-09-13,778.0,,original
2012-09-14,723.0,,original
2012-09-15,723.0,,original
2012-09-16,723.0,,original
2012-09-17,722.0,,original
2012-09-18,723.0,,original
2012-09-19,722.0,,original
2012-09-20,722.0,,original
2012-09-21,723.0,,original
2012-09-22,723.0,,original
2012-09-23,723.0,,original
2012-09-24,732.0,,original
2012-09-25,740.0,,original
2012-09-26,741.0,,original
2012-09-27,741.0,,original
2012-09-28,743.0,,original
2012-09-29,743.0,,original
2012-09-30,743.0,,original
2012-10-01,743.0,,original
2012-10-02,743.0,,original
2012-10-03,743.0,,original
2012-10-04,751.0,,original
2012-10-05,748.0,,original
2012-10-06,748.0,,original
2012-10-07,748.0,,original
2012-10-08,748.0,,original
2012-10-09,748.0,,original
2012-10-10,756.0,,original
2012-10-11,756.0,,original
2012-10-12,765.0,,original
2012-10-13,765.0,,original
2012-10-14,765.0,,original
2012-10-15,765.0,,original
2012-10-16,763.0,,original
2012-10-17,759.0,,original
2012-10-18,767.0,,original
2012-10-19,768.0,,original
2012-10-20,768.0,,original
2012-10-21,768.0,,original
2012-10-22,766.0,,original
2012-10-23,786.0,,original
2012-10-24,786.0,,original
2012-10-25,782.0,,original
2012-10-26,785.0,,original
2012-10-27,785.0,,original
2012-10-28,785.0,,original
2012-10-29,786.0,,original
2012-10-30,786.0,,original
2012-10-31,824.0,,original
2012-11-01,824.0,,original
2012-11-02,824.0,,original
2012-11-03,824.0,,original
2012-11-04,824.0,,original
2012-11-05,826.0,,original
2012-11-06,804.0,,original
2012-11-07,808.0,,original
2012-11-08,809.0,,original
2012-11-09,809.0,,original
2012-11-10,809.0,,original
2012-11-11,809.0,,original
2012-11-12,809.0,,original
2012-11-13,810.0,,original
2012-11-14,810.0,,original
2012-11-15,811.0,,original
2012-11-16,811.0,,original
2012-11-17,811.0,,original
2012-11-18,811.0,,original
2012-11-19,810.0,,original
2012-11-20,809.0,,original
2012-11-21,807.0,,original
2012-11-22,807.0,,original
2012-11-23,807.0,,original
2012-11-24,807.0,,original
2012-11-25,807.0,,original
2012-11-26,826.0,,original
2012-11-27,827.0,,original
2012-11-28,828.0,,original
2012-11-29,828.0,,original
2012-11-30,829.0,,original
2012-12-01,829.0,,original
2012-12-02,829.0,,original
2012-12-03,829.0,,original
2012-12-04,830.0,,original
2012-12-05,830.0,,original
2012-12-06,831.0,,original
2012-12-07,830.0,,original
2012-12-08,830.0,,original
2012-12-09,830.0,,original
2012-12-10,830.0,,original
2012-12-11,830.0,,original
2012-12-12,829.0,,original
2012-12-13,827.0,,original
2012-12-14,828.0,,original
2012-12-15,828.0,,original
2012-12-16,828.0,,original
2012-12-17,826.0,,original
2012-12-18,823.0,,original
2012-12-19,823.0,,original
2012-12-20,823.0,,original
2012-12-21,824.0,,original
2012-12-22,824.0,,original
2012-12-23,824.0,,original
2012-12-24,823.0,,original
2012-12-25,823.0,,original
2012-12-26,823.0,,original
2012-12-27,825.0,,original
2012-12-28,825.0,,original
2012-12-29,825.0,,original
2012-12-30,825.0,,original
2012-12-31,826.0,,original
2013-01-01,826.0,,original
2013-01-02,767.0,,original
2013-01-03,765.0,,original
2013-01-04,764.0,,original
2013-01-05,764.0,,original
2013-01-06,764.0,,original
2013-01-07,765.0,,original
2013-01-08,766.0,,original
2013-01-09,757.0,,original
2013-01-10,746.0,,original
2013-01-11,746.0,,original
2013-01-12,746.0,,original
2013-01-13,746.0,,original
2013-01-14,747.0,,original
2013-01-15,710.0,,original
2013-01-16,709.0,,original
2013-01-17,707.0,,original
2013-01-18,708.0,,original
2013-01-19,708.0,,original
2013-01-20,708.0,,original
2013-01-21,708.0,,original
2013-01-22,708.0,,original
2013-01-23,708.0,,original
2013-01-24,708.0,,original
2013-01-25,703.0,,original
2013-01-26,703.0,,original
2013-01-27,703.0,,original
2013-01-28,701.0,,original
2013-01-29,702.0,,original
2013-01-30,703.0,,original
2013-01-31,704.0,,original
2013-02-01,704.0,,original
2013-02-02,704.0,,original
2013-02-03,704.0,,original
2013-02-04,706.0,,original
2013-02-05,704.0,,original
2013-02-06,705.0,,original
2013-02-07,705.0,,original
2013-02-08,705.0,,original
2013-02-09,705.0,,original
2013-02-10,705.0,,original
2013-02-11,704.0,,original
2013-02-12,703.0,,original
2013-02-13,699.0,,original
2013-02-14,710.0,,original
2013-02-15,710.0,,original
2013-02-16,710.0,,original
2013-02-17,710.0,,original
2013-02-18,710.0,,original
2013-02-19,700.0,,original
2013-02-20,700.0,,original
2013-02-21,701.0,,original
2013-02-22,702.0,,original
2013-02-23,702.0,,original
2013-02-24,702.0,,original
2013-02-25,704.0,,original
2013-02-26,704.0,,original
2013-02-27,703.0,,original
2013-02-28,704.0,,original
2013-03-01,705.0,,original
2013-03-02,705.0,,original
2013-03-03,705.0,,original
2013-03-04,704.0,,original
2013-03-05,703.0,,original
2013-03-06,701.0,,original
2013-03-07,700.0,,original
2013-03-08,699.0,,original
2013-03-09,699.0,,original
2013-03-10,699.0,,original
2013-03-11,699.0,,original
2013-03-12,699.0,,original
2013-03-13,697.0,,original
2013-03-14,697.0,,original
2013-03-15,698.0,,original
2013-03-16,698.0,,original
2013-03-17,698.0,,original
2013-03-18,699.0,,original
2013-03-19,700.0,,original
2013-03-20,699.0,,original
2013-03-21,698.0,,original
2013-03-22,698.0,,original
2013-03-23,698.0,,original
2013-03-24,698.0,,original
2013-03-25,699.0,,original
2013-03-26,698.0,,original
2013-03-27,699.0,,original
2013-03-28,700.0,,original
2013-03-29,700.0,,original
2013-03-30,700.0,,original
2013-03-31,700.0,,original
2013-04-01,700.0,,original
2013-04-02,699.0,,original
2013-04-03,680.0,,original
2013-04-04,681.0,,original
2013-04-05,680.0,,original
2013-04-06,680.0,,original
2013-04-07,680.0,,original
2013-04-08,680.0,,original
2013-04-09,679.0,,original
2013-04-10,677.0,,original
2013-04-11,677.0,,original
2013-04-12,679.0,,original
2013-04-13,679.0,,original
2013-04-14,679.0,,original
2013-04-15,679.0,,original
2013-04-16,678.0,,original
2013-04-17,677.0,,original
2013-04-18,677.0,,original
2013-04-19,676.0,,original
2013-04-20,676.0,,original
2013-04-21,676.0,,original
2013-04-22,677.0,,original
2013-04-23,677.0,,original
2013-04-24,676.0,,original
2013-04-25,676.0,,original
2013-04-26,677.0,,original
2013-04-27,677.0,,original
2013-04-28,677.0,,original
2013-04-29,668.0,,original
2013-04-30,647.0,,original
2013-05-01,647.0,,original
2013-05-02,647.0,,original
2013-05-03,645.0,,original
2013-05-04,645.0,,original
2013-05-05,645.0,,original
2013-05-06,644.0,,original
2013-05-07,643.0,,original
2013-05-08,642.0,,original
2013-05-09,642.0,,original
2013-05-10,639.0,,original
2013-05-11,639.0,,original
2013-05-12,639.0,,original
2013-05-13,639.0,,original
2013-05-14,638.0,,original
2013-05-15,638.0,,original
2013-05-16,639.0,,original
2013-05-17,637.0,,original
2013-05-18,637.0,,original
2013-05-19,637.0,,original
2013-05-20,637.0,,original
2013-05-21,637.0,,original
2013-05-22,635.0,,original
2013-05-23,635.0,,original
2013-05-24,634.0,,original
2013-05-25,634.0,,original
2013-05-26,634.0,,original
2013-05-27,634.0,,original
2013-05-28,629.0,,original
2013-05-29,627.0,,original
2013-05-30,628.0,,original
2013-05-31,626.0,,original
2013-06-01,626.0,,original
2013-06-02,626.0,,original
2013-06-03,628.0,,original
2013-06-04,628.0,,original
2013-06-05,628.0,,original
2013-06-06,628.0,,original
2013-06-07,625.0,,original
2013-06-08,625.0,,original
2013-06-09,625.0,,original
2013-06-10,623.0,,original
2013-06-11,654.0,,original
2013-06-12,651.0,,original
2013-06-13,631.0,,original
2013-06-14,636.0,,original
2013-06-15,636.0,,original
2013-06-16,636.0,,original
2013-06-17,637.0,,original
2013-06-18,637.0,,original
2013-06-19,630.0,,original
2013-06-20,648.0,,original
2013-06-21,664.0,,original
2013-06-22,664.0,,original
2013-06-23,664.0,,original
2013-06-24,661.0,,original
2013-06-25,660.0,,original
2013-06-26,662.0,,original
2013-06-27,665.0,,original
2013-06-28,665.0,,original
2013-06-29,665.0,,original
2013-06-30,665.0,,original
2013-07-01,665.0,,original
2013-07-02,665.0,,original
2013-07-03,664.0,,original
2013-07-04,664.0,,original
2013-07-05,658.0,,original
2013-07-06,658.0,,original
2013-07-07,658.0,,original
2013-07-08,663.0,,original
2013-07-09,662.0,,original
2013-07-10,659.0,,original
2013-07-11,664.0,,original
2013-07-12,662.0,,original
2013-07-13,662.0,,original
2013-07-14,662.0,,original
2013-07-15,664.0,,original
2013-07-16,665.0,,original
2013-07-17,667.0,,original
2013-07-18,622.0,,original
2013-07-19,623.0,,original
2013-07-20,623.0,,original
2013-07-21,623.0,,original
2013-07-22,622.0,,original
2013-07-23,621.0,,original
2013-07-24,617.0,,original
2013-07-25,618.0,,original
2013-07-26,621.0,,original
2013-07-27,621.0,,original
2013-07-28,621.0,,original
2013-07-29,621.0,,original
2013-07-30,620.0,,original
2013-07-31,620.0,,original
2013-08-01,617.0,,original
2013-08-02,621.0,,original
2013-08-03,621.0,,original
2013-08-04,621.0,,original
2013-08-05,620.0,,original
2013-08-06,619.0,,original
2013-08-07,617.0,,original
2013-08-08,618.0,,original
2013-08-09,617.0,,original
2013-08-10,617.0,,original
2013-08-11,617.0,,original
2013-08-12,617.0,,original
2013-08-13,613.0,,original
2013-08-14,613.0,,original
2013-08-15,611.0,,original
2013-08-16,610.0,,original
2013-08-17,610.0,,original
2013-08-18,610.0,,original
2013-08-19,631.0,,original
2013-08-20,656.0,,original
2013-08-21,652.0,,original
2013-08-22,648.0,,original
2013-08-23,650.0,,original
2013-08-24,650.0,,original
2013-08-25,650.0,,original
2013-08-26,651.0,,original
2013-08-27,653.0,,original
2013-08-28,648.0,,original
2013-08-29,649.0,,original
2013-08-30,649.0,,original
2013-08-31,649.0,,original
2013-09-01,649.0,,original
2013-09-02,649.0,,original
2013-09-03,646.0,,original
2013-09-04,640.0,,original
2013-09-05,634.0,,original
2013-09-06,640.0,,original
2013-09-07,640.0,,original
2013-09-08,640.0,,original
2013-09-09,642.0,,original
2013-09-10,639.0,,original
2013-09-11,640.0,,original
2013-09-12,641.0,,original
2013-09-13,640.0,,original
2013-09-14,640.0,,original
2013-09-15,640.0,,original
2013-09-16,645.0,,original
2013-09-17,647.0,,original
2013-09-18,652.0,,original
2013-09-19,651.0,,original
2013-09-20,651.0,,original
2013-09-21,651.0,,original
2013-09-22,651.0,,original
2013-09-23,652.0,,original
2013-09-24,652.0,,original
2013-09-25,674.0,,original
2013-09-26,674.0,,original
2013-09-27,627.0,,original
2013-09-28,627.0,,original
2013-09-29,627.0,,original
2013-09-30,628.0,,original
2013-10-01,626.0,,original
2013-10-02,627.0,,original
2013-10-03,627.0,,original
2013-10-04,626.0,,original
2013-10-05,626.0,,original
2013-10-06,626.0,,original
2013-10-07,624.0,,original
2013-10-08,620.0,,original
2013-10-09,620.0,,original
2013-10-10,621.0,,original
2013-10-11,622.0,,original
2013-10-12,622.0,,original
2013-10-13,622.0,,original
2013-10-14,622.0,,original
2013-10-15,621.0,,original
2013-10-16,622.0,,original
2013-10-17,624.0,,original
2013-10-18,503.0,,original
2013-10-19,503.0,,original
2013-10-20,503.0,,original
2013-10-21,503.0,,original
2013-10-22,504.0,,original
2013-10-23,502.0,,original
2013-10-24,502.0,,original
2013-10-25,502.0,,original
2013-10-26,502.0,,original
2013-10-27,502.0,,original
2013-10-28,501.0,,original
2013-10-29,500.0,,original
2013-10-30,499.0,,original
2013-10-31,499.0,,original
2013-11-01,523.0,,original
2013-11-02,523.0,,original
2013-11-03,523.0,,original
2013-11-04,523.0,,original
2013-11-05,523.0,,original
2013-11-06,522.0,,original
2013-11-07,523.0,,original
2013-11-08,520.0,,original
2013-11-09,520.0,,original
2013-11-10,520.0,,original
2013-11-11,520.0,,original
2013-11-12,518.0,,original
2013-11-13,518.0,,original
2013-11-14,519.0,,original
2013-11-15,519.0,,original
2013-11-16,519.0,,original
2013-11-17,519.0,,original
2013-11-18,544.0,,original
2013-11-19,544.0,,original
2013-11-20,544.0,,original
2013-11-21,544.0,,original
2013-11-22,542.0,,original
2013-11-23,542.0,,original
2013-11-24,542.0,,original
2013-11-25,540.0,,original
2013-11-26,539.0,,original
2013-11-27,539.0,,original
2013-11-28,539.0,,original
2013-11-29,539.0,,original
2013-11-30,539.0,,original
2013-12-01,539.0,,original
2013-12-02,539.0,,original
2013-12-03,539.0,,original
2013-12-04,537.0,,original
2013-12-05,536.0,,original
2013-12-06,535.0,,original
2013-12-07,535.0,,original
2013-12-08,535.0,,original
2013-12-09,534.0,,original
2013-12-10,535.0,,original
2013-12-11,533.0,,original
2013-12-12,530.0,,original
2013-12-13,530.0,,original
2013-12-14,530.0,,original
2013-12-15,530.0,,original
2013-12-16,529.0,,original
2013-12-17,530.0,,original
2013-12-18,527.0,,original
2013-12-19,524.0,,original
2013-12-20,522.0,,original
2013-12-21,522.0,,original
2013-12-22,522.0,,original
2013-12-23,534.0,,original
2013-12-24,531.0,,original
2013-12-25,531.0,,original
2013-12-26,531.0,,original
2013-12-27,531.0,,original
2013-12-28,531.0,,original
2013-12-29,531.0,,original
2013-12-30,532.0,,original
2013-12-31,530.0,,original
2014-01-01,530.0,,original
2014-01-02,530.0,,original
2014-01-03,528.0,,original
2014-01-04,528.0,,original
2014-01-05,528.0,,original
2014-01-06,555.0,,original
2014-01-07,554.0,,original
2014-01-08,550.0,,original
2014-01-09,550.0,,original
2014-01-10,568.0,,original
2014-01-11,568.0,,original
2014-01-12,568.0,,original
2014-01-13,569.0,,original
2014-01-14,567.0,,original
2014-01-15,564.0,,original
2014-01-16,564.0,,original
2014-01-17,565.0,,original
2014-01-18,565.0,,original
2014-01-19,565.0,,original
2014-01-20,565.0,,original
2014-01-21,565.0,,original
2014-01-22,561.0,,original
2014-01-23,578.0,,original
2014-01-24,592.0,,original
2014-01-25,592.0,,original
2014-01-26,592.0,,original
2014-01-27,606.0,,original
2014-01-28,607.0,,original
2014-01-29,604.0,,original
2014-01-30,604.0,,original
2014-01-31,605.0,,original
2014-02-01,605.0,,original
2014-02-02,605.0,,original
2014-02-03,608.0,,original
2014-02-04,607.0,,original
2014-02-05,605.0,,original
2014-02-06,604.0,,original
2014-02-07,605.0,,original
2014-02-08,605.0,,original
2014-02-09,605.0,,original
2014-02-10,604.0,,original
2014-02-11,602.0,,original
2014-02-12,600.0,,original
2014-02-13,617.0,,original
2014-02-14,616.0,,original
2014-02-15,616.0,,original
2014-02-16,616.0,,original
2014-02-17,616.0,,original
2014-02-18,617.0,,original
2014-02-19,615.0,,original
2014-02-20,614.0,,original
2014-02-21,614.0,,original
2014-02-22,614.0,,original
2014-02-23,614.0,,original
2014-02-24,613.0,,original
2014-02-25,613.0,,original
2014-02-26,610.0,,original
2014-02-27,610.0,,original
2014-02-28,609.0,,original
2014-03-01,609.0,,original
2014-03-02,609.0,,original
2014-03-03,611.0,,original
2014-03-04,608.0,,original
2014-03-05,607.0,,original
2014-03-06,576.0,,original
2014-03-07,574.0,,original
2014-03-08,574.0,,original
2014-03-09,574.0,,original
2014-03-10,573.0,,original
2014-03-11,573.0,,original
2014-03-12,558.0,,original
2014-03-13,560.0,,original
2014-03-14,544.0,,original
2014-03-15,544.0,,original
2014-03-16,544.0,,original
2014-03-17,525.0,,original
2014-03-18,531.0,,original
2014-03-19,519.0,,original
2014-03-20,535.0,,original
2014-03-21,535.0,,original
2014-03-22,535.0,,original
2014-03-23,535.0,,original
2014-03-24,533.0,,original
2014-03-25,528.0,,original
2014-03-26,519.0,,original
2014-03-27,507.0,,original
2014-03-28,506.0,,original
2014-03-29,506.0,,original
2014-03-30,506.0,,original
2014-03-31,508.0,,original
2014-04-01,498.0,,original
2014-04-02,503.0,,original
2014-04-03,504.0,,original
2014-04-04,506.0,,original
2014-04-05,506.0,,original
2014-04-06,506.0,,original
2014-04-07,501.0,,original
2014-04-08,500.0,,original
2014-04-09,501.0,,original
2014-04-10,472.0,,original
2014-04-11,470.0,,original
2014-04-12,470.0,,original
2014-04-13,470.0,,original
2014-04-14,469.0,,original
2014-04-15,467.0,,original
2014-04-16,466.0,,original
2014-04-17,433.0,,original
2014-04-18,433.0,,original
2014-04-19,433.0,,original
2014-04-20,433.0,,original
2014-04-21,433.0,,original
2014-04-22,431.0,,original
2014-04-23,426.0,,original
2014-04-24,426.0,,original
2014-04-25,395.0,,original
2014-04-26,395.0,,original
2014-04-27,395.0,,original
2014-04-28,394.0,,original
2014-04-29,393.0,,original
2014-04-30,361.0,,original
2014-05-01,361.0,,original
2014-05-02,344.0,,original
2014-05-03,344.0,,original
2014-05-04,344.0,,original
2014-05-05,344.0,,original
2014-05-06,343.0,,original
2014-05-07,342.0,,original
2014-05-08,343.0,,original
2014-05-09,342.0,,original
2014-05-10,342.0,,original
2014-05-11,342.0,,original
2014-05-12,340.0,,original
2014-05-13,340.0,,original
2014-05-14,339.0,,original
2014-05-15,339.0,,original
2014-05-16,337.0,,original
2014-05-17,337.0,,original
2014-05-18,337.0,,original
2014-05-19,354.0,,original
2014-05-20,353.0,,original
2014-05-21,365.0,,original
2014-05-22,380.0,,original
2014-05-23,379.0,,original
2014-05-24,379.0,,original
2014-05-25,379.0,,original
2014-05-26,379.0,,original
2014-05-27,378.0,,original
2014-05-28,375.0,,original
2014-05-29,373.0,,original
2014-05-30,372.0,,original
2014-05-31,372.0,,original
2014-06-01,372.0,,original
2014-06-02,370.0,,original
2014-06-03,369.0,,original
2014-06-04,367.0,,original
2014-06-05,367.0,,original
2014-06-06,365.0,,original
2014-06-07,365.0,,original
2014-06-08,365.0,,original
2014-06-09,363.0,,original
2014-06-10,361.0,,original
2014-06-11,360.0,,original
2014-06-12,360.0,,original
2014-06-13,357.0,,original
2014-06-14,357.0,,original
2014-06-15,357.0,,original
2014-06-16,355.0,,original
2014-06-17,354.0,,original
2014-06-18,385.0,,original
2014-06-19,385.0,,original
2014-06-20,384.0,,original
2014-06-21,384.0,,original
2014-06-22,384.0,,original
2014-06-23,384.0,,original
2014-06-24,383.0,,original
2014-06-25,377.0,,original
2014-06-26,377.0,,original
2014-06-27,377.0,,original
2014-06-28,377.0,,original
2014-06-29,377.0,,original
2014-06-30,376.0,,original
2014-07-01,406.0,,original
2014-07-02,404.0,,original
2014-07-03,403.0,,original
2014-07-04,403.0,,original
2014-07-05,403.0,,original
2014-07-06,403.0,,original
2014-07-07,402.0,,original
2014-07-08,402.0,,original
2014-07-09,435.0,,original
2014-07-10,437.0,,original
2014-07-11,436.0,,original
2014-07-12,436.0,,original
2014-07-13,436.0,,original
2014-07-14,435.0,,original
2014-07-15,433.0,,original
2014-07-16,430.0,,original
2014-07-17,431.0,,original
2014-07-18,429.0,,original
2014-07-19,429.0,,original
2014-07-20,429.0,,original
2014-07-21,428.0,,original
2014-07-22,428.0,,original
2014-07-23,424.0,,original
2014-07-24,423.0,,original
2014-07-25,422.0,,original
2014-07-26,422.0,,original
2014-07-27,422.0,,original
2014-07-28,421.0,,original
2014-07-29,419.0,,original
2014-07-30,415.0,,original
2014-07-31,415.0,,original
2014-08-01,417.0,,original
2014-08-02,417.0,,original
2014-08-03,417.0,,original
2014-08-04,416.0,,original
2014-08-05,416.0,,original
2014-08-06,407.0,,original
2014-08-07,415.0,,original
2014-08-08,413.0,,original
2014-08-09,413.0,,original
2014-08-10,413.0,,original
2014-08-11,413.0,,original
2014-08-12,412.0,,original
2014-08-13,410.0,,original
2014-08-14,410.0,,original
2014-08-15,409.0,,original
2014-08-16,409.0,,original
2014-08-17,409.0,,original
2014-08-18,408.0,,original
2014-08-19,406.0,,original
2014-08-20,399.0,,original
2014-08-21,400.0,,original
2014-08-22,398.0,,original
2014-08-23,398.0,,original
2014-08-24,398.0,,original
2014-08-25,397.0,,original
2014-08-26,396.0,,original
2014-08-27,393.0,,original
2014-08-28,354.0,,original
2014-08-29,316.0,,original
2014-08-30,316.0,,original
2014-08-31,316.0,,original
2014-09-01,316.0,,original
2014-09-02,313.0,,original
2014-09-03,349.0,,original
2014-09-04,386.0,,original
2014-09-05,289.0,,original
2014-09-06,289.0,,original
2014-09-07,289.0,,original
2014-09-08,385.0,,original
2014-09-09,383.0,,original
2014-09-10,379.0,,original
2014-09-11,379.0,,original
2014-09-12,378.0,,original
2014-09-13,378.0,,original
2014-09-14,378.0,,original
2014-09-15,377.0,,original
2014-09-16,376.0,,original
2014-09-17,370.0,,original
2014-09-18,369.0,,original
2014-09-19,368.0,,original
2014-09-20,368.0,,original
2014-09-21,368.0,,original
2014-09-22,369.0,,original
2014-09-23,369.0,,original
2014-09-24,364.0,,original
2014-09-25,364.0,,original
2014-09-26,362.0,,original
2014-09-27,362.0,,original
2014-09-28,362.0,,original
2014-09-29,361.0,,original
2014-09-30,401.0,,original
2014-10-01,400.0,,original
2014-10-02,399.0,,original
2014-10-03,396.0,,original
2014-10-04,396.0,,original
2014-10-05,396.0,,original
2014-10-06,417.0,,original
2014-10-07,417.0,,original
2014-10-08,414.0,,original
2014-10-09,413.0,,original
2014-10-10,413.0,,original
2014-10-11,413.0,,original
2014-10-12,413.0,,original
2014-10-13,413.0,,original
2014-10-14,414.0,,original
2014-10-15,432.0,,original
2014-10-16,428.0,,original
2014-10-17,427.0,,original
2014-10-18,427.0,,original
2014-10-19,427.0,,original
2014-10-20,427.0,,original
2014-10-21,425.0,,original
2014-10-22,422.0,,original
2014-10-23,420.0,,original
2014-10-24,419.0,,original
2014-10-25,419.0,,original
2014-10-26,419.0,,original
2014-10-27,418.0,,original
2014-10-28,418.0,,original
2014-10-29,413.0,,original
2014-10-30,413.0,,original
2014-10-31,412.0,,original
2014-11-01,412.0,,original
2014-11-02,412.0,,original
2014-11-03,411.0,,original
2014-11-04,546.0,,original
2014-11-05,562.0,,original
2014-11-06,678.0,,original
2014-11-07,586.0,,original
2014-11-08,586.0,,original
2014-11-09,586.0,,original
2014-11-10,585.0,,original
2014-11-11,585.0,,original
2014-11-12,579.0,,original
2014-11-13,578.0,,original
2014-11-14,577.0,,original
2014-11-15,577.0,,original
2014-11-16,577.0,,original
2014-11-17,577.0,,original
2014-11-18,577.0,,original
2014-11-19,571.0,,original
2014-11-20,574.0,,original
2014-11-21,574.0,,original
2014-11-22,574.0,,original
2014-11-23,574.0,,original
2014-11-24,563.0,,original
2014-11-25,569.0,,original
2014-11-26,550.0,,original
2014-11-27,550.0,,original
2014-11-28,550.0,,original
2014-11-29,550.0,,original
2014-11-30,550.0,,original
2014-12-01,607.0,,original
2014-12-02,603.0,,original
2014-12-03,599.0,,original
2014-12-04,605.0,,original
2014-12-05,617.0,,original
2014-12-06,617.0,,original
2014-12-07,617.0,,original
2014-12-08,658.0,,original
2014-12-09,693.0,,original
2014-12-10,751.0,,original
2014-12-11,881.0,,original
2014-12-12,947.0,,original
2014-12-13,947.0,,original
2014-12-14,947.0,,original
2014-12-15,1010.0,,original
2014-12-16,1111.0,,original
2014-12-17,1017.0,,original
2014-12-18,924.0,,original
2014-12-19,898.0,,original
2014-12-20,898.0,,original
2014-12-21,898.0,,original
2014-12-22,878.0,,original
2014-12-23,846.0,,original
2014-12-24,858.0,,original
2014-12-25,858.0,,original
2014-12-26,875.0,,original
2014-12-27,875.0,,original
2014-12-28,875.0,,original
2014-12-29,862.0,,original
2014-12-30,881.0,,original
2014-12-31,883.0,,original
2015-01-01,883.0,,original
2015-01-02,887.0,,original
2015-01-03,887.0,,original
2015-01-04,887.0,,original
2015-01-05,994.0,,original
2015-01-06,1010.0,,original
2015-01-07,977.0,,original
2015-01-08,947.0,,original
2015-01-09,949.0,,original
2015-01-10,949.0,,original
2015-01-11,949.0,,original
2015-01-12,986.0,,original
2015-01-13,993.0,,original
2015-01-14,986.0,,original
2015-01-15,963.0,,original
2015-01-16,953.0,,original
2015-01-17,953.0,,original
2015-01-18,953.0,,original
2015-01-19,953.0,,original
2015-01-20,953.0,,original
2015-01-21,920.0,,original
2015-01-22,918.0,,original
2015-01-23,897.0,,original
2015-01-24,897.0,,original
2015-01-25,897.0,,original
2015-01-26,893.0,,original
2015-01-27,935.0,,original
2015-01-28,909.0,,original
2015-01-29,899.0,,original
2015-01-30,887.0,,original
2015-01-31,887.0,,original
2015-02-01,887.0,,original
2015-02-02,881.0,,original
2015-02-03,782.0,,original
2015-02-04,805.0,,original
2015-02-05,788.0,,original
2015-02-06,760.0,,original
2015-02-07,760.0,,original
2015-02-08,760.0,,original
2015-02-09,762.0,,original
2015-02-10,774.0,,original
2015-02-11,819.0,,original
2015-02-12,799.0,,original
2015-02-13,773.0,,original
2015-02-14,773.0,,original
2015-02-15,773.0,,original
2015-02-16,773.0,,original
2015-02-17,769.0,,original
2015-02-18,762.0,,original
2015-02-19,752.0,,original
2015-02-20,745.0,,original
2015-02-21,745.0,,original
2015-02-22,745.0,,original
2015-02-23,765.0,,original
2015-02-24,773.0,,original
2015-02-25,770.0,,original
2015-02-26,764.0,,original
2015-02-27,763.0,,original
2015-02-28,763.0,,original
2015-03-01,763.0,,original
2015-03-02,759.0,,original
2015-03-03,743.0,,original
2015-03-04,743.0,,original
2015-03-05,741.0,,original
2015-03-06,728.0,,original
2015-03-07,728.0,,original
2015-03-08,728.0,,original
2015-03-09,733.0,,original
2015-03-10,755.0,,original
2015-03-11,764.0,,original
2015-03-12,775.0,,original
2015-03-13,797.0,,original
2015-03-14,797.0,,original
2015-03-15,797.0,,original
2015-03-16,814.0,,original
2015-03-17,845.0,,original
2015-03-18,842.0,,original
2015-03-19,864.0,,original
2015-03-20,840.0,,original
2015-03-21,840.0,,original
2015-03-22,840.0,,original
2015-03-23,844.0,,original
2015-03-24,835.0,,original
2015-03-25,826.0,,original
2015-03-26,824.0,,original
2015-03-27,837.0,,original
2015-03-28,837.0,,original
2015-03-29,837.0,,original
2015-03-30,844.0,,original
2015-03-31,865.0,,original
2015-04-01,868.0,,original
2015-04-02,868.0,,original
2015-04-03,874.0,,original
2015-04-04,874.0,,original
2015-04-05,874.0,,original
2015-04-06,867.0,,original
2015-04-07,858.0,,original
2015-04-08,856.0,,original
2015-04-09,836.0,,original
2015-04-10,825.0,,original
2015-04-11,825.0,,original
2015-04-12,825.0,,original
2015-04-13,805.0,,original
2015-04-14,787.0,,original
2015-04-15,769.0,,original
2015-04-16,759.0,,original
2015-04-17,766.0,,original
2015-04-18,766.0,,original
2015-04-19,766.0,,original
2015-04-20,750.0,,original
2015-04-21,744.0,,original
2015-04-22,733.0,,original
2015-04-23,715.0,,original
2015-04-24,701.0,,original
2015-04-25,701.0,,original
2015-04-26,701.0,,original
2015-04-27,704.0,,original
2015-04-28,702.0,,original
2015-04-29,691.0,,original
2015-04-30,672.0,,original
2015-05-01,671.0,,original
2015-05-02,671.0,,original
2015-05-03,671.0,,original
2015-05-04,665.0,,original
2015-05-05,644.0,,original
2015-05-06,627.0,,original
2015-05-07,637.0,,original
2015-05-08,628.0,,original
2015-05-09,628.0,,original
2015-05-10,628.0,,original
2015-05-11,614.0,,original
2015-05-12,625.0,,original
2015-05-13,618.0,,original
2015-05-14,649.0,,original
2015-05-15,670.0,,original
2015-05-16,670.0,,original
2015-05-17,670.0,,original
2015-05-18,667.0,,original
2015-05-19,689.0,,original
2015-05-20,682.0,,original
2015-05-21,684.0,,original
2015-05-22,683.0,,original
2015-05-23,683.0,,original
2015-05-24,683.0,,original
2015-05-25,683.0,,original
2015-05-26,700.0,,original
2015-05-27,704.0,,original
2015-05-28,738.0,,original
2015-05-29,735.0,,original
2015-05-30,735.0,,original
2015-05-31,735.0,,original
2015-06-01,730.0,,original
2015-06-02,732.0,,original
2015-06-03,740.0,,original
2015-06-04,755.0,,original
2015-06-05,775.0,,original
2015-06-06,775.0,,original
2015-06-07,775.0,,original
2015-06-08,792.0,,original
2015-06-09,781.0,,original
2015-06-10,748.0,,original
2015-06-11,757.0,,original
2015-06-12,755.0,,original
2015-06-13,755.0,,original
2015-06-14,755.0,,original
2015-06-15,768.0,,original
2015-06-16,788.0,,original
2015-06-17,795.0,,original
2015-06-18,785.0,,original
2015-06-19,798.0,,original
2015-06-20,798.0,,original
2015-06-21,798.0,,original
2015-06-22,783.0,,original
2015-06-23,781.0,,original
2015-06-24,771.0,,original
2015-06-25,788.0,,original
2015-06-26,791.0,,original
2015-06-27,791.0,,original
2015-06-28,791.0,,original
2015-06-29,821.0,,original
2015-06-30,824.0,,original
2015-07-01,826.0,,original
2015-07-02,831.0,,original
2015-07-03,831.0,,original
2015-07-04,831.0,,original
2015-07-05,831.0,,original
2015-07-06,896.0,,original
2015-07-07,894.0,,original
2015-07-08,909.0,,original
2015-07-09,865.0,,original
2015-07-10,852.0,,original
2015-07-11,852.0,,original
2015-07-12,852.0,,original
2015-07-13,851.0,,original
2015-07-14,862.0,,original
2015-07-15,899.0,,original
2015-07-16,896.0,,original
2015-07-17,895.0,,original
2015-07-18,895.0,,original
2015-07-19,895.0,,original
2015-07-20,904.0,,original
2015-07-21,909.0,,original
2015-07-22,926.0,,original
2015-07-23,948.0,,original
2015-07-24,959.0,,original
2015-07-25,959.0,,original
2015-07-26,959.0,,original
2015-07-27,975.0,,original
2015-07-28,979.0,,original
2015-07-29,971.0,,original
2015-07-30,965.0,,original
2015-07-31,980.0,,original
2015-08-01,980.0,,original
2015-08-02,980.0,,original
2015-08-03,990.0,,original
2015-08-04,988.0,,original
2015-08-05,985.0,,original
2015-08-06,1019.0,,original
2015-08-07,1043.0,,original
2015-08-08,1043.0,,original
2015-08-09,1043.0,,original
2015-08-10,1038.0,,original
2015-08-11,1073.0,,original
2015-08-12,1105.0,,original
2015-08-13,1107.0,,original
2015-08-14,1132.0,,original
2015-08-15,1132.0,,original
2015-08-16,1132.0,,original
2015-08-17,1150.0,,original
2015-08-18,1157.0,,original
2015-08-19,1193.0,,original
2015-08-20,1240.0,,original
2015-08-21,1270.0,,original
2015-08-22,1270.0,,original
2015-08-23,1270.0,,original
2015-08-24,1336.0,,original
2015-08-25,1315.0,,original
2015-08-26,1331.0,,original
2015-08-27,1332.0,,original
2015-08-28,1360.0,,original
2015-08-29,1360.0,,original
2015-08-30,1360.0,,original
2015-08-31,1344.0,,original
2015-09-01,1348.0,,original
2015-09-02,1358.0,,original
2015-09-03,1350.0,,original
2015-09-04,1362.0,,original
2015-09-05,1362.0,,original
2015-09-06,1362.0,,original
2015-09-07,1362.0,,original
2015-09-08,1330.0,,original
2015-09-09,1347.0,,original
2015-09-10,1334.0,,original
2015-09-11,1338.0,,original
2015-09-12,1338.0,,original
2015-09-13,1338.0,,original
2015-09-14,1351.0,,original
2015-09-15,1342.0,,original
2015-09-16,1299.0,,original
2015-09-17,1249.0,,original
2015-09-18,1264.0,,original
2015-09-19,1264.0,,original
2015-09-20,1264.0,,original
2015-09-21,1284.0,,original
2015-09-22,1314.0,,original
2015-09-23,1332.0,,original
2015-09-24,1361.0,,original
2015-09-25,1372.0,,original
2015-09-26,1372.0,,original
2015-09-27,1372.0,,original
2015-09-28,1404.0,,original
2015-09-29,1445.0,,original
2015-09-30,1451.0,,original
2015-10-01,1498.0,,original
2015-10-02,1494.0,,original
2015-10-03,1494.0,,original
2015-10-04,1494.0,,original
2015-10-05,1458.0,,original
2015-10-06,1439.0,,original
2015-10-07,1418.0,,original
2015-10-08,1419.0,,original
2015-10-09,1385.0,,original
2015-10-10,1385.0,,original
2015-10-11,1385.0,,original
2015-10-12,1385.0,,original
2015-10-13,1386.0,,original
2015-10-14,1377.0,,original
2015-10-15,1334.0,,original
2015-10-16,1289.0,,original
2015-10-17,1289.0,,original
2015-10-18,1289.0,,original
2015-10-19,1266.0,,original
2015-10-20,1254.0,,original
2015-10-21,1257.0,,original
2015-10-22,1222.0,,original
2015-10-23,1225.0,,original
2015-10-24,1225.0,,original
2015-10-25,1225.0,,original
2015-10-26,1240.0,,original
2015-10-27,1257.0,,original
2015-10-28,1232.0,,original
2015-10-29,1235.0,,original
2015-10-30,1252.0,,original
2015-10-31,1252.0,,original
2015-11-01,1252.0,,original
2015-11-02,1212.0,,original
2015-11-03,1196.0,,original
2015-11-04,1171.0,,original
2015-11-05,1171.0,,original
2015-11-06,1173.0,,original
2015-11-07,1173.0,,original
2015-11-08,1173.0,,original
2015-11-09,1175.0,,original
2015-11-10,1179.0,,original
2015-11-11,1179.0,,original
2015-11-12,1218.0,,original
2015-11-13,1259.0,,original
2015-11-14,1259.0,,original
2015-11-15,1259.0,,original
2015-11-16,1270.0,,original
2015-11-17,1283.0,,original
2015-11-18,1278.0,,original
2015-11-19,1253.0,,original
2015-11-20,1236.0,,original
2015-11-21,1236.0,,original
2015-11-22,1236.0,,original
2015-11-23,1218.0,,original
2015-11-24,1172.0,,original
2015-11-25,1182.0,,original
2015-11-26,1182.0,,original
2015-11-27,1192.0,,original
2015-11-28,1192.0,,original
2015-11-29,1192.0,,original
2015-11-30,1207.0,,original
2015-12-01,1190.0,,original
2015-12-02,1176.0,,original
2015-12-03,1160.0,,original
2015-12-04,1149.0,,original
2015-12-05,1149.0,,original
2015-12-06,1149.0,,original
2015-12-07,1164.0,,original
2015-12-08,1202.0,,original
2015-12-09,1213.0,,original
2015-12-10,1234.0,,original
2015-12-11,1269.0,,original
2015-12-12,1269.0,,original
2015-12-13,1269.0,,original
2015-12-14,1260.0,,original
2015-12-15,1210.0,,original
2015-12-16,1232.0,,original
2015-12-17,1237.0,,original
2015-12-18,1259.0,,original
2015-12-19,1259.0,,original
2015-12-20,1259.0,,original
2015-12-21,1294.0,,original
2015-12-22,1284.0,,original
2015-12-23,1270.0,,original
2015-12-24,1267.0,,original
2015-12-25,1267.0,,original
2015-12-26,1267.0,,original
2015-12-27,1267.0,,original
2015-12-28,1267.0,,original
2015-12-29,1260.0,,original
2015-12-30,1262.0,,original
2015-12-31,1266.0,,original
2016-01-01,1266.0,,original
2016-01-02,1266.0,,original
2016-01-03,1266.0,,original
2016-01-04,1295.0,,original
2016-01-05,1329.0,,original
2016-01-06,1378.0,,original
2016-01-07,1423.0,,original
2016-01-08,1449.0,,original
2016-01-09,1449.0,,original
2016-01-10,1449.0,,original
2016-01-11,1500.0,,original
2016-01-12,1574.0,,original
2016-01-13,1590.0,,original
2016-01-14,1639.0,,original
2016-01-15,1678.0,,original
2016-01-16,1678.0,,original
2016-01-17,1678.0,,original
2016-01-18,1678.0,,original
2016-01-19,1692.0,,original
2016-01-20,1703.0,,original
2016-01-21,1639.0,,original
2016-01-22,1570.0,,original
2016-01-23,1570.0,,original
2016-01-24,1570.0,,original
2016-01-25,1592.0,,original
2016-01-26,1573.0,,original
2016-01-27,1555.0,,original
2016-01-28,1490.0,,original
2016-01-29,1509.0,,original
2016-01-30,1509.0,,original
2016-01-31,1509.0,,original
2016-02-01,1536.0,,original
2016-02-02,1573.0,,original
2016-02-03,1565.0,,original
2016-02-04,1595.0,,original
2016-02-05,1603.0,,original
2016-02-06,1603.0,,original
2016-02-07,1603.0,,original
2016-02-08,1639.0,,original
2016-02-09,1637.0,,original
2016-02-10,1693.0,,original
2016-02-11,1733.0,,original
2016-02-12,1702.0,,original
2016-02-13,1702.0,,original
2016-02-14,1702.0,,original
2016-02-15,1702.0,,original
2016-02-16,1659.0,,original
2016-02-17,1583.0,,original
2016-02-18,1555.0,,original
2016-02-19,1542.0,,original
2016-02-20,1542.0,,original
2016-02-21,1542.0,,original
2016-02-22,1483.0,,original
2016-02-23,1472.0,,original
2016-02-24,1464.0,,original
2016-02-25,1451.0,,original
2016-02-26,1405.0,,original
2016-02-27,1405.0,,original
2016-02-28,1405.0,,original
2016-02-29,1391.0,,original
2016-03-01,1352.0,,original
2016-03-02,1346.0,,original
2016-03-03,1340.0,,original
2016-03-04,1329.0,,original
2016-03-05,1329.0,,original
2016-03-06,1329.0,,original
2016-03-07,1295.0,,original
2016-03-08,1299.0,,original
2016-03-09,1278.0,,original
2016-03-10,1274.0,,original
2016-03-11,1252.0,,original
2016-03-12,1252.0,,original
2016-03-13,1252.0,,original
2016-03-14,1232.0,,original
2016-03-15,1209.0,,original
2016-03-16,1138.0,,original
2016-03-17,1084.0,,original
2016-03-18,996.0,,original
2016-03-19,996.0,,original
2016-03-20,996.0,,original
2016-03-21,1034.0,,original
2016-03-22,1064.0,,original
2016-03-23,1094.0,,original
2016-03-24,1132.0,,original
2016-03-25,1132.0,,original
2016-03-26,1132.0,,original
2016-03-27,1132.0,,original
2016-03-28,1132.0,,original
2016-03-29,1171.0,,original
2016-03-30,1136.0,,original
2016-03-31,1058.0,,original
2016-04-01,1075.0,,original
2016-04-02,1075.0,,original
2016-04-03,1075.0,,original
2016-04-04,1076.0,,original
2016-04-05,1103.0,,original
2016-04-06,1107.0,,original
2016-04-07,1128.0,,original
2016-04-08,1127.0,,original
2016-04-09,1127.0,,original
2016-04-10,1127.0,,original
2016-04-11,1119.0,,original
2016-04-12,1102.0,,original
2016-04-13,1103.0,,original
2016-04-14,1101.0,,original
2016-04-15,1108.0,,original
2016-04-16,1108.0,,original
2016-04-17,1108.0,,original
2016-04-18,1145.0,,original
2016-04-19,1101.0,,original
2016-04-20,1086.0,,original
2016-04-21,1064.0,,original
2016-04-22,1064.0,,original
2016-04-23,1064.0,,original
2016-04-24,1064.0,,original
2016-04-25,1046.0,,original
2016-04-26,1030.0,,original
2016-04-27,1024.0,,original
2016-04-28,959.0,,original
2016-04-29,941.0,,original
2016-04-30,941.0,,original
2016-05-01,941.0,,original
2016-05-02,938.0,,original
2016-05-03,931.0,,original
2016-05-04,958.0,,original
2016-05-05,955.0,,original
2016-05-06,949.0,,original
2016-05-07,949.0,,original
2016-05-08,949.0,,original
2016-05-09,960.0,,original
2016-05-10,958.0,,original
2016-05-11,953.0,,original
2016-05-12,942.0,,original
2016-05-13,926.0,,original
2016-05-14,926.0,,original
2016-05-15,926.0,,original
2016-05-16,906.0,,original
2016-05-17,904.0,,original
2016-05-18,882.0,,original
2016-05-19,891.0,,original
2016-05-20,890.0,,original
2016-05-21,890.0,,original
2016-05-22,890.0,,original
2016-05-23,894.0,,original
2016-05-24,882.0,,original
2016-05-25,870.0,,original
2016-05-26,868.0,,original
2016-05-27,861.0,,original
2016-05-28,861.0,,original
2016-05-29,861.0,,original
2016-05-30,861.0,,original
2016-05-31,855.0,,original
2016-06-01,856.0,,original
2016-06-02,862.0,,original
2016-06-03,875.0,,original
2016-06-04,875.0,,original
2016-06-05,875.0,,original
2016-06-06,864.0,,original
2016-06-07,863.0,,original
2016-06-08,861.0,,original
2016-06-09,862.0,,original
2016-06-10,863.0,,original
2016-06-11,863.0,,original
2016-06-12,863.0,,original
2016-06-13,879.0,,original
2016-06-14,879.0,,original
2016-06-15,912.0,,original
2016-06-16,922.0,,original
2016-06-17,919.0,,original
2016-06-18,919.0,,original
2016-06-19,919.0,,original
2016-06-20,914.0,,original
2016-06-21,913.0,,original
2016-06-22,904.0,,original
2016-06-23,899.0,,original
2016-06-24,917.0,,original
2016-06-25,917.0,,original
2016-06-26,917.0,,original
2016-06-27,937.0,,original
2016-06-28,928.0,,original
2016-06-29,911.0,,original
2016-06-30,913.0,,original
2016-07-01,908.0,,original
2016-07-02,908.0,,original
2016-07-03,908.0,,original
2016-07-04,908.0,,original
2016-07-05,902.0,,original
2016-07-06,900.0,,original
2016-07-07,899.0,,original
2016-07-08,899.0,,original
2016-07-09,899.0,,original
2016-07-10,899.0,,original
2016-07-11,886.0,,original
2016-07-12,869.0,,original
2016-07-13,867.0,,original
2016-07-14,874.0,,original
2016-07-15,866.0,,original
2016-07-16,866.0,,original
2016-07-17,866.0,,original
2016-07-18,861.0,,original
2016-07-19,861.0,,original
2016-07-20,868.0,,original
2016-07-21,870.0,,original
2016-07-22,858.0,,original
2016-07-23,858.0,,original
2016-07-24,858.0,,original
2016-07-25,856.0,,original
2016-07-26,875.0,,original
2016-07-27,881.0,,original
2016-07-28,883.0,,original
2016-07-29,877.0,,original
2016-07-30,877.0,,original
2016-07-31,877.0,,original
2016-08-01,885.0,,original
2016-08-02,883.0,,original
2016-08-03,883.0,,original
2016-08-04,887.0,,original
2016-08-05,878.0,,original
2016-08-06,878.0,,original
2016-08-07,878.0,,original
2016-08-08,878.0,,original
2016-08-09,872.0,,original
2016-08-10,884.0,,original
2016-08-11,877.0,,original
2016-08-12,882.0,,original
2016-08-13,882.0,,original
2016-08-14,882.0,,original
2016-08-15,869.0,,original
2016-08-16,859.0,,original
2016-08-17,866.0,,original
2016-08-18,850.0,,original
2016-08-19,850.0,,original
2016-08-20,850.0,,original
2016-08-21,850.0,,original
2016-08-22,855.0,,original
2016-08-23,851.0,,original
2016-08-24,852.0,,original
2016-08-25,842.0,,original
2016-08-26,841.0,,original
2016-08-27,841.0,,original
2016-08-28,841.0,,original
2016-08-29,858.0,,original
2016-08-30,858.0,,original
2016-08-31,863.0,,original
2016-09-01,863.0,,original
2016-09-02,856.0,,original
2016-09-03,856.0,,original
2016-09-04,856.0,,original
2016-09-05,856.0,,original
2016-09-06,867.0,,original
2016-09-07,856.0,,original
2016-09-08,843.0,,original
2016-09-09,856.0,,original
2016-09-10,856.0,,original
2016-09-11,856.0,,original
2016-09-12,863.0,,original
2016-09-13,862.0,,original
2016-09-14,872.0,,original
2016-09-15,877.0,,original
2016-09-16,879.0,,original
2016-09-17,879.0,,original
2016-09-18,879.0,,original
2016-09-19,871.0,,original
2016-09-20,865.0,,original
2016-09-21,851.0,,original
2016-09-22,830.0,,original
2016-09-23,830.0,,original
2016-09-24,830.0,,original
2016-09-25,830.0,,original
2016-09-26,827.0,,original
2016-09-27,879.0,,original
2016-09-28,871.0,,original
2016-09-29,848.0,,original
2016-09-30,845.0,,original
2016-10-01,845.0,,original
2016-10-02,845.0,,original
2016-10-03,840.0,,original
2016-10-04,826.0,,original
2016-10-05,812.0,,original
2016-10-06,803.0,,original
2016-10-07,806.0,,original
2016-10-08,806.0,,original
2016-10-09,806.0,,original
2016-10-10,806.0,,original
2016-10-11,798.0,,original
2016-10-12,795.0,,original
2016-10-13,794.0,,original
2016-10-14,783.0,,original
2016-10-15,783.0,,original
2016-10-16,783.0,,original
2016-10-17,775.0,,original
2016-10-18,762.0,,original
2016-10-19,757.0,,original
2016-10-20,746.0,,original
2016-10-21,737.0,,original
2016-10-22,737.0,,original
2016-10-23,737.0,,original
2016-10-24,729.0,,original
2016-10-25,714.0,,original
2016-10-26,716.0,,original
2016-10-27,717.0,,original
2016-10-28,721.0,,original
2016-10-29,721.0,,original
2016-10-30,721.0,,original
2016-10-31,743.0,,original
2016-11-01,746.0,,original
2016-11-02,766.0,,original
2016-11-03,772.0,,original
2016-11-04,784.0,,original
2016-11-05,784.0,,original
2016-11-06,784.0,,original
2016-11-07,776.0,,original
2016-11-08,759.0,,original
2016-11-09,746.0,,original
2016-11-10,767.0,,original
2016-11-11,767.0,,original
2016-11-12,767.0,,original
2016-11-13,767.0,,original
2016-11-14,849.0,,original
2016-11-15,783.0,,original
2016-11-16,794.0,,original
2016-11-17,781.0,,original
2016-11-18,759.0,,original
2016-11-19,759.0,,original
2016-11-20,759.0,,original
2016-11-21,747.0,,original
2016-11-22,746.0,,original
2016-11-23,745.0,,original
2016-11-24,745.0,,original
2016-11-25,746.0,,original
2016-11-26,746.0,,original
2016-11-27,746.0,,original
2016-11-28,735.0,,original
2016-11-29,746.0,,original
2016-11-30,736.0,,original
2016-12-01,724.0,,original
2016-12-02,728.0,,original
2016-12-03,728.0,,original
2016-12-04,728.0,,original
2016-12-05,712.0,,original
2016-12-06,704.0,,original
2016-12-07,692.0,,original
2016-12-08,698.0,,original
2016-12-09,679.0,,original
2016-12-10,679.0,,original
2016-12-11,679.0,,original
2016-12-12,669.0,,original
2016-12-13,658.0,,original
2016-12-14,657.0,,original
2016-12-15,662.0,,original
2016-12-16,662.0,,original
2016-12-17,662.0,,original
2016-12-18,662.0,,original
2016-12-19,664.0,,original
2016-12-20,656.0,,original
2016-12-21,656.0,,original
2016-12-22,636.0,,original
2016-12-23,650.0,,original
2016-12-24,650.0,,original
2016-12-25,650.0,,original
2016-12-26,650.0,,original
2016-12-27,632.0,,original
2016-12-28,631.0,,original
2016-12-29,636.0,,original
2016-12-30,647.0,,original
2016-12-31,647.0,,original
2017-01-01,647.0,,original
2017-01-02,647.0,,original
2017-01-03,639.0,,original
2017-01-04,614.0,,original
2017-01-05,609.0,,original
2017-01-06,601.0,,original
2017-01-07,601.0,,original
2017-01-08,601.0,,original
2017-01-09,595.0,,original
2017-01-10,608.0,,original
2017-01-11,615.0,,original
2017-01-12,614.0,,original
2017-01-13,610.0,,original
2017-01-14,610.0,,original
2017-01-15,610.0,,original
2017-01-16,610.0,,original
2017-01-17,614.0,,original
2017-01-18,616.0,,original
2017-01-19,619.0,,original
2017-01-20,629.0,,original
2017-01-21,629.0,,original
2017-01-22,629.0,,original
2017-01-23,633.0,,original
2017-01-24,610.0,,original
2017-01-25,607.0,,original
2017-01-26,601.0,,original
2017-01-27,589.0,,original
2017-01-28,589.0,,original
2017-01-29,589.0,,original
2017-01-30,583.0,,original
2017-01-31,590.0,,original
2017-02-01,586.0,,original
2017-02-02,574.0,,original
2017-02-03,617.0,,original
2017-02-04,617.0,,original
2017-02-05,617.0,,original
2017-02-06,633.0,,original
2017-02-07,649.0,,original
2017-02-08,653.0,,original
2017-02-09,635.0,,original
2017-02-10,628.0,,original
2017-02-11,628.0,,original
2017-02-12,628.0,,original
2017-02-13,624.0,,original
2017-02-14,607.0,,original
2017-02-15,613.0,,original
2017-02-16,609.0,,original
2017-02-17,617.0,,original
2017-02-18,617.0,,original
2017-02-19,617.0,,original
2017-02-20,617.0,,original
2017-02-21,592.0,,original
2017-02-22,568.0,,original
2017-02-23,578.0,,original
2017-02-24,596.0,,original
2017-02-25,596.0,,original
2017-02-26,596.0,,original
2017-02-27,576.0,,original
2017-02-28,572.0,,original
2017-03-01,573.0,,original
2017-03-02,580.0,,original
2017-03-03,578.0,,original
2017-03-04,578.0,,original
2017-03-05,578.0,,original
2017-03-06,575.0,,original
2017-03-07,570.0,,original
2017-03-08,590.0,,original
2017-03-09,605.0,,original
2017-03-10,603.0,,original
2017-03-11,603.0,,original
2017-03-12,603.0,,original
2017-03-13,599.0,,original
2017-03-14,610.0,,original
2017-03-15,609.0,,original
2017-03-16,590.0,,original
2017-03-17,587.0,,original
2017-03-18,587.0,,original
2017-03-19,587.0,,original
2017-03-20,605.0,,original
2017-03-21,624.0,,original
2017-03-22,665.0,,original
2017-03-23,666.0,,original
2017-03-24,662.0,,original
2017-03-25,662.0,,original
2017-03-26,662.0,,original
2017-03-27,655.0,,original
2017-03-28,646.0,,original
2017-03-29,655.0,,original
2017-03-30,658.0,,original
2017-03-31,666.0,,original
2017-04-01,666.0,,original
2017-04-02,666.0,,original
2017-04-03,700.0,,original
2017-04-04,710.0,,original
2017-04-05,707.0,,original
2017-04-06,711.0,,original
2017-04-07,704.0,,original
2017-04-08,704.0,,original
2017-04-09,704.0,,original
2017-04-10,704.0,,original
2017-04-11,708.0,,original
2017-04-12,711.0,,original
2017-04-13,716.0,,original
2017-04-14,716.0,,original
2017-04-15,716.0,,original
2017-04-16,716.0,,original
2017-04-17,715.0,,original
2017-04-18,726.0,,original
2017-04-19,729.0,,original
2017-04-20,733.0,,original
2017-04-21,730.0,,original
2017-04-22,730.0,,original
2017-04-23,730.0,,original
2017-04-24,722.0,,original
2017-04-25,697.0,,original
2017-04-26,680.0,,original
2017-04-27,689.0,,original
2017-04-28,667.0,,original
2017-04-29,667.0,,original
2017-04-30,667.0,,original
2017-05-01,663.0,,original
2017-05-02,663.0,,original
2017-05-03,659.0,,original
2017-05-04,675.0,,original
2017-05-05,674.0,,original
2017-05-06,674.0,,original
2017-05-07,674.0,,original
2017-05-08,665.0,,original
2017-05-09,671.0,,original
2017-05-10,661.0,,original
2017-05-11,657.0,,original
2017-05-12,663.0,,original
2017-05-13,663.0,,original
2017-05-14,663.0,,original
2017-05-15,646.0,,original
2017-05-16,656.0,,original
2017-05-17,671.0,,original
2017-05-18,675.0,,original
2017-05-19,671.0,,original
2017-05-20,671.0,,original
2017-05-21,671.0,,original
2017-05-22,669.0,,original
2017-05-23,663.0,,original
2017-05-24,650.0,,original
2017-05-25,658.0,,original
2017-05-26,658.0,,original
2017-05-27,658.0,,original
2017-05-28,658.0,,original
2017-05-29,658.0,,original
2017-05-30,675.0,,original
2017-05-31,694.0,,original
2017-06-01,689.0,,original
2017-06-02,695.0,,original
2017-06-03,695.0,,original
2017-06-04,695.0,,original
2017-06-05,694.0,,original
2017-06-06,690.0,,original
2017-06-07,693.0,,original
2017-06-08,698.0,,original
2017-06-09,703.0,,original
2017-06-10,703.0,,original
2017-06-11,703.0,,original
2017-06-12,696.0,,original
2017-06-13,698.0,,original
2017-06-14,702.0,,original
2017-06-15,700.0,,original
2017-06-16,714.0,,original
2017-06-17,714.0,,original
2017-06-18,714.0,,original
2017-06-19,713.0,,original
2017-06-20,736.0,,original
2017-06-21,750.0,,original
2017-06-22,753.0,,original
2017-06-23,746.0,,original
2017-06-24,746.0,,original
2017-06-25,746.0,,original
2017-06-26,731.0,,original
2017-06-27,705.0,,original
2017-06-28,706.0,,original
2017-06-29,705.0,,original
2017-06-30,706.0,,original
2017-07-01,706.0,,original
2017-07-02,706.0,,original
2017-07-03,700.0,,original
2017-07-04,700.0,,original
2017-07-05,708.0,,original
2017-07-06,715.0,,original
2017-07-07,716.0,,original
2017-07-08,716.0,,original
2017-07-09,716.0,,original
2017-07-10,717.0,,original
2017-07-11,713.0,,original
2017-07-12,692.0,,original
2017-07-13,680.0,,original
2017-07-14,678.0,,original
2017-07-15,678.0,,original
2017-07-16,678.0,,original
2017-07-17,674.0,,original
2017-07-18,672.0,,original
2017-07-19,672.0,,original
2017-07-20,673.0,,original
2017-07-21,681.0,,original
2017-07-22,681.0,,original
2017-07-23,681.0,,original
2017-07-24,684.0,,original
2017-07-25,673.0,,original
2017-07-26,677.0,,original
2017-07-27,674.0,,original
2017-07-28,675.0,,original
2017-07-29,675.0,,original
2017-07-30,675.0,,original
2017-07-31,673.0,,original
2017-08-01,670.0,,original
2017-08-02,665.0,,original
2017-08-03,656.0,,original
2017-08-04,648.0,,original
2017-08-05,648.0,,original
2017-08-06,648.0,,original
2017-08-07,646.0,,original
2017-08-08,626.0,,original
2017-08-09,628.0,,original
2017-08-10,635.0,,original
2017-08-11,643.0,,original
2017-08-12,643.0,,original
2017-08-13,643.0,,original
2017-08-14,632.0,,original
2017-08-15,633.0,,original
2017-08-16,634.0,,original
2017-08-17,642.0,,original
2017-08-18,639.0,,original
2017-08-19,639.0,,original
2017-08-20,639.0,,original
2017-08-21,640.0,,original
2017-08-22,638.0,,original
2017-08-23,642.0,,original
2017-08-24,636.0,,original
2017-08-25,633.0,,original
2017-08-26,633.0,,original
2017-08-27,633.0,,original
2017-08-28,636.0,,original
2017-08-29,642.0,,original
2017-08-30,640.0,,original
2017-08-31,643.0,,original
2017-09-01,639.0,,original
2017-09-02,639.0,,original
2017-09-03,639.0,,original
2017-09-04,639.0,,original
2017-09-05,649.0,,original
2017-09-06,645.0,,original
2017-09-07,648.0,,original
2017-09-08,642.0,,original
2017-09-09,642.0,,original
2017-09-10,642.0,,original
2017-09-11,634.0,,original
2017-09-12,630.0,,original
2017-09-13,627.0,,original
2017-09-14,624.0,,original
2017-09-15,620.0,,original
2017-09-16,620.0,,original
2017-09-17,620.0,,original
2017-09-18,617.0,,original
2017-09-19,617.0,,original
2017-09-20,616.0,,original
2017-09-21,625.0,,original
2017-09-22,629.0,,original
2017-09-23,629.0,,original
2017-09-24,629.0,,original
2017-09-25,628.0,,original
2017-09-26,628.0,,original
2017-09-27,616.0,,original
2017-09-28,611.0,,original
2017-09-29,606.0,,original
2017-09-30,606.0,,original
2017-10-01,606.0,,original
2017-10-02,597.0,,original
2017-10-03,585.0,,original
2017-10-04,576.0,,original
2017-10-05,574.0,,original
2017-10-06,574.0,,original
2017-10-07,574.0,,original
2017-10-08,574.0,,original
2017-10-09,574.0,,original
2017-10-10,577.0,,original
2017-10-11,577.0,,original
2017-10-12,578.0,,original
2017-10-13,576.0,,original
2017-10-14,576.0,,original
2017-10-15,576.0,,original
2017-10-16,569.0,,original
2017-10-17,563.0,,original
2017-10-18,569.0,,original
2017-10-19,564.0,,original
2017-10-20,562.0,,original
2017-10-21,562.0,,original
2017-10-22,562.0,,original
2017-10-23,560.0,,original
2017-10-24,561.0,,original
2017-10-25,563.0,,original
2017-10-26,565.0,,original
2017-10-27,573.0,,original
2017-10-28,573.0,,original
2017-10-29,573.0,,original
2017-10-30,572.0,,original
2017-10-31,563.0,,original
2017-11-01,548.0,,original
2017-11-02,543.0,,original
2017-11-03,547.0,,original
2017-11-04,547.0,,original
2017-11-05,547.0,,original
2017-11-06,543.0,,original
2017-11-07,558.0,,original
2017-11-08,560.0,,original
2017-11-09,567.0,,original
2017-11-10,562.0,,original
2017-11-11,562.0,,original
2017-11-12,562.0,,original
2017-11-13,561.0,,original
2017-11-14,560.0,,original
2017-11-15,581.0,,original
2017-11-16,557.0,,original
2017-11-17,552.0,,original
2017-11-18,552.0,,original
2017-11-19,552.0,,original
2017-11-20,543.0,,original
2017-11-21,527.0,,original
2017-11-22,517.0,,original
2017-11-23,517.0,,original
2017-11-24,510.0,,original
2017-11-25,510.0,,original
2017-11-26,510.0,,original
2017-11-27,505.0,,original
2017-11-28,508.0,,original
2017-11-29,507.0,,original
2017-11-30,507.0,,original
2017-12-01,507.0,,original
2017-12-02,507.0,,original
2017-12-03,507.0,,original
2017-12-04,496.0,,original
2017-12-05,498.0,,original
2017-12-06,496.0,,original
2017-12-07,488.0,,original
2017-12-08,482.0,,original
2017-12-09,482.0,,original
2017-12-10,482.0,,original
2017-12-11,474.0,,original
2017-12-12,470.0,,original
2017-12-13,473.0,,original
2017-12-14,468.0,,original
2017-12-15,457.0,,original
2017-12-16,457.0,,original
2017-12-17,457.0,,original
2017-12-18,447.0,,original
2017-12-19,449.0,,original
2017-12-20,450.0,,original
2017-12-21,455.0,,original
2017-12-22,455.0,,original
2017-12-23,455.0,,original
2017-12-24,455.0,,original
2017-12-25,455.0,,original
2017-12-26,454.0,,original
2017-12-27,458.0,,original
2017-12-28,456.0,,original
2017-12-29,459.0,,original
2017-12-30,459.0,,original
2017-12-31,459.0,,original
2018-01-01,459.0,,original
2018-01-02,448.0,,original
2018-01-03,442.0,,original
2018-01-04,437.0,,original
2018-01-05,430.0,,original
2018-01-06,430.0,,original
2018-01-07,430.0,,original
2018-01-08,430.0,,original
2018-01-09,436.0,,original
2018-01-10,441.0,,original
2018-01-11,453.0,,original
2018-01-12,462.0,,original
2018-01-13,462.0,,original
2018-01-14,462.0,,original
2018-01-15,462.0,,original
2018-01-16,457.0,,original
2018-01-17,455.0,,original
2018-01-18,457.0,,original
2018-01-19,473.0,,original
2018-01-20,473.0,,original
2018-01-21,473.0,,original
2018-01-22,474.0,,original
2018-01-23,477.0,,original
2018-01-24,463.0,,original
2018-01-25,450.0,,original
2018-01-26,445.0,,original
2018-01-27,445.0,,original
2018-01-28,445.0,,original
2018-01-29,448.0,,original
2018-01-30,453.0,,original
2018-01-31,442.0,,original
2018-02-01,436.0,,original
2018-02-02,436.0,,original
2018-02-03,436.0,,original
2018-02-04,436.0,,original
2018-02-05,460.0,,original
2018-02-06,474.0,,original
2018-02-07,471.0,,original
2018-02-08,506.0,,original
2018-02-09,543.0,,original
2018-02-10,543.0,,original
2018-02-11,543.0,,original
2018-02-12,518.0,,original
2018-02-13,534.0,,original
2018-02-14,532.0,,original
2018-02-15,509.0,,original
2018-02-16,497.0,,original
2018-02-17,497.0,,original
2018-02-18,497.0,,original
2018-02-19,497.0,,original
2018-02-20,497.0,,original
2018-02-21,504.0,,original
2018-02-22,504.0,,original
2018-02-23,500.0,,original
2018-02-24,500.0,,original
2018-02-25,500.0,,original
2018-02-26,491.0,,original
2018-02-27,469.0,,original
2018-02-28,490.0,,original
2018-03-01,511.0,,original
2018-03-02,517.0,,original
2018-03-03,517.0,,original
2018-03-04,517.0,,original
2018-03-05,515.0,,original
2018-03-06,528.0,,original
2018-03-07,536.0,,original
2018-03-08,545.0,,original
2018-03-09,544.0,,original
2018-03-10,544.0,,original
2018-03-11,544.0,,original
2018-03-12,539.0,,original
2018-03-13,545.0,,original
2018-03-14,549.0,,original
2018-03-15,547.0,,original
2018-03-16,548.0,,original
2018-03-17,548.0,,original
2018-03-18,548.0,,original
2018-03-19,569.0,,original
2018-03-20,558.0,,original
2018-03-21,550.0,,original
2018-03-22,561.0,,original
2018-03-23,577.0,,original
2018-03-24,577.0,,original
2018-03-25,577.0,,original
2018-03-26,563.0,,original
2018-03-27,557.0,,original
2018-03-28,564.0,,original
2018-03-29,544.0,,original
2018-03-30,544.0,,original
2018-03-31,544.0,,original
2018-04-01,544.0,,original
2018-04-02,551.0,,original
2018-04-03,541.0,,original
2018-04-04,561.0,,original
2018-04-05,542.0,,original
2018-04-06,553.0,,original
2018-04-07,553.0,,original
2018-04-08,553.0,,original
2018-04-09,560.0,,original
2018-04-10,572.0,,original
2018-04-11,589.0,,original
2018-04-12,577.0,,original
2018-04-13,587.0,,original
2018-04-14,587.0,,original
2018-04-15,587.0,,original
2018-04-16,592.0,,original
2018-04-17,612.0,,original
2018-04-18,593.0,,original
2018-04-19,602.0,,original
2018-04-20,612.0,,original
2018-04-21,612.0,,original
2018-04-22,612.0,,original
2018-04-23,620.0,,original
2018-04-24,629.0,,original
2018-04-25,628.0,,original
2018-04-26,634.0,,original
2018-04-27,650.0,,original
2018-04-28,650.0,,original
2018-04-29,650.0,,original
2018-04-30,667.0,,original
2018-05-01,672.0,,original
2018-05-02,684.0,,original
2018-05-03,702.0,,original
2018-05-04,714.0,,original
2018-05-05,714.0,,original
2018-05-06,714.0,,original
2018-05-07,715.0,,original
2018-05-08,759.0,,original
2018-05-09,780.0,,original
2018-05-10,737.0,,original
2018-05-11,742.0,,original
2018-05-12,742.0,,original
2018-05-13,742.0,,original
2018-05-14,748.0,,original
2018-05-15,716.0,,original
2018-05-16,673.0,,original
2018-05-17,661.0,,original
2018-05-18,670.0,,original
2018-05-19,664.0,,original
2018-05-20,658.0,,original
2018-05-21,653.0,,original
2018-05-22,644.0,,original
2018-05-23,630.0,,original
2018-05-24,621.0,,original
2018-05-25,624.0,,original
2018-05-26,624.0,,original
2018-05-27,624.0,,original
2018-05-28,624.0,,original
2018-05-29,657.0,,original
2018-05-30,649.0,,original
2018-05-31,671.0,,original
2018-06-01,670.0,,original
2018-06-02,670.0,,original
2018-06-03,670.0,,original
2018-06-04,655.0,,original
2018-06-05,651.0,,original
2018-06-06,650.0,,original
2018-06-07,660.0,,original
2018-06-08,664.0,,original
2018-06-09,664.0,,original
2018-06-10,664.0,,original
2018-06-11,670.0,,original
2018-06-12,685.0,,original
2018-06-13,678.0,,original
2018-06-14,696.0,,original
2018-06-15,731.0,,original
2018-06-16,731.0,,original
2018-06-17,731.0,,original
2018-06-18,776.0,,original
2018-06-19,806.0,,original
2018-06-20,762.0,,original
2018-06-21,756.0,,original
2018-06-22,728.0,,original
2018-06-23,728.0,,original
2018-06-24,728.0,,original
2018-06-25,741.0,,original
2018-06-26,742.0,,original
2018-06-27,763.0,,original
2018-06-28,765.0,,original
2018-06-29,761.0,,original
2018-06-30,761.0,,original
2018-07-01,761.0,,original
2018-07-02,752.0,,original
2018-07-03,720.0,,original
2018-07-04,720.0,,original
2018-07-05,689.0,,original
2018-07-06,665.0,,original
2018-07-07,665.0,,original
2018-07-08,665.0,,original
2018-07-09,653.0,,original
2018-07-10,657.0,,original
2018-07-11,683.0,,original
2018-07-12,680.0,,original
2018-07-13,653.0,,original
2018-07-14,653.0,,original
2018-07-15,653.0,,original
2018-07-16,665.0,,original
2018-07-17,661.0,,original
2018-07-18,643.0,,original
2018-07-19,650.0,,original
2018-07-20,642.0,,original
2018-07-21,642.0,,original
2018-07-22,642.0,,original
2018-07-23,639.0,,original
2018-07-24,627.0,,original
2018-07-25,607.0,,original
2018-07-26,585.0,,original
2018-07-27,584.0,,original
2018-07-28,584.0,,original
2018-07-29,584.0,,original
2018-07-30,604.0,,original
2018-07-31,603.0,,original
2018-08-01,622.0,,original
2018-08-02,625.0,,original
2018-08-03,623.0,,original
2018-08-04,623.0,,original
2018-08-05,623.0,,original
2018-08-06,627.0,,original
2018-08-07,635.0,,original
2018-08-08,648.0,,original
2018-08-09,656.0,,original
2018-08-10,687.0,,original
2018-08-11,687.0,,original
2018-08-12,687.0,,original
2018-08-13,720.0,,original
2018-08-14,703.0,,original
2018-08-15,714.0,,original
2018-08-16,699.0,,original
2018-08-17,706.0,,original
2018-08-18,706.0,,original
2018-08-19,706.0,,original
2018-08-20,721.0,,original
2018-08-21,712.0,,original
2018-08-22,690.0,,original
2018-08-23,683.0,,original
2018-08-24,687.0,,original
2018-08-25,687.0,,original
2018-08-26,687.0,,original
2018-08-27,686.0,,original
2018-08-28,679.0,,original
2018-08-29,684.0,,original
2018-08-30,710.0,,original
2018-08-31,725.0,,original
2018-09-01,725.0,,original
2018-09-02,725.0,,original
2018-09-03,725.0,,original
2018-09-04,736.0,,original
2018-09-05,739.0,,original
2018-09-06,732.0,,original
2018-09-07,734.0,,original
2018-09-08,734.0,,original
2018-09-09,734.0,,original
2018-09-10,757.0,,original
2018-09-11,762.0,,original
2018-09-12,741.0,,original
2018-09-13,707.0,,original
2018-09-14,703.0,,original
2018-09-15,703.0,,original
2018-09-16,703.0,,original
2018-09-17,706.0,,original
2018-09-18,708.0,,original
2018-09-19,712.0,,original
2018-09-20,671.0,,original
2018-09-21,632.0,,original
2018-09-22,632.0,,original
2018-09-23,632.0,,original
2018-09-24,617.0,,original
2018-09-25,618.0,,original
2018-09-26,613.0,,original
2018-09-27,600.0,,original
2018-09-28,621.0,,original
2018-09-29,621.0,,original
2018-09-30,621.0,,original
2018-10-01,630.0,,original
2018-10-02,624.0,,original
2018-10-03,618.0,,original
2018-10-04,639.0,,original
2018-10-05,656.0,,original
2018-10-06,656.0,,original
2018-10-07,656.0,,original
2018-10-08,656.0,,original
2018-10-09,644.0,,original
2018-10-10,660.0,,original
2018-10-11,669.0,,original
2018-10-12,667.0,,original
2018-10-13,667.0,,original
2018-10-14,667.0,,original
2018-10-15,663.0,,original
2018-10-16,654.0,,original
2018-10-17,653.0,,original
2018-10-18,676.0,,original
2018-10-19,681.0,,original
2018-10-20,681.0,,original
2018-10-21,681.0,,original
2018-10-22,692.0,,original
2018-10-23,698.0,,original
2018-10-24,704.0,,original
2018-10-25,696.0,,original
2018-10-26,698.0,,original
2018-10-27,698.0,,original
2018-10-28,698.0,,original
2018-10-29,704.0,,original
2018-10-30,715.0,,original
2018-10-31,722.0,,original
2018-11-01,694.0,,original
2018-11-02,681.0,,original
2018-11-03,681.0,,original
2018-11-04,681.0,,original
2018-11-05,678.0,,original
2018-11-06,682.0,,original
2018-11-07,686.0,,original
2018-11-08,700.0,,original
2018-11-09,708.0,,original
2018-11-10,708.0,,original
2018-11-11,708.0,,original
2018-11-12,704.0,,original
2018-11-13,740.0,,original
2018-11-14,743.0,,original
2018-11-15,762.0,,original
2018-11-16,761.0,,original
2018-11-17,761.0,,original
2018-11-18,761.0,,original
2018-11-19,785.0,,original
2018-11-20,815.0,,original
2018-11-21,806.0,,original
2018-11-22,806.0,,original
2018-11-23,815.0,,original
2018-11-24,815.0,,original
2018-11-25,815.0,,original
2018-11-26,804.0,,original
2018-11-27,817.0,,original
2018-11-28,760.0,,original
2018-11-29,749.0,,original
2018-11-30,740.0,,original
2018-12-01,740.0,,original
2018-12-02,740.0,,original
2018-12-03,710.0,,original
2018-12-04,735.0,,original
2018-12-05,735.0,,original
2018-12-06,741.0,,original
2018-12-07,718.0,,original
2018-12-08,718.0,,original
2018-12-09,718.0,,original
2018-12-10,731.0,,original
2018-12-11,742.0,,original
2018-12-12,725.0,,original
2018-12-13,723.0,,original
2018-12-14,735.0,,original
2018-12-15,735.0,,original
2018-12-16,735.0,,original
2018-12-17,748.0,,original
2018-12-18,762.0,,original
2018-12-19,776.0,,original
2018-12-20,797.0,,original
2018-12-21,812.0,,original
2018-12-22,812.0,,original
2018-12-23,812.0,,original
2018-12-24,815.0,,original
2018-12-25,815.0,,original
2018-12-26,816.0,,original
2018-12-27,822.0,,original
2018-12-28,822.0,,original
2018-12-29,822.0,,original
2018-12-30,822.0,,original
2018-12-31,826.0,,original
2019-01-01,826.0,,original
2019-01-02,803.0,,original
2019-01-03,803.0,,original
2019-01-04,752.0,,original
2019-01-05,752.0,,original
2019-01-06,752.0,,original
2019-01-07,726.0,,original
2019-01-08,717.0,,original
2019-01-09,694.0,,original
2019-01-10,696.0,,original
2019-01-11,701.0,,original
2019-01-12,701.0,,original
2019-01-13,701.0,,original
2019-01-14,692.0,,original
2019-01-15,694.0,,original
2019-01-16,699.0,,original
2019-01-17,715.0,,original
2019-01-18,700.0,,original
2019-01-19,700.0,,original
2019-01-20,700.0,,original
2019-01-21,700.0,,original
2019-01-22,707.0,,original
2019-01-23,677.0,,original
2019-01-24,660.0,,original
2019-01-25,670.0,,original
2019-01-26,670.0,,original
2019-01-27,670.0,,original
2019-01-28,697.0,,original
2019-01-29,707.0,,original
2019-01-30,703.0,,original
2019-01-31,690.0,,original
2019-02-01,682.0,,original
2019-02-02,682.0,,original
2019-02-03,682.0,,original
2019-02-04,683.0,,original
2019-02-05,659.0,,original
2019-02-06,672.0,,original
2019-02-07,690.0,,original
2019-02-08,700.0,,original
2019-02-09,700.0,,original
2019-02-10,700.0,,original
2019-02-11,706.0,,original
2019-02-12,659.0,,original
2019-02-13,644.0,,original
2019-02-14,656.0,,original
2019-02-15,684.0,,original
2019-02-16,684.0,,original
2019-02-17,684.0,,original
2019-02-18,684.0,,original
2019-02-19,682.0,,original
2019-02-20,674.0,,original
2019-02-21,630.0,,original
2019-02-22,611.0,,original
2019-02-23,611.0,,original
2019-02-24,611.0,,original
2019-02-25,605.0,,original
2019-02-26,606.0,,original
2019-02-27,584.0,,original
2019-02-28,589.0,,original
2019-03-01,598.0,,original
2019-03-02,598.0,,original
2019-03-03,598.0,,original
2019-03-04,615.0,,original
2019-03-05,632.0,,original
2019-03-06,630.0,,original
2019-03-07,646.0,,original
2019-03-08,641.0,,original
2019-03-09,641.0,,original
2019-03-10,641.0,,original
2019-03-11,612.0,,original
2019-03-12,604.0,,original
2019-03-13,615.0,,original
2019-03-14,600.0,,original
2019-03-15,590.0,,original
2019-03-16,590.0,,original
2019-03-17,590.0,,original
2019-03-18,584.0,,original
2019-03-19,585.0,,original
2019-03-20,588.0,,original
2019-03-21,591.0,,original
2019-03-22,630.0,,original
2019-03-23,630.0,,original
2019-03-24,630.0,,original
2019-03-25,642.0,,original
2019-03-26,620.0,,original
2019-03-27,628.0,,original
2019-03-28,621.0,,original
2019-03-29,592.0,,original
2019-03-30,592.0,,original
2019-03-31,592.0,,original
2019-04-01,566.0,,original
2019-04-02,563.0,,original
2019-04-03,553.0,,original
2019-04-04,560.0,,original
2019-04-05,562.0,,original
2019-04-06,562.0,,original
2019-04-07,562.0,,original
2019-04-08,566.0,,original
2019-04-09,563.0,,original
2019-04-10,576.0,,original
2019-04-11,568.0,,original
2019-04-12,558.0,,original
2019-04-13,558.0,,original
2019-04-14,558.0,,original
2019-04-15,551.0,,original
2019-04-16,528.0,,original
2019-04-17,526.0,,original
2019-04-18,528.0,,original
2019-04-19,528.0,,original
2019-04-20,528.0,,original
2019-04-21,528.0,,original
2019-04-22,523.0,,original
2019-04-23,512.0,,original
2019-04-24,541.0,,original
2019-04-25,557.0,,original
2019-04-26,565.0,,original
2019-04-27,565.0,,original
2019-04-28,565.0,,original
2019-04-29,569.0,,original
2019-04-30,560.0,,original
2019-05-01,553.0,,original
2019-05-02,555.0,,original
2019-05-03,549.0,,original
2019-05-04,549.0,,original
2019-05-05,549.0,,original
2019-05-06,551.0,,original
2019-05-07,563.0,,original
2019-05-08,565.0,,original
2019-05-09,584.0,,original
2019-05-10,568.0,,original
2019-05-11,568.0,,original
2019-05-12,568.0,,original
2019-05-13,595.0,,original
2019-05-14,581.0,,original
2019-05-15,574.0,,original
2019-05-16,563.0,,original
2019-05-17,572.0,,original
2019-05-18,572.0,,original
2019-05-19,572.0,,original
2019-05-20,572.0,,original
2019-05-21,553.0,,original
2019-05-22,567.0,,original
2019-05-23,590.0,,original
2019-05-24,584.0,,original
2019-05-25,584.0,,original
2019-05-26,584.0,,original
2019-05-27,584.0,,original
2019-05-28,591.0,,original
2019-05-29,599.0,,original
2019-05-30,599.0,,original
2019-05-31,619.0,,original
2019-06-01,619.0,,original
2019-06-02,619.0,,original
2019-06-03,639.0,,original
2019-06-04,614.0,,original
2019-06-05,607.0,,original
2019-06-06,601.0,,original
2019-06-07,592.0,,original
2019-06-08,592.0,,original
2019-06-09,592.0,,original
2019-06-10,574.0,,original
2019-06-11,572.0,,original
2019-06-12,583.0,,original
2019-06-13,588.0,,original
2019-06-14,589.0,,original
2019-06-15,589.0,,original
2019-06-16,589.0,,original
2019-06-17,596.0,,original
2019-06-18,576.0,,original
2019-06-19,581.0,,original
2019-06-20,563.0,,original
2019-06-21,566.0,,original
2019-06-22,566.0,,original
2019-06-23,566.0,,original
2019-06-24,584.0,,original
2019-06-25,612.0,,original
2019-06-26,594.0,,original
2019-06-27,585.0,,original
2019-06-28,580.0,,original
2019-06-29,580.0,,original
2019-06-30,580.0,,original
2019-07-01,553.0,,original
2019-07-02,568.0,,original
2019-07-03,573.0,,original
2019-07-04,573.0,,original
2019-07-05,567.0,,original
2019-07-06,567.0,,original
2019-07-07,567.0,,original
2019-07-08,575.0,,original
2019-07-09,566.0,,original
2019-07-10,566.0,,original
2019-07-11,569.0,,original
2019-07-12,572.0,,original
2019-07-13,572.0,,original
2019-07-14,572.0,,original
2019-07-15,572.0,,original
2019-07-16,577.0,,original
2019-07-17,599.0,,original
2019-07-18,617.0,,original
2019-07-19,593.0,,original
2019-07-20,593.0,,original
2019-07-21,593.0,,original
2019-07-22,581.0,,original
2019-07-23,576.0,,original
2019-07-24,574.0,,original
2019-07-25,575.0,,original
2019-07-26,574.0,,original
2019-07-27,574.0,,original
2019-07-28,574.0,,original
2019-07-29,577.0,,original
2019-07-30,599.0,,original
2019-07-31,603.0,,original
2019-08-01,637.0,,original
2019-08-02,651.0,,original
2019-08-03,651.0,,original
2019-08-04,651.0,,original
2019-08-05,717.0,,original
2019-08-06,698.0,,original
2019-08-07,706.0,,original
2019-08-08,666.0,,original
2019-08-09,660.0,,original
2019-08-10,660.0,,original
2019-08-11,660.0,,original
2019-08-12,706.0,,original
2019-08-13,698.0,,original
2019-08-14,725.0,,original
2019-08-15,742.0,,original
2019-08-16,737.0,,original
2019-08-17,737.0,,original
2019-08-18,737.0,,original
2019-08-19,733.0,,original
2019-08-20,741.0,,original
2019-08-21,704.0,,original
2019-08-22,696.0,,original
2019-08-23,715.0,,original
2019-08-24,715.0,,original
2019-08-25,715.0,,original
2019-08-26,713.0,,original
2019-08-27,730.0,,original
2019-08-28,734.0,,original
2019-08-29,726.0,,original
2019-08-30,705.0,,original
2019-08-31,705.0,,original
2019-09-01,705.0,,original
2019-09-02,705.0,,original
2019-09-03,693.0,,original
2019-09-04,657.0,,original
2019-09-05,640.0,,original
2019-09-06,634.0,,original
2019-09-07,634.0,,original
2019-09-08,634.0,,original
2019-09-09,629.0,,original
2019-09-10,638.0,,original
2019-09-11,637.0,,original
2019-09-12,633.0,,original
2019-09-13,656.0,,original
2019-09-14,656.0,,original
2019-09-15,656.0,,original
2019-09-16,642.0,,original
2019-09-17,612.0,,original
2019-09-18,608.0,,original
2019-09-19,612.0,,original
2019-09-20,608.0,,original
2019-09-21,608.0,,original
2019-09-22,608.0,,original
2019-09-23,628.0,,original
2019-09-24,663.0,,original
2019-09-25,678.0,,original
2019-09-26,668.0,,original
2019-09-27,676.0,,original
2019-09-28,676.0,,original
2019-09-29,676.0,,original
2019-09-30,677.0,,original
2019-10-01,684.0,,original
2019-10-02,682.0,,original
2019-10-03,686.0,,original
2019-10-04,684.0,,original
2019-10-05,678.0,,original
2019-10-06,672.0,,original
2019-10-07,667.0,,original
2019-10-08,777.0,,original
2019-10-09,783.0,,original
2019-10-10,762.0,,original
2019-10-11,744.0,,original
2019-10-12,744.0,,original
2019-10-13,744.0,,original
2019-10-14,744.0,,original
2019-10-15,800.0,,original
2019-10-16,823.0,,original
2019-10-17,805.0,,original
2019-10-18,809.0,,original
2019-10-19,809.0,,original
2019-10-20,809.0,,original
2019-10-21,809.0,,original
2019-10-22,808.0,,original
2019-10-23,816.0,,original
2019-10-24,797.0,,original
2019-10-25,781.0,,original
2019-10-26,780.0,,original
2019-10-27,780.0,,original
2019-10-28,780.0,,original
2019-10-29,779.0,,original
2019-10-30,801.0,,original
2019-10-31,789.0,,original
2019-11-01,761.0,,original
2019-11-02,756.0,,original
2019-11-03,751.0,,original
2019-11-04,747.0,,original
2019-11-05,750.0,,original
2019-11-06,760.0,,original
2019-11-07,763.0,,original
2019-11-08,764.0,,original
2019-11-09,764.0,,original
2019-11-10,764.0,,original
2019-11-11,764.0,,original
2019-11-12,790.0,,original
2019-11-13,812.0,,original
2019-11-14,829.0,,original
2019-11-15,853.0,,original
2019-11-16,944.0,,original
2019-11-17,1036.0,,original
2019-11-18,1128.0,,original
2019-11-19,1223.0,,original
2019-11-20,1346.0,,original
2019-11-21,1418.0,,original
2019-11-22,1319.0,,original
2019-11-23,1292.0,,original
2019-11-24,1266.0,,original
2019-11-25,1240.0,,original
2019-11-26,1114.0,,original
2019-11-27,1150.0,,original
2019-11-28,1150.0,,original
2019-11-29,1146.0,,original
2019-11-30,1148.0,,original
2019-12-01,1150.0,,original
2019-12-02,1152.0,,original
2019-12-03,1142.0,,original
2019-12-04,1139.0,,original
2019-12-05,1119.0,,original
2019-12-06,1062.0,,original
2019-12-07,1058.0,,original
2019-12-08,1054.0,,original
2019-12-09,1051.0,,original
2019-12-10,1001.0,,original
2019-12-11,959.0,,original
2019-12-12,929.0,,original
2019-12-13,921.0,,original
2019-12-14,913.0,,original
2019-12-15,906.0,,original
2019-12-16,899.0,,original
2019-12-17,881.0,,original
2019-12-18,860.0,,original
2019-12-19,867.0,,original
2019-12-20,846.0,,original
2019-12-21,844.0,,original
2019-12-22,842.0,,original
2019-12-23,840.0,,original
2019-12-24,833.0,,original
2019-12-25,833.0,,original
2019-12-26,825.0,,original
2019-12-27,820.0,,original
2019-12-28,821.0,,original
2019-12-29,823.0,,original
2019-12-30,825.0,,original
2019-12-31,826.0,,original
2020-01-01,826.0,,original
2020-01-02,803.0,,original
2020-01-03,796.0,,original
2020-01-04,788.0,,original
2020-01-05,781.0,,original
2020-01-06,774.0,,original
2020-01-07,794.0,,original
2020-01-08,780.0,,original
2020-01-09,801.0,,original
2020-01-10,845.0,,original
2020-01-11,850.0,,original
2020-01-12,855.0,,original
2020-01-13,861.0,,original
2020-01-14,877.0,,original
2020-01-15,861.0,,original
2020-01-16,841.0,,original
2020-01-17,828.0,,original
2020-01-18,828.0,,original
2020-01-19,828.0,,original
2020-01-20,828.0,,original
2020-01-21,851.0,,original
2020-01-22,852.0,,original
2020-01-23,878.0,,original
2020-01-24,912.0,,original
2020-01-25,934.0,,original
2020-01-26,956.0,,original
2020-01-27,978.0,,original
2020-01-28,937.0,,original
2020-01-29,940.0,,original
2020-01-30,972.0,,original
2020-01-31,1018.0,,original
2020-02-01,1023.0,,original
2020-02-02,1028.0,,original
2020-02-03,1033.0,,original
2020-02-04,1096.0,,original
2020-02-05,1040.0,,original
2020-02-06,1044.0,,original
2020-02-07,1108.0,,original
2020-02-08,1122.0,,original
2020-02-09,1136.0,,original
2020-02-10,1150.0,,original
2020-02-11,1129.0,,original
2020-02-12,1105.0,,original
2020-02-13,1156.0,,original
2020-02-14,1136.0,,original
2020-02-15,1136.0,,original
2020-02-16,1136.0,,original
2020-02-17,1136.0,,original
2020-02-18,1153.0,,original
2020-02-19,1119.0,,original
2020-02-20,1152.0,,original
2020-02-21,1207.0,,original
2020-02-22,1247.0,,original
2020-02-23,1287.0,,original
2020-02-24,1328.0,,original
2020-02-25,1404.0,,original
2020-02-26,1395.0,,original
2020-02-27,1455.0,,original
2020-02-28,1466.0,,original
2020-02-29,1464.0,,original
2020-03-01,1462.0,,original
2020-03-02,1461.0,,original
2020-03-03,1473.0,,original
2020-03-04,1531.0,,original
2020-03-05,1711.0,,original
2020-03-06,1981.0,,original
2020-03-07,2251.0,,original
2020-03-08,2521.0,,original
2020-03-09,2792.0,,original
2020-03-10,2879.0,,original
2020-03-11,3245.0,,original
2020-03-12,3652.0,,original
2020-03-13,3447.0,,original
2020-03-14,3587.0,,original
2020-03-15,3728.0,,original
2020-03-16,3869.0,,original
2020-03-17,3476.0,,original
2020-03-18,3717.0,,original
2020-03-19,3765.0,,original
2020-03-20,3648.0,,original
2020-03-21,4453.0,,original
2020-03-22,5258.0,,original
2020-03-23,6063.0,,original
2020-03-24,5245.0,,original
2020-03-25,5239.0,,original
2020-03-26,5596.0,,original
2020-03-27,5552.0,,original
2020-03-28,5552.0,,original
2020-03-29,5552.0,,original
2020-03-30,5376.0,,original
2020-03-31,4553.0,,original
2020-04-01,4783.0,,original
2020-04-02,4567.0,,original
2020-04-03,4439.0,,original
2020-04-04,4445.0,,original
2020-04-05,4451.0,,original
2020-04-06,4458.0,,original
2020-04-07,4457.0,,original
2020-04-08,4841.0,,original
2020-04-09,4696.0,,original
2020-04-10,4696.0,,original
2020-04-11,4696.0,,original
2020-04-12,4696.0,,original
2020-04-13,4715.0,,original
2020-04-14,4924.0,,original
2020-04-15,5104.0,,original
2020-04-16,5238.0,,original
2020-04-17,5188.0,,original
2020-04-18,5188.0,,original
2020-04-19,5188.0,,original
2020-04-20,5619.0,,original
2020-04-21,5782.0,,original
2020-04-22,5584.0,,original
2020-04-23,5527.0,,original
2020-04-24,5497.0,,original
2020-04-25,5497.0,,original
2020-04-26,5497.0,,original
2020-04-27,5495.0,,original
2020-04-28,5617.0,,original
2020-04-29,4985.0,,original
2020-04-30,5129.0,,original
2020-05-01,4945.0,,original
2020-05-02,4945.0,,original
2020-05-03,4945.0,,original
2020-05-04,4791.0,,original
2020-05-05,4514.0,,original
2020-05-06,4637.0,,original
2020-05-07,4528.0,,original
2020-05-08,4385.0,,original
2020-05-09,4385.0,,original
2020-05-10,4385.0,,original
2020-05-11,4287.0,,original
2020-05-12,4264.0,,original
2020-05-13,4411.0,,original
2020-05-14,4518.0,,original
2020-05-15,4300.0,,original
2020-05-16,4300.0,,original
2020-05-17,4300.0,,original
2020-05-18,4193.0,,original
2020-05-19,4159.0,,original
2020-05-20,4111.0,,original
2020-05-21,4134.0,,original
2020-05-22,4151.0,,original
2020-05-23,4151.0,,original
2020-05-24,4151.0,,original
2020-05-25,4151.0,,original
2020-05-26,3891.0,,original
2020-05-27,3900.0,,original
2020-05-28,3901.0,,original
2020-05-29,3907.0,,original
2020-05-30,3907.0,,original
2020-05-31,3907.0,,original
2020-06-01,3605.0,,original
2020-06-02,3431.0,,original
2020-06-03,3182.0,,original
2020-06-04,3260.0,,original
2020-06-05,3062.0,,original
2020-06-06,3062.0,,original
2020-06-07,3062.0,,original
2020-06-08,3014.0,,original
2020-06-09,3208.0,,original
2020-06-10,3393.0,,original
2020-06-11,3460.0,,original
2020-06-12,3339.0,,original
2020-06-13,3339.0,,original
2020-06-14,3339.0,,original
2020-06-15,3326.0,,original
2020-06-16,3284.0,,original
2020-06-17,3276.0,,original
2020-06-18,3312.0,,original
2020-06-19,3257.0,,original
2020-06-20,3257.0,,original
2020-06-21,3257.0,,original
2020-06-22,3222.0,,original
2020-06-23,3180.0,,original
2020-06-24,3250.0,,original
2020-06-25,3311.0,,original
2020-06-26,3390.0,,original
2020-06-27,3390.0,,original
2020-06-28,3390.0,,original
2020-06-29,3393.0,,original
2020-06-30,3373.0,,original
2020-07-01,3278.0,,original
2020-07-02,3279.0,,original
2020-07-03,3279.0,,original
2020-07-04,3279.0,,original
2020-07-05,3279.0,,original
2020-07-06,2783.0,,original
2020-07-07,2760.0,,original
2020-07-08,2818.0,,original
2020-07-09,2874.0,,original
2020-07-10,2880.0,,original
2020-07-11,2880.0,,original
2020-07-12,2880.0,,original
2020-07-13,2760.0,,original
2020-07-14,2742.0,,original
2020-07-15,2723.0,,original
2020-07-16,2757.0,,original
2020-07-17,2725.0,,original
2020-07-18,2725.0,,original
2020-07-19,2725.0,,original
2020-07-20,2729.0,,original
2020-07-21,2693.0,,original
2020-07-22,2688.0,,original
2020-07-23,2742.0,,original
2020-07-24,2777.0,,original
2020-07-25,2777.0,,original
2020-07-26,2777.0,,original
2020-07-27,2796.0,,original
2020-07-28,2804.0,,original
2020-07-29,2815.0,,original
2020-07-30,2954.0,,original
2020-07-31,2755.0,,original
2020-08-01,2755.0,,original
2020-08-02,2755.0,,original
2020-08-03,2755.0,,original
2020-08-04,2740.0,,original
2020-08-05,2752.0,,original
2020-08-06,2755.0,,original
2020-08-07,2764.0,,original
2020-08-08,2764.0,,original
2020-08-09,2764.0,,original
2020-08-10,2767.0,,original
2020-08-11,2766.0,,original
2020-08-12,2772.0,,original
2020-08-13,2784.0,,original
2020-08-14,2780.0,,original
2020-08-15,2780.0,,original
2020-08-16,2780.0,,original
2020-08-17,2776.0,,original
2020-08-18,2773.0,,original
2020-08-19,2772.0,,original
2020-08-20,2795.0,,original
2020-08-21,2787.0,,original
2020-08-22,2787.0,,original
2020-08-23,2787.0,,original
2020-08-24,2792.0,,original
2020-08-25,2799.0,,original
2020-08-26,2805.0,,original
2020-08-27,2804.0,,original
2020-08-28,2815.0,,original
2020-08-29,2815.0,,original
2020-08-30,2815.0,,original
2020-08-31,2813.0,,original
2020-09-01,2170.0,,original
2020-09-02,2180.0,,original
2020-09-03,2183.0,,original
2020-09-04,2468.0,,original
2020-09-05,2468.0,,original
2020-09-06,2468.0,,original
2020-09-07,2468.0,,original
2020-09-08,2473.0,,original
2020-09-09,2852.0,,original
2020-09-10,952.0,,original
2020-09-11,948.0,,original
2020-09-12,948.0,,original
2020-09-13,948.0,,original
2020-09-14,958.0,,original
2020-09-15,941.0,,original
2020-09-16,951.0,,original
2020-09-17,950.0,,original
2020-09-18,960.0,,original
2020-09-19,960.0,,original
2020-09-20,960.0,,original
2020-09-21,994.0,,original
2020-09-22,985.0,,original
2020-09-23,1021.0,,original
2020-09-24,1012.0,,original
2020-09-25,1031.0,,original
2020-09-26,1031.0,,original
2020-09-27,1031.0,,original
2020-09-28,1032.0,,original
2020-09-29,1045.0,,original
2020-09-30,1015.0,,original
2020-10-01,989.0,,original
2020-10-02,1006.0,,original
2020-10-03,1006.0,,original
2020-10-04,1006.0,,original
2020-10-05,985.0,,original
2020-10-06,962.0,,original
2020-10-07,969.0,,original
2020-10-08,963.0,,original
2020-10-09,938.0,,original
2020-10-10,938.0,,original
2020-10-11,938.0,,original
2020-10-12,938.0,,original
2020-10-13,948.0,,original
2020-10-14,955.0,,original
2020-10-15,958.0,,original
2020-10-16,959.0,,original
2020-10-17,959.0,,original
2020-10-18,959.0,,original
2020-10-19,963.0,,original
2020-10-20,976.0,,original
2020-10-21,989.0,,original
2020-10-22,990.0,,original
2020-10-23,1000.0,,original
2020-10-24,1000.0,,original
2020-10-25,1000.0,,original
2020-10-26,1024.0,,original
2020-10-27,1023.0,,original
2020-10-28,1040.0,,original
2020-10-29,1029.0,,original
2020-10-30,1029.0,,original
2020-10-31,1029.0,,original
2020-11-01,1029.0,,original
2020-11-02,1017.0,,original
2020-11-03,993.0,,original
2020-11-04,982.0,,original
2020-11-05,986.0,,original
2020-11-06,993.0,,original
2020-11-07,993.0,,original
2020-11-08,993.0,,original
2020-11-09,952.0,,original
2020-11-10,982.0,,original
2020-11-11,982.0,,original
2020-11-12,1000.0,,original
2020-11-13,1007.0,,original
2020-11-14,1007.0,,original
2020-11-15,1007.0,,original
2020-11-16,1005.0,,original
2020-11-17,1028.0,,original
2020-11-18,1081.0,,original
2020-11-19,1063.0,,original
2020-11-20,1064.0,,original
2020-11-21,1064.0,,original
2020-11-22,1064.0,,original
2020-11-23,1071.0,,original
2020-11-24,1081.0,,original
2020-11-25,1079.0,,original
2020-11-26,1079.0,,original
2020-11-27,1060.0,,original
2020-11-28,1060.0,,original
2020-11-29,1060.0,,original
2020-11-30,1065.0,,original
2020-12-01,1054.0,,original
2020-12-02,1059.0,,original
2020-12-03,1051.0,,original
2020-12-04,1019.0,,original
2020-12-05,1019.0,,original
2020-12-06,1019.0,,original
2020-12-07,1030.0,,original
2020-12-08,1025.0,,original
2020-12-09,1020.0,,original
2020-12-10,1025.0,,original
2020-12-11,1027.0,,original
2020-12-12,1027.0,,original
2020-12-13,1027.0,,original
2020-12-14,1042.0,,original
2020-12-15,1041.0,,original
2020-12-16,1035.0,,original
2020-12-17,1029.0,,original
2020-12-18,1032.0,,original
2020-12-19,1032.0,,original
2020-12-20,1032.0,,original
2020-12-21,1053.0,,original
2020-12-22,1055.0,,original
2020-12-23,1054.0,,original
2020-12-24,1057.0,,original
2020-12-25,1057.0,,original
2020-12-26,1057.0,,original
2020-12-27,1057.0,,original
2020-12-28,1057.0,,original
2020-12-29,1056.0,,original
2020-12-30,1063.0,,original
2020-12-31,1062.0,,original
2021-01-01,1062.0,,original
2021-01-02,1062.0,,original
2021-01-03,1062.0,,original
2021-01-04,1076.0,,original
2021-01-05,1079.0,,original
2021-01-06,1090.0,,original
2021-01-07,1141.0,,original
2021-01-08,1140.0,,original
2021-01-09,1140.0,,original
2021-01-10,1140.0,,original
2021-01-11,1132.0,,original
2021-01-12,1142.0,,original
2021-01-13,1159.0,,original
2021-01-14,1181.0,,original
2021-01-15,1193.0,,original
2021-01-16,1193.0,,original
2021-01-17,1193.0,,original
2021-01-18,1193.0,,original
2021-01-19,1221.0,,original
2021-01-20,1269.0,,original
2021-01-21,1265.0,,original
2021-01-22,1240.0,,original
2021-01-23,1240.0,,original
2021-01-24,1240.0,,original
2021-01-25,1232.0,,original
2021-01-26,1238.0,,original
2021-01-27,1242.0,,original
2021-01-28,1248.0,,original
2021-01-29,1273.0,,original
2021-01-30,1273.0,,original
2021-01-31,1273.0,,original
2021-02-01,1245.0,,original
2021-02-02,1230.0,,original
2021-02-03,1179.0,,original
2021-02-04,1153.0,,original
2021-02-05,1091.0,,original
2021-02-06,1091.0,,original
2021-02-07,1091.0,,original
2021-02-08,1190.0,,original
2021-02-09,1263.0,,original
2021-02-10,1233.0,,original
2021-02-11,1213.0,,original
2021-02-12,1215.0,,original
2021-02-13,1215.0,,original
2021-02-14,1215.0,,original
2021-02-15,1215.0,,original
2021-02-16,1227.0,,original
2021-02-17,1226.0,,original
2021-02-18,1206.0,,original
2021-02-19,1219.0,,original
2021-02-20,1219.0,,original
2021-02-21,1219.0,,original
2021-02-22,1209.0,,original
2021-02-23,1209.0,,original
2021-02-24,1200.0,,original
2021-02-25,1209.0,,original
2021-02-26,1226.0,,original
2021-02-27,1226.0,,original
2021-02-28,1226.0,,original
2021-03-01,1234.0,,original
2021-03-02,1258.0,,original
2021-03-03,1290.0,,original
2021-03-04,1333.0,,original
2021-03-05,1349.0,,original
2021-03-06,1349.0,,original
2021-03-07,1349.0,,original
2021-03-08,1369.0,,original
2021-03-09,1365.0,,original
2021-03-10,1340.0,,original
2021-03-11,1305.0,,original
2021-03-12,1315.0,,original
2021-03-13,1315.0,,original
2021-03-14,1315.0,,original
2021-03-15,1274.0,,original
2021-03-16,1227.0,,original
2021-03-17,1214.0,,original
2021-03-18,1212.0,,original
2021-03-19,1198.0,,original
2021-03-20,1198.0,,original
2021-03-21,1198.0,,original
2021-03-22,1201.0,,original
2021-03-23,1220.0,,original
2021-03-24,1226.0,,original
2021-03-25,1226.0,,original
2021-03-26,1221.0,,original
2021-03-27,1221.0,,original
2021-03-28,1221.0,,original
2021-03-29,1209.0,,original
2021-03-30,1218.0,,original
2021-03-31,1201.0,,original
2021-04-01,1180.0,,original
2021-04-02,1180.0,,original
2021-04-03,1180.0,,original
2021-04-04,1180.0,,original
2021-04-05,1171.0,,original
2021-04-06,1154.0,,original
2021-04-07,1153.0,,original
2021-04-08,1168.0,,original
2021-04-09,1169.0,,original
2021-04-10,1169.0,,original
2021-04-11,1169.0,,original
2021-04-12,824.0,,original
2021-04-13,835.0,,original
2021-04-14,847.0,,original
2021-04-15,861.0,,original
2021-04-16,841.0,,original
2021-04-17,841.0,,original
2021-04-18,841.0,,original
2021-04-19,815.0,,original
2021-04-20,818.0,,original
2021-04-21,808.0,,original
2021-04-22,785.0,,original
2021-04-23,760.0,,original
2021-04-24,760.0,,original
2021-04-25,760.0,,original
2021-04-26,779.0,,original
2021-04-27,771.0,,original
2021-04-28,770.0,,original
2021-04-29,765.0,,original
2021-04-30,764.0,,original
2021-05-01,764.0,,original
2021-05-02,764.0,,original
2021-05-03,771.0,,original
2021-05-04,777.0,,original
2021-05-05,769.0,,original
2021-05-06,721.0,,original
2021-05-07,734.0,,original
2021-05-08,734.0,,original
2021-05-09,734.0,,original
2021-05-10,747.0,,original
2021-05-11,760.0,,original
2021-05-12,764.0,,original
2021-05-13,742.0,,original
2021-05-14,735.0,,original
2021-05-15,735.0,,original
2021-05-16,735.0,,original
2021-05-17,717.0,,original
2021-05-18,716.0,,original
2021-05-19,722.0,,original
2021-05-20,714.0,,original
2021-05-21,714.0,,original
2021-05-22,714.0,,original
2021-05-23,714.0,,original
2021-05-24,714.0,,original
2021-05-25,716.0,,original
2021-05-26,715.0,,original
2021-05-27,726.0,,original
2021-05-28,730.0,,original
2021-05-29,730.0,,original
2021-05-30,730.0,,original
2021-05-31,730.0,,original
2021-06-01,718.0,,original
2021-06-02,716.0,,original
2021-06-03,725.0,,original
2021-06-04,733.0,,original
2021-06-05,733.0,,original
2021-06-06,733.0,,original
2021-06-07,734.0,,original
2021-06-08,735.0,,original
2021-06-09,743.0,,original
2021-06-10,734.0,,original
2021-06-11,748.0,,original
2021-06-12,748.0,,original
2021-06-13,748.0,,original
2021-06-14,768.0,,original
2021-06-15,778.0,,original
2021-06-16,768.0,,original
2021-06-17,777.0,,original
2021-06-18,796.0,,original
2021-06-19,796.0,,original
2021-06-20,796.0,,original
2021-06-21,799.0,,original
2021-06-22,804.0,,original
2021-06-23,761.0,,original
2021-06-24,757.0,,original
2021-06-25,749.0,,original
2021-06-26,749.0,,original
2021-06-27,749.0,,original
2021-06-28,776.0,,original
2021-06-29,776.0,,original
2021-06-30,776.0,,original
2021-07-01,759.0,,original
2021-07-02,757.0,,original
2021-07-03,757.0,,original
2021-07-04,757.0,,original
2021-07-05,757.0,,original
2021-07-06,767.0,,original
2021-07-07,762.0,,original
2021-07-08,774.0,,original
2021-07-09,768.0,,original
2021-07-10,768.0,,original
2021-07-11,768.0,,original
2021-07-12,767.0,,original
2021-07-13,764.0,,original
2021-07-14,773.0,,original
2021-07-15,785.0,,original
2021-07-16,782.0,,original
2021-07-17,782.0,,original
2021-07-18,782.0,,original
2021-07-19,808.0,,original
2021-07-20,798.0,,original
2021-07-21,781.0,,original
2021-07-22,784.0,,original
2021-07-23,779.0,,original
2021-07-24,779.0,,original
2021-07-25,779.0,,original
2021-07-26,783.0,,original
2021-07-27,790.0,,original
2021-07-28,801.0,,original
2021-07-29,790.0,,original
2021-07-30,790.0,,original
2021-07-31,790.0,,original
2021-08-01,790.0,,original
2021-08-02,795.0,,original
2021-08-03,795.0,,original
2021-08-04,793.0,,original
2021-08-05,789.0,,original
2021-08-06,782.0,,original
2021-08-07,782.0,,original
2021-08-08,782.0,,original
2021-08-09,791.0,,original
2021-08-10,792.0,,original
2021-08-11,798.0,,original
2021-08-12,788.0,,original
2021-08-13,797.0,,original
2021-08-14,797.0,,original
2021-08-15,797.0,,original
2021-08-16,806.0,,original
2021-08-17,818.0,,original
2021-08-18,818.0,,original
2021-08-19,823.0,,original
2021-08-20,821.0,,original
2021-08-21,821.0,,original
2021-08-22,821.0,,original
2021-08-23,807.0,,original
2021-08-24,788.0,,original
2021-08-25,774.0,,original
2021-08-26,775.0,,original
2021-08-27,775.0,,original
2021-08-28,775.0,,original
2021-08-29,775.0,,original
2021-08-30,761.0,,original
2021-08-31,751.0,,original
2021-09-01,749.0,,original
2021-09-02,765.0,,original
2021-09-03,768.0,,original
2021-09-04,768.0,,original
2021-09-05,768.0,,original
2021-09-06,768.0,,original
2021-09-07,762.0,,original
2021-09-08,770.0,,original
2021-09-09,773.0,,original
2021-09-10,771.0,,original
2021-09-11,771.0,,original
2021-09-12,771.0,,original
2021-09-13,780.0,,original
2021-09-14,787.0,,original
2021-09-15,787.0,,original
2021-09-16,805.0,,original
2021-09-17,796.0,,original
2021-09-18,796.0,,original
2021-09-19,796.0,,original
2021-09-20,826.0,,original
2021-09-21,827.0,,original
2021-09-22,825.0,,original
2021-09-23,837.0,,original
2021-09-24,838.0,,original
2021-09-25,838.0,,original
2021-09-26,838.0,,original
2021-09-27,838.0,,original
2021-09-28,837.0,,original
2021-09-29,823.0,,original
2021-09-30,835.0,,original
2021-10-01,859.0,,original
2021-10-02,859.0,,original
2021-10-03,859.0,,original
2021-10-04,865.0,,original
2021-10-05,833.0,,original
2021-10-06,816.0,,original
2021-10-07,811.0,,original
2021-10-08,816.0,,original
2021-10-09,816.0,,original
2021-10-10,816.0,,original
2021-10-11,816.0,,original
2021-10-12,826.0,,original
2021-10-13,826.0,,original
2021-10-14,810.0,,original
2021-10-15,795.0,,original
2021-10-16,795.0,,original
2021-10-17,795.0,,original
2021-10-18,802.0,,original
2021-10-19,799.0,,original
2021-10-20,815.0,,original
2021-10-21,839.0,,original
2021-10-22,815.0,,original
2021-10-23,815.0,,original
2021-10-24,815.0,,original
2021-10-25,824.0,,original
2021-10-26,827.0,,original
2021-10-27,846.0,,original
2021-10-28,837.0,,original
2021-10-29,847.0,,original
2021-10-30,847.0,,original
2021-10-31,847.0,,original
2021-11-01,854.0,,original
2021-11-02,854.0,,original
2021-11-03,848.0,,original
2021-11-04,847.0,,original
2021-11-05,852.0,,original
2021-11-06,852.0,,original
2021-11-07,852.0,,original
2021-11-08,841.0,,original
2021-11-09,844.0,,original
2021-11-10,834.0,,original
2021-11-11,834.0,,original
2021-11-12,818.0,,original
2021-11-13,818.0,,original
2021-11-14,818.0,,original
2021-11-15,805.0,,original
2021-11-16,806.0,,original
2021-11-17,803.0,,original
2021-11-18,799.0,,original
2021-11-19,796.0,,original
2021-11-20,796.0,,original
2021-11-21,796.0,,original
2021-11-22,807.0,,original
2021-11-23,815.0,,original
2021-11-24,823.0,,original
2021-11-25,823.0,,original
2021-11-26,880.0,,original
2021-11-27,880.0,,original
2021-11-28,880.0,,original
2021-11-29,849.0,,original
2021-11-30,891.0,,original
2021-12-01,882.0,,original
2021-12-02,877.0,,original
2021-12-03,888.0,,original
2021-12-04,888.0,,original
2021-12-05,888.0,,original
2021-12-06,879.0,,original
2021-12-07,847.0,,original
2021-12-08,837.0,,original
2021-12-09,830.0,,original
2021-12-10,835.0,,original
2021-12-11,835.0,,original
2021-12-12,835.0,,original
2021-12-13,843.0,,original
2021-12-14,849.0,,original
2021-12-15,865.0,,original
2021-12-16,873.0,,original
2021-12-17,871.0,,original
2021-12-18,871.0,,original
2021-12-19,871.0,,original
2021-12-20,895.0,,original
2021-12-21,880.0,,original
2021-12-22,877.0,,original
2021-12-23,876.0,,original
2021-12-24,876.0,,original
2021-12-25,876.0,,original
2021-12-26,876.0,,original
2021-12-27,877.0,,original
2021-12-28,874.0,,original
2021-12-29,867.0,,original
2021-12-30,871.0,,original
2021-12-31,869.0,,original
2022-01-01,869.0,,original
2022-01-02,869.0,,original
2022-01-03,841.0,,original
2022-01-04,825.0,,original
2022-01-05,815.0,,original
2022-01-06,809.0,,original
2022-01-07,794.0,,original
2022-01-08,794.0,,original
2022-01-09,794.0,,original
2022-01-10,803.0,,original
2022-01-11,806.0,,original
2022-01-12,806.0,,original
2022-01-13,814.0,,original
2022-01-14,833.0,,original
2022-01-15,833.0,,original
2022-01-16,833.0,,original
2022-01-17,833.0,,original
2022-01-18,868.0,,original
2022-01-19,842.0,,original
2022-01-20,832.0,,original
2022-01-21,829.0,,original
2022-01-22,829.0,,original
2022-01-23,829.0,,original
2022-01-24,842.0,,original
2022-01-25,814.0,,original
2022-01-26,797.0,,original
2022-01-27,787.0,,original
2022-01-28,788.0,,original
2022-01-29,788.0,,original
2022-01-30,788.0,,original
2022-01-31,768.0,,original
2022-02-01,769.0,,original
2022-02-02,763.0,,original
2022-02-03,766.0,,original
2022-02-04,768.0,,original
2022-02-05,768.0,,original
2022-02-06,768.0,,original
2022-02-07,775.0,,original
2022-02-08,785.0,,original
2022-02-09,768.0,,original
2022-02-10,748.0,,original
2022-02-11,757.0,,original
2022-02-12,757.0,,original
2022-02-13,757.0,,original
2022-02-14,747.0,,original
2022-02-15,728.0,,original
2022-02-16,730.0,,original
2022-02-17,751.0,,original
2022-02-18,764.0,,original
2022-02-19,764.0,,original
2022-02-20,764.0,,original
2022-02-21,764.0,,original
2022-02-22,773.0,,original
2022-02-23,792.0,,original
2022-02-24,777.0,,original
2022-02-25,746.0,,original
2022-02-26,746.0,,original
2022-02-27,746.0,,original
2022-02-28,755.0,,original
2022-03-01,805.0,,original
2022-03-02,788.0,,original
2022-03-03,799.0,,original
2022-03-04,856.0,,original
2022-03-05,856.0,,original
2022-03-06,856.0,,original
2022-03-07,895.0,,original
2022-03-08,887.0,,original
2022-03-09,824.0,,original
2022-03-10,774.0,,original
2022-03-11,772.0,,original
2022-03-12,772.0,,original
2022-03-13,772.0,,original
2022-03-14,773.0,,original
2022-03-15,787.0,,original
2022-03-16,764.0,,original
2022-03-17,751.0,,original
2022-03-18,758.0,,original
2022-03-19,758.0,,original
2022-03-20,758.0,,original
2022-03-21,763.0,,original
2022-03-22,762.0,,original
2022-03-23,777.0,,original
2022-03-24,758.0,,original
2022-03-25,771.0,,original
2022-03-26,771.0,,original
2022-03-27,771.0,,original
2022-03-28,778.0,,original
2022-03-29,784.0,,original
2022-03-30,797.0,,original
2022-03-31,810.0,,original
2022-04-01,806.0,,original
2022-04-02,806.0,,original
2022-04-03,806.0,,original
2022-04-04,784.0,,original
2022-04-05,783.0,,original
2022-04-06,799.0,,original
2022-04-07,801.0,,original
2022-04-08,803.0,,original
2022-04-09,803.0,,original
2022-04-10,803.0,,original
2022-04-11,815.0,,original
2022-04-12,806.0,,original
2022-04-13,796.0,,original
2022-04-14,792.0,,original
2022-04-15,792.0,,original
2022-04-16,792.0,,original
2022-04-17,792.0,,original
2022-04-18,789.0,,original
2022-04-19,785.0,,original
2022-04-20,789.0,,original
2022-04-21,789.0,,original
2022-04-22,807.0,,original
2022-04-23,807.0,,original
2022-04-24,807.0,,original
2022-04-25,829.0,,original
2022-04-26,836.0,,original
2022-04-27,822.0,,original
2022-04-28,818.0,,original
2022-04-29,816.0,,original
2022-04-30,816.0,,original
2022-05-01,816.0,,original
2022-05-02,819.0,,original
2022-05-03,795.0,,original
2022-05-04,764.0,,original
2022-05-05,770.0,,original
2022-05-06,775.0,,original
2022-05-07,775.0,,original
2022-05-08,775.0,,original
2022-05-09,813.0,,original
2022-05-10,807.0,,original
2022-05-11,778.0,,original
2022-05-12,808.0,,original
2022-05-13,800.0,,original
2022-05-14,800.0,,original
2022-05-15,800.0,,original
2022-05-16,809.0,,original
2022-05-17,796.0,,original
2022-05-18,816.0,,original
2022-05-19,819.0,,original
2022-05-20,834.0,,original
2022-05-21,834.0,,original
2022-05-22,834.0,,original
2022-05-23,815.0,,original
2022-05-24,827.0,,original
2022-05-25,817.0,,original
2022-05-26,816.0,,original
2022-05-27,809.0,,original
2022-05-28,809.0,,original
2022-05-29,809.0,,original
2022-05-30,809.0,,original
2022-05-31,802.0,,original
2022-06-01,796.0,,original
2022-06-02,801.0,,original
2022-06-03,801.0,,original
2022-06-04,801.0,,original
2022-06-05,801.0,,original
2022-06-06,807.0,,original
2022-06-07,820.0,,original
2022-06-08,829.0,,original
2022-06-09,843.0,,original
2022-06-10,853.0,,original
2022-06-11,853.0,,original
2022-06-12,853.0,,original
2022-06-13,903.0,,original
2022-06-14,913.0,,original
2022-06-15,944.0,,original
2022-06-16,1010.0,,original
2022-06-17,1014.0,,original
2022-06-18,1014.0,,original
2022-06-19,1014.0,,original
2022-06-20,1014.0,,original
2022-06-21,1057.0,,original
2022-06-22,1139.0,,original
2022-06-23,1124.0,,original
2022-06-24,1056.0,,original
2022-06-25,1056.0,,original
2022-06-26,1056.0,,original
2022-06-27,1070.0,,original
2022-06-28,1173.0,,original
2022-06-29,1210.0,,original
2022-06-30,1165.0,,original
2022-07-01,1141.0,,original
2022-07-02,1141.0,,original
2022-07-03,1141.0,,original
2022-07-04,1141.0,,original
2022-07-05,1259.0,,original
2022-07-06,1352.0,,original
2022-07-07,1308.0,,original
2022-07-08,1290.0,,original
2022-07-09,1290.0,,original
2022-07-10,1290.0,,original
2022-07-11,1332.0,,original
2022-07-12,1407.0,,original
2022-07-13,1488.0,,original
2022-07-14,1562.0,,original
2022-07-15,1600.0,,original
2022-07-16,1600.0,,original
2022-07-17,1600.0,,original
2022-07-18,1540.0,,original
2022-07-19,1406.0,,original
2022-07-20,1328.0,,original
2022-07-21,1315.0,,original
2022-07-22,1266.0,,original
2022-07-23,1266.0,,original
2022-07-24,1266.0,,original
2022-07-25,1284.0,,original
2022-07-26,1361.0,,original
2022-07-27,1351.0,,original
2022-07-28,1326.0,,original
2022-07-29,1336.0,,original
2022-07-30,1336.0,,original
2022-07-31,1336.0,,original
2022-08-01,1454.0,,original
2022-08-02,1390.0,,original
2022-08-03,1317.0,,original
2022-08-04,1310.0,,original
2022-08-05,1310.0,,original
2022-08-06,1310.0,,original
2022-08-07,1310.0,,original
2022-08-08,1280.0,,original
2022-08-09,1335.0,,original
2022-08-10,1347.0,,original
2022-08-11,1351.0,,original
2022-08-12,1415.0,,original
2022-08-13,1415.0,,original
2022-08-14,1415.0,,original
2022-08-15,1453.0,,original
2022-08-16,1440.0,,original
2022-08-17,1470.0,,original
2022-08-18,1438.0,,original
2022-08-19,1465.0,,original
2022-08-20,1465.0,,original
2022-08-21,1465.0,,original
2022-08-22,1555.0,,original
2022-08-23,1543.0,,original
2022-08-24,1508.0,,original
2022-08-25,1474.0,,original
2022-08-26,1475.0,,original
2022-08-27,1475.0,,original
2022-08-28,1475.0,,original
2022-08-29,1503.0,,original
2022-08-30,1514.0,,original
2022-08-31,1550.0,,original
2022-09-01,1561.0,,original
2022-09-02,1565.0,,original
2022-09-03,1565.0,,original
2022-09-04,1565.0,,original
2022-09-05,1565.0,,original
2022-09-06,1564.0,,original
2022-09-07,1569.0,,original
2022-09-08,1543.0,,original
2022-09-09,1446.0,,original
2022-09-10,1446.0,,original
2022-09-11,1446.0,,original
2022-09-12,1424.0,,original
2022-09-13,1506.0,,original
2022-09-14,1494.0,,original
2022-09-15,1452.0,,original
2022-09-16,1498.0,,original
2022-09-17,1498.0,,original
2022-09-18,1498.0,,original
2022-09-19,1421.0,,original
2022-09-20,1450.0,,original
2022-09-21,1447.0,,original
2022-09-22,1497.0,,original
2022-09-23,1547.0,,original
2022-09-24,1547.0,,original
2022-09-25,1547.0,,original
2022-09-26,1609.0,,original
2022-09-27,1726.0,,original
2022-09-28,1708.0,,original
2022-09-29,1730.0,,original
2022-09-30,1753.0,,original
2022-10-01,1753.0,,original
2022-10-02,1753.0,,original
2022-10-03,1682.0,,original
2022-10-04,1614.0,,original
2022-10-05,1677.0,,original
2022-10-06,1677.0,,original
2022-10-07,1699.0,,original
2022-10-08,1699.0,,original
2022-10-09,1699.0,,original
2022-10-10,1699.0,,original
2022-10-11,1779.0,,original
2022-10-12,1841.0,,original
2022-10-13,1945.0,,original
2022-10-14,1883.0,,original
2022-10-15,1883.0,,original
2022-10-16,1883.0,,original
2022-10-17,1715.0,,original
2022-10-18,1677.0,,original
2022-10-19,1709.0,,original
2022-10-20,1694.0,,original
2022-10-21,1649.0,,original
2022-10-22,1649.0,,original
2022-10-23,1649.0,,original
2022-10-24,1565.0,,original
2022-10-25,1517.0,,original
2022-10-26,1532.0,,original
2022-10-27,1534.0,,original
2022-10-28,1503.0,,original
2022-10-29,1503.0,,original
2022-10-30,1503.0,,original
2022-10-31,1570.0,,original
2022-11-01,1488.0,,original
2022-11-02,1488.0,,original
2022-11-03,1508.0,,original
2022-11-04,1476.0,,original
2022-11-05,1476.0,,original
2022-11-06,1476.0,,original
2022-11-07,1418.0,,original
2022-11-08,1396.0,,original
2022-11-09,1447.0,,original
2022-11-10,1448.0,,original
2022-11-11,1448.0,,original
2022-11-12,1448.0,,original
2022-11-13,1448.0,,original
2022-11-14,1441.0,,original
2022-11-15,1425.0,,original
2022-11-16,1420.0,,original
2022-11-17,1422.0,,original
2022-11-18,1418.0,,original
2022-11-19,1418.0,,original
2022-11-20,1418.0,,original
2022-11-21,1413.0,,original
2022-11-22,1369.0,,original
2022-11-23,1333.0,,original
2022-11-24,1333.0,,original
2022-11-25,1337.0,,original
2022-11-26,1337.0,,original
2022-11-27,1337.0,,original
2022-11-28,1336.0,,original
2022-11-29,1325.0,,original
2022-11-30,1333.0,,original
2022-12-01,1325.0,,original
2022-12-02,1316.0,,original
2022-12-03,1316.0,,original
2022-12-04,1316.0,,original
2022-12-05,1320.0,,original
2022-12-06,1358.0,,original
2022-12-07,1364.0,,original
2022-12-08,1338.0,,original
2022-12-09,1329.0,,original
2022-12-10,1329.0,,original
2022-12-11,1329.0,,original
2022-12-12,1323.0,,original
2022-12-13,1300.0,,original
2022-12-14,1293.0,,original
2022-12-15,1292.0,,original
2022-12-16,1295.0,,original
2022-12-17,1295.0,,original
2022-12-18,1295.0,,original
2022-12-19,1299.0,,original
2022-12-20,1283.0,,original
2022-12-21,1260.0,,original
2022-12-22,1256.0,,original
2022-12-23,1256.0,,original
2022-12-24,1256.0,,original
2022-12-25,1256.0,,original
2022-12-26,1256.0,,original
2022-12-27,1247.0,,original
2022-12-28,1246.0,,original
2022-12-29,1255.0,,original
2022-12-30,1250.0,,original
2022-12-31,1250.0,,original
2023-01-01,1250.0,,original
2023-01-02,1250.0,,original
2023-01-03,1245.0,,original
2023-01-04,1213.0,,original
2023-01-05,1209.0,,original
2023-01-06,1119.0,,original
2023-01-07,1119.0,,original
2023-01-08,1119.0,,original
2023-01-09,1118.0,,original
2023-01-10,1127.0,,original
2023-01-11,1100.0,,original
2023-01-12,1056.0,,original
2023-01-13,1050.0,,original
2023-01-14,1050.0,,original
2023-01-15,1050.0,,original
2023-01-16,1050.0,,original
2023-01-17,1043.0,,original
2023-01-18,1047.0,,original
2023-01-19,1069.0,,original
2023-01-20,1088.0,,original
2023-01-21,1088.0,,original
2023-01-22,1088.0,,original
2023-01-23,1074.0,,original
2023-01-24,1109.0,,original
2023-01-25,1164.0,,original
2023-01-26,1173.0,,original
2023-01-27,1181.0,,original
2023-01-28,1181.0,,original
2023-01-29,1181.0,,original
2023-01-30,1216.0,,original
2023-01-31,1216.0,,original
2023-02-01,1208.0,,original
2023-02-02,1107.0,,original
2023-02-03,1120.0,,original
2023-02-04,1120.0,,original
2023-02-05,1120.0,,original
2023-02-06,1415.0,,original
2023-02-07,1514.0,,original
2023-02-08,1499.0,,original
2023-02-09,1500.0,,original
2023-02-10,1532.0,,original
2023-02-11,1532.0,,original
2023-02-12,1532.0,,original
2023-02-13,1506.0,,original
2023-02-14,1507.0,,original
2023-02-15,1568.0,,original
2023-02-16,1632.0,,original
2023-02-17,1619.0,,original
2023-02-18,1619.0,,original
2023-02-19,1619.0,,original
2023-02-20,1619.0,,original
2023-02-21,1630.0,,original
2023-02-22,1636.0,,original
2023-02-23,1620.0,,original
2023-02-24,1628.0,,original
2023-02-25,1628.0,,original
2023-02-26,1628.0,,original
2023-02-27,1709.0,,original
2023-02-28,1765.0,,original
2023-03-01,1859.0,,original
2023-03-02,1829.0,,original
2023-03-03,1655.0,,original
2023-03-04,1655.0,,original
2023-03-05,1655.0,,original
2023-03-06,1658.0,,original
2023-03-07,1662.0,,original
2023-03-08,1625.0,,original
2023-03-09,1585.0,,original
2023-03-10,1613.0,,original
2023-03-11,1613.0,,original
2023-03-12,1613.0,,original
2023-03-13,1707.0,,original
2023-03-14,1734.0,,original
2023-03-15,1868.0,,original
2023-03-16,1890.0,,original
2023-03-17,1950.0,,original
2023-03-18,1950.0,,original
2023-03-19,1950.0,,original
2023-03-20,1949.0,,original
2023-03-21,1885.0,,original
2023-03-22,1872.0,,original
2023-03-23,1823.0,,original
2023-03-24,1837.0,,original
2023-03-25,1837.0,,original
2023-03-26,1837.0,,original
2023-03-27,1821.0,,original
2023-03-28,1952.0,,original
2023-03-29,1915.0,,original
2023-03-30,1971.0,,original
2023-03-31,1917.0,,original
2023-04-01,1917.0,,original
2023-04-02,1917.0,,original
2023-04-03,1875.0,,original
2023-04-04,1908.0,,original
2023-04-05,1966.0,,original
2023-04-06,1975.0,,original
2023-04-07,1967.0,,original
2023-04-08,1967.0,,original
2023-04-09,1967.0,,original
2023-04-10,1973.0,,original
2023-04-11,1953.0,,original
2023-04-12,1933.0,,original
2023-04-13,1926.0,,original
2023-04-14,1888.0,,original
2023-04-15,1888.0,,original
2023-04-16,1888.0,,original
2023-04-17,1864.0,,original
2023-04-18,1861.0,,original
2023-04-19,1859.0,,original
2023-04-20,1878.0,,original
2023-04-21,1886.0,,original
2023-04-22,1886.0,,original
2023-04-23,1886.0,,original
2023-04-24,1914.0,,original
2023-04-25,1921.0,,original
2023-04-26,1840.0,,original
2023-04-27,1785.0,,original
2023-04-28,1757.0,,original
2023-04-29,1757.0,,original
2023-04-30,1757.0,,original
2023-05-01,1740.0,,original
2023-05-02,1759.0,,original
2023-05-03,1796.0,,original
2023-05-04,1806.0,,original
2023-05-05,1627.0,,original
2023-05-06,1627.0,,original
2023-05-07,1627.0,,original
2023-05-08,1631.0,,original
2023-05-09,1623.0,,original
2023-05-10,1691.0,,original
2023-05-11,1690.0,,original
2023-05-12,1692.0,,original
2023-05-13,1692.0,,original
2023-05-14,1692.0,,original
2023-05-15,1759.0,,original
2023-05-16,1773.0,,original
2023-05-17,1832.0,,original
2023-05-18,1865.0,,original
2023-05-19,1857.0,,original
2023-05-20,1857.0,,original
2023-05-21,1857.0,,original
2023-05-22,1836.0,,original
2023-05-23,1834.0,,original
2023-05-24,1857.0,,original
2023-05-25,1861.0,,original
2023-05-26,1882.0,,original
2023-05-27,1882.0,,original
2023-05-28,1882.0,,original
2023-05-29,1882.0,,original
2023-05-30,1861.0,,original
2023-05-31,1911.0,,original
2023-06-01,1912.0,,original
2023-06-02,1923.0,,original
2023-06-03,1923.0,,original
2023-06-04,1923.0,,original
2023-06-05,1908.0,,original
2023-06-06,1876.0,,original
2023-06-07,1856.0,,original
2023-06-08,1883.0,,original
2023-06-09,1888.0,,original
2023-06-10,1888.0,,original
2023-06-11,1888.0,,original
2023-06-12,1889.0,,original
2023-06-13,1875.0,,original
2023-06-14,1863.0,,original
2023-06-15,1875.0,,original
2023-06-16,1856.0,,original
2023-06-17,1856.0,,original
2023-06-18,1856.0,,original
2023-06-19,1856.0,,original
2023-06-20,1856.0,,original
2023-06-21,1849.0,,original
2023-06-22,1825.0,,original
2023-06-23,1846.0,,original
2023-06-24,1846.0,,original
2023-06-25,1846.0,,original
2023-06-26,1852.0,,original
2023-06-27,1858.0,,original
2023-06-28,1882.0,,original
2023-06-29,1922.0,,original
2023-06-30,1902.0,,original
2023-07-01,1902.0,,original
2023-07-02,1902.0,,original
2023-07-03,1894.0,,original
2023-07-04,1894.0,,original
2023-07-05,1898.0,,original
2023-07-06,1916.0,,original
2023-07-07,1903.0,,original
2023-07-08,1903.0,,original
2023-07-09,1903.0,,original
2023-07-10,1885.0,,original
2023-07-11,1838.0,,original
2023-07-12,1793.0,,original
2023-07-13,1765.0,,original
2023-07-14,1747.0,,original
2023-07-15,1747.0,,original
2023-07-16,1747.0,,original
2023-07-17,1786.0,,original
2023-07-18,1799.0,,original
2023-07-19,1812.0,,original
2023-07-20,1840.0,,original
2023-07-21,1840.0,,original
2023-07-22,1840.0,,original
2023-07-23,1840.0,,original
2023-07-24,1857.0,,original
2023-07-25,1867.0,,original
2023-07-26,1908.0,,original
2023-07-27,1946.0,,original
2023-07-28,1926.0,,original
2023-07-29,1926.0,,original
2023-07-30,1926.0,,original
2023-07-31,1934.0,,original
2023-08-01,1971.0,,original
2023-08-02,2018.0,,original
2023-08-03,2035.0,,original
2023-08-04,1976.0,,original
2023-08-05,1976.0,,original
2023-08-06,1976.0,,original
2023-08-07,1997.0,,original
2023-08-08,2033.0,,original
2023-08-09,1994.0,,original
2023-08-10,1900.0,,original
2023-08-11,1822.0,,original
2023-08-12,1822.0,,original
2023-08-13,1822.0,,original
2023-08-14,1846.0,,original
2023-08-15,1904.0,,original
2023-08-16,1808.0,,original
2023-08-17,1774.0,,original
2023-08-18,1814.0,,original
2023-08-19,1814.0,,original
2023-08-20,1814.0,,original
2023-08-21,1750.0,,original
2023-08-22,1756.0,,original
2023-08-23,1738.0,,original
2023-08-24,1756.0,,original
2023-08-25,1765.0,,original
2023-08-26,1765.0,,original
2023-08-27,1765.0,,original
2023-08-28,1766.0,,original
2023-08-29,1806.0,,original
2023-08-30,1815.0,,original
2023-08-31,1850.0,,original
2023-09-01,1906.0,,original
2023-09-02,1906.0,,original
2023-09-03,1906.0,,original
2023-09-04,1906.0,,original
2023-09-05,1847.0,,original
2023-09-06,1770.0,,original
2023-09-07,1724.0,,original
2023-09-08,1721.0,,original
2023-09-09,1721.0,,original
2023-09-10,1721.0,,original
2023-09-11,1709.0,,original
2023-09-12,1775.0,,original
2023-09-13,1765.0,,original
2023-09-14,1755.0,,original
2023-09-15,1749.0,,original
2023-09-16,1749.0,,original
2023-09-17,1749.0,,original
2023-09-18,1767.0,,original
2023-09-19,1775.0,,original
2023-09-20,1748.0,,original
2023-09-21,1776.0,,original
2023-09-22,1769.0,,original
2023-09-23,1769.0,,original
2023-09-24,1769.0,,original
2023-09-25,1775.0,,original
2023-09-26,1783.0,,original
2023-09-27,1795.0,,original
2023-09-28,1780.0,,original
2023-09-29,1789.0,,original
2023-09-30,1789.0,,original
2023-10-01,1789.0,,original
2023-10-02,1798.0,,original
2023-10-03,1824.0,,original
2023-10-04,1834.0,,original
2023-10-05,1853.0,,original
2023-10-06,1837.0,,original
2023-10-07,1837.0,,original
2023-10-08,1837.0,,original
2023-10-09,1837.0,,original
2023-10-10,1838.0,,original
2023-10-11,1844.0,,original
2023-10-12,1851.0,,original
2023-10-13,1839.0,,original
2023-10-14,1839.0,,original
2023-10-15,1839.0,,original
2023-10-16,1748.0,,original
2023-10-17,1733.0,,original
2023-10-18,1734.0,,original
2023-10-19,1750.0,,original
2023-10-20,1757.0,,original
2023-10-21,1757.0,,original
2023-10-22,1757.0,,original
2023-10-23,1760.0,,original
2023-10-24,1752.0,,original
2023-10-25,1750.0,,original
2023-10-26,1760.0,,original
2023-10-27,1764.0,,original
2023-10-28,1764.0,,original
2023-10-29,1764.0,,original
2023-10-30,1755.0,,original
2023-10-31,1755.0,,original
2023-11-01,1759.0,,original
2023-11-02,1766.0,,original
2023-11-03,1759.0,,original
2023-11-04,1759.0,,original
2023-11-05,1759.0,,original
2023-11-06,1749.0,,original
2023-11-07,1823.0,,original
2023-11-08,1934.0,,original
2023-11-09,1993.0,,original
2023-11-10,1949.0,,original
2023-11-11,1949.0,,original
2023-11-12,1949.0,,original
2023-11-13,1977.0,,original
2023-11-14,2030.0,,original
2023-11-15,2054.0,,original
2023-11-16,2023.0,,original
2023-11-17,2010.0,,original
2023-11-18,2010.0,,original
2023-11-19,2010.0,,original
2023-11-20,1941.0,,original
2023-11-21,1921.0,,original
2023-11-22,1925.0,,original
2023-11-23,1925.0,,original
2023-11-24,1915.0,,original
2023-11-25,1915.0,,original
2023-11-26,1915.0,,original
2023-11-27,1925.0,,original
2023-11-28,1963.0,,original
2023-11-29,1996.0,,original
2023-11-30,2016.0,,original
2023-12-01,2059.0,,original
2023-12-02,2059.0,,original
2023-12-03,2059.0,,original
2023-12-04,2055.0,,original
2023-12-05,2025.0,,original
2023-12-06,2008.0,,original
2023-12-07,2027.0,,original
2023-12-08,2019.0,,original
2023-12-09,2019.0,,original
2023-12-10,2019.0,,original
2023-12-11,2033.0,,original
2023-12-12,2054.0,,original
2023-12-13,2141.0,,original
2023-12-14,2119.0,,original
2023-12-15,2133.0,,original
2023-12-16,2133.0,,original
2023-12-17,2133.0,,original
2023-12-18,2100.0,,original
2023-12-19,2086.0,,original
2023-12-20,2083.0,,original
2023-12-21,2082.0,,original
2023-12-22,2078.0,,original
2023-12-23,2078.0,,original
2023-12-24,2078.0,,original
2023-12-25,2078.0,,original
2023-12-26,2079.0,,original
2023-12-27,2080.0,,original
2023-12-28,2062.0,,original
2023-12-29,2055.0,,original
2023-12-30,2055.0,,original
2023-12-31,2055.0,,original
2024-01-01,2055.0,,original
2024-01-02,2001.0,,original
2024-01-03,2008.0,,original
2024-01-04,1971.0,,original
2024-01-05,1935.0,,original
2024-01-06,1935.0,,original
2024-01-07,1935.0,,original
2024-01-08,1957.0,,original
2024-01-09,2039.0,,original
2024-01-10,2018.0,,original
2024-01-11,2011.0,,original
2024-01-12,1968.0,,original
2024-01-13,1968.0,,original
2024-01-14,1968.0,,original
2024-01-15,1968.0,,original
2024-01-16,1930.0,,original
2024-01-17,1910.0,,original
2024-01-18,1879.0,,original
2024-01-19,1840.0,,original
2024-01-20,1840.0,,original
2024-01-21,1840.0,,original
2024-01-22,1818.0,,original
2024-01-23,1797.0,,original
2024-01-24,1750.0,,original
2024-01-25,1709.0,,original
2024-01-26,1695.0,,original
2024-01-27,1695.0,,original
2024-01-28,1695.0,,original
2024-01-29,1733.0,,original
2024-01-30,1748.0,,original
2024-01-31,1786.0,,original
2024-02-01,1809.0,,original
2024-02-02,1759.0,,original
2024-02-03,1759.0,,original
2024-02-04,1759.0,,original
2024-02-05,1743.0,,original
2024-02-06,1675.0,,original
2024-02-07,1619.0,,original
2024-02-08,1616.0,,original
2024-02-09,1519.0,,original
2024-02-10,1519.0,,original
2024-02-11,1519.0,,original
2024-02-12,1501.0,,original
2024-02-13,1526.0,,original
2024-02-14,1529.0,,original
2024-02-15,1531.0,,original
2024-02-16,1540.0,,original
2024-02-17,1540.0,,original
2024-02-18,1540.0,,original
2024-02-19,1540.0,,original
2024-02-20,1562.0,,original
2024-02-21,1551.0,,original
2024-02-22,1498.0,,original
2024-02-23,1497.0,,original
2024-02-24,1497.0,,original
2024-02-25,1497.0,,original
2024-02-26,1513.0,,original
2024-02-27,1486.0,,original
2024-02-28,1470.0,,original
2024-02-29,1420.0,,original
2024-03-01,1341.0,,original
2024-03-02,1341.0,,original
2024-03-03,1341.0,,original
2024-03-04,1321.0,,original
2024-03-05,1332.0,,original
2024-03-06,1290.0,,original
2024-03-07,1236.0,,original
2024-03-08,1218.0,,original
2024-03-09,1218.0,,original
2024-03-10,1218.0,,original
2024-03-11,1243.0,,original
2024-03-12,1211.0,,original
2024-03-13,1241.0,,original
2024-03-14,1252.0,,original
2024-03-15,1265.0,,original
2024-03-16,1265.0,,original
2024-03-17,1265.0,,original
2024-03-18,1265.0,,original
2024-03-19,1275.0,,original
2024-03-20,1303.0,,original
2024-03-21,1254.0,,original
2024-03-22,1225.0,,original
2024-03-23,1225.0,,original
2024-03-24,1225.0,,original
2024-03-25,1218.0,,original
2024-03-26,1220.0,,original
2024-03-27,1227.0,,original
2024-03-28,1233.0,,original
2024-03-29,1233.0,,original
2024-03-30,1233.0,,original
2024-03-31,1233.0,,original
2024-04-01,1208.0,,original
2024-04-02,1214.0,,original
2024-04-03,1204.0,,original
2024-04-04,1180.0,,original
2024-04-05,1163.0,,original
2024-04-06,1163.0,,original
2024-04-07,1163.0,,original
2024-04-08,1180.0,,original
2024-04-09,1175.0,,original
2024-04-10,1182.0,,original
2024-04-11,1206.0,,original
2024-04-12,1259.0,,original
2024-04-13,1259.0,,original
2024-04-14,1259.0,,original
2024-04-15,1278.0,,original
2024-04-16,1214.0,,original
2024-04-17,1141.0,,original
2024-04-18,1141.0,,original
2024-04-19,1175.0,,original
2024-04-20,1175.0,,original
2024-04-21,1175.0,,original
2024-04-22,1138.0,,original
2024-04-23,1145.0,,original
2024-04-24,1159.0,,original
2024-04-25,1119.0,,original
2024-04-26,1115.0,,original
2024-04-27,1115.0,,original
2024-04-28,1115.0,,original
2024-04-29,1111.0,,original
2024-04-30,1120.0,,original
2024-05-01,1139.0,,original
2024-05-02,1142.0,,original
2024-05-03,1140.0,,original
2024-05-04,1140.0,,original
2024-05-05,1140.0,,original
2024-05-06,1126.0,,original
2024-05-07,1114.0,,original
2024-05-08,1131.0,,original
2024-05-09,1148.0,,original
2024-05-10,1159.0,,original
2024-05-11,1159.0,,original
2024-05-12,1159.0,,original
2024-05-13,1170.0,,original
2024-05-14,1187.0,,original
2024-05-15,1211.0,,original
2024-05-16,1242.0,,original
2024-05-17,1254.0,,original
2024-05-18,1254.0,,original
2024-05-19,1254.0,,original
2024-05-20,1255.0,,original
2024-05-21,1254.0,,original
2024-05-22,1256.0,,original
2024-05-23,1263.0,,original
2024-05-24,1259.0,,original
2024-05-25,1259.0,,original
2024-05-26,1259.0,,original
2024-05-27,1259.0,,original
2024-05-28,1275.0,,original
2024-05-29,1259.0,,original
2024-05-30,1252.0,,original
2024-05-31,1274.0,,original
2024-06-01,1274.0,,original
2024-06-02,1274.0,,original
2024-06-03,1288.0,,original
2024-06-04,1324.0,,original
2024-06-05,1337.0,,original
2024-06-06,1350.0,,original
2024-06-07,1354.0,,original
2024-06-08,1354.0,,original
2024-06-09,1354.0,,original
2024-06-10,1339.0,,original
2024-06-11,1333.0,,original
2024-06-12,1345.0,,original
2024-06-13,1360.0,,original
2024-06-14,1374.0,,original
2024-06-15,1374.0,,original
2024-06-16,1374.0,,original
2024-06-17,1380.0,,original
2024-06-18,1363.0,,original
2024-06-19,1363.0,,original
2024-06-20,1376.0,,original
2024-06-21,1421.0,,original
2024-06-22,1421.0,,original
2024-06-23,1421.0,,original
2024-06-24,1462.0,,original
2024-06-25,1427.0,,original
2024-06-26,1398.0,,original
2024-06-27,1388.0,,original
2024-06-28,1391.0,,original
2024-06-29,1391.0,,original
2024-06-30,1391.0,,original
2024-07-01,1390.0,,original
2024-07-02,1372.0,,original
2024-07-03,1352.0,,original
2024-07-04,1352.0,,original
2024-07-05,1349.0,,original
2024-07-06,1349.0,,original
2024-07-07,1349.0,,original
2024-07-08,1336.0,,original
2024-07-09,1335.0,,original
2024-07-10,1336.0,,original
2024-07-11,1339.0,,original
2024-07-12,1338.0,,original
2024-07-13,1338.0,,original
2024-07-14,1338.0,,original
2024-07-15,1278.0,,original
2024-07-16,1284.0,,original
2024-07-17,1295.0,,original
2024-07-18,1310.0,,original
2024-07-19,1308.0,,original
2024-07-20,1308.0,,original
2024-07-21,1308.0,,original
2024-07-22,1310.0,,original
2024-07-23,1299.0,,original
2024-07-24,1314.0,,original
2024-07-25,1303.0,,original
2024-07-26,1296.0,,original
2024-07-27,1296.0,,original
2024-07-28,1296.0,,original
2024-07-29,1301.0,,original
2024-07-30,1307.0,,original
2024-07-31,1305.0,,original
2024-08-01,1350.0,,original
2024-08-02,1403.0,,original
2024-08-03,1403.0,,original
2024-08-04,1403.0,,original
2024-08-05,1460.0,,original
2024-08-06,1444.0,,original
2024-08-07,1408.0,,original
2024-08-08,1397.0,,original
2024-08-09,1397.0,,original
2024-08-10,1397.0,,original
2024-08-11,1397.0,,original
2024-08-12,1392.0,,original
2024-08-13,1374.0,,original
2024-08-14,1359.0,,original
2024-08-15,1315.0,,original
2024-08-16,1312.0,,original
2024-08-17,1312.0,,original
2024-08-18,1312.0,,original
2024-08-19,1291.0,,original
2024-08-20,1286.0,,original
2024-08-21,1284.0,,original
2024-08-22,1294.0,,original
2024-08-23,1304.0,,original
2024-08-24,1304.0,,original
2024-08-25,1304.0,,original
2024-08-26,1291.0,,original
2024-08-27,1296.0,,original
2024-08-28,1289.0,,original
2024-08-29,1263.0,,original
2024-08-30,1240.0,,original
2024-08-31,1240.0,,original
2024-09-01,1240.0,,original
2024-09-02,1240.0,,original
2024-09-03,1263.0,,original
2024-09-04,1261.0,,original
2024-09-05,1251.0,,original
2024-09-06,1234.0,,original
2024-09-07,1234.0,,original
2024-09-08,1234.0,,original
2024-09-09,1241.0,,original
2024-09-10,1225.0,,original
2024-09-11,1230.0,,original
2024-09-12,1217.0,,original
2024-09-13,1208.0,,original
2024-09-14,1208.0,,original
2024-09-15,1208.0,,original
2024-09-16,1194.0,,original
2024-09-17,1160.0,,original
2024-09-18,1158.0,,original
2024-09-19,1149.0,,original
2024-09-20,1156.0,,original
2024-09-21,1156.0,,original
2024-09-22,1156.0,,original
2024-09-23,1165.0,,original
2024-09-24,1191.0,,original
2024-09-25,1222.0,,original
2024-09-26,1234.0,,original
2024-09-27,1225.0,,original
2024-09-28,1225.0,,original
2024-09-29,1225.0,,original
2024-09-30,1211.0,,original
2024-10-01,1218.0,,original
2024-10-02,1216.0,,original
2024-10-03,1192.0,,original
2024-10-04,1135.0,,original
2024-10-05,1135.0,,original
2024-10-06,1135.0,,original
2024-10-07,1122.0,,original
2024-10-08,1143.0,,original
2024-10-09,1165.0,,original
2024-10-10,1209.0,,original
2024-10-11,1207.0,,original
2024-10-12,1207.0,,original
2024-10-13,1207.0,,original
2024-10-14,1207.0,,original
2024-10-15,1207.0,,original
2024-10-16,1225.0,,original
2024-10-17,1244.0,,original
2024-10-18,1209.0,,original
2024-10-19,1209.0,,original
2024-10-20,1209.0,,original
2024-10-21,1226.0,,original
2024-10-22,1243.0,,original
2024-10-23,1260.0,,original
2024-10-24,1277.0,,original
2024-10-25,1295.0,,original
2024-10-26,1295.0,,original
2024-10-27,1295.0,,original
2024-10-28,1317.0,,original
2024-10-29,1305.0,,original
2024-10-30,1254.0,,original
2024-10-31,1250.0,,original
2024-11-01,1252.0,,original
2024-11-02,1252.0,,original
2024-11-03,1252.0,,original
2024-11-04,1273.0,,original
2024-11-05,1283.0,,original
2024-11-06,1218.0,,original
2024-11-07,1163.0,,original
2024-11-08,1197.0,,original
2024-11-09,1197.0,,original
2024-11-10,1197.0,,original
2024-11-11,1197.0,,original
2024-11-12,1230.0,,original
2024-11-13,1265.0,,original
2024-11-14,1322.0,,original
2024-11-15,1361.0,,original
2024-11-16,1361.0,,original
2024-11-17,1361.0,,original
2024-11-18,1358.0,,original
2024-11-19,1349.0,,original
2024-11-20,1337.0,,original
2024-11-21,1290.0,,original
2024-11-22,1297.0,,original
2024-11-23,1297.0,,original
2024-11-24,1297.0,,original
2024-11-25,1302.0,,original
2024-11-26,1295.0,,original
2024-11-27,1289.0,,original
2024-11-28,1289.0,,original
2024-11-29,1286.0,,original
2024-11-30,1286.0,,original
2024-12-01,1286.0,,original
2024-12-02,1292.0,,original
2024-12-03,1200.0,,original
2024-12-04,1179.0,,original
2024-12-05,1189.0,,original
2024-12-06,1193.0,,original
2024-12-07,1193.0,,original
2024-12-08,1193.0,,original
2024-12-09,1196.0,,original
2024-12-10,1180.0,,original
2024-12-11,1216.0,,original
2024-12-12,1205.0,,original
2024-12-13,1216.0,,original
2024-12-14,1216.0,,original
2024-12-15,1216.0,,original
2024-12-16,1214.0,,original
2024-12-17,1203.0,,original
2024-12-18,1187.0,,original
2024-12-19,1211.0,,original
2024-12-20,1197.0,,original
2024-12-21,1197.0,,original
2024-12-22,1197.0,,original
2024-12-23,1192.0,,original
2024-12-24,1200.0,,original
2024-12-25,1200.0,,original
2024-12-26,1193.0,,original
2024-12-27,1208.0,,original
2024-12-28,1208.0,,original
2024-12-29,1208.0,,original
2024-12-30,1218.0,,original
2024-12-31,1200.0,,original
2025-01-01,1200.0,,original
2025-01-02,1186.0,,original
2025-01-03,1160.0,,original
2025-01-04,1160.0,,original
2025-01-05,1160.0,,original
2025-01-06,1139.0,,original
2025-01-07,1089.0,,original
2025-01-08,1074.0,,original
2025-01-09,1046.0,,original
2025-01-10,1045.0,,original
2025-01-11,1045.0,,original
2025-01-12,1045.0,,original
2025-01-13,1061.0,,original
2025-01-14,1054.0,,original
2025-01-15,1048.0,,original
2025-01-16,1067.0,,original
2025-01-17,1069.0,,original
2025-01-18,1069.0,,original
2025-01-19,1069.0,,original
2025-01-20,1069.0,,original
2025-01-21,1032.0,,original
2025-01-22,1024.0,,original
2025-01-23,1033.0,,original
2025-01-24,1027.0,,original
2025-01-25,1027.0,,original
2025-01-26,1027.0,,original
2025-01-27,1033.0,,original
2025-01-28,1020.0,,original
2025-01-29,978.0,,original
2025-01-30,923.0,,original
2025-01-31,941.0,,original
2025-02-01,941.0,,original
2025-02-02,941.0,,original
2025-02-03,947.0,,original
2025-02-04,926.0,,original
2025-02-05,912.0,,original
2025-02-06,901.0,,original
2025-02-07,903.0,,original
2025-02-08,903.0,,original
2025-02-09,903.0,,original
2025-02-10,1162.0,,original
2025-02-11,1163.0,,original
2025-02-12,1139.0,,original
2025-02-13,1244.0,,original
2025-02-14,1319.0,,original
2025-02-15,1319.0,,original
2025-02-16,1319.0,,original
2025-02-17,1319.0,,original
2025-02-18,1351.0,,original
2025-02-19,1361.0,,original
2025-02-20,1364.0,,original
2025-02-21,1369.0,,original
2025-02-22,1369.0,,original
2025-02-23,1369.0,,original
2025-02-24,1384.0,,original
2025-02-25,1385.0,,original
2025-02-26,1366.0,,original
2025-02-27,1370.0,,original
2025-02-28,1378.0,,original
2025-03-01,1378.0,,original
2025-03-02,1378.0,,original
2025-03-03,1366.0,,original
2025-03-04,1381.0,,original
2025-03-05,1416.0,,original
2025-03-06,1487.0,,original
2025-03-07,1503.0,,original
2025-03-08,1503.0,,original
2025-03-09,1503.0,,original
2025-03-10,1561.0,,original
2025-03-11,1557.0,,original
2025-03-12,1503.0,,original
2025-03-13,1497.0,,original
2025-03-14,1475.0,,original
2025-03-15,1475.0,,original
2025-03-16,1475.0,,original
2025-03-17,1460.0,,original
2025-03-18,1437.0,,original
2025-03-19,1461.0,,original
2025-03-20,1511.0,,original
2025-03-21,1547.0,,original
2025-03-22,1547.0,,original
2025-03-23,1547.0,,original
2025-03-24,1511.0,,original
2025-03-25,1492.0,,original
2025-03-26,1526.0,,original
2025-03-27,1561.0,,original
2025-03-28,1626.0,,original
2025-03-29,1626.0,,original
2025-03-30,1626.0,,original
2025-03-31,1630.0,,original
2025-04-01,1607.0,,original
2025-04-02,1567.0,,original
2025-04-03,1613.0,,original
2025-04-04,1702.0,,original
2025-04-05,1702.0,,original
2025-04-06,1702.0,,original
2025-04-07,1790.0,,original
2025-04-08,1840.0,,original
2025-04-09,1736.0,,original
2025-04-10,1736.8715824615056,1736.8715824615056,sintetica
2025-04-11,1737.0827556783008,1737.0827556783008,sintetica
2025-04-12,1735.0424298672867,1735.0424298672867,sintetica
2025-04-13,1731.1847955187714,1731.1847955187714,sintetica
2025-04-14,1727.530166741175,1727.530166741175,sintetica
2025-04-15,1725.8667801230565,1725.8667801230565,sintetica
2025-04-16,1726.1884554855656,1726.1884554855656,sintetica
2025-04-17,1726.7515608022898,1726.7515608022898,sintetica
2025-04-18,1725.6547772435044,1725.6547772435044,sintetica
2025-04-19,1722.5118311677936,1722.5118311677936,sintetica
2025-04-20,1718.7468704485489,1718.7468704485489,sintetica
2025-04-21,1716.292894426829,1716.292894426829,sintetica
2025-04-22,1715.8811131897078,1715.8811131897078,sintetica
2025-04-23,1716.433901592363,1716.433901592363,sintetica
2025-04-24,1716.0622622902094,1716.0622622902094,sintetica
2025-04-25,1713.7465276801508,1713.7465276801508,sintetica
2025-04-26,1710.2060266143985,1710.2060266143985,sintetica
2025-04-27,1707.2179733911341,1707.2179733911341,sintetica
2025-04-28,1706.0277387850108,1706.0277387850108,sintetica
2025-04-29,1706.271432967616,1706.271432967616,sintetica
2025-04-30,1706.3414049802375,1706.3414049802375,sintetica
2025-05-01,1704.832514801652,1704.832514801652,sintetica
2025-05-02,1701.769170894961,1701.769170894961,sintetica
2025-05-03,1698.5428316691095,1698.5428316691095,sintetica
2025-05-04,1696.6518557387615,1696.6518557387615,sintetica
2025-05-05,1696.3837627078062,1696.3837627078062,sintetica
2025-05-06,1696.597740744817,1696.597740744817,sintetica
2025-05-07,1695.7666179104297,1695.7666179104297,sintetica
2025-05-08,1693.32788891125,1693.32788891125,sintetica
2025-05-09,1690.1495298952893,1690.1495298952893,sintetica
