anomalia_sintetica_id,sintetica_fecha_inicio,sintetica_fecha_fin,sintetica_nombre,anomalia_historica_id,historica_fecha_inicio,historica_fecha_fin,historica_nombre,similitud_cosine,rank_visual,titulo_noticia,texto_noticia,fuente_noticia,fecha_noticia,categoria_noticia,motivo
002_ARIMA_DIRECT_DBSCAN,2026-01-29,2026-01-31,002_ARIMA_DIRECT_DBSCAN.png,054_2012-09-14,2012-09-14,2012-09-14,054_2012-09-14.png,0.935255,1,Policía desarticula bandas dedicadas al sicariato,Importante operativo policial en zonas críticas de Guayaquil resulta en la captura de sospechosos vinculados a crímenes violentos y narcotráfico. La intervención forma parte del plan de seguridad ciudadana para reducir los índices de delincuencia y fortalecer la vigilancia en sectores de alta peligrosidad.,Ministerio del Interior,2012-09-12,seguridad_crimen,ok
002_ARIMA_DIRECT_DBSCAN,2026-01-29,2026-01-31,002_ARIMA_DIRECT_DBSCAN.png,054_2012-09-14,2012-09-14,2012-09-14,054_2012-09-14.png,0.935255,1,Avanzan diálogos para financiamiento de Refinería del Pacífico,"Ecuador mantiene negociaciones estratégicas con instituciones financieras de China para concretar la construcción del complejo petroquímico en Manabí. El proyecto se considera vital para la soberanía energética del país y la reducción de la importación de derivados, pese a las críticas por el alto endeudamiento externo.",El Comercio,2012-09-14,economia_finanzas,ok
002_ARIMA_DIRECT_DBSCAN,2026-01-29,2026-01-31,002_ARIMA_DIRECT_DBSCAN.png,054_2012-09-14,2012-09-14,2012-09-14,054_2012-09-14.png,0.935255,1,Mantenimiento en Paute para prevenir apagones en estiaje,"Inician labores de limpieza y mantenimiento técnico en la central hidroeléctrica Paute Molino. Los trabajos buscan optimizar la generación eléctrica antes del inicio de la temporada de sequía en la zona austral del país, asegurando la estabilidad del Sistema Nacional Interconectado y evitando cortes de energía.",CELEC,2012-09-17,servicios_basicos,ok
002_ARIMA_DIRECT_DBSCAN,2026-01-29,2026-01-31,002_ARIMA_DIRECT_DBSCAN.png,033_2009-01-05,2009-01-05,2009-01-07,033_2009-01-05.png,0.92977,2,Ecuador busca estrechar relaciones con Cuba,"Ecuador expresó felicitaciones a Cuba por el aniversario de la Revolución y abordó su postura frente al embargo, enmarcando el tema en política exterior y relaciones bilaterales.",El Universo,2009-01-05,politica_gobierno,ok
002_ARIMA_DIRECT_DBSCAN,2026-01-29,2026-01-31,002_ARIMA_DIRECT_DBSCAN.png,033_2009-01-05,2009-01-05,2009-01-07,033_2009-01-05.png,0.92977,2,Daños en 2 casas por incendios,Incendios afectaron viviendas y dejaron familias con daños materiales. Se describen acciones de respuesta y afectación de hogares.,El Universo,2009-01-05,seguridad_crimen,ok
002_ARIMA_DIRECT_DBSCAN,2026-01-29,2026-01-31,002_ARIMA_DIRECT_DBSCAN.png,033_2009-01-05,2009-01-05,2009-01-07,033_2009-01-05.png,0.92977,2,Dos muertos en accidentes de tránsito,Dos personas fallecieron en accidentes de tránsito ocurridos en la ciudad. La nota reporta hechos y el contexto de seguridad vial.,El Universo,2009-01-05,seguridad_crimen,ok
002_ARIMA_DIRECT_DBSCAN,2026-01-29,2026-01-31,002_ARIMA_DIRECT_DBSCAN.png,033_2009-01-05,2009-01-05,2009-01-07,033_2009-01-05.png,0.92977,2,Mineros bloquean vías de Azuay,"Mineros cerraron vías en rechazo a la Ley Minera en trámite, afectando movilidad hacia/desde Azuay. La nota describe el paro y demandas del sector.",El Universo,2009-01-05,sociedad_cultura,ok
002_ARIMA_DIRECT_DBSCAN,2026-01-29,2026-01-31,002_ARIMA_DIRECT_DBSCAN.png,033_2009-01-05,2009-01-05,2009-01-07,033_2009-01-05.png,0.92977,2,Decreto presidencial elimina costos para ser policías,"El Ejecutivo suprimió cobros requeridos para ingreso a escuelas de formación policial, con implicaciones para acceso y políticas de talento humano en seguridad.",El Universo,2009-01-07,politica_gobierno,ok
002_ARIMA_DIRECT_DBSCAN,2026-01-29,2026-01-31,002_ARIMA_DIRECT_DBSCAN.png,033_2009-01-05,2009-01-05,2009-01-07,033_2009-01-05.png,0.92977,2,Liberado equipo periodístico de EL UNIVERSO,Un equipo periodístico fue retenido temporalmente por comuneros en Pueblo Nuevo (Azuay) y luego liberado. La nota describe el incidente y el contexto local.,El Universo,2009-01-07,seguridad_crimen,ok
002_ARIMA_DIRECT_DBSCAN,2026-01-29,2026-01-31,002_ARIMA_DIRECT_DBSCAN.png,033_2009-01-05,2009-01-05,2009-01-07,033_2009-01-05.png,0.92977,2,Reclamos por justicia en muerte de menor,Familiares y estudiantes marcharon en Latacunga para exigir sanciones por la muerte de un menor. La nota enmarca el caso en demanda social de justicia.,El Universo,2009-01-07,seguridad_crimen,ok
005_ARIMA_DIRECT_IFOREST,2026-01-29,2026-01-29,005_ARIMA_DIRECT_IFOREST.png,054_2012-09-14,2012-09-14,2012-09-14,054_2012-09-14.png,0.938809,1,Policía desarticula bandas dedicadas al sicariato,Importante operativo policial en zonas críticas de Guayaquil resulta en la captura de sospechosos vinculados a crímenes violentos y narcotráfico. La intervención forma parte del plan de seguridad ciudadana para reducir los índices de delincuencia y fortalecer la vigilancia en sectores de alta peligrosidad.,Ministerio del Interior,2012-09-12,seguridad_crimen,ok
005_ARIMA_DIRECT_IFOREST,2026-01-29,2026-01-29,005_ARIMA_DIRECT_IFOREST.png,054_2012-09-14,2012-09-14,2012-09-14,054_2012-09-14.png,0.938809,1,Avanzan diálogos para financiamiento de Refinería del Pacífico,"Ecuador mantiene negociaciones estratégicas con instituciones financieras de China para concretar la construcción del complejo petroquímico en Manabí. El proyecto se considera vital para la soberanía energética del país y la reducción de la importación de derivados, pese a las críticas por el alto endeudamiento externo.",El Comercio,2012-09-14,economia_finanzas,ok
005_ARIMA_DIRECT_IFOREST,2026-01-29,2026-01-29,005_ARIMA_DIRECT_IFOREST.png,054_2012-09-14,2012-09-14,2012-09-14,054_2012-09-14.png,0.938809,1,Mantenimiento en Paute para prevenir apagones en estiaje,"Inician labores de limpieza y mantenimiento técnico en la central hidroeléctrica Paute Molino. Los trabajos buscan optimizar la generación eléctrica antes del inicio de la temporada de sequía en la zona austral del país, asegurando la estabilidad del Sistema Nacional Interconectado y evitando cortes de energía.",CELEC,2012-09-17,servicios_basicos,ok
005_ARIMA_DIRECT_IFOREST,2026-01-29,2026-01-29,005_ARIMA_DIRECT_IFOREST.png,032_2008-12-29,2008-12-29,2008-12-29,032_2008-12-29.png,0.934291,2,Asalto bancario generó alarma en fin de año,Un asalto a una entidad bancaria ocurrido a finales de diciembre provocó alarma entre clientes y reforzamiento de medidas de seguridad policial en la zona.,El Universo,2008-12-29,seguridad_crimen,ok
006_ARIMA_DIRECT_TIMEGPT,2026-02-09,2026-02-09,006_ARIMA_DIRECT_TIMEGPT.png,031_2008-12-23,2008-12-23,2008-12-23,031_2008-12-23.png,0.858192,1,Cortes de energía afectaron zonas urbanas en vísperas de Navidad,"Interrupciones del servicio eléctrico se registraron en varios sectores urbanos del país, generando molestias a comerciantes y hogares durante la temporada navideña.",El Universo,2008-12-23,servicios_basicos,ok
006_ARIMA_DIRECT_TIMEGPT,2026-02-09,2026-02-09,006_ARIMA_DIRECT_TIMEGPT.png,104_2020-09-01,2020-09-01,2020-09-01,104_2020-09-01.png,0.855899,2,Ecuador avanza en negociación de vacunas COVID-19 septiembre 2020,Ecuador negocia dosis de vacunas COVID-19 con AstraZeneca y otros laboratorios en septiembre 2020. Ministerio de Salud detalla avances; contexto de pandemia con reducción de casos pero alerta por segunda ola posible.,El Universo,2020-09-01,politica_gobierno,ok
006_ARIMA_DIRECT_TIMEGPT,2026-02-09,2026-02-09,006_ARIMA_DIRECT_TIMEGPT.png,104_2020-09-01,2020-09-01,2020-09-01,104_2020-09-01.png,0.855899,2,Gobierno mantiene restricciones ante COVID-19,El COE Nacional ratificó restricciones y evaluó medidas para controlar contagios.,El Universo,2020-09-04,politica_gobierno,ok
006_ARIMA_DIRECT_TIMEGPT,2026-02-09,2026-02-09,006_ARIMA_DIRECT_TIMEGPT.png,104_2020-09-01,2020-09-01,2020-09-01,104_2020-09-01.png,0.855899,2,Sistema de salud continúa bajo presión,Hospitales reportaron alta ocupación de camas UCI en varias provincias.,El Comercio,2020-09-04,riesgo_pais_calidad_vida,ok
006_ARIMA_DIRECT_TIMEGPT,2026-02-09,2026-02-09,006_ARIMA_DIRECT_TIMEGPT.png,104_2020-09-01,2020-09-01,2020-09-01,104_2020-09-01.png,0.855899,2,Economía muestra lenta recuperación,Indicadores económicos evidenciaron una recuperación gradual tras meses de crisis.,El Universo,2020-09-05,economia_finanzas,ok
006_ARIMA_DIRECT_TIMEGPT,2026-02-09,2026-02-09,006_ARIMA_DIRECT_TIMEGPT.png,104_2020-09-01,2020-09-01,2020-09-01,104_2020-09-01.png,0.855899,2,Inseguridad preocupa en zonas urbanas,Autoridades reportaron incremento de robos y asaltos en ciudades principales.,El Comercio,2020-09-06,seguridad_crimen,ok
007_ARIMA_DIRECT_TIMESNET,2026-02-21,2026-02-21,007_ARIMA_DIRECT_TIMESNET.png,032_2008-12-29,2008-12-29,2008-12-29,032_2008-12-29.png,0.859532,1,Asalto bancario generó alarma en fin de año,Un asalto a una entidad bancaria ocurrido a finales de diciembre provocó alarma entre clientes y reforzamiento de medidas de seguridad policial en la zona.,El Universo,2008-12-29,seguridad_crimen,ok
007_ARIMA_DIRECT_TIMESNET,2026-02-21,2026-02-21,007_ARIMA_DIRECT_TIMESNET.png,104_2020-09-01,2020-09-01,2020-09-01,104_2020-09-01.png,0.85844,2,Ecuador avanza en negociación de vacunas COVID-19 septiembre 2020,Ecuador negocia dosis de vacunas COVID-19 con AstraZeneca y otros laboratorios en septiembre 2020. Ministerio de Salud detalla avances; contexto de pandemia con reducción de casos pero alerta por segunda ola posible.,El Universo,2020-09-01,politica_gobierno,ok
007_ARIMA_DIRECT_TIMESNET,2026-02-21,2026-02-21,007_ARIMA_DIRECT_TIMESNET.png,104_2020-09-01,2020-09-01,2020-09-01,104_2020-09-01.png,0.85844,2,Gobierno mantiene restricciones ante COVID-19,El COE Nacional ratificó restricciones y evaluó medidas para controlar contagios.,El Universo,2020-09-04,politica_gobierno,ok
007_ARIMA_DIRECT_TIMESNET,2026-02-21,2026-02-21,007_ARIMA_DIRECT_TIMESNET.png,104_2020-09-01,2020-09-01,2020-09-01,104_2020-09-01.png,0.85844,2,Sistema de salud continúa bajo presión,Hospitales reportaron alta ocupación de camas UCI en varias provincias.,El Comercio,2020-09-04,riesgo_pais_calidad_vida,ok
007_ARIMA_DIRECT_TIMESNET,2026-02-21,2026-02-21,007_ARIMA_DIRECT_TIMESNET.png,104_2020-09-01,2020-09-01,2020-09-01,104_2020-09-01.png,0.85844,2,Economía muestra lenta recuperación,Indicadores económicos evidenciaron una recuperación gradual tras meses de crisis.,El Universo,2020-09-05,economia_finanzas,ok
007_ARIMA_DIRECT_TIMESNET,2026-02-21,2026-02-21,007_ARIMA_DIRECT_TIMESNET.png,104_2020-09-01,2020-09-01,2020-09-01,104_2020-09-01.png,0.85844,2,Inseguridad preocupa en zonas urbanas,Autoridades reportaron incremento de robos y asaltos en ciudades principales.,El Comercio,2020-09-06,seguridad_crimen,ok
008_ARIMA_DIRECT_TRANAD,2026-02-21,2026-02-21,008_ARIMA_DIRECT_TRANAD.png,032_2008-12-29,2008-12-29,2008-12-29,032_2008-12-29.png,0.859532,1,Asalto bancario generó alarma en fin de año,Un asalto a una entidad bancaria ocurrido a finales de diciembre provocó alarma entre clientes y reforzamiento de medidas de seguridad policial en la zona.,El Universo,2008-12-29,seguridad_crimen,ok
008_ARIMA_DIRECT_TRANAD,2026-02-21,2026-02-21,008_ARIMA_DIRECT_TRANAD.png,104_2020-09-01,2020-09-01,2020-09-01,104_2020-09-01.png,0.85844,2,Ecuador avanza en negociación de vacunas COVID-19 septiembre 2020,Ecuador negocia dosis de vacunas COVID-19 con AstraZeneca y otros laboratorios en septiembre 2020. Ministerio de Salud detalla avances; contexto de pandemia con reducción de casos pero alerta por segunda ola posible.,El Universo,2020-09-01,politica_gobierno,ok
008_ARIMA_DIRECT_TRANAD,2026-02-21,2026-02-21,008_ARIMA_DIRECT_TRANAD.png,104_2020-09-01,2020-09-01,2020-09-01,104_2020-09-01.png,0.85844,2,Gobierno mantiene restricciones ante COVID-19,El COE Nacional ratificó restricciones y evaluó medidas para controlar contagios.,El Universo,2020-09-04,politica_gobierno,ok
008_ARIMA_DIRECT_TRANAD,2026-02-21,2026-02-21,008_ARIMA_DIRECT_TRANAD.png,104_2020-09-01,2020-09-01,2020-09-01,104_2020-09-01.png,0.85844,2,Sistema de salud continúa bajo presión,Hospitales reportaron alta ocupación de camas UCI en varias provincias.,El Comercio,2020-09-04,riesgo_pais_calidad_vida,ok
008_ARIMA_DIRECT_TRANAD,2026-02-21,2026-02-21,008_ARIMA_DIRECT_TRANAD.png,104_2020-09-01,2020-09-01,2020-09-01,104_2020-09-01.png,0.85844,2,Economía muestra lenta recuperación,Indicadores económicos evidenciaron una recuperación gradual tras meses de crisis.,El Universo,2020-09-05,economia_finanzas,ok
008_ARIMA_DIRECT_TRANAD,2026-02-21,2026-02-21,008_ARIMA_DIRECT_TRANAD.png,104_2020-09-01,2020-09-01,2020-09-01,104_2020-09-01.png,0.85844,2,Inseguridad preocupa en zonas urbanas,Autoridades reportaron incremento de robos y asaltos en ciudades principales.,El Comercio,2020-09-06,seguridad_crimen,ok
012_ARIMA_FEEDBACK_DBSCAN,2026-02-17,2026-02-27,012_ARIMA_FEEDBACK_DBSCAN.png,032_2008-12-29,2008-12-29,2008-12-29,032_2008-12-29.png,0.950171,1,Asalto bancario generó alarma en fin de año,Un asalto a una entidad bancaria ocurrido a finales de diciembre provocó alarma entre clientes y reforzamiento de medidas de seguridad policial en la zona.,El Universo,2008-12-29,seguridad_crimen,ok
012_ARIMA_FEEDBACK_DBSCAN,2026-02-17,2026-02-27,012_ARIMA_FEEDBACK_DBSCAN.png,067_2016-01-12,2016-01-12,2016-01-12,067_2016-01-12.png,0.946647,2,Emergencias viales por lluvias en la Sierra,Deslizamientos y cierres viales se reportaron en provincias de la Sierra debido a las precipitaciones intensas.,El Comercio,2016-01-12,economia_finanzas,ok
012_ARIMA_FEEDBACK_DBSCAN,2026-02-17,2026-02-27,012_ARIMA_FEEDBACK_DBSCAN.png,067_2016-01-12,2016-01-12,2016-01-12,067_2016-01-12.png,0.946647,2,Riesgo país de Ecuador sube por caída petróleo enero 2016,Riesgo país de Ecuador alcanza niveles altos en enero 2016 por caída del petróleo. Spreads en bonos soberanos suben; análisis de impacto en deuda y financiamiento.,El Universo,2016-01-12,economia_finanzas,ok
012_ARIMA_FEEDBACK_DBSCAN,2026-02-17,2026-02-27,012_ARIMA_FEEDBACK_DBSCAN.png,067_2016-01-12,2016-01-12,2016-01-12,067_2016-01-12.png,0.946647,2,Lluvias provocan inundaciones en la Costa,Fuertes lluvias causaron desbordes de ríos e inundaciones en zonas rurales y urbanas de la región Costa.,El Universo,2016-01-12,medio_ambiente,ok
014_ARIMA_FEEDBACK_DIF,2026-02-02,2026-02-02,014_ARIMA_FEEDBACK_DIF.png,149_2024-03-01,2024-03-01,2024-03-01,149_2024-03-01.png,0.961068,1,Invierno 2024: miles afectados por lluvias en Ecuador desde enero,"El invierno 2024 deja miles de afectados por lluvias intensas en 23 provincias desde enero. Se reportan inundaciones, deslizamientos y damnificados; Gestión de Riesgos coordina respuesta con alertas Inamhi y apoyo a comunidades vulnerables.",El Comercio,2024-03-01,medio_ambiente,ok
014_ARIMA_FEEDBACK_DIF,2026-02-02,2026-02-02,014_ARIMA_FEEDBACK_DIF.png,149_2024-03-01,2024-03-01,2024-03-01,149_2024-03-01.png,0.961068,1,Ecuador solicita permiso a México para ingresar a su embajada y detener a Jorge Glas,"La Cancillería ecuatoriana pidió autorización para ingresar a la embajada de México en Quito y detener al exvicepresidente Jorge Glas, elevando tensiones diplomáticas.",Reuters,2024-03-01,politica_gobierno,ok
014_ARIMA_FEEDBACK_DIF,2026-02-02,2026-02-02,014_ARIMA_FEEDBACK_DIF.png,149_2024-03-01,2024-03-01,2024-03-01,149_2024-03-01.png,0.961068,1,Cobertura nacional: agenda política y seguridad del día,"Medios nacionales reportaron actualizaciones sobre gestión pública, seguridad y coyuntura política, incluyendo efectos en movilidad y servicios.",Teleamazonas,2024-03-01,politica_gobierno,ok
014_ARIMA_FEEDBACK_DIF,2026-02-02,2026-02-02,014_ARIMA_FEEDBACK_DIF.png,149_2024-03-01,2024-03-01,2024-03-01,149_2024-03-01.png,0.961068,1,Volcán La Cumbre inicia erupción en Galápagos,El gobierno informó sobre la erupción del volcán La Cumbre en una isla no habitada de Galápagos y el monitoreo de riesgos.,Reuters,2024-03-03,medio_ambiente,ok
014_ARIMA_FEEDBACK_DIF,2026-02-02,2026-02-02,014_ARIMA_FEEDBACK_DIF.png,149_2024-03-01,2024-03-01,2024-03-01,149_2024-03-01.png,0.961068,1,Ecuador se prepara para votaciones con foco en seguridad,La discusión pública incluyó el paquete de medidas de seguridad y gobernabilidad y su impacto en la institucionalidad.,Reuters,2024-03-04,politica_gobierno,ok
014_ARIMA_FEEDBACK_DIF,2026-02-02,2026-02-02,014_ARIMA_FEEDBACK_DIF.png,142_2023-08-15,2023-08-15,2023-08-16,142_2023-08-15.png,0.959509,2,Operativos y hechos delictivos elevan preocupación por seguridad,"Se reportaron operativos, detenciones o investigaciones por delitos, junto con alertas ciudadanas en distintas provincias.",El Universo,2023-08-10,seguridad_crimen,ok
014_ARIMA_FEEDBACK_DIF,2026-02-02,2026-02-02,014_ARIMA_FEEDBACK_DIF.png,142_2023-08-15,2023-08-15,2023-08-16,142_2023-08-15.png,0.959509,2,Guayaquil registra pico de violencia en agosto 2023 con múltiples balaceras,"Guayaquil enfrenta pico de violencia en agosto 2023 con balaceras diarias y disputas entre bandas por control territorial. Se reportan múltiples homicidios en sectores como el sur y Durán, con Policía desplegando operativos; contexto de escalada criminal que preludia crisis nacional.",El Universo,2023-08-10,seguridad_crimen,ok
014_ARIMA_FEEDBACK_DIF,2026-02-02,2026-02-02,014_ARIMA_FEEDBACK_DIF.png,142_2023-08-15,2023-08-15,2023-08-16,142_2023-08-15.png,0.959509,2,Decomisos y acciones contra narcotráfico se intensifican,"Fuerzas de seguridad informaron decomisos, capturas y operativos vinculados a narcotráfico y microtráfico en rutas, puertos y ciudades.",El Comercio,2023-08-11,seguridad_crimen,ok
014_ARIMA_FEEDBACK_DIF,2026-02-02,2026-02-02,014_ARIMA_FEEDBACK_DIF.png,142_2023-08-15,2023-08-15,2023-08-16,142_2023-08-15.png,0.959509,2,Muertes violentas en Ecuador suben en agosto 2023 por narcotráfico,"Ecuador registra aumento de homicidios en agosto 2023, ligados a narcotráfico y pugnas territoriales en Guayas y Manabí. Cifras oficiales muestran escalada; análisis destaca debilidad institucional y necesidad de reformas en seguridad.",Primicias,2023-08-11,seguridad_crimen,ok
014_ARIMA_FEEDBACK_DIF,2026-02-02,2026-02-02,014_ARIMA_FEEDBACK_DIF.png,142_2023-08-15,2023-08-15,2023-08-16,142_2023-08-15.png,0.959509,2,Decisiones y anuncios del Gobierno marcan la agenda nacional,"Autoridades informaron decisiones de política pública, decretos o acciones institucionales con impacto nacional y en gobiernos locales.",Primicias,2023-08-12,politica_gobierno,ok
014_ARIMA_FEEDBACK_DIF,2026-02-02,2026-02-02,014_ARIMA_FEEDBACK_DIF.png,142_2023-08-15,2023-08-15,2023-08-16,142_2023-08-15.png,0.959509,2,Indicadores económicos y fiscales reflejan presiones en el país,"Sectores productivos y autoridades revisaron inflación, empleo, finanzas públicas y actividad económica, con énfasis en riesgos y medidas de ajuste.",Expreso,2023-08-13,economia_finanzas,ok
014_ARIMA_FEEDBACK_DIF,2026-02-02,2026-02-02,014_ARIMA_FEEDBACK_DIF.png,142_2023-08-15,2023-08-15,2023-08-16,142_2023-08-15.png,0.959509,2,Costo de vida y servicios impactan a los hogares,"Se registraron impactos en empleo, educación, salud, movilidad o servicios, con acciones de mitigación y demandas ciudadanas.",Teleamazonas,2023-08-14,riesgo_pais_calidad_vida,ok
014_ARIMA_FEEDBACK_DIF,2026-02-02,2026-02-02,014_ARIMA_FEEDBACK_DIF.png,142_2023-08-15,2023-08-15,2023-08-16,142_2023-08-15.png,0.959509,2,Decisiones y anuncios del Gobierno marcan la agenda nacional,"Autoridades informaron decisiones de política pública, decretos o acciones institucionales con impacto nacional y en gobiernos locales.",El Universo,2023-08-15,politica_gobierno,ok
014_ARIMA_FEEDBACK_DIF,2026-02-02,2026-02-02,014_ARIMA_FEEDBACK_DIF.png,142_2023-08-15,2023-08-15,2023-08-16,142_2023-08-15.png,0.959509,2,Estiaje agrava crisis energética en Ecuador en agosto 2023,El estiaje en agosto 2023 reduce caudal de ríos y amenaza generación hidroeléctrica. El gobierno anuncia medidas de ahorro y mantenimiento de plantas; riesgo de apagones en regiones costeras y sierra por sequía prolongada.,El Comercio,2023-08-16,medio_ambiente,ok
014_ARIMA_FEEDBACK_DIF,2026-02-02,2026-02-02,014_ARIMA_FEEDBACK_DIF.png,142_2023-08-15,2023-08-15,2023-08-16,142_2023-08-15.png,0.959509,2,Operativos y hechos delictivos elevan preocupación por seguridad,"Se reportaron operativos, detenciones o investigaciones por delitos, junto con alertas ciudadanas en distintas provincias.",El Comercio,2023-08-16,seguridad_crimen,ok
014_ARIMA_FEEDBACK_DIF,2026-02-02,2026-02-02,014_ARIMA_FEEDBACK_DIF.png,142_2023-08-15,2023-08-15,2023-08-16,142_2023-08-15.png,0.959509,2,Decomisos y acciones contra narcotráfico se intensifican,"Fuerzas de seguridad informaron decomisos, capturas y operativos vinculados a narcotráfico y microtráfico en rutas, puertos y ciudades.",Primicias,2023-08-17,seguridad_crimen,ok
014_ARIMA_FEEDBACK_DIF,2026-02-02,2026-02-02,014_ARIMA_FEEDBACK_DIF.png,142_2023-08-15,2023-08-15,2023-08-16,142_2023-08-15.png,0.959509,2,Indicadores económicos y fiscales reflejan presiones en el país,"Sectores productivos y autoridades revisaron inflación, empleo, finanzas públicas y actividad económica, con énfasis en riesgos y medidas de ajuste.",Expreso,2023-08-18,economia_finanzas,ok
014_ARIMA_FEEDBACK_DIF,2026-02-02,2026-02-02,014_ARIMA_FEEDBACK_DIF.png,142_2023-08-15,2023-08-15,2023-08-16,142_2023-08-15.png,0.959509,2,Costo de vida y servicios impactan a los hogares,"Se registraron impactos en empleo, educación, salud, movilidad o servicios, con acciones de mitigación y demandas ciudadanas.",Teleamazonas,2023-08-19,riesgo_pais_calidad_vida,ok
014_ARIMA_FEEDBACK_DIF,2026-02-02,2026-02-02,014_ARIMA_FEEDBACK_DIF.png,142_2023-08-15,2023-08-15,2023-08-16,142_2023-08-15.png,0.959509,2,Eventos climáticos y emergencias afectan localidades,"Se reportaron afectaciones por lluvias, deslizamientos, incendios u otros eventos naturales, con impactos en vías, viviendas y servicios.",El Universo,2023-08-21,medio_ambiente,ok
016_ARIMA_FEEDBACK_TIMEGPT,2026-02-09,2026-02-09,016_ARIMA_FEEDBACK_TIMEGPT.png,149_2024-03-01,2024-03-01,2024-03-01,149_2024-03-01.png,0.940875,1,Invierno 2024: miles afectados por lluvias en Ecuador desde enero,"El invierno 2024 deja miles de afectados por lluvias intensas en 23 provincias desde enero. Se reportan inundaciones, deslizamientos y damnificados; Gestión de Riesgos coordina respuesta con alertas Inamhi y apoyo a comunidades vulnerables.",El Comercio,2024-03-01,medio_ambiente,ok
016_ARIMA_FEEDBACK_TIMEGPT,2026-02-09,2026-02-09,016_ARIMA_FEEDBACK_TIMEGPT.png,149_2024-03-01,2024-03-01,2024-03-01,149_2024-03-01.png,0.940875,1,Ecuador solicita permiso a México para ingresar a su embajada y detener a Jorge Glas,"La Cancillería ecuatoriana pidió autorización para ingresar a la embajada de México en Quito y detener al exvicepresidente Jorge Glas, elevando tensiones diplomáticas.",Reuters,2024-03-01,politica_gobierno,ok
016_ARIMA_FEEDBACK_TIMEGPT,2026-02-09,2026-02-09,016_ARIMA_FEEDBACK_TIMEGPT.png,149_2024-03-01,2024-03-01,2024-03-01,149_2024-03-01.png,0.940875,1,Cobertura nacional: agenda política y seguridad del día,"Medios nacionales reportaron actualizaciones sobre gestión pública, seguridad y coyuntura política, incluyendo efectos en movilidad y servicios.",Teleamazonas,2024-03-01,politica_gobierno,ok
016_ARIMA_FEEDBACK_TIMEGPT,2026-02-09,2026-02-09,016_ARIMA_FEEDBACK_TIMEGPT.png,149_2024-03-01,2024-03-01,2024-03-01,149_2024-03-01.png,0.940875,1,Volcán La Cumbre inicia erupción en Galápagos,El gobierno informó sobre la erupción del volcán La Cumbre en una isla no habitada de Galápagos y el monitoreo de riesgos.,Reuters,2024-03-03,medio_ambiente,ok
016_ARIMA_FEEDBACK_TIMEGPT,2026-02-09,2026-02-09,016_ARIMA_FEEDBACK_TIMEGPT.png,149_2024-03-01,2024-03-01,2024-03-01,149_2024-03-01.png,0.940875,1,Ecuador se prepara para votaciones con foco en seguridad,La discusión pública incluyó el paquete de medidas de seguridad y gobernabilidad y su impacto en la institucionalidad.,Reuters,2024-03-04,politica_gobierno,ok
016_ARIMA_FEEDBACK_TIMEGPT,2026-02-09,2026-02-09,016_ARIMA_FEEDBACK_TIMEGPT.png,082_2019-12-06,2019-12-06,2019-12-06,082_2019-12-06.png,0.936587,2,Conaie advierte nuevas movilizaciones en 2020 diciembre 2019,Conaie advierte continuar movilizaciones en 2020 tras paro octubre 2019. Dirigentes expresan descontento con políticas Moreno; llamado a unidad indígena y social.,El Universo,2019-12-06,politica_gobierno,ok
017_ARIMA_FEEDBACK_TIMESNET,2026-02-21,2026-02-21,017_ARIMA_FEEDBACK_TIMESNET.png,022_2008-10-28,2008-10-28,2008-10-28,022_2008-10-28.png,0.938699,1,150th (Extraordinary) Meeting of the OPEC Conference (Production adjustments)," Comunicado oficial de OPEP sobre recortes de producción acordados en octubre de 2008 para estabilizar el mercado ante caída de precios. Incluye ajustes por país, relevante para contextos de shocks petroleros.",OPEC (Press Release),2008-10-24,economia_finanzas,ok
017_ARIMA_FEEDBACK_TIMESNET,2026-02-21,2026-02-21,017_ARIMA_FEEDBACK_TIMESNET.png,022_2008-10-28,2008-10-28,2008-10-28,022_2008-10-28.png,0.938699,1,Oficialismo Ecuador controla comisión legislativa en congreso de transición," Reporte sobre la integración del congreso/órgano legislativo de transición tras la nueva Constitución, destacando la mayoría del movimiento oficialista y el impacto sobre el equilibrio de poderes.",Reuters,2008-10-25,politica_gobierno,ok
017_ARIMA_FEEDBACK_TIMESNET,2026-02-21,2026-02-21,017_ARIMA_FEEDBACK_TIMESNET.png,022_2008-10-28,2008-10-28,2008-10-28,022_2008-10-28.png,0.938699,1,Accidente de tránsito deja varios heridos en Azuay,Un accidente de tránsito en una vía del Azuay dejó varios heridos y congestión vehicular.,El Universo,2008-10-27,seguridad_crimen,ok
017_ARIMA_FEEDBACK_TIMESNET,2026-02-21,2026-02-21,017_ARIMA_FEEDBACK_TIMESNET.png,022_2008-10-28,2008-10-28,2008-10-28,022_2008-10-28.png,0.938699,1,Riesgo país bordea los 3.000 puntos,"El riesgo país de Ecuador alcanzó niveles cercanos a los 3.000 puntos, reflejando elevada percepción de riesgo soberano.",El Universo,2008-10-28,economia_finanzas,ok
017_ARIMA_FEEDBACK_TIMESNET,2026-02-21,2026-02-21,017_ARIMA_FEEDBACK_TIMESNET.png,067_2016-01-12,2016-01-12,2016-01-12,067_2016-01-12.png,0.935927,2,Emergencias viales por lluvias en la Sierra,Deslizamientos y cierres viales se reportaron en provincias de la Sierra debido a las precipitaciones intensas.,El Comercio,2016-01-12,economia_finanzas,ok
017_ARIMA_FEEDBACK_TIMESNET,2026-02-21,2026-02-21,017_ARIMA_FEEDBACK_TIMESNET.png,067_2016-01-12,2016-01-12,2016-01-12,067_2016-01-12.png,0.935927,2,Riesgo país de Ecuador sube por caída petróleo enero 2016,Riesgo país de Ecuador alcanza niveles altos en enero 2016 por caída del petróleo. Spreads en bonos soberanos suben; análisis de impacto en deuda y financiamiento.,El Universo,2016-01-12,economia_finanzas,ok
017_ARIMA_FEEDBACK_TIMESNET,2026-02-21,2026-02-21,017_ARIMA_FEEDBACK_TIMESNET.png,067_2016-01-12,2016-01-12,2016-01-12,067_2016-01-12.png,0.935927,2,Lluvias provocan inundaciones en la Costa,Fuertes lluvias causaron desbordes de ríos e inundaciones en zonas rurales y urbanas de la región Costa.,El Universo,2016-01-12,medio_ambiente,ok
019_SVR_FEEDBACK_ARIMA,2026-01-29,2026-01-30,019_SVR_FEEDBACK_ARIMA.png,067_2016-01-12,2016-01-12,2016-01-12,067_2016-01-12.png,0.946567,1,Emergencias viales por lluvias en la Sierra,Deslizamientos y cierres viales se reportaron en provincias de la Sierra debido a las precipitaciones intensas.,El Comercio,2016-01-12,economia_finanzas,ok
019_SVR_FEEDBACK_ARIMA,2026-01-29,2026-01-30,019_SVR_FEEDBACK_ARIMA.png,067_2016-01-12,2016-01-12,2016-01-12,067_2016-01-12.png,0.946567,1,Riesgo país de Ecuador sube por caída petróleo enero 2016,Riesgo país de Ecuador alcanza niveles altos en enero 2016 por caída del petróleo. Spreads en bonos soberanos suben; análisis de impacto en deuda y financiamiento.,El Universo,2016-01-12,economia_finanzas,ok
019_SVR_FEEDBACK_ARIMA,2026-01-29,2026-01-30,019_SVR_FEEDBACK_ARIMA.png,067_2016-01-12,2016-01-12,2016-01-12,067_2016-01-12.png,0.946567,1,Lluvias provocan inundaciones en la Costa,Fuertes lluvias causaron desbordes de ríos e inundaciones en zonas rurales y urbanas de la región Costa.,El Universo,2016-01-12,medio_ambiente,ok
019_SVR_FEEDBACK_ARIMA,2026-01-29,2026-01-30,019_SVR_FEEDBACK_ARIMA.png,104_2020-09-01,2020-09-01,2020-09-01,104_2020-09-01.png,0.939243,2,Ecuador avanza en negociación de vacunas COVID-19 septiembre 2020,Ecuador negocia dosis de vacunas COVID-19 con AstraZeneca y otros laboratorios en septiembre 2020. Ministerio de Salud detalla avances; contexto de pandemia con reducción de casos pero alerta por segunda ola posible.,El Universo,2020-09-01,politica_gobierno,ok
019_SVR_FEEDBACK_ARIMA,2026-01-29,2026-01-30,019_SVR_FEEDBACK_ARIMA.png,104_2020-09-01,2020-09-01,2020-09-01,104_2020-09-01.png,0.939243,2,Gobierno mantiene restricciones ante COVID-19,El COE Nacional ratificó restricciones y evaluó medidas para controlar contagios.,El Universo,2020-09-04,politica_gobierno,ok
019_SVR_FEEDBACK_ARIMA,2026-01-29,2026-01-30,019_SVR_FEEDBACK_ARIMA.png,104_2020-09-01,2020-09-01,2020-09-01,104_2020-09-01.png,0.939243,2,Sistema de salud continúa bajo presión,Hospitales reportaron alta ocupación de camas UCI en varias provincias.,El Comercio,2020-09-04,riesgo_pais_calidad_vida,ok
019_SVR_FEEDBACK_ARIMA,2026-01-29,2026-01-30,019_SVR_FEEDBACK_ARIMA.png,104_2020-09-01,2020-09-01,2020-09-01,104_2020-09-01.png,0.939243,2,Economía muestra lenta recuperación,Indicadores económicos evidenciaron una recuperación gradual tras meses de crisis.,El Universo,2020-09-05,economia_finanzas,ok
019_SVR_FEEDBACK_ARIMA,2026-01-29,2026-01-30,019_SVR_FEEDBACK_ARIMA.png,104_2020-09-01,2020-09-01,2020-09-01,104_2020-09-01.png,0.939243,2,Inseguridad preocupa en zonas urbanas,Autoridades reportaron incremento de robos y asaltos en ciudades principales.,El Comercio,2020-09-06,seguridad_crimen,ok
020_SVR_FEEDBACK_DBSCAN,2026-01-29,2026-02-09,020_SVR_FEEDBACK_DBSCAN.png,067_2016-01-12,2016-01-12,2016-01-12,067_2016-01-12.png,0.946985,1,Emergencias viales por lluvias en la Sierra,Deslizamientos y cierres viales se reportaron en provincias de la Sierra debido a las precipitaciones intensas.,El Comercio,2016-01-12,economia_finanzas,ok
020_SVR_FEEDBACK_DBSCAN,2026-01-29,2026-02-09,020_SVR_FEEDBACK_DBSCAN.png,067_2016-01-12,2016-01-12,2016-01-12,067_2016-01-12.png,0.946985,1,Riesgo país de Ecuador sube por caída petróleo enero 2016,Riesgo país de Ecuador alcanza niveles altos en enero 2016 por caída del petróleo. Spreads en bonos soberanos suben; análisis de impacto en deuda y financiamiento.,El Universo,2016-01-12,economia_finanzas,ok
020_SVR_FEEDBACK_DBSCAN,2026-01-29,2026-02-09,020_SVR_FEEDBACK_DBSCAN.png,067_2016-01-12,2016-01-12,2016-01-12,067_2016-01-12.png,0.946985,1,Lluvias provocan inundaciones en la Costa,Fuertes lluvias causaron desbordes de ríos e inundaciones en zonas rurales y urbanas de la región Costa.,El Universo,2016-01-12,medio_ambiente,ok
020_SVR_FEEDBACK_DBSCAN,2026-01-29,2026-02-09,020_SVR_FEEDBACK_DBSCAN.png,104_2020-09-01,2020-09-01,2020-09-01,104_2020-09-01.png,0.939486,2,Ecuador avanza en negociación de vacunas COVID-19 septiembre 2020,Ecuador negocia dosis de vacunas COVID-19 con AstraZeneca y otros laboratorios en septiembre 2020. Ministerio de Salud detalla avances; contexto de pandemia con reducción de casos pero alerta por segunda ola posible.,El Universo,2020-09-01,politica_gobierno,ok
020_SVR_FEEDBACK_DBSCAN,2026-01-29,2026-02-09,020_SVR_FEEDBACK_DBSCAN.png,104_2020-09-01,2020-09-01,2020-09-01,104_2020-09-01.png,0.939486,2,Gobierno mantiene restricciones ante COVID-19,El COE Nacional ratificó restricciones y evaluó medidas para controlar contagios.,El Universo,2020-09-04,politica_gobierno,ok
020_SVR_FEEDBACK_DBSCAN,2026-01-29,2026-02-09,020_SVR_FEEDBACK_DBSCAN.png,104_2020-09-01,2020-09-01,2020-09-01,104_2020-09-01.png,0.939486,2,Sistema de salud continúa bajo presión,Hospitales reportaron alta ocupación de camas UCI en varias provincias.,El Comercio,2020-09-04,riesgo_pais_calidad_vida,ok
020_SVR_FEEDBACK_DBSCAN,2026-01-29,2026-02-09,020_SVR_FEEDBACK_DBSCAN.png,104_2020-09-01,2020-09-01,2020-09-01,104_2020-09-01.png,0.939486,2,Economía muestra lenta recuperación,Indicadores económicos evidenciaron una recuperación gradual tras meses de crisis.,El Universo,2020-09-05,economia_finanzas,ok
020_SVR_FEEDBACK_DBSCAN,2026-01-29,2026-02-09,020_SVR_FEEDBACK_DBSCAN.png,104_2020-09-01,2020-09-01,2020-09-01,104_2020-09-01.png,0.939486,2,Inseguridad preocupa en zonas urbanas,Autoridades reportaron incremento de robos y asaltos en ciudades principales.,El Comercio,2020-09-06,seguridad_crimen,ok
021_SVR_FEEDBACK_DBSCAN,2026-02-16,2026-02-22,021_SVR_FEEDBACK_DBSCAN.png,067_2016-01-12,2016-01-12,2016-01-12,067_2016-01-12.png,0.950243,1,Emergencias viales por lluvias en la Sierra,Deslizamientos y cierres viales se reportaron en provincias de la Sierra debido a las precipitaciones intensas.,El Comercio,2016-01-12,economia_finanzas,ok
021_SVR_FEEDBACK_DBSCAN,2026-02-16,2026-02-22,021_SVR_FEEDBACK_DBSCAN.png,067_2016-01-12,2016-01-12,2016-01-12,067_2016-01-12.png,0.950243,1,Riesgo país de Ecuador sube por caída petróleo enero 2016,Riesgo país de Ecuador alcanza niveles altos en enero 2016 por caída del petróleo. Spreads en bonos soberanos suben; análisis de impacto en deuda y financiamiento.,El Universo,2016-01-12,economia_finanzas,ok
021_SVR_FEEDBACK_DBSCAN,2026-02-16,2026-02-22,021_SVR_FEEDBACK_DBSCAN.png,067_2016-01-12,2016-01-12,2016-01-12,067_2016-01-12.png,0.950243,1,Lluvias provocan inundaciones en la Costa,Fuertes lluvias causaron desbordes de ríos e inundaciones en zonas rurales y urbanas de la región Costa.,El Universo,2016-01-12,medio_ambiente,ok
021_SVR_FEEDBACK_DBSCAN,2026-02-16,2026-02-22,021_SVR_FEEDBACK_DBSCAN.png,085_2020-02-25,2020-02-25,2020-02-25,085_2020-02-25.png,0.942123,2,Ecuador suma 281.169 casos de Covid-19 febrero 2020,Ecuador registra nuevos contagios COVID-19 en febrero 2020 (2.390 en 24 horas). Ministerio de Salud reporta 35 fallecidos; contexto de expansión pandemia y medidas de contención.,Primicias,2020-02-25,medio_ambiente,ok
021_SVR_FEEDBACK_DBSCAN,2026-02-16,2026-02-22,021_SVR_FEEDBACK_DBSCAN.png,085_2020-02-25,2020-02-25,2020-02-25,085_2020-02-25.png,0.942123,2,Gobierno evalúa medidas preventivas en fronteras,Autoridades analizaron controles y protocolos ante el riesgo de ingreso del virus por fronteras.,El Comercio,2020-02-25,politica_gobierno,ok
021_SVR_FEEDBACK_DBSCAN,2026-02-16,2026-02-22,021_SVR_FEEDBACK_DBSCAN.png,085_2020-02-25,2020-02-25,2020-02-25,085_2020-02-25.png,0.942123,2,Crece preocupación regional por avance del COVID-19,"Países de la región reportaron nuevos casos de coronavirus, elevando alertas sanitarias en Ecuador.",El Universo,2020-02-25,riesgo_pais_calidad_vida,ok
021_SVR_FEEDBACK_DBSCAN,2026-02-16,2026-02-22,021_SVR_FEEDBACK_DBSCAN.png,085_2020-02-25,2020-02-25,2020-02-25,085_2020-02-25.png,0.942123,2,Autoridades activan emergencia sanitaria,"Tras la confirmación del primer caso, el Gobierno activó medidas de emergencia sanitaria a nivel nacional.",El Comercio,2020-02-27,riesgo_pais_calidad_vida,ok
021_SVR_FEEDBACK_DBSCAN,2026-02-16,2026-02-22,021_SVR_FEEDBACK_DBSCAN.png,085_2020-02-25,2020-02-25,2020-02-25,085_2020-02-25.png,0.942123,2,Ecuador confirma primer caso de coronavirus,"El Ministerio de Salud confirmó el primer caso de COVID-19 en Ecuador, activando protocolos de emergencia.",El Universo,2020-02-27,riesgo_pais_calidad_vida,ok
022_SVR_FEEDBACK_DIF,2026-01-30,2026-01-30,022_SVR_FEEDBACK_DIF.png,067_2016-01-12,2016-01-12,2016-01-12,067_2016-01-12.png,0.946567,1,Emergencias viales por lluvias en la Sierra,Deslizamientos y cierres viales se reportaron en provincias de la Sierra debido a las precipitaciones intensas.,El Comercio,2016-01-12,economia_finanzas,ok
022_SVR_FEEDBACK_DIF,2026-01-30,2026-01-30,022_SVR_FEEDBACK_DIF.png,067_2016-01-12,2016-01-12,2016-01-12,067_2016-01-12.png,0.946567,1,Riesgo país de Ecuador sube por caída petróleo enero 2016,Riesgo país de Ecuador alcanza niveles altos en enero 2016 por caída del petróleo. Spreads en bonos soberanos suben; análisis de impacto en deuda y financiamiento.,El Universo,2016-01-12,economia_finanzas,ok
022_SVR_FEEDBACK_DIF,2026-01-30,2026-01-30,022_SVR_FEEDBACK_DIF.png,067_2016-01-12,2016-01-12,2016-01-12,067_2016-01-12.png,0.946567,1,Lluvias provocan inundaciones en la Costa,Fuertes lluvias causaron desbordes de ríos e inundaciones en zonas rurales y urbanas de la región Costa.,El Universo,2016-01-12,medio_ambiente,ok
022_SVR_FEEDBACK_DIF,2026-01-30,2026-01-30,022_SVR_FEEDBACK_DIF.png,032_2008-12-29,2008-12-29,2008-12-29,032_2008-12-29.png,0.938185,3,Asalto bancario generó alarma en fin de año,Un asalto a una entidad bancaria ocurrido a finales de diciembre provocó alarma entre clientes y reforzamiento de medidas de seguridad policial en la zona.,El Universo,2008-12-29,seguridad_crimen,ok
023_SVR_FEEDBACK_DIF,2026-02-01,2026-02-01,023_SVR_FEEDBACK_DIF.png,067_2016-01-12,2016-01-12,2016-01-12,067_2016-01-12.png,0.944054,1,Emergencias viales por lluvias en la Sierra,Deslizamientos y cierres viales se reportaron en provincias de la Sierra debido a las precipitaciones intensas.,El Comercio,2016-01-12,economia_finanzas,ok
023_SVR_FEEDBACK_DIF,2026-02-01,2026-02-01,023_SVR_FEEDBACK_DIF.png,067_2016-01-12,2016-01-12,2016-01-12,067_2016-01-12.png,0.944054,1,Riesgo país de Ecuador sube por caída petróleo enero 2016,Riesgo país de Ecuador alcanza niveles altos en enero 2016 por caída del petróleo. Spreads en bonos soberanos suben; análisis de impacto en deuda y financiamiento.,El Universo,2016-01-12,economia_finanzas,ok
023_SVR_FEEDBACK_DIF,2026-02-01,2026-02-01,023_SVR_FEEDBACK_DIF.png,067_2016-01-12,2016-01-12,2016-01-12,067_2016-01-12.png,0.944054,1,Lluvias provocan inundaciones en la Costa,Fuertes lluvias causaron desbordes de ríos e inundaciones en zonas rurales y urbanas de la región Costa.,El Universo,2016-01-12,medio_ambiente,ok
023_SVR_FEEDBACK_DIF,2026-02-01,2026-02-01,023_SVR_FEEDBACK_DIF.png,022_2008-10-28,2008-10-28,2008-10-28,022_2008-10-28.png,0.936578,3,150th (Extraordinary) Meeting of the OPEC Conference (Production adjustments)," Comunicado oficial de OPEP sobre recortes de producción acordados en octubre de 2008 para estabilizar el mercado ante caída de precios. Incluye ajustes por país, relevante para contextos de shocks petroleros.",OPEC (Press Release),2008-10-24,economia_finanzas,ok
023_SVR_FEEDBACK_DIF,2026-02-01,2026-02-01,023_SVR_FEEDBACK_DIF.png,022_2008-10-28,2008-10-28,2008-10-28,022_2008-10-28.png,0.936578,3,Oficialismo Ecuador controla comisión legislativa en congreso de transición," Reporte sobre la integración del congreso/órgano legislativo de transición tras la nueva Constitución, destacando la mayoría del movimiento oficialista y el impacto sobre el equilibrio de poderes.",Reuters,2008-10-25,politica_gobierno,ok
023_SVR_FEEDBACK_DIF,2026-02-01,2026-02-01,023_SVR_FEEDBACK_DIF.png,022_2008-10-28,2008-10-28,2008-10-28,022_2008-10-28.png,0.936578,3,Accidente de tránsito deja varios heridos en Azuay,Un accidente de tránsito en una vía del Azuay dejó varios heridos y congestión vehicular.,El Universo,2008-10-27,seguridad_crimen,ok
023_SVR_FEEDBACK_DIF,2026-02-01,2026-02-01,023_SVR_FEEDBACK_DIF.png,022_2008-10-28,2008-10-28,2008-10-28,022_2008-10-28.png,0.936578,3,Riesgo país bordea los 3.000 puntos,"El riesgo país de Ecuador alcanzó niveles cercanos a los 3.000 puntos, reflejando elevada percepción de riesgo soberano.",El Universo,2008-10-28,economia_finanzas,ok
024_SVR_FEEDBACK_IFOREST,2026-01-29,2026-01-29,024_SVR_FEEDBACK_IFOREST.png,067_2016-01-12,2016-01-12,2016-01-12,067_2016-01-12.png,0.941545,1,Emergencias viales por lluvias en la Sierra,Deslizamientos y cierres viales se reportaron en provincias de la Sierra debido a las precipitaciones intensas.,El Comercio,2016-01-12,economia_finanzas,ok
024_SVR_FEEDBACK_IFOREST,2026-01-29,2026-01-29,024_SVR_FEEDBACK_IFOREST.png,067_2016-01-12,2016-01-12,2016-01-12,067_2016-01-12.png,0.941545,1,Riesgo país de Ecuador sube por caída petróleo enero 2016,Riesgo país de Ecuador alcanza niveles altos en enero 2016 por caída del petróleo. Spreads en bonos soberanos suben; análisis de impacto en deuda y financiamiento.,El Universo,2016-01-12,economia_finanzas,ok
024_SVR_FEEDBACK_IFOREST,2026-01-29,2026-01-29,024_SVR_FEEDBACK_IFOREST.png,067_2016-01-12,2016-01-12,2016-01-12,067_2016-01-12.png,0.941545,1,Lluvias provocan inundaciones en la Costa,Fuertes lluvias causaron desbordes de ríos e inundaciones en zonas rurales y urbanas de la región Costa.,El Universo,2016-01-12,medio_ambiente,ok
024_SVR_FEEDBACK_IFOREST,2026-01-29,2026-01-29,024_SVR_FEEDBACK_IFOREST.png,104_2020-09-01,2020-09-01,2020-09-01,104_2020-09-01.png,0.936829,2,Ecuador avanza en negociación de vacunas COVID-19 septiembre 2020,Ecuador negocia dosis de vacunas COVID-19 con AstraZeneca y otros laboratorios en septiembre 2020. Ministerio de Salud detalla avances; contexto de pandemia con reducción de casos pero alerta por segunda ola posible.,El Universo,2020-09-01,politica_gobierno,ok
024_SVR_FEEDBACK_IFOREST,2026-01-29,2026-01-29,024_SVR_FEEDBACK_IFOREST.png,104_2020-09-01,2020-09-01,2020-09-01,104_2020-09-01.png,0.936829,2,Gobierno mantiene restricciones ante COVID-19,El COE Nacional ratificó restricciones y evaluó medidas para controlar contagios.,El Universo,2020-09-04,politica_gobierno,ok
024_SVR_FEEDBACK_IFOREST,2026-01-29,2026-01-29,024_SVR_FEEDBACK_IFOREST.png,104_2020-09-01,2020-09-01,2020-09-01,104_2020-09-01.png,0.936829,2,Sistema de salud continúa bajo presión,Hospitales reportaron alta ocupación de camas UCI en varias provincias.,El Comercio,2020-09-04,riesgo_pais_calidad_vida,ok
024_SVR_FEEDBACK_IFOREST,2026-01-29,2026-01-29,024_SVR_FEEDBACK_IFOREST.png,104_2020-09-01,2020-09-01,2020-09-01,104_2020-09-01.png,0.936829,2,Economía muestra lenta recuperación,Indicadores económicos evidenciaron una recuperación gradual tras meses de crisis.,El Universo,2020-09-05,economia_finanzas,ok
024_SVR_FEEDBACK_IFOREST,2026-01-29,2026-01-29,024_SVR_FEEDBACK_IFOREST.png,104_2020-09-01,2020-09-01,2020-09-01,104_2020-09-01.png,0.936829,2,Inseguridad preocupa en zonas urbanas,Autoridades reportaron incremento de robos y asaltos en ciudades principales.,El Comercio,2020-09-06,seguridad_crimen,ok
025_SVR_FEEDBACK_TIMEGPT,2026-02-09,2026-02-09,025_SVR_FEEDBACK_TIMEGPT.png,067_2016-01-12,2016-01-12,2016-01-12,067_2016-01-12.png,0.942289,1,Emergencias viales por lluvias en la Sierra,Deslizamientos y cierres viales se reportaron en provincias de la Sierra debido a las precipitaciones intensas.,El Comercio,2016-01-12,economia_finanzas,ok
025_SVR_FEEDBACK_TIMEGPT,2026-02-09,2026-02-09,025_SVR_FEEDBACK_TIMEGPT.png,067_2016-01-12,2016-01-12,2016-01-12,067_2016-01-12.png,0.942289,1,Riesgo país de Ecuador sube por caída petróleo enero 2016,Riesgo país de Ecuador alcanza niveles altos en enero 2016 por caída del petróleo. Spreads en bonos soberanos suben; análisis de impacto en deuda y financiamiento.,El Universo,2016-01-12,economia_finanzas,ok
025_SVR_FEEDBACK_TIMEGPT,2026-02-09,2026-02-09,025_SVR_FEEDBACK_TIMEGPT.png,067_2016-01-12,2016-01-12,2016-01-12,067_2016-01-12.png,0.942289,1,Lluvias provocan inundaciones en la Costa,Fuertes lluvias causaron desbordes de ríos e inundaciones en zonas rurales y urbanas de la región Costa.,El Universo,2016-01-12,medio_ambiente,ok
025_SVR_FEEDBACK_TIMEGPT,2026-02-09,2026-02-09,025_SVR_FEEDBACK_TIMEGPT.png,022_2008-10-28,2008-10-28,2008-10-28,022_2008-10-28.png,0.939292,2,150th (Extraordinary) Meeting of the OPEC Conference (Production adjustments)," Comunicado oficial de OPEP sobre recortes de producción acordados en octubre de 2008 para estabilizar el mercado ante caída de precios. Incluye ajustes por país, relevante para contextos de shocks petroleros.",OPEC (Press Release),2008-10-24,economia_finanzas,ok
025_SVR_FEEDBACK_TIMEGPT,2026-02-09,2026-02-09,025_SVR_FEEDBACK_TIMEGPT.png,022_2008-10-28,2008-10-28,2008-10-28,022_2008-10-28.png,0.939292,2,Oficialismo Ecuador controla comisión legislativa en congreso de transición," Reporte sobre la integración del congreso/órgano legislativo de transición tras la nueva Constitución, destacando la mayoría del movimiento oficialista y el impacto sobre el equilibrio de poderes.",Reuters,2008-10-25,politica_gobierno,ok
025_SVR_FEEDBACK_TIMEGPT,2026-02-09,2026-02-09,025_SVR_FEEDBACK_TIMEGPT.png,022_2008-10-28,2008-10-28,2008-10-28,022_2008-10-28.png,0.939292,2,Accidente de tránsito deja varios heridos en Azuay,Un accidente de tránsito en una vía del Azuay dejó varios heridos y congestión vehicular.,El Universo,2008-10-27,seguridad_crimen,ok
025_SVR_FEEDBACK_TIMEGPT,2026-02-09,2026-02-09,025_SVR_FEEDBACK_TIMEGPT.png,022_2008-10-28,2008-10-28,2008-10-28,022_2008-10-28.png,0.939292,2,Riesgo país bordea los 3.000 puntos,"El riesgo país de Ecuador alcanzó niveles cercanos a los 3.000 puntos, reflejando elevada percepción de riesgo soberano.",El Universo,2008-10-28,economia_finanzas,ok
027_SVR_FEEDBACK_TRANAD,2026-02-21,2026-02-21,027_SVR_FEEDBACK_TRANAD.png,067_2016-01-12,2016-01-12,2016-01-12,067_2016-01-12.png,0.944521,1,Emergencias viales por lluvias en la Sierra,Deslizamientos y cierres viales se reportaron en provincias de la Sierra debido a las precipitaciones intensas.,El Comercio,2016-01-12,economia_finanzas,ok
027_SVR_FEEDBACK_TRANAD,2026-02-21,2026-02-21,027_SVR_FEEDBACK_TRANAD.png,067_2016-01-12,2016-01-12,2016-01-12,067_2016-01-12.png,0.944521,1,Riesgo país de Ecuador sube por caída petróleo enero 2016,Riesgo país de Ecuador alcanza niveles altos en enero 2016 por caída del petróleo. Spreads en bonos soberanos suben; análisis de impacto en deuda y financiamiento.,El Universo,2016-01-12,economia_finanzas,ok
027_SVR_FEEDBACK_TRANAD,2026-02-21,2026-02-21,027_SVR_FEEDBACK_TRANAD.png,067_2016-01-12,2016-01-12,2016-01-12,067_2016-01-12.png,0.944521,1,Lluvias provocan inundaciones en la Costa,Fuertes lluvias causaron desbordes de ríos e inundaciones en zonas rurales y urbanas de la región Costa.,El Universo,2016-01-12,medio_ambiente,ok
027_SVR_FEEDBACK_TRANAD,2026-02-21,2026-02-21,027_SVR_FEEDBACK_TRANAD.png,022_2008-10-28,2008-10-28,2008-10-28,022_2008-10-28.png,0.937489,2,150th (Extraordinary) Meeting of the OPEC Conference (Production adjustments)," Comunicado oficial de OPEP sobre recortes de producción acordados en octubre de 2008 para estabilizar el mercado ante caída de precios. Incluye ajustes por país, relevante para contextos de shocks petroleros.",OPEC (Press Release),2008-10-24,economia_finanzas,ok
027_SVR_FEEDBACK_TRANAD,2026-02-21,2026-02-21,027_SVR_FEEDBACK_TRANAD.png,022_2008-10-28,2008-10-28,2008-10-28,022_2008-10-28.png,0.937489,2,Oficialismo Ecuador controla comisión legislativa en congreso de transición," Reporte sobre la integración del congreso/órgano legislativo de transición tras la nueva Constitución, destacando la mayoría del movimiento oficialista y el impacto sobre el equilibrio de poderes.",Reuters,2008-10-25,politica_gobierno,ok
027_SVR_FEEDBACK_TRANAD,2026-02-21,2026-02-21,027_SVR_FEEDBACK_TRANAD.png,022_2008-10-28,2008-10-28,2008-10-28,022_2008-10-28.png,0.937489,2,Accidente de tránsito deja varios heridos en Azuay,Un accidente de tránsito en una vía del Azuay dejó varios heridos y congestión vehicular.,El Universo,2008-10-27,seguridad_crimen,ok
027_SVR_FEEDBACK_TRANAD,2026-02-21,2026-02-21,027_SVR_FEEDBACK_TRANAD.png,022_2008-10-28,2008-10-28,2008-10-28,022_2008-10-28.png,0.937489,2,Riesgo país bordea los 3.000 puntos,"El riesgo país de Ecuador alcanzó niveles cercanos a los 3.000 puntos, reflejando elevada percepción de riesgo soberano.",El Universo,2008-10-28,economia_finanzas,ok
028_SVR_DIRECT_ARIMA,2026-01-29,2026-01-30,028_SVR_DIRECT_ARIMA.png,017_2008-10-01,2008-10-01,2008-10-02,017_2008-10-01.png,0.946,1,Corte de energía afectó varios cantones del Guayas,"Una falla en el sistema eléctrico provocó cortes de energía en varios cantones del Guayas, afectando a miles de usuarios.",El Universo,2008-09-27,servicios_basicos,ok
028_SVR_DIRECT_ARIMA,2026-01-29,2026-01-30,028_SVR_DIRECT_ARIMA.png,017_2008-10-01,2008-10-01,2008-10-02,017_2008-10-01.png,0.946,1,Ecuador votes on president's powers," Cobertura del referéndum constitucional en Ecuador, centrada en los cambios propuestos y sus implicaciones sobre el diseño institucional y el alcance del poder ejecutivo, en el contexto político regional y del proceso constituyente.",Al Jazeera,2008-09-28,politica_gobierno,ok
028_SVR_DIRECT_ARIMA,2026-01-29,2026-01-30,028_SVR_DIRECT_ARIMA.png,017_2008-10-01,2008-10-01,2008-10-02,017_2008-10-01.png,0.946,1,Ecuador referendum endorses new socialist constitution," Reporte sobre la aprobación en referéndum de la nueva Constitución ecuatoriana, destacando los principales cambios institucionales y sociales y el debate sobre el incremento de atribuciones del Ejecutivo, además de reacciones políticas posteriores.",The Guardian,2008-09-29,politica_gobierno,ok
028_SVR_DIRECT_ARIMA,2026-01-29,2026-01-30,028_SVR_DIRECT_ARIMA.png,017_2008-10-01,2008-10-01,2008-10-02,017_2008-10-01.png,0.946,1,"Ecuador's Correa wins new powers in ""historic"" vote"," Reuters informó que Rafael Correa obtuvo un amplio respaldo en el referéndum constitucional, lo que habilitó reformas y un rediseño institucional con mayor margen de maniobra para el Ejecutivo. Se mencionan resultados preliminares, narrativa de cambio político y comparación con procesos regionales.",Reuters,2008-09-29,politica_gobierno,ok
028_SVR_DIRECT_ARIMA,2026-01-29,2026-01-30,028_SVR_DIRECT_ARIMA.png,017_2008-10-01,2008-10-01,2008-10-02,017_2008-10-01.png,0.946,1,Ecuador tras pacto largo con EE.UU.,"El Gobierno ecuatoriano analizó la continuidad de acuerdos comerciales con Estados Unidos en un contexto de crisis financiera internacional, evaluando impactos para exportaciones y relaciones bilaterales.",El Universo,2008-10-01,economia_finanzas,ok
028_SVR_DIRECT_ARIMA,2026-01-29,2026-01-30,028_SVR_DIRECT_ARIMA.png,017_2008-10-01,2008-10-01,2008-10-02,017_2008-10-01.png,0.946,1,"Popular Correa embraces traditional, modern Ecuador"," Perfil político de Rafael Correa tras la aprobación de la nueva Constitución, contrastando posturas sociales tradicionales con reformas institucionales, y describiendo el contexto de consolidación del proyecto político del oficialismo.",Reuters,2008-10-01,politica_gobierno,ok
028_SVR_DIRECT_ARIMA,2026-01-29,2026-01-30,028_SVR_DIRECT_ARIMA.png,017_2008-10-01,2008-10-01,2008-10-02,017_2008-10-01.png,0.946,1,Asalto armado a bus urbano dejó heridos en Quito,"Un asalto armado a un bus de transporte urbano dejó pasajeros heridos en el sur de Quito, generando operativos policiales.",El Universo,2008-10-02,seguridad_crimen,ok
028_SVR_DIRECT_ARIMA,2026-01-29,2026-01-30,028_SVR_DIRECT_ARIMA.png,017_2008-10-01,2008-10-01,2008-10-02,017_2008-10-01.png,0.946,1,Ecuador rethinks oil strategy," Análisis sobre el replanteamiento de la estrategia petrolera ecuatoriana, con mayor regulación y escrutinio a inversionistas, y el peso del petróleo en ingresos fiscales y exportaciones en medio de volatilidad de precios.",UPI,2008-10-03,economia_finanzas,ok
028_SVR_DIRECT_ARIMA,2026-01-29,2026-01-30,028_SVR_DIRECT_ARIMA.png,017_2008-10-01,2008-10-01,2008-10-02,017_2008-10-01.png,0.946,1,Policía investiga secuestro en Los Ríos,"Autoridades investigan el secuestro de un comerciante en la provincia de Los Ríos, reforzando controles de seguridad.",El Universo,2008-10-06,seguridad_crimen,ok
028_SVR_DIRECT_ARIMA,2026-01-29,2026-01-30,028_SVR_DIRECT_ARIMA.png,142_2023-08-15,2023-08-15,2023-08-16,142_2023-08-15.png,0.944589,2,Operativos y hechos delictivos elevan preocupación por seguridad,"Se reportaron operativos, detenciones o investigaciones por delitos, junto con alertas ciudadanas en distintas provincias.",El Universo,2023-08-10,seguridad_crimen,ok
028_SVR_DIRECT_ARIMA,2026-01-29,2026-01-30,028_SVR_DIRECT_ARIMA.png,142_2023-08-15,2023-08-15,2023-08-16,142_2023-08-15.png,0.944589,2,Guayaquil registra pico de violencia en agosto 2023 con múltiples balaceras,"Guayaquil enfrenta pico de violencia en agosto 2023 con balaceras diarias y disputas entre bandas por control territorial. Se reportan múltiples homicidios en sectores como el sur y Durán, con Policía desplegando operativos; contexto de escalada criminal que preludia crisis nacional.",El Universo,2023-08-10,seguridad_crimen,ok
028_SVR_DIRECT_ARIMA,2026-01-29,2026-01-30,028_SVR_DIRECT_ARIMA.png,142_2023-08-15,2023-08-15,2023-08-16,142_2023-08-15.png,0.944589,2,Decomisos y acciones contra narcotráfico se intensifican,"Fuerzas de seguridad informaron decomisos, capturas y operativos vinculados a narcotráfico y microtráfico en rutas, puertos y ciudades.",El Comercio,2023-08-11,seguridad_crimen,ok
028_SVR_DIRECT_ARIMA,2026-01-29,2026-01-30,028_SVR_DIRECT_ARIMA.png,142_2023-08-15,2023-08-15,2023-08-16,142_2023-08-15.png,0.944589,2,Muertes violentas en Ecuador suben en agosto 2023 por narcotráfico,"Ecuador registra aumento de homicidios en agosto 2023, ligados a narcotráfico y pugnas territoriales en Guayas y Manabí. Cifras oficiales muestran escalada; análisis destaca debilidad institucional y necesidad de reformas en seguridad.",Primicias,2023-08-11,seguridad_crimen,ok
028_SVR_DIRECT_ARIMA,2026-01-29,2026-01-30,028_SVR_DIRECT_ARIMA.png,142_2023-08-15,2023-08-15,2023-08-16,142_2023-08-15.png,0.944589,2,Decisiones y anuncios del Gobierno marcan la agenda nacional,"Autoridades informaron decisiones de política pública, decretos o acciones institucionales con impacto nacional y en gobiernos locales.",Primicias,2023-08-12,politica_gobierno,ok
028_SVR_DIRECT_ARIMA,2026-01-29,2026-01-30,028_SVR_DIRECT_ARIMA.png,142_2023-08-15,2023-08-15,2023-08-16,142_2023-08-15.png,0.944589,2,Indicadores económicos y fiscales reflejan presiones en el país,"Sectores productivos y autoridades revisaron inflación, empleo, finanzas públicas y actividad económica, con énfasis en riesgos y medidas de ajuste.",Expreso,2023-08-13,economia_finanzas,ok
028_SVR_DIRECT_ARIMA,2026-01-29,2026-01-30,028_SVR_DIRECT_ARIMA.png,142_2023-08-15,2023-08-15,2023-08-16,142_2023-08-15.png,0.944589,2,Costo de vida y servicios impactan a los hogares,"Se registraron impactos en empleo, educación, salud, movilidad o servicios, con acciones de mitigación y demandas ciudadanas.",Teleamazonas,2023-08-14,riesgo_pais_calidad_vida,ok
028_SVR_DIRECT_ARIMA,2026-01-29,2026-01-30,028_SVR_DIRECT_ARIMA.png,142_2023-08-15,2023-08-15,2023-08-16,142_2023-08-15.png,0.944589,2,Decisiones y anuncios del Gobierno marcan la agenda nacional,"Autoridades informaron decisiones de política pública, decretos o acciones institucionales con impacto nacional y en gobiernos locales.",El Universo,2023-08-15,politica_gobierno,ok
028_SVR_DIRECT_ARIMA,2026-01-29,2026-01-30,028_SVR_DIRECT_ARIMA.png,142_2023-08-15,2023-08-15,2023-08-16,142_2023-08-15.png,0.944589,2,Estiaje agrava crisis energética en Ecuador en agosto 2023,El estiaje en agosto 2023 reduce caudal de ríos y amenaza generación hidroeléctrica. El gobierno anuncia medidas de ahorro y mantenimiento de plantas; riesgo de apagones en regiones costeras y sierra por sequía prolongada.,El Comercio,2023-08-16,medio_ambiente,ok
028_SVR_DIRECT_ARIMA,2026-01-29,2026-01-30,028_SVR_DIRECT_ARIMA.png,142_2023-08-15,2023-08-15,2023-08-16,142_2023-08-15.png,0.944589,2,Operativos y hechos delictivos elevan preocupación por seguridad,"Se reportaron operativos, detenciones o investigaciones por delitos, junto con alertas ciudadanas en distintas provincias.",El Comercio,2023-08-16,seguridad_crimen,ok
028_SVR_DIRECT_ARIMA,2026-01-29,2026-01-30,028_SVR_DIRECT_ARIMA.png,142_2023-08-15,2023-08-15,2023-08-16,142_2023-08-15.png,0.944589,2,Decomisos y acciones contra narcotráfico se intensifican,"Fuerzas de seguridad informaron decomisos, capturas y operativos vinculados a narcotráfico y microtráfico en rutas, puertos y ciudades.",Primicias,2023-08-17,seguridad_crimen,ok
028_SVR_DIRECT_ARIMA,2026-01-29,2026-01-30,028_SVR_DIRECT_ARIMA.png,142_2023-08-15,2023-08-15,2023-08-16,142_2023-08-15.png,0.944589,2,Indicadores económicos y fiscales reflejan presiones en el país,"Sectores productivos y autoridades revisaron inflación, empleo, finanzas públicas y actividad económica, con énfasis en riesgos y medidas de ajuste.",Expreso,2023-08-18,economia_finanzas,ok
028_SVR_DIRECT_ARIMA,2026-01-29,2026-01-30,028_SVR_DIRECT_ARIMA.png,142_2023-08-15,2023-08-15,2023-08-16,142_2023-08-15.png,0.944589,2,Costo de vida y servicios impactan a los hogares,"Se registraron impactos en empleo, educación, salud, movilidad o servicios, con acciones de mitigación y demandas ciudadanas.",Teleamazonas,2023-08-19,riesgo_pais_calidad_vida,ok
028_SVR_DIRECT_ARIMA,2026-01-29,2026-01-30,028_SVR_DIRECT_ARIMA.png,142_2023-08-15,2023-08-15,2023-08-16,142_2023-08-15.png,0.944589,2,Eventos climáticos y emergencias afectan localidades,"Se reportaron afectaciones por lluvias, deslizamientos, incendios u otros eventos naturales, con impactos en vías, viviendas y servicios.",El Universo,2023-08-21,medio_ambiente,ok
029_SVR_DIRECT_DBSCAN,2026-01-29,2026-02-01,029_SVR_DIRECT_DBSCAN.png,142_2023-08-15,2023-08-15,2023-08-16,142_2023-08-15.png,0.954692,1,Operativos y hechos delictivos elevan preocupación por seguridad,"Se reportaron operativos, detenciones o investigaciones por delitos, junto con alertas ciudadanas en distintas provincias.",El Universo,2023-08-10,seguridad_crimen,ok
029_SVR_DIRECT_DBSCAN,2026-01-29,2026-02-01,029_SVR_DIRECT_DBSCAN.png,142_2023-08-15,2023-08-15,2023-08-16,142_2023-08-15.png,0.954692,1,Guayaquil registra pico de violencia en agosto 2023 con múltiples balaceras,"Guayaquil enfrenta pico de violencia en agosto 2023 con balaceras diarias y disputas entre bandas por control territorial. Se reportan múltiples homicidios en sectores como el sur y Durán, con Policía desplegando operativos; contexto de escalada criminal que preludia crisis nacional.",El Universo,2023-08-10,seguridad_crimen,ok
029_SVR_DIRECT_DBSCAN,2026-01-29,2026-02-01,029_SVR_DIRECT_DBSCAN.png,142_2023-08-15,2023-08-15,2023-08-16,142_2023-08-15.png,0.954692,1,Decomisos y acciones contra narcotráfico se intensifican,"Fuerzas de seguridad informaron decomisos, capturas y operativos vinculados a narcotráfico y microtráfico en rutas, puertos y ciudades.",El Comercio,2023-08-11,seguridad_crimen,ok
029_SVR_DIRECT_DBSCAN,2026-01-29,2026-02-01,029_SVR_DIRECT_DBSCAN.png,142_2023-08-15,2023-08-15,2023-08-16,142_2023-08-15.png,0.954692,1,Muertes violentas en Ecuador suben en agosto 2023 por narcotráfico,"Ecuador registra aumento de homicidios en agosto 2023, ligados a narcotráfico y pugnas territoriales en Guayas y Manabí. Cifras oficiales muestran escalada; análisis destaca debilidad institucional y necesidad de reformas en seguridad.",Primicias,2023-08-11,seguridad_crimen,ok
029_SVR_DIRECT_DBSCAN,2026-01-29,2026-02-01,029_SVR_DIRECT_DBSCAN.png,142_2023-08-15,2023-08-15,2023-08-16,142_2023-08-15.png,0.954692,1,Decisiones y anuncios del Gobierno marcan la agenda nacional,"Autoridades informaron decisiones de política pública, decretos o acciones institucionales con impacto nacional y en gobiernos locales.",Primicias,2023-08-12,politica_gobierno,ok
029_SVR_DIRECT_DBSCAN,2026-01-29,2026-02-01,029_SVR_DIRECT_DBSCAN.png,142_2023-08-15,2023-08-15,2023-08-16,142_2023-08-15.png,0.954692,1,Indicadores económicos y fiscales reflejan presiones en el país,"Sectores productivos y autoridades revisaron inflación, empleo, finanzas públicas y actividad económica, con énfasis en riesgos y medidas de ajuste.",Expreso,2023-08-13,economia_finanzas,ok
029_SVR_DIRECT_DBSCAN,2026-01-29,2026-02-01,029_SVR_DIRECT_DBSCAN.png,142_2023-08-15,2023-08-15,2023-08-16,142_2023-08-15.png,0.954692,1,Costo de vida y servicios impactan a los hogares,"Se registraron impactos en empleo, educación, salud, movilidad o servicios, con acciones de mitigación y demandas ciudadanas.",Teleamazonas,2023-08-14,riesgo_pais_calidad_vida,ok
029_SVR_DIRECT_DBSCAN,2026-01-29,2026-02-01,029_SVR_DIRECT_DBSCAN.png,142_2023-08-15,2023-08-15,2023-08-16,142_2023-08-15.png,0.954692,1,Decisiones y anuncios del Gobierno marcan la agenda nacional,"Autoridades informaron decisiones de política pública, decretos o acciones institucionales con impacto nacional y en gobiernos locales.",El Universo,2023-08-15,politica_gobierno,ok
029_SVR_DIRECT_DBSCAN,2026-01-29,2026-02-01,029_SVR_DIRECT_DBSCAN.png,142_2023-08-15,2023-08-15,2023-08-16,142_2023-08-15.png,0.954692,1,Estiaje agrava crisis energética en Ecuador en agosto 2023,El estiaje en agosto 2023 reduce caudal de ríos y amenaza generación hidroeléctrica. El gobierno anuncia medidas de ahorro y mantenimiento de plantas; riesgo de apagones en regiones costeras y sierra por sequía prolongada.,El Comercio,2023-08-16,medio_ambiente,ok
029_SVR_DIRECT_DBSCAN,2026-01-29,2026-02-01,029_SVR_DIRECT_DBSCAN.png,142_2023-08-15,2023-08-15,2023-08-16,142_2023-08-15.png,0.954692,1,Operativos y hechos delictivos elevan preocupación por seguridad,"Se reportaron operativos, detenciones o investigaciones por delitos, junto con alertas ciudadanas en distintas provincias.",El Comercio,2023-08-16,seguridad_crimen,ok
029_SVR_DIRECT_DBSCAN,2026-01-29,2026-02-01,029_SVR_DIRECT_DBSCAN.png,142_2023-08-15,2023-08-15,2023-08-16,142_2023-08-15.png,0.954692,1,Decomisos y acciones contra narcotráfico se intensifican,"Fuerzas de seguridad informaron decomisos, capturas y operativos vinculados a narcotráfico y microtráfico en rutas, puertos y ciudades.",Primicias,2023-08-17,seguridad_crimen,ok
029_SVR_DIRECT_DBSCAN,2026-01-29,2026-02-01,029_SVR_DIRECT_DBSCAN.png,142_2023-08-15,2023-08-15,2023-08-16,142_2023-08-15.png,0.954692,1,Indicadores económicos y fiscales reflejan presiones en el país,"Sectores productivos y autoridades revisaron inflación, empleo, finanzas públicas y actividad económica, con énfasis en riesgos y medidas de ajuste.",Expreso,2023-08-18,economia_finanzas,ok
029_SVR_DIRECT_DBSCAN,2026-01-29,2026-02-01,029_SVR_DIRECT_DBSCAN.png,142_2023-08-15,2023-08-15,2023-08-16,142_2023-08-15.png,0.954692,1,Costo de vida y servicios impactan a los hogares,"Se registraron impactos en empleo, educación, salud, movilidad o servicios, con acciones de mitigación y demandas ciudadanas.",Teleamazonas,2023-08-19,riesgo_pais_calidad_vida,ok
029_SVR_DIRECT_DBSCAN,2026-01-29,2026-02-01,029_SVR_DIRECT_DBSCAN.png,142_2023-08-15,2023-08-15,2023-08-16,142_2023-08-15.png,0.954692,1,Eventos climáticos y emergencias afectan localidades,"Se reportaron afectaciones por lluvias, deslizamientos, incendios u otros eventos naturales, con impactos en vías, viviendas y servicios.",El Universo,2023-08-21,medio_ambiente,ok
029_SVR_DIRECT_DBSCAN,2026-01-29,2026-02-01,029_SVR_DIRECT_DBSCAN.png,093_2020-05-05,2020-05-05,2020-05-08,093_2020-05-05.png,0.953176,2,Riesgo país de Ecuador se dispara en medio de la pandemia,"El indicador de riesgo país alcanzó niveles históricos, reflejando la gravedad de la crisis económica y social.",El Comercio,2020-05-01,riesgo_pais_calidad_vida,ok
029_SVR_DIRECT_DBSCAN,2026-01-29,2026-02-01,029_SVR_DIRECT_DBSCAN.png,093_2020-05-05,2020-05-05,2020-05-08,093_2020-05-05.png,0.953176,2,Gobierno extiende emergencia sanitaria por COVID-19,El Ejecutivo prorrogó la emergencia sanitaria y mantuvo restricciones de movilidad para frenar contagios.,El Universo,2020-05-04,politica_gobierno,ok
029_SVR_DIRECT_DBSCAN,2026-01-29,2026-02-01,029_SVR_DIRECT_DBSCAN.png,093_2020-05-05,2020-05-05,2020-05-08,093_2020-05-05.png,0.953176,2,Guayaquil supera pico de muertes por COVID-19 en mayo 2020,"Guayaquil registra pico de muertes COVID-19 en mayo 2020 con exceso mortalidad. Se detallan entierros masivos, colapso sanitario y transición a distanciamiento social tras cuarentena estricta.",Primicias,2020-05-05,medio_ambiente,ok
029_SVR_DIRECT_DBSCAN,2026-01-29,2026-02-01,029_SVR_DIRECT_DBSCAN.png,093_2020-05-05,2020-05-05,2020-05-08,093_2020-05-05.png,0.953176,2,Hospitales de Guayaquil continúan bajo presión,El sistema de salud de Guayaquil enfrentó alta demanda de pacientes por COVID-19.,El Comercio,2020-05-05,riesgo_pais_calidad_vida,ok
029_SVR_DIRECT_DBSCAN,2026-01-29,2026-02-01,029_SVR_DIRECT_DBSCAN.png,093_2020-05-05,2020-05-05,2020-05-08,093_2020-05-05.png,0.953176,2,Ingresos petroleros caen por desplome de precios,La baja del crudo redujo significativamente los ingresos del Estado en medio de la crisis sanitaria.,El Universo,2020-05-06,economia_finanzas,ok
029_SVR_DIRECT_DBSCAN,2026-01-29,2026-02-01,029_SVR_DIRECT_DBSCAN.png,093_2020-05-05,2020-05-05,2020-05-08,093_2020-05-05.png,0.953176,2,Fuerzas Armadas refuerzan controles durante confinamiento,Militares apoyaron operativos de control y vigilancia para asegurar el cumplimiento de restricciones.,El Comercio,2020-05-08,seguridad_crimen,ok
029_SVR_DIRECT_DBSCAN,2026-01-29,2026-02-01,029_SVR_DIRECT_DBSCAN.png,093_2020-05-05,2020-05-05,2020-05-08,093_2020-05-05.png,0.953176,2,Sectores productivos analizan reactivación,Empresarios evaluaron escenarios de reactivación económica bajo restricciones sanitarias.,El Comercio,2020-05-11,economia_finanzas,ok
029_SVR_DIRECT_DBSCAN,2026-01-29,2026-02-01,029_SVR_DIRECT_DBSCAN.png,093_2020-05-05,2020-05-05,2020-05-08,093_2020-05-05.png,0.953176,2,Gobierno anuncia semáforo epidemiológico,El COE Nacional presentó el sistema de semáforo para regular la reapertura gradual de actividades.,El Universo,2020-05-11,politica_gobierno,ok
029_SVR_DIRECT_DBSCAN,2026-01-29,2026-02-01,029_SVR_DIRECT_DBSCAN.png,093_2020-05-05,2020-05-05,2020-05-08,093_2020-05-05.png,0.953176,2,Robos y delitos se reportan pese a cuarentena,La Policía informó sobre delitos registrados durante el periodo de confinamiento.,El Universo,2020-05-12,seguridad_crimen,ok
029_SVR_DIRECT_DBSCAN,2026-01-29,2026-02-01,029_SVR_DIRECT_DBSCAN.png,093_2020-05-05,2020-05-05,2020-05-08,093_2020-05-05.png,0.953176,2,Ecuador negocia financiamiento con el FMI,El país avanzó en negociaciones con el FMI para obtener recursos frente a la crisis.,El Universo,2020-05-13,politica_gobierno,ok
029_SVR_DIRECT_DBSCAN,2026-01-29,2026-02-01,029_SVR_DIRECT_DBSCAN.png,093_2020-05-05,2020-05-05,2020-05-08,093_2020-05-05.png,0.953176,2,Minuto a minuto sobre el coronavirus 13/05/2020,"Actualización diaria COVID-19 en Ecuador 13 mayo 2020: nuevos casos, muertes y medidas. Se destacan alertas en Guayas y transición de cuarentena a semáforo epidemiológico.",Plan V,2020-05-13,politica_gobierno,ok
029_SVR_DIRECT_DBSCAN,2026-01-29,2026-02-01,029_SVR_DIRECT_DBSCAN.png,093_2020-05-05,2020-05-05,2020-05-08,093_2020-05-05.png,0.953176,2,Estado amplía bonos de asistencia social,El Gobierno amplió la cobertura de bonos para mitigar el impacto social de la pandemia.,El Comercio,2020-05-13,riesgo_pais_calidad_vida,ok
030_SVR_DIRECT_DBSCAN,2026-02-09,2026-02-27,030_SVR_DIRECT_DBSCAN.png,142_2023-08-15,2023-08-15,2023-08-16,142_2023-08-15.png,0.958769,1,Operativos y hechos delictivos elevan preocupación por seguridad,"Se reportaron operativos, detenciones o investigaciones por delitos, junto con alertas ciudadanas en distintas provincias.",El Universo,2023-08-10,seguridad_crimen,ok
030_SVR_DIRECT_DBSCAN,2026-02-09,2026-02-27,030_SVR_DIRECT_DBSCAN.png,142_2023-08-15,2023-08-15,2023-08-16,142_2023-08-15.png,0.958769,1,Guayaquil registra pico de violencia en agosto 2023 con múltiples balaceras,"Guayaquil enfrenta pico de violencia en agosto 2023 con balaceras diarias y disputas entre bandas por control territorial. Se reportan múltiples homicidios en sectores como el sur y Durán, con Policía desplegando operativos; contexto de escalada criminal que preludia crisis nacional.",El Universo,2023-08-10,seguridad_crimen,ok
030_SVR_DIRECT_DBSCAN,2026-02-09,2026-02-27,030_SVR_DIRECT_DBSCAN.png,142_2023-08-15,2023-08-15,2023-08-16,142_2023-08-15.png,0.958769,1,Decomisos y acciones contra narcotráfico se intensifican,"Fuerzas de seguridad informaron decomisos, capturas y operativos vinculados a narcotráfico y microtráfico en rutas, puertos y ciudades.",El Comercio,2023-08-11,seguridad_crimen,ok
030_SVR_DIRECT_DBSCAN,2026-02-09,2026-02-27,030_SVR_DIRECT_DBSCAN.png,142_2023-08-15,2023-08-15,2023-08-16,142_2023-08-15.png,0.958769,1,Muertes violentas en Ecuador suben en agosto 2023 por narcotráfico,"Ecuador registra aumento de homicidios en agosto 2023, ligados a narcotráfico y pugnas territoriales en Guayas y Manabí. Cifras oficiales muestran escalada; análisis destaca debilidad institucional y necesidad de reformas en seguridad.",Primicias,2023-08-11,seguridad_crimen,ok
030_SVR_DIRECT_DBSCAN,2026-02-09,2026-02-27,030_SVR_DIRECT_DBSCAN.png,142_2023-08-15,2023-08-15,2023-08-16,142_2023-08-15.png,0.958769,1,Decisiones y anuncios del Gobierno marcan la agenda nacional,"Autoridades informaron decisiones de política pública, decretos o acciones institucionales con impacto nacional y en gobiernos locales.",Primicias,2023-08-12,politica_gobierno,ok
030_SVR_DIRECT_DBSCAN,2026-02-09,2026-02-27,030_SVR_DIRECT_DBSCAN.png,142_2023-08-15,2023-08-15,2023-08-16,142_2023-08-15.png,0.958769,1,Indicadores económicos y fiscales reflejan presiones en el país,"Sectores productivos y autoridades revisaron inflación, empleo, finanzas públicas y actividad económica, con énfasis en riesgos y medidas de ajuste.",Expreso,2023-08-13,economia_finanzas,ok
030_SVR_DIRECT_DBSCAN,2026-02-09,2026-02-27,030_SVR_DIRECT_DBSCAN.png,142_2023-08-15,2023-08-15,2023-08-16,142_2023-08-15.png,0.958769,1,Costo de vida y servicios impactan a los hogares,"Se registraron impactos en empleo, educación, salud, movilidad o servicios, con acciones de mitigación y demandas ciudadanas.",Teleamazonas,2023-08-14,riesgo_pais_calidad_vida,ok
030_SVR_DIRECT_DBSCAN,2026-02-09,2026-02-27,030_SVR_DIRECT_DBSCAN.png,142_2023-08-15,2023-08-15,2023-08-16,142_2023-08-15.png,0.958769,1,Decisiones y anuncios del Gobierno marcan la agenda nacional,"Autoridades informaron decisiones de política pública, decretos o acciones institucionales con impacto nacional y en gobiernos locales.",El Universo,2023-08-15,politica_gobierno,ok
030_SVR_DIRECT_DBSCAN,2026-02-09,2026-02-27,030_SVR_DIRECT_DBSCAN.png,142_2023-08-15,2023-08-15,2023-08-16,142_2023-08-15.png,0.958769,1,Estiaje agrava crisis energética en Ecuador en agosto 2023,El estiaje en agosto 2023 reduce caudal de ríos y amenaza generación hidroeléctrica. El gobierno anuncia medidas de ahorro y mantenimiento de plantas; riesgo de apagones en regiones costeras y sierra por sequía prolongada.,El Comercio,2023-08-16,medio_ambiente,ok
030_SVR_DIRECT_DBSCAN,2026-02-09,2026-02-27,030_SVR_DIRECT_DBSCAN.png,142_2023-08-15,2023-08-15,2023-08-16,142_2023-08-15.png,0.958769,1,Operativos y hechos delictivos elevan preocupación por seguridad,"Se reportaron operativos, detenciones o investigaciones por delitos, junto con alertas ciudadanas en distintas provincias.",El Comercio,2023-08-16,seguridad_crimen,ok
030_SVR_DIRECT_DBSCAN,2026-02-09,2026-02-27,030_SVR_DIRECT_DBSCAN.png,142_2023-08-15,2023-08-15,2023-08-16,142_2023-08-15.png,0.958769,1,Decomisos y acciones contra narcotráfico se intensifican,"Fuerzas de seguridad informaron decomisos, capturas y operativos vinculados a narcotráfico y microtráfico en rutas, puertos y ciudades.",Primicias,2023-08-17,seguridad_crimen,ok
030_SVR_DIRECT_DBSCAN,2026-02-09,2026-02-27,030_SVR_DIRECT_DBSCAN.png,142_2023-08-15,2023-08-15,2023-08-16,142_2023-08-15.png,0.958769,1,Indicadores económicos y fiscales reflejan presiones en el país,"Sectores productivos y autoridades revisaron inflación, empleo, finanzas públicas y actividad económica, con énfasis en riesgos y medidas de ajuste.",Expreso,2023-08-18,economia_finanzas,ok
030_SVR_DIRECT_DBSCAN,2026-02-09,2026-02-27,030_SVR_DIRECT_DBSCAN.png,142_2023-08-15,2023-08-15,2023-08-16,142_2023-08-15.png,0.958769,1,Costo de vida y servicios impactan a los hogares,"Se registraron impactos en empleo, educación, salud, movilidad o servicios, con acciones de mitigación y demandas ciudadanas.",Teleamazonas,2023-08-19,riesgo_pais_calidad_vida,ok
030_SVR_DIRECT_DBSCAN,2026-02-09,2026-02-27,030_SVR_DIRECT_DBSCAN.png,142_2023-08-15,2023-08-15,2023-08-16,142_2023-08-15.png,0.958769,1,Eventos climáticos y emergencias afectan localidades,"Se reportaron afectaciones por lluvias, deslizamientos, incendios u otros eventos naturales, con impactos en vías, viviendas y servicios.",El Universo,2023-08-21,medio_ambiente,ok
030_SVR_DIRECT_DBSCAN,2026-02-09,2026-02-27,030_SVR_DIRECT_DBSCAN.png,091_2020-04-08,2020-04-08,2020-04-09,091_2020-04-08.png,0.957535,2,Coronavirus en Ecuador: los miles de muertos de Guayas que no aparecen en las cifras oficiales,"Guayas registra 6700 muertes en primeros 15 días de abril 2020, muy por encima de cifras oficiales COVID-19. Familias denuncian subregistro; caos sanitario en Guayaquil con cuerpos sin identificar y entierros masivos.",BBC Mundo,2020-04-08,medio_ambiente,ok
030_SVR_DIRECT_DBSCAN,2026-02-09,2026-02-27,030_SVR_DIRECT_DBSCAN.png,091_2020-04-08,2020-04-08,2020-04-09,091_2020-04-08.png,0.957535,2,Guayaquil enfrenta colapso sanitario por COVID-19,"El sistema sanitario de Guayaquil colapsó ante el aumento de fallecidos por coronavirus, afectando gravemente la calidad de vida.",El Universo,2020-04-08,riesgo_pais_calidad_vida,ok
030_SVR_DIRECT_DBSCAN,2026-02-09,2026-02-27,030_SVR_DIRECT_DBSCAN.png,091_2020-04-08,2020-04-08,2020-04-09,091_2020-04-08.png,0.957535,2,Fuerzas Armadas asumen control logístico en Guayaquil,Las Fuerzas Armadas intervinieron en tareas logísticas y de control ante la emergencia sanitaria en Guayaquil.,El Comercio,2020-04-09,seguridad_crimen,ok
031_SVR_DIRECT_DIF,2026-01-30,2026-01-30,031_SVR_DIRECT_DIF.png,142_2023-08-15,2023-08-15,2023-08-16,142_2023-08-15.png,0.944589,2,Operativos y hechos delictivos elevan preocupación por seguridad,"Se reportaron operativos, detenciones o investigaciones por delitos, junto con alertas ciudadanas en distintas provincias.",El Universo,2023-08-10,seguridad_crimen,ok
031_SVR_DIRECT_DIF,2026-01-30,2026-01-30,031_SVR_DIRECT_DIF.png,142_2023-08-15,2023-08-15,2023-08-16,142_2023-08-15.png,0.944589,2,Guayaquil registra pico de violencia en agosto 2023 con múltiples balaceras,"Guayaquil enfrenta pico de violencia en agosto 2023 con balaceras diarias y disputas entre bandas por control territorial. Se reportan múltiples homicidios en sectores como el sur y Durán, con Policía desplegando operativos; contexto de escalada criminal que preludia crisis nacional.",El Universo,2023-08-10,seguridad_crimen,ok
031_SVR_DIRECT_DIF,2026-01-30,2026-01-30,031_SVR_DIRECT_DIF.png,142_2023-08-15,2023-08-15,2023-08-16,142_2023-08-15.png,0.944589,2,Decomisos y acciones contra narcotráfico se intensifican,"Fuerzas de seguridad informaron decomisos, capturas y operativos vinculados a narcotráfico y microtráfico en rutas, puertos y ciudades.",El Comercio,2023-08-11,seguridad_crimen,ok
031_SVR_DIRECT_DIF,2026-01-30,2026-01-30,031_SVR_DIRECT_DIF.png,142_2023-08-15,2023-08-15,2023-08-16,142_2023-08-15.png,0.944589,2,Muertes violentas en Ecuador suben en agosto 2023 por narcotráfico,"Ecuador registra aumento de homicidios en agosto 2023, ligados a narcotráfico y pugnas territoriales en Guayas y Manabí. Cifras oficiales muestran escalada; análisis destaca debilidad institucional y necesidad de reformas en seguridad.",Primicias,2023-08-11,seguridad_crimen,ok
031_SVR_DIRECT_DIF,2026-01-30,2026-01-30,031_SVR_DIRECT_DIF.png,142_2023-08-15,2023-08-15,2023-08-16,142_2023-08-15.png,0.944589,2,Decisiones y anuncios del Gobierno marcan la agenda nacional,"Autoridades informaron decisiones de política pública, decretos o acciones institucionales con impacto nacional y en gobiernos locales.",Primicias,2023-08-12,politica_gobierno,ok
031_SVR_DIRECT_DIF,2026-01-30,2026-01-30,031_SVR_DIRECT_DIF.png,142_2023-08-15,2023-08-15,2023-08-16,142_2023-08-15.png,0.944589,2,Indicadores económicos y fiscales reflejan presiones en el país,"Sectores productivos y autoridades revisaron inflación, empleo, finanzas públicas y actividad económica, con énfasis en riesgos y medidas de ajuste.",Expreso,2023-08-13,economia_finanzas,ok
031_SVR_DIRECT_DIF,2026-01-30,2026-01-30,031_SVR_DIRECT_DIF.png,142_2023-08-15,2023-08-15,2023-08-16,142_2023-08-15.png,0.944589,2,Costo de vida y servicios impactan a los hogares,"Se registraron impactos en empleo, educación, salud, movilidad o servicios, con acciones de mitigación y demandas ciudadanas.",Teleamazonas,2023-08-14,riesgo_pais_calidad_vida,ok
031_SVR_DIRECT_DIF,2026-01-30,2026-01-30,031_SVR_DIRECT_DIF.png,142_2023-08-15,2023-08-15,2023-08-16,142_2023-08-15.png,0.944589,2,Decisiones y anuncios del Gobierno marcan la agenda nacional,"Autoridades informaron decisiones de política pública, decretos o acciones institucionales con impacto nacional y en gobiernos locales.",El Universo,2023-08-15,politica_gobierno,ok
031_SVR_DIRECT_DIF,2026-01-30,2026-01-30,031_SVR_DIRECT_DIF.png,142_2023-08-15,2023-08-15,2023-08-16,142_2023-08-15.png,0.944589,2,Estiaje agrava crisis energética en Ecuador en agosto 2023,El estiaje en agosto 2023 reduce caudal de ríos y amenaza generación hidroeléctrica. El gobierno anuncia medidas de ahorro y mantenimiento de plantas; riesgo de apagones en regiones costeras y sierra por sequía prolongada.,El Comercio,2023-08-16,medio_ambiente,ok
031_SVR_DIRECT_DIF,2026-01-30,2026-01-30,031_SVR_DIRECT_DIF.png,142_2023-08-15,2023-08-15,2023-08-16,142_2023-08-15.png,0.944589,2,Operativos y hechos delictivos elevan preocupación por seguridad,"Se reportaron operativos, detenciones o investigaciones por delitos, junto con alertas ciudadanas en distintas provincias.",El Comercio,2023-08-16,seguridad_crimen,ok
031_SVR_DIRECT_DIF,2026-01-30,2026-01-30,031_SVR_DIRECT_DIF.png,142_2023-08-15,2023-08-15,2023-08-16,142_2023-08-15.png,0.944589,2,Decomisos y acciones contra narcotráfico se intensifican,"Fuerzas de seguridad informaron decomisos, capturas y operativos vinculados a narcotráfico y microtráfico en rutas, puertos y ciudades.",Primicias,2023-08-17,seguridad_crimen,ok
031_SVR_DIRECT_DIF,2026-01-30,2026-01-30,031_SVR_DIRECT_DIF.png,142_2023-08-15,2023-08-15,2023-08-16,142_2023-08-15.png,0.944589,2,Indicadores económicos y fiscales reflejan presiones en el país,"Sectores productivos y autoridades revisaron inflación, empleo, finanzas públicas y actividad económica, con énfasis en riesgos y medidas de ajuste.",Expreso,2023-08-18,economia_finanzas,ok
031_SVR_DIRECT_DIF,2026-01-30,2026-01-30,031_SVR_DIRECT_DIF.png,142_2023-08-15,2023-08-15,2023-08-16,142_2023-08-15.png,0.944589,2,Costo de vida y servicios impactan a los hogares,"Se registraron impactos en empleo, educación, salud, movilidad o servicios, con acciones de mitigación y demandas ciudadanas.",Teleamazonas,2023-08-19,riesgo_pais_calidad_vida,ok
031_SVR_DIRECT_DIF,2026-01-30,2026-01-30,031_SVR_DIRECT_DIF.png,142_2023-08-15,2023-08-15,2023-08-16,142_2023-08-15.png,0.944589,2,Eventos climáticos y emergencias afectan localidades,"Se reportaron afectaciones por lluvias, deslizamientos, incendios u otros eventos naturales, con impactos en vías, viviendas y servicios.",El Universo,2023-08-21,medio_ambiente,ok
031_SVR_DIRECT_DIF,2026-01-30,2026-01-30,031_SVR_DIRECT_DIF.png,029_2008-12-04,2008-12-04,2008-12-05,029_2008-12-04.png,0.944128,3,Ecuador analiza recompra de bonos en default, El Ministerio de Finanzas estudió mecanismos para recomprar bonos en default con descuento. La nota detalla el posible impacto fiscal y las expectativas sobre la reducción del servicio de la deuda.,El Comercio,2008-12-02,economia_finanzas,ok
031_SVR_DIRECT_DIF,2026-01-30,2026-01-30,031_SVR_DIRECT_DIF.png,029_2008-12-04,2008-12-04,2008-12-05,029_2008-12-04.png,0.944128,3,Ecuador contrata abogados estadounidenses para disputa de la deuda,"El Gobierno ecuatoriano contrató asesoría legal en Estados Unidos para abordar disputas sobre deuda considerada irregular, según declaraciones del ministro Ricardo Patiño. La nota trata estrategia jurídica y política financiera del Estado.",El Universo,2008-12-02,economia_finanzas,ok
031_SVR_DIRECT_DIF,2026-01-30,2026-01-30,031_SVR_DIRECT_DIF.png,029_2008-12-04,2008-12-04,2008-12-05,029_2008-12-04.png,0.944128,3,Mayoría de ex magistrados ratifican excusa a integrar nueva Corte,"Ex magistrados de la desaparecida Corte Suprema ratificaron su negativa a integrar la nueva Corte, según vocerías de participantes en una reunión. La noticia se centra en reconfiguración institucional del sistema judicial tras cambios constitucionales.",El Universo,2008-12-02,politica_gobierno,ok
031_SVR_DIRECT_DIF,2026-01-30,2026-01-30,031_SVR_DIRECT_DIF.png,029_2008-12-04,2008-12-04,2008-12-05,029_2008-12-04.png,0.944128,3,Aland Molestina asumió la Comandancia de la Armada,En Guayaquil se realizó la ceremonia de posesión de Aland Molestina como comandante de la Armada. El artículo describe el acto oficial y cambios en mandos de la institución militar.,El Universo,2008-12-02,seguridad_crimen,ok
031_SVR_DIRECT_DIF,2026-01-30,2026-01-30,031_SVR_DIRECT_DIF.png,029_2008-12-04,2008-12-04,2008-12-05,029_2008-12-04.png,0.944128,3,3 muertos en accidentes de tránsito,"Se reportaron muertes por siniestros de tránsito, incluyendo el fallecimiento de una menor tras un volcamiento ocurrido en Yaguachi. La nota presenta hechos de seguridad vial y consecuencias en salud y movilidad.",El Universo,2008-12-02,seguridad_crimen,ok
031_SVR_DIRECT_DIF,2026-01-30,2026-01-30,031_SVR_DIRECT_DIF.png,029_2008-12-04,2008-12-04,2008-12-05,029_2008-12-04.png,0.944128,3,Temporal de lluvias afecta a cantones del Litoral,Fuertes lluvias provocaron inundaciones y daños en viviendas de varios cantones del Litoral ecuatoriano. Autoridades locales activaron planes de emergencia y asistencia humanitaria.,El Universo,2008-12-04,medio_ambiente,ok
031_SVR_DIRECT_DIF,2026-01-30,2026-01-30,031_SVR_DIRECT_DIF.png,029_2008-12-04,2008-12-04,2008-12-05,029_2008-12-04.png,0.944128,3,Robo armado a camión dejó herido a conductor,Un asalto armado a un camión de carga en una vía del Guayas dejó al conductor herido. La Policía inició investigaciones y operativos de control en la zona.,El Universo,2008-12-05,seguridad_crimen,ok
033_SVR_DIRECT_IFOREST,2026-02-27,2026-02-27,033_SVR_DIRECT_IFOREST.png,075_2016-04-28,2016-04-28,2016-04-28,075_2016-04-28.png,0.955136,1,Avanza reconstrucción en zonas afectadas por el sismo,Autoridades informaron avances en la reconstrucción de Manabí y Esmeraldas tras el terremoto de abril.,El Universo,2016-04-28,economia_finanzas,ok
033_SVR_DIRECT_IFOREST,2026-02-27,2026-02-27,033_SVR_DIRECT_IFOREST.png,075_2016-04-28,2016-04-28,2016-04-28,075_2016-04-28.png,0.955136,1,Ayuda internacional llega a Manabí tras terremoto de abril 2016,"Gobierno de Israel entrega ayuda humanitaria a damnificados de Canoa (Manabí) tras terremoto del 16 abril 2016. Se detallan donaciones y coordinación para reconstrucción en zona afectada por sismo de 7,8 grados.",El Universo,2016-04-28,medio_ambiente,ok
033_SVR_DIRECT_IFOREST,2026-02-27,2026-02-27,033_SVR_DIRECT_IFOREST.png,075_2016-04-28,2016-04-28,2016-04-28,075_2016-04-28.png,0.955136,1,Solidaridad nacional se mantiene con donaciones,Ciudadanos y empresas continuaron entregando donaciones para damnificados por el terremoto en la costa ecuatoriana.,El Comercio,2016-04-28,sociedad_cultura,ok
033_SVR_DIRECT_IFOREST,2026-02-27,2026-02-27,033_SVR_DIRECT_IFOREST.png,075_2016-04-28,2016-04-28,2016-04-28,075_2016-04-28.png,0.955136,1,Refuerzan controles de seguridad en zonas afectadas,Fuerzas del orden intensificaron patrullajes y controles en áreas afectadas por el sismo para prevenir saqueos.,El Universo,2016-04-29,seguridad_crimen,ok
033_SVR_DIRECT_IFOREST,2026-02-27,2026-02-27,033_SVR_DIRECT_IFOREST.png,067_2016-01-12,2016-01-12,2016-01-12,067_2016-01-12.png,0.951301,2,Emergencias viales por lluvias en la Sierra,Deslizamientos y cierres viales se reportaron en provincias de la Sierra debido a las precipitaciones intensas.,El Comercio,2016-01-12,economia_finanzas,ok
033_SVR_DIRECT_IFOREST,2026-02-27,2026-02-27,033_SVR_DIRECT_IFOREST.png,067_2016-01-12,2016-01-12,2016-01-12,067_2016-01-12.png,0.951301,2,Riesgo país de Ecuador sube por caída petróleo enero 2016,Riesgo país de Ecuador alcanza niveles altos en enero 2016 por caída del petróleo. Spreads en bonos soberanos suben; análisis de impacto en deuda y financiamiento.,El Universo,2016-01-12,economia_finanzas,ok
033_SVR_DIRECT_IFOREST,2026-02-27,2026-02-27,033_SVR_DIRECT_IFOREST.png,067_2016-01-12,2016-01-12,2016-01-12,067_2016-01-12.png,0.951301,2,Lluvias provocan inundaciones en la Costa,Fuertes lluvias causaron desbordes de ríos e inundaciones en zonas rurales y urbanas de la región Costa.,El Universo,2016-01-12,medio_ambiente,ok
034_SVR_DIRECT_TIMEGPT,2026-02-27,2026-02-27,034_SVR_DIRECT_TIMEGPT.png,075_2016-04-28,2016-04-28,2016-04-28,075_2016-04-28.png,0.955136,1,Avanza reconstrucción en zonas afectadas por el sismo,Autoridades informaron avances en la reconstrucción de Manabí y Esmeraldas tras el terremoto de abril.,El Universo,2016-04-28,economia_finanzas,ok
034_SVR_DIRECT_TIMEGPT,2026-02-27,2026-02-27,034_SVR_DIRECT_TIMEGPT.png,075_2016-04-28,2016-04-28,2016-04-28,075_2016-04-28.png,0.955136,1,Ayuda internacional llega a Manabí tras terremoto de abril 2016,"Gobierno de Israel entrega ayuda humanitaria a damnificados de Canoa (Manabí) tras terremoto del 16 abril 2016. Se detallan donaciones y coordinación para reconstrucción en zona afectada por sismo de 7,8 grados.",El Universo,2016-04-28,medio_ambiente,ok
034_SVR_DIRECT_TIMEGPT,2026-02-27,2026-02-27,034_SVR_DIRECT_TIMEGPT.png,075_2016-04-28,2016-04-28,2016-04-28,075_2016-04-28.png,0.955136,1,Solidaridad nacional se mantiene con donaciones,Ciudadanos y empresas continuaron entregando donaciones para damnificados por el terremoto en la costa ecuatoriana.,El Comercio,2016-04-28,sociedad_cultura,ok
034_SVR_DIRECT_TIMEGPT,2026-02-27,2026-02-27,034_SVR_DIRECT_TIMEGPT.png,075_2016-04-28,2016-04-28,2016-04-28,075_2016-04-28.png,0.955136,1,Refuerzan controles de seguridad en zonas afectadas,Fuerzas del orden intensificaron patrullajes y controles en áreas afectadas por el sismo para prevenir saqueos.,El Universo,2016-04-29,seguridad_crimen,ok
034_SVR_DIRECT_TIMEGPT,2026-02-27,2026-02-27,034_SVR_DIRECT_TIMEGPT.png,067_2016-01-12,2016-01-12,2016-01-12,067_2016-01-12.png,0.951301,2,Emergencias viales por lluvias en la Sierra,Deslizamientos y cierres viales se reportaron en provincias de la Sierra debido a las precipitaciones intensas.,El Comercio,2016-01-12,economia_finanzas,ok
034_SVR_DIRECT_TIMEGPT,2026-02-27,2026-02-27,034_SVR_DIRECT_TIMEGPT.png,067_2016-01-12,2016-01-12,2016-01-12,067_2016-01-12.png,0.951301,2,Riesgo país de Ecuador sube por caída petróleo enero 2016,Riesgo país de Ecuador alcanza niveles altos en enero 2016 por caída del petróleo. Spreads en bonos soberanos suben; análisis de impacto en deuda y financiamiento.,El Universo,2016-01-12,economia_finanzas,ok
034_SVR_DIRECT_TIMEGPT,2026-02-27,2026-02-27,034_SVR_DIRECT_TIMEGPT.png,067_2016-01-12,2016-01-12,2016-01-12,067_2016-01-12.png,0.951301,2,Lluvias provocan inundaciones en la Costa,Fuertes lluvias causaron desbordes de ríos e inundaciones en zonas rurales y urbanas de la región Costa.,El Universo,2016-01-12,medio_ambiente,ok
035_SVR_DIRECT_TIMESNET,2026-02-27,2026-02-27,035_SVR_DIRECT_TIMESNET.png,075_2016-04-28,2016-04-28,2016-04-28,075_2016-04-28.png,0.955136,1,Avanza reconstrucción en zonas afectadas por el sismo,Autoridades informaron avances en la reconstrucción de Manabí y Esmeraldas tras el terremoto de abril.,El Universo,2016-04-28,economia_finanzas,ok
035_SVR_DIRECT_TIMESNET,2026-02-27,2026-02-27,035_SVR_DIRECT_TIMESNET.png,075_2016-04-28,2016-04-28,2016-04-28,075_2016-04-28.png,0.955136,1,Ayuda internacional llega a Manabí tras terremoto de abril 2016,"Gobierno de Israel entrega ayuda humanitaria a damnificados de Canoa (Manabí) tras terremoto del 16 abril 2016. Se detallan donaciones y coordinación para reconstrucción en zona afectada por sismo de 7,8 grados.",El Universo,2016-04-28,medio_ambiente,ok
035_SVR_DIRECT_TIMESNET,2026-02-27,2026-02-27,035_SVR_DIRECT_TIMESNET.png,075_2016-04-28,2016-04-28,2016-04-28,075_2016-04-28.png,0.955136,1,Solidaridad nacional se mantiene con donaciones,Ciudadanos y empresas continuaron entregando donaciones para damnificados por el terremoto en la costa ecuatoriana.,El Comercio,2016-04-28,sociedad_cultura,ok
035_SVR_DIRECT_TIMESNET,2026-02-27,2026-02-27,035_SVR_DIRECT_TIMESNET.png,075_2016-04-28,2016-04-28,2016-04-28,075_2016-04-28.png,0.955136,1,Refuerzan controles de seguridad en zonas afectadas,Fuerzas del orden intensificaron patrullajes y controles en áreas afectadas por el sismo para prevenir saqueos.,El Universo,2016-04-29,seguridad_crimen,ok
035_SVR_DIRECT_TIMESNET,2026-02-27,2026-02-27,035_SVR_DIRECT_TIMESNET.png,067_2016-01-12,2016-01-12,2016-01-12,067_2016-01-12.png,0.951301,2,Emergencias viales por lluvias en la Sierra,Deslizamientos y cierres viales se reportaron en provincias de la Sierra debido a las precipitaciones intensas.,El Comercio,2016-01-12,economia_finanzas,ok
035_SVR_DIRECT_TIMESNET,2026-02-27,2026-02-27,035_SVR_DIRECT_TIMESNET.png,067_2016-01-12,2016-01-12,2016-01-12,067_2016-01-12.png,0.951301,2,Riesgo país de Ecuador sube por caída petróleo enero 2016,Riesgo país de Ecuador alcanza niveles altos en enero 2016 por caída del petróleo. Spreads en bonos soberanos suben; análisis de impacto en deuda y financiamiento.,El Universo,2016-01-12,economia_finanzas,ok
035_SVR_DIRECT_TIMESNET,2026-02-27,2026-02-27,035_SVR_DIRECT_TIMESNET.png,067_2016-01-12,2016-01-12,2016-01-12,067_2016-01-12.png,0.951301,2,Lluvias provocan inundaciones en la Costa,Fuertes lluvias causaron desbordes de ríos e inundaciones en zonas rurales y urbanas de la región Costa.,El Universo,2016-01-12,medio_ambiente,ok
036_SVR_DIRECT_TRANAD,2026-02-27,2026-02-27,036_SVR_DIRECT_TRANAD.png,075_2016-04-28,2016-04-28,2016-04-28,075_2016-04-28.png,0.955136,1,Avanza reconstrucción en zonas afectadas por el sismo,Autoridades informaron avances en la reconstrucción de Manabí y Esmeraldas tras el terremoto de abril.,El Universo,2016-04-28,economia_finanzas,ok
036_SVR_DIRECT_TRANAD,2026-02-27,2026-02-27,036_SVR_DIRECT_TRANAD.png,075_2016-04-28,2016-04-28,2016-04-28,075_2016-04-28.png,0.955136,1,Ayuda internacional llega a Manabí tras terremoto de abril 2016,"Gobierno de Israel entrega ayuda humanitaria a damnificados de Canoa (Manabí) tras terremoto del 16 abril 2016. Se detallan donaciones y coordinación para reconstrucción en zona afectada por sismo de 7,8 grados.",El Universo,2016-04-28,medio_ambiente,ok
036_SVR_DIRECT_TRANAD,2026-02-27,2026-02-27,036_SVR_DIRECT_TRANAD.png,075_2016-04-28,2016-04-28,2016-04-28,075_2016-04-28.png,0.955136,1,Solidaridad nacional se mantiene con donaciones,Ciudadanos y empresas continuaron entregando donaciones para damnificados por el terremoto en la costa ecuatoriana.,El Comercio,2016-04-28,sociedad_cultura,ok
036_SVR_DIRECT_TRANAD,2026-02-27,2026-02-27,036_SVR_DIRECT_TRANAD.png,075_2016-04-28,2016-04-28,2016-04-28,075_2016-04-28.png,0.955136,1,Refuerzan controles de seguridad en zonas afectadas,Fuerzas del orden intensificaron patrullajes y controles en áreas afectadas por el sismo para prevenir saqueos.,El Universo,2016-04-29,seguridad_crimen,ok
036_SVR_DIRECT_TRANAD,2026-02-27,2026-02-27,036_SVR_DIRECT_TRANAD.png,067_2016-01-12,2016-01-12,2016-01-12,067_2016-01-12.png,0.951301,2,Emergencias viales por lluvias en la Sierra,Deslizamientos y cierres viales se reportaron en provincias de la Sierra debido a las precipitaciones intensas.,El Comercio,2016-01-12,economia_finanzas,ok
036_SVR_DIRECT_TRANAD,2026-02-27,2026-02-27,036_SVR_DIRECT_TRANAD.png,067_2016-01-12,2016-01-12,2016-01-12,067_2016-01-12.png,0.951301,2,Riesgo país de Ecuador sube por caída petróleo enero 2016,Riesgo país de Ecuador alcanza niveles altos en enero 2016 por caída del petróleo. Spreads en bonos soberanos suben; análisis de impacto en deuda y financiamiento.,El Universo,2016-01-12,economia_finanzas,ok
036_SVR_DIRECT_TRANAD,2026-02-27,2026-02-27,036_SVR_DIRECT_TRANAD.png,067_2016-01-12,2016-01-12,2016-01-12,067_2016-01-12.png,0.951301,2,Lluvias provocan inundaciones en la Costa,Fuertes lluvias causaron desbordes de ríos e inundaciones en zonas rurales y urbanas de la región Costa.,El Universo,2016-01-12,medio_ambiente,ok
038_RF_FEEDBACK_ARIMA,2026-02-12,2026-02-12,038_RF_FEEDBACK_ARIMA.png,086_2020-02-27,2020-02-27,2020-02-27,086_2020-02-27.png,0.955366,1,Ecuador suma 281.169 casos de Covid-19 febrero 2020,Ecuador registra nuevos contagios COVID-19 en febrero 2020 (2.390 en 24 horas). Ministerio de Salud reporta 35 fallecidos; contexto de expansión pandemia y medidas de contención.,Primicias,2020-02-25,medio_ambiente,ok
038_RF_FEEDBACK_ARIMA,2026-02-12,2026-02-12,038_RF_FEEDBACK_ARIMA.png,086_2020-02-27,2020-02-27,2020-02-27,086_2020-02-27.png,0.955366,1,Gobierno evalúa medidas preventivas en fronteras,Autoridades analizaron controles y protocolos ante el riesgo de ingreso del virus por fronteras.,El Comercio,2020-02-25,politica_gobierno,ok
038_RF_FEEDBACK_ARIMA,2026-02-12,2026-02-12,038_RF_FEEDBACK_ARIMA.png,086_2020-02-27,2020-02-27,2020-02-27,086_2020-02-27.png,0.955366,1,Crece preocupación regional por avance del COVID-19,"Países de la región reportaron nuevos casos de coronavirus, elevando alertas sanitarias en Ecuador.",El Universo,2020-02-25,riesgo_pais_calidad_vida,ok
038_RF_FEEDBACK_ARIMA,2026-02-12,2026-02-12,038_RF_FEEDBACK_ARIMA.png,086_2020-02-27,2020-02-27,2020-02-27,086_2020-02-27.png,0.955366,1,Autoridades activan emergencia sanitaria,"Tras la confirmación del primer caso, el Gobierno activó medidas de emergencia sanitaria a nivel nacional.",El Comercio,2020-02-27,riesgo_pais_calidad_vida,ok
038_RF_FEEDBACK_ARIMA,2026-02-12,2026-02-12,038_RF_FEEDBACK_ARIMA.png,086_2020-02-27,2020-02-27,2020-02-27,086_2020-02-27.png,0.955366,1,Ecuador confirma primer caso de coronavirus,"El Ministerio de Salud confirmó el primer caso de COVID-19 en Ecuador, activando protocolos de emergencia.",El Universo,2020-02-27,riesgo_pais_calidad_vida,ok
038_RF_FEEDBACK_ARIMA,2026-02-12,2026-02-12,038_RF_FEEDBACK_ARIMA.png,021_2008-10-20,2008-10-20,2008-10-24,021_2008-10-20.png,0.954262,2,Suspenden clases en Manabí por daños en infraestructura,El Ministerio de Educación suspendió clases en varios cantones de Manabí tras daños en infraestructura escolar.,El Universo,2008-10-15,riesgo_pais_calidad_vida,ok
038_RF_FEEDBACK_ARIMA,2026-02-12,2026-02-12,038_RF_FEEDBACK_ARIMA.png,021_2008-10-20,2008-10-20,2008-10-24,021_2008-10-20.png,0.954262,2,150th (Extraordinary) Meeting of the OPEC Conference (Production adjustments)," Comunicado oficial de OPEP sobre recortes de producción acordados en octubre de 2008 para estabilizar el mercado ante caída de precios. Incluye ajustes por país, relevante para contextos de shocks petroleros.",OPEC (Press Release),2008-10-24,economia_finanzas,ok
038_RF_FEEDBACK_ARIMA,2026-02-12,2026-02-12,038_RF_FEEDBACK_ARIMA.png,021_2008-10-20,2008-10-20,2008-10-24,021_2008-10-20.png,0.954262,2,Oficialismo Ecuador controla comisión legislativa en congreso de transición," Reporte sobre la integración del congreso/órgano legislativo de transición tras la nueva Constitución, destacando la mayoría del movimiento oficialista y el impacto sobre el equilibrio de poderes.",Reuters,2008-10-25,politica_gobierno,ok
038_RF_FEEDBACK_ARIMA,2026-02-12,2026-02-12,038_RF_FEEDBACK_ARIMA.png,021_2008-10-20,2008-10-20,2008-10-24,021_2008-10-20.png,0.954262,2,Accidente de tránsito deja varios heridos en Azuay,Un accidente de tránsito en una vía del Azuay dejó varios heridos y congestión vehicular.,El Universo,2008-10-27,seguridad_crimen,ok
038_RF_FEEDBACK_ARIMA,2026-02-12,2026-02-12,038_RF_FEEDBACK_ARIMA.png,021_2008-10-20,2008-10-20,2008-10-24,021_2008-10-20.png,0.954262,2,Riesgo país bordea los 3.000 puntos,"El riesgo país de Ecuador alcanzó niveles cercanos a los 3.000 puntos, reflejando elevada percepción de riesgo soberano.",El Universo,2008-10-28,economia_finanzas,ok
039_RF_FEEDBACK_DBSCAN,2026-01-29,2026-02-11,039_RF_FEEDBACK_DBSCAN.png,020_2008-10-14,2008-10-14,2008-10-17,020_2008-10-14.png,0.955334,1,"Economía Ecuador crece un 2,4 pct en 2do trim 2008:Banco Central"," El Banco Central reportó crecimiento interanual del 2,4% en el segundo trimestre de 2008, impulsado por construcción. Se contextualiza el desempeño macroeconómico ante señales de desaceleración global.",Reuters,2008-10-09,economia_finanzas,ok
039_RF_FEEDBACK_DBSCAN,2026-01-29,2026-02-11,039_RF_FEEDBACK_DBSCAN.png,020_2008-10-14,2008-10-14,2008-10-17,020_2008-10-14.png,0.955334,1,Ecuador ratifica la salida de Odebrecht,"El Gobierno ecuatoriano confirmó la expulsión definitiva de Odebrecht tras disputas por contratos de infraestructura, con impacto político y diplomático.",El Universo,2008-10-09,politica_gobierno,ok
039_RF_FEEDBACK_DBSCAN,2026-01-29,2026-02-11,039_RF_FEEDBACK_DBSCAN.png,020_2008-10-14,2008-10-14,2008-10-17,020_2008-10-14.png,0.955334,1,Lluvias provocan deslizamientos en la provincia de Loja,"Fuertes lluvias causaron deslizamientos de tierra en zonas rurales de Loja, afectando vías y comunidades.",El Universo,2008-10-10,medio_ambiente,ok
039_RF_FEEDBACK_DBSCAN,2026-01-29,2026-02-11,039_RF_FEEDBACK_DBSCAN.png,020_2008-10-14,2008-10-14,2008-10-17,020_2008-10-14.png,0.955334,1,Índice de Precios al Consumidor – 2008 (recursos Oct-2008), Página de referencia del INEC que agrupa documentos de inflación e IPC para 2008 (incluye Oct-2008). Útil como insumo para contextualizar shocks macroeconómicos y contrastar con movimientos en series financieras.,INEC (Ecuador en Cifras),2008-10-14,economia_finanzas,ok
039_RF_FEEDBACK_DBSCAN,2026-01-29,2026-02-11,039_RF_FEEDBACK_DBSCAN.png,020_2008-10-14,2008-10-14,2008-10-17,020_2008-10-14.png,0.955334,1,Ejecutivos de Odebrecht y Furnas siguen en Ecuador,Autoridades informaron que ejecutivos de Odebrecht y Furnas permanecían en el país mientras se evaluaban responsabilidades administrativas.,El Universo,2008-10-14,politica_gobierno,ok
039_RF_FEEDBACK_DBSCAN,2026-01-29,2026-02-11,039_RF_FEEDBACK_DBSCAN.png,020_2008-10-14,2008-10-14,2008-10-17,020_2008-10-14.png,0.955334,1,Suspenden clases en Manabí por daños en infraestructura,El Ministerio de Educación suspendió clases en varios cantones de Manabí tras daños en infraestructura escolar.,El Universo,2008-10-15,riesgo_pais_calidad_vida,ok
039_RF_FEEDBACK_DBSCAN,2026-01-29,2026-02-11,039_RF_FEEDBACK_DBSCAN.png,086_2020-02-27,2020-02-27,2020-02-27,086_2020-02-27.png,0.952376,2,Ecuador suma 281.169 casos de Covid-19 febrero 2020,Ecuador registra nuevos contagios COVID-19 en febrero 2020 (2.390 en 24 horas). Ministerio de Salud reporta 35 fallecidos; contexto de expansión pandemia y medidas de contención.,Primicias,2020-02-25,medio_ambiente,ok
039_RF_FEEDBACK_DBSCAN,2026-01-29,2026-02-11,039_RF_FEEDBACK_DBSCAN.png,086_2020-02-27,2020-02-27,2020-02-27,086_2020-02-27.png,0.952376,2,Gobierno evalúa medidas preventivas en fronteras,Autoridades analizaron controles y protocolos ante el riesgo de ingreso del virus por fronteras.,El Comercio,2020-02-25,politica_gobierno,ok
039_RF_FEEDBACK_DBSCAN,2026-01-29,2026-02-11,039_RF_FEEDBACK_DBSCAN.png,086_2020-02-27,2020-02-27,2020-02-27,086_2020-02-27.png,0.952376,2,Crece preocupación regional por avance del COVID-19,"Países de la región reportaron nuevos casos de coronavirus, elevando alertas sanitarias en Ecuador.",El Universo,2020-02-25,riesgo_pais_calidad_vida,ok
039_RF_FEEDBACK_DBSCAN,2026-01-29,2026-02-11,039_RF_FEEDBACK_DBSCAN.png,086_2020-02-27,2020-02-27,2020-02-27,086_2020-02-27.png,0.952376,2,Autoridades activan emergencia sanitaria,"Tras la confirmación del primer caso, el Gobierno activó medidas de emergencia sanitaria a nivel nacional.",El Comercio,2020-02-27,riesgo_pais_calidad_vida,ok
039_RF_FEEDBACK_DBSCAN,2026-01-29,2026-02-11,039_RF_FEEDBACK_DBSCAN.png,086_2020-02-27,2020-02-27,2020-02-27,086_2020-02-27.png,0.952376,2,Ecuador confirma primer caso de coronavirus,"El Ministerio de Salud confirmó el primer caso de COVID-19 en Ecuador, activando protocolos de emergencia.",El Universo,2020-02-27,riesgo_pais_calidad_vida,ok
040_RF_FEEDBACK_DBSCAN,2026-02-13,2026-02-17,040_RF_FEEDBACK_DBSCAN.png,021_2008-10-20,2008-10-20,2008-10-24,021_2008-10-20.png,0.956437,1,Suspenden clases en Manabí por daños en infraestructura,El Ministerio de Educación suspendió clases en varios cantones de Manabí tras daños en infraestructura escolar.,El Universo,2008-10-15,riesgo_pais_calidad_vida,ok
040_RF_FEEDBACK_DBSCAN,2026-02-13,2026-02-17,040_RF_FEEDBACK_DBSCAN.png,021_2008-10-20,2008-10-20,2008-10-24,021_2008-10-20.png,0.956437,1,150th (Extraordinary) Meeting of the OPEC Conference (Production adjustments)," Comunicado oficial de OPEP sobre recortes de producción acordados en octubre de 2008 para estabilizar el mercado ante caída de precios. Incluye ajustes por país, relevante para contextos de shocks petroleros.",OPEC (Press Release),2008-10-24,economia_finanzas,ok
040_RF_FEEDBACK_DBSCAN,2026-02-13,2026-02-17,040_RF_FEEDBACK_DBSCAN.png,021_2008-10-20,2008-10-20,2008-10-24,021_2008-10-20.png,0.956437,1,Oficialismo Ecuador controla comisión legislativa en congreso de transición," Reporte sobre la integración del congreso/órgano legislativo de transición tras la nueva Constitución, destacando la mayoría del movimiento oficialista y el impacto sobre el equilibrio de poderes.",Reuters,2008-10-25,politica_gobierno,ok
040_RF_FEEDBACK_DBSCAN,2026-02-13,2026-02-17,040_RF_FEEDBACK_DBSCAN.png,021_2008-10-20,2008-10-20,2008-10-24,021_2008-10-20.png,0.956437,1,Accidente de tránsito deja varios heridos en Azuay,Un accidente de tránsito en una vía del Azuay dejó varios heridos y congestión vehicular.,El Universo,2008-10-27,seguridad_crimen,ok
040_RF_FEEDBACK_DBSCAN,2026-02-13,2026-02-17,040_RF_FEEDBACK_DBSCAN.png,021_2008-10-20,2008-10-20,2008-10-24,021_2008-10-20.png,0.956437,1,Riesgo país bordea los 3.000 puntos,"El riesgo país de Ecuador alcanzó niveles cercanos a los 3.000 puntos, reflejando elevada percepción de riesgo soberano.",El Universo,2008-10-28,economia_finanzas,ok
040_RF_FEEDBACK_DBSCAN,2026-02-13,2026-02-17,040_RF_FEEDBACK_DBSCAN.png,061_2014-12-01,2014-12-01,2014-12-01,061_2014-12-01.png,0.953354,2,Policía refuerza operativos de seguridad por temporada navideña,La Policía Nacional anunció el despliegue de operativos especiales para prevenir robos y asaltos durante el inicio de la temporada navideña.,El Comercio,2014-12-01,seguridad_crimen,ok
040_RF_FEEDBACK_DBSCAN,2026-02-13,2026-02-17,040_RF_FEEDBACK_DBSCAN.png,061_2014-12-01,2014-12-01,2014-12-01,061_2014-12-01.png,0.953354,2,Falla eléctrica provocó apagones en varias provincias,"Una falla en el sistema interconectado nacional ocasionó apagones en ciudades de la Costa y la Sierra, afectando actividades comerciales y domésticas.",El Universo,2014-12-01,servicios_basicos,ok
041_RF_FEEDBACK_DBSCAN,2026-02-24,2026-02-25,041_RF_FEEDBACK_DBSCAN.png,154_2025-02-08,2025-02-08,2025-02-10,154_2025-02-08.png,0.959783,1,Noboa destaca avances en seguridad al buscar reelección,La campaña se centró en violencia vinculada a narcotráfico y en la evaluación de la efectividad de medidas de seguridad.,Reuters,2025-02-04,seguridad_crimen,ok
041_RF_FEEDBACK_DBSCAN,2026-02-24,2026-02-25,041_RF_FEEDBACK_DBSCAN.png,154_2025-02-08,2025-02-08,2025-02-10,154_2025-02-08.png,0.959783,1,Inflación mensual en Ecuador vuelve a ser negativa en enero de 2025,"La inflación mensual en Ecuador fue negativa (-0,15%) en enero de 2025, por cuarto mes consecutivo, según el INEC. La anual cerró en 0,26%, con deflación en alimentos y bienes básicos. El análisis destaca impacto de precios internacionales bajos y políticas de control, en contexto de recuperación post-crisis.",Primicias,2025-02-06,economia_finanzas,ok
041_RF_FEEDBACK_DBSCAN,2026-02-24,2026-02-25,041_RF_FEEDBACK_DBSCAN.png,154_2025-02-08,2025-02-08,2025-02-10,154_2025-02-08.png,0.959783,1,Riesgo país de Ecuador se dispara 259 puntos tras resultados electorales del 9 de febrero,"El riesgo país subió a 1.162 puntos el 10 de febrero de 2025 tras los primeros resultados de elecciones presidenciales. La incertidumbre política elevó spreads en bonos y costos de financiamiento, con análisis de impacto en mercados y perspectivas de estabilidad post-votación.",Primicias,2025-02-10,economia_finanzas,ok
041_RF_FEEDBACK_DBSCAN,2026-02-24,2026-02-25,041_RF_FEEDBACK_DBSCAN.png,154_2025-02-08,2025-02-08,2025-02-10,154_2025-02-08.png,0.959783,1,Elección presidencial va a segunda vuelta en un escenario dominado por seguridad,"El proceso electoral se encaminó a balotaje tras resultados ajustados entre Daniel Noboa y Luisa González, con la seguridad como tema central.",Al Jazeera,2025-02-10,politica_gobierno,ok
041_RF_FEEDBACK_DBSCAN,2026-02-24,2026-02-25,041_RF_FEEDBACK_DBSCAN.png,154_2025-02-08,2025-02-08,2025-02-10,154_2025-02-08.png,0.959783,1,La elección se encamina a balotaje tras ‘empate estadístico’,"Cobertura internacional destacó el resultado estrecho, el contexto de violencia y la polarización política.",The Guardian,2025-02-10,politica_gobierno,ok
041_RF_FEEDBACK_DBSCAN,2026-02-24,2026-02-25,041_RF_FEEDBACK_DBSCAN.png,154_2025-02-08,2025-02-08,2025-02-10,154_2025-02-08.png,0.959783,1,Repunte de la izquierda empuja la elección hacia segunda vuelta,"Medios internacionales siguieron el proceso ecuatoriano, subrayando violencia, economía y gobernabilidad como ejes del debate.",Le Monde,2025-02-10,politica_gobierno,ok
041_RF_FEEDBACK_DBSCAN,2026-02-24,2026-02-25,041_RF_FEEDBACK_DBSCAN.png,154_2025-02-08,2025-02-08,2025-02-10,154_2025-02-08.png,0.959783,1,Noboa y González disputarán balotaje tras primera vuelta ajustada,"Reuters reportó el estrecho margen en la primera vuelta y la repetición del duelo electoral, con tensiones y debate sobre seguridad y gobernabilidad.",Reuters,2025-02-10,politica_gobierno,ok
041_RF_FEEDBACK_DBSCAN,2026-02-24,2026-02-25,041_RF_FEEDBACK_DBSCAN.png,154_2025-02-08,2025-02-08,2025-02-10,154_2025-02-08.png,0.959783,1,Lluvias intensas entre el 11 y 17 de febrero de 2025 en Ecuador según Inamhi,"El Inamhi alertó por lluvias intensas y tormentas del 11 al 17 de febrero de 2025 en Costa, Sierra y Amazonía. Se esperan afectaciones por inundaciones, deslizamientos y emergencias en vías, con recomendaciones para GAD y población en zonas vulnerables durante el invierno.",El Universo,2025-02-12,medio_ambiente,ok
041_RF_FEEDBACK_DBSCAN,2026-02-24,2026-02-25,041_RF_FEEDBACK_DBSCAN.png,154_2025-02-08,2025-02-08,2025-02-10,154_2025-02-08.png,0.959783,1,Análisis sobre elección y efectos para la Amazonía ecuatoriana,"Organizaciones siguieron el proceso electoral y el debate sobre gobernanza, seguridad y políticas con impacto ambiental en la Amazonía.",Amazon Watch,2025-02-13,medio_ambiente,ok
041_RF_FEEDBACK_DBSCAN,2026-02-24,2026-02-25,041_RF_FEEDBACK_DBSCAN.png,154_2025-02-08,2025-02-08,2025-02-10,154_2025-02-08.png,0.959783,1,Noticiero 24 Horas: emisión central del 13 de febrero,"Resumen de noticias del día con énfasis en coyuntura política, seguridad y servicios.",Teleamazonas,2025-02-13,politica_gobierno,ok
041_RF_FEEDBACK_DBSCAN,2026-02-24,2026-02-25,041_RF_FEEDBACK_DBSCAN.png,154_2025-02-08,2025-02-08,2025-02-10,154_2025-02-08.png,0.959783,1,Noticiero 24 Horas: emisión central del 14 de febrero,"Cobertura nacional de acontecimientos, incluyendo seguridad, economía y novedades institucionales.",Teleamazonas,2025-02-14,politica_gobierno,ok
041_RF_FEEDBACK_DBSCAN,2026-02-24,2026-02-25,041_RF_FEEDBACK_DBSCAN.png,154_2025-02-08,2025-02-08,2025-02-10,154_2025-02-08.png,0.959783,1,Análisis local del escenario político y económico tras la primera vuelta,"Medios locales analizaron expectativas económicas y efectos sociales tras la primera vuelta electoral, con atención en seguridad.",Primicias,2025-02-14,riesgo_pais_calidad_vida,ok
041_RF_FEEDBACK_DBSCAN,2026-02-24,2026-02-25,041_RF_FEEDBACK_DBSCAN.png,154_2025-02-08,2025-02-08,2025-02-10,154_2025-02-08.png,0.959783,1,Operativo deja toneladas de droga incautadas y detenidos,Un operativo policial reportó incautación de varias toneladas de droga y detenciones vinculadas a bandas criminales.,El Oriente,2025-02-14,seguridad_crimen,ok
041_RF_FEEDBACK_DBSCAN,2026-02-24,2026-02-25,041_RF_FEEDBACK_DBSCAN.png,094_2020-05-13,2020-05-13,2020-05-15,094_2020-05-13.png,0.958208,2,Fuerzas Armadas refuerzan controles durante confinamiento,Militares apoyaron operativos de control y vigilancia para asegurar el cumplimiento de restricciones.,El Comercio,2020-05-08,seguridad_crimen,ok
041_RF_FEEDBACK_DBSCAN,2026-02-24,2026-02-25,041_RF_FEEDBACK_DBSCAN.png,094_2020-05-13,2020-05-13,2020-05-15,094_2020-05-13.png,0.958208,2,Sectores productivos analizan reactivación,Empresarios evaluaron escenarios de reactivación económica bajo restricciones sanitarias.,El Comercio,2020-05-11,economia_finanzas,ok
041_RF_FEEDBACK_DBSCAN,2026-02-24,2026-02-25,041_RF_FEEDBACK_DBSCAN.png,094_2020-05-13,2020-05-13,2020-05-15,094_2020-05-13.png,0.958208,2,Gobierno anuncia semáforo epidemiológico,El COE Nacional presentó el sistema de semáforo para regular la reapertura gradual de actividades.,El Universo,2020-05-11,politica_gobierno,ok
041_RF_FEEDBACK_DBSCAN,2026-02-24,2026-02-25,041_RF_FEEDBACK_DBSCAN.png,094_2020-05-13,2020-05-13,2020-05-15,094_2020-05-13.png,0.958208,2,Robos y delitos se reportan pese a cuarentena,La Policía informó sobre delitos registrados durante el periodo de confinamiento.,El Universo,2020-05-12,seguridad_crimen,ok
041_RF_FEEDBACK_DBSCAN,2026-02-24,2026-02-25,041_RF_FEEDBACK_DBSCAN.png,094_2020-05-13,2020-05-13,2020-05-15,094_2020-05-13.png,0.958208,2,Ecuador negocia financiamiento con el FMI,El país avanzó en negociaciones con el FMI para obtener recursos frente a la crisis.,El Universo,2020-05-13,politica_gobierno,ok
041_RF_FEEDBACK_DBSCAN,2026-02-24,2026-02-25,041_RF_FEEDBACK_DBSCAN.png,094_2020-05-13,2020-05-13,2020-05-15,094_2020-05-13.png,0.958208,2,Minuto a minuto sobre el coronavirus 13/05/2020,"Actualización diaria COVID-19 en Ecuador 13 mayo 2020: nuevos casos, muertes y medidas. Se destacan alertas en Guayas y transición de cuarentena a semáforo epidemiológico.",Plan V,2020-05-13,politica_gobierno,ok
041_RF_FEEDBACK_DBSCAN,2026-02-24,2026-02-25,041_RF_FEEDBACK_DBSCAN.png,094_2020-05-13,2020-05-13,2020-05-15,094_2020-05-13.png,0.958208,2,Estado amplía bonos de asistencia social,El Gobierno amplió la cobertura de bonos para mitigar el impacto social de la pandemia.,El Comercio,2020-05-13,riesgo_pais_calidad_vida,ok
041_RF_FEEDBACK_DBSCAN,2026-02-24,2026-02-25,041_RF_FEEDBACK_DBSCAN.png,094_2020-05-13,2020-05-13,2020-05-15,094_2020-05-13.png,0.958208,2,Gobierno busca alivio en pago de deuda externa,Autoridades gestionaron mecanismos para diferir pagos de la deuda externa.,El Comercio,2020-05-14,economia_finanzas,ok
041_RF_FEEDBACK_DBSCAN,2026-02-24,2026-02-25,041_RF_FEEDBACK_DBSCAN.png,094_2020-05-13,2020-05-13,2020-05-15,094_2020-05-13.png,0.958208,2,COE endurece controles de movilidad,El COE Nacional reforzó restricciones ante aumento de contagios.,El Universo,2020-05-15,politica_gobierno,ok
041_RF_FEEDBACK_DBSCAN,2026-02-24,2026-02-25,041_RF_FEEDBACK_DBSCAN.png,094_2020-05-13,2020-05-13,2020-05-15,094_2020-05-13.png,0.958208,2,Operativos de seguridad se intensifican en provincias,Policía y Fuerzas Armadas reforzaron controles en varias provincias.,El Comercio,2020-05-16,seguridad_crimen,ok
041_RF_FEEDBACK_DBSCAN,2026-02-24,2026-02-25,041_RF_FEEDBACK_DBSCAN.png,094_2020-05-13,2020-05-13,2020-05-15,094_2020-05-13.png,0.958208,2,Ciudades avanzan hacia reapertura gradual,Municipios aplicaron semáforo epidemiológico para reactivar actividades.,El Universo,2020-05-18,politica_gobierno,ok
041_RF_FEEDBACK_DBSCAN,2026-02-24,2026-02-25,041_RF_FEEDBACK_DBSCAN.png,094_2020-05-13,2020-05-13,2020-05-15,094_2020-05-13.png,0.958208,2,Desempleo aumenta por efectos de la pandemia,La pérdida de empleos afectó a miles de hogares durante la emergencia sanitaria.,El Comercio,2020-05-18,riesgo_pais_calidad_vida,ok
041_RF_FEEDBACK_DBSCAN,2026-02-24,2026-02-25,041_RF_FEEDBACK_DBSCAN.png,094_2020-05-13,2020-05-13,2020-05-15,094_2020-05-13.png,0.958208,2,Producción petrolera sigue en descenso,La producción de crudo se mantuvo a la baja por daños en infraestructura y menor demanda.,El Universo,2020-05-19,economia_finanzas,ok
041_RF_FEEDBACK_DBSCAN,2026-02-24,2026-02-25,041_RF_FEEDBACK_DBSCAN.png,094_2020-05-13,2020-05-13,2020-05-15,094_2020-05-13.png,0.958208,2,Barrios reportan robos durante confinamiento,Vecinos denunciaron robos y delitos pese a restricciones de movilidad.,El Comercio,2020-05-20,seguridad_crimen,ok
042_RF_FEEDBACK_DIF,2026-02-12,2026-02-13,042_RF_FEEDBACK_DIF.png,086_2020-02-27,2020-02-27,2020-02-27,086_2020-02-27.png,0.9571,1,Ecuador suma 281.169 casos de Covid-19 febrero 2020,Ecuador registra nuevos contagios COVID-19 en febrero 2020 (2.390 en 24 horas). Ministerio de Salud reporta 35 fallecidos; contexto de expansión pandemia y medidas de contención.,Primicias,2020-02-25,medio_ambiente,ok
042_RF_FEEDBACK_DIF,2026-02-12,2026-02-13,042_RF_FEEDBACK_DIF.png,086_2020-02-27,2020-02-27,2020-02-27,086_2020-02-27.png,0.9571,1,Gobierno evalúa medidas preventivas en fronteras,Autoridades analizaron controles y protocolos ante el riesgo de ingreso del virus por fronteras.,El Comercio,2020-02-25,politica_gobierno,ok
042_RF_FEEDBACK_DIF,2026-02-12,2026-02-13,042_RF_FEEDBACK_DIF.png,086_2020-02-27,2020-02-27,2020-02-27,086_2020-02-27.png,0.9571,1,Crece preocupación regional por avance del COVID-19,"Países de la región reportaron nuevos casos de coronavirus, elevando alertas sanitarias en Ecuador.",El Universo,2020-02-25,riesgo_pais_calidad_vida,ok
042_RF_FEEDBACK_DIF,2026-02-12,2026-02-13,042_RF_FEEDBACK_DIF.png,086_2020-02-27,2020-02-27,2020-02-27,086_2020-02-27.png,0.9571,1,Autoridades activan emergencia sanitaria,"Tras la confirmación del primer caso, el Gobierno activó medidas de emergencia sanitaria a nivel nacional.",El Comercio,2020-02-27,riesgo_pais_calidad_vida,ok
042_RF_FEEDBACK_DIF,2026-02-12,2026-02-13,042_RF_FEEDBACK_DIF.png,086_2020-02-27,2020-02-27,2020-02-27,086_2020-02-27.png,0.9571,1,Ecuador confirma primer caso de coronavirus,"El Ministerio de Salud confirmó el primer caso de COVID-19 en Ecuador, activando protocolos de emergencia.",El Universo,2020-02-27,riesgo_pais_calidad_vida,ok
042_RF_FEEDBACK_DIF,2026-02-12,2026-02-13,042_RF_FEEDBACK_DIF.png,085_2020-02-25,2020-02-25,2020-02-25,085_2020-02-25.png,0.952522,2,Ecuador suma 281.169 casos de Covid-19 febrero 2020,Ecuador registra nuevos contagios COVID-19 en febrero 2020 (2.390 en 24 horas). Ministerio de Salud reporta 35 fallecidos; contexto de expansión pandemia y medidas de contención.,Primicias,2020-02-25,medio_ambiente,ok
042_RF_FEEDBACK_DIF,2026-02-12,2026-02-13,042_RF_FEEDBACK_DIF.png,085_2020-02-25,2020-02-25,2020-02-25,085_2020-02-25.png,0.952522,2,Gobierno evalúa medidas preventivas en fronteras,Autoridades analizaron controles y protocolos ante el riesgo de ingreso del virus por fronteras.,El Comercio,2020-02-25,politica_gobierno,ok
042_RF_FEEDBACK_DIF,2026-02-12,2026-02-13,042_RF_FEEDBACK_DIF.png,085_2020-02-25,2020-02-25,2020-02-25,085_2020-02-25.png,0.952522,2,Crece preocupación regional por avance del COVID-19,"Países de la región reportaron nuevos casos de coronavirus, elevando alertas sanitarias en Ecuador.",El Universo,2020-02-25,riesgo_pais_calidad_vida,ok
042_RF_FEEDBACK_DIF,2026-02-12,2026-02-13,042_RF_FEEDBACK_DIF.png,085_2020-02-25,2020-02-25,2020-02-25,085_2020-02-25.png,0.952522,2,Autoridades activan emergencia sanitaria,"Tras la confirmación del primer caso, el Gobierno activó medidas de emergencia sanitaria a nivel nacional.",El Comercio,2020-02-27,riesgo_pais_calidad_vida,ok
042_RF_FEEDBACK_DIF,2026-02-12,2026-02-13,042_RF_FEEDBACK_DIF.png,085_2020-02-25,2020-02-25,2020-02-25,085_2020-02-25.png,0.952522,2,Ecuador confirma primer caso de coronavirus,"El Ministerio de Salud confirmó el primer caso de COVID-19 en Ecuador, activando protocolos de emergencia.",El Universo,2020-02-27,riesgo_pais_calidad_vida,ok
044_RF_FEEDBACK_TIMEGPT,2026-02-24,2026-02-24,044_RF_FEEDBACK_TIMEGPT.png,154_2025-02-08,2025-02-08,2025-02-10,154_2025-02-08.png,0.959783,1,Noboa destaca avances en seguridad al buscar reelección,La campaña se centró en violencia vinculada a narcotráfico y en la evaluación de la efectividad de medidas de seguridad.,Reuters,2025-02-04,seguridad_crimen,ok
044_RF_FEEDBACK_TIMEGPT,2026-02-24,2026-02-24,044_RF_FEEDBACK_TIMEGPT.png,154_2025-02-08,2025-02-08,2025-02-10,154_2025-02-08.png,0.959783,1,Inflación mensual en Ecuador vuelve a ser negativa en enero de 2025,"La inflación mensual en Ecuador fue negativa (-0,15%) en enero de 2025, por cuarto mes consecutivo, según el INEC. La anual cerró en 0,26%, con deflación en alimentos y bienes básicos. El análisis destaca impacto de precios internacionales bajos y políticas de control, en contexto de recuperación post-crisis.",Primicias,2025-02-06,economia_finanzas,ok
044_RF_FEEDBACK_TIMEGPT,2026-02-24,2026-02-24,044_RF_FEEDBACK_TIMEGPT.png,154_2025-02-08,2025-02-08,2025-02-10,154_2025-02-08.png,0.959783,1,Riesgo país de Ecuador se dispara 259 puntos tras resultados electorales del 9 de febrero,"El riesgo país subió a 1.162 puntos el 10 de febrero de 2025 tras los primeros resultados de elecciones presidenciales. La incertidumbre política elevó spreads en bonos y costos de financiamiento, con análisis de impacto en mercados y perspectivas de estabilidad post-votación.",Primicias,2025-02-10,economia_finanzas,ok
044_RF_FEEDBACK_TIMEGPT,2026-02-24,2026-02-24,044_RF_FEEDBACK_TIMEGPT.png,154_2025-02-08,2025-02-08,2025-02-10,154_2025-02-08.png,0.959783,1,Elección presidencial va a segunda vuelta en un escenario dominado por seguridad,"El proceso electoral se encaminó a balotaje tras resultados ajustados entre Daniel Noboa y Luisa González, con la seguridad como tema central.",Al Jazeera,2025-02-10,politica_gobierno,ok
044_RF_FEEDBACK_TIMEGPT,2026-02-24,2026-02-24,044_RF_FEEDBACK_TIMEGPT.png,154_2025-02-08,2025-02-08,2025-02-10,154_2025-02-08.png,0.959783,1,La elección se encamina a balotaje tras ‘empate estadístico’,"Cobertura internacional destacó el resultado estrecho, el contexto de violencia y la polarización política.",The Guardian,2025-02-10,politica_gobierno,ok
044_RF_FEEDBACK_TIMEGPT,2026-02-24,2026-02-24,044_RF_FEEDBACK_TIMEGPT.png,154_2025-02-08,2025-02-08,2025-02-10,154_2025-02-08.png,0.959783,1,Repunte de la izquierda empuja la elección hacia segunda vuelta,"Medios internacionales siguieron el proceso ecuatoriano, subrayando violencia, economía y gobernabilidad como ejes del debate.",Le Monde,2025-02-10,politica_gobierno,ok
044_RF_FEEDBACK_TIMEGPT,2026-02-24,2026-02-24,044_RF_FEEDBACK_TIMEGPT.png,154_2025-02-08,2025-02-08,2025-02-10,154_2025-02-08.png,0.959783,1,Noboa y González disputarán balotaje tras primera vuelta ajustada,"Reuters reportó el estrecho margen en la primera vuelta y la repetición del duelo electoral, con tensiones y debate sobre seguridad y gobernabilidad.",Reuters,2025-02-10,politica_gobierno,ok
044_RF_FEEDBACK_TIMEGPT,2026-02-24,2026-02-24,044_RF_FEEDBACK_TIMEGPT.png,154_2025-02-08,2025-02-08,2025-02-10,154_2025-02-08.png,0.959783,1,Lluvias intensas entre el 11 y 17 de febrero de 2025 en Ecuador según Inamhi,"El Inamhi alertó por lluvias intensas y tormentas del 11 al 17 de febrero de 2025 en Costa, Sierra y Amazonía. Se esperan afectaciones por inundaciones, deslizamientos y emergencias en vías, con recomendaciones para GAD y población en zonas vulnerables durante el invierno.",El Universo,2025-02-12,medio_ambiente,ok
044_RF_FEEDBACK_TIMEGPT,2026-02-24,2026-02-24,044_RF_FEEDBACK_TIMEGPT.png,154_2025-02-08,2025-02-08,2025-02-10,154_2025-02-08.png,0.959783,1,Análisis sobre elección y efectos para la Amazonía ecuatoriana,"Organizaciones siguieron el proceso electoral y el debate sobre gobernanza, seguridad y políticas con impacto ambiental en la Amazonía.",Amazon Watch,2025-02-13,medio_ambiente,ok
044_RF_FEEDBACK_TIMEGPT,2026-02-24,2026-02-24,044_RF_FEEDBACK_TIMEGPT.png,154_2025-02-08,2025-02-08,2025-02-10,154_2025-02-08.png,0.959783,1,Noticiero 24 Horas: emisión central del 13 de febrero,"Resumen de noticias del día con énfasis en coyuntura política, seguridad y servicios.",Teleamazonas,2025-02-13,politica_gobierno,ok
044_RF_FEEDBACK_TIMEGPT,2026-02-24,2026-02-24,044_RF_FEEDBACK_TIMEGPT.png,154_2025-02-08,2025-02-08,2025-02-10,154_2025-02-08.png,0.959783,1,Noticiero 24 Horas: emisión central del 14 de febrero,"Cobertura nacional de acontecimientos, incluyendo seguridad, economía y novedades institucionales.",Teleamazonas,2025-02-14,politica_gobierno,ok
044_RF_FEEDBACK_TIMEGPT,2026-02-24,2026-02-24,044_RF_FEEDBACK_TIMEGPT.png,154_2025-02-08,2025-02-08,2025-02-10,154_2025-02-08.png,0.959783,1,Análisis local del escenario político y económico tras la primera vuelta,"Medios locales analizaron expectativas económicas y efectos sociales tras la primera vuelta electoral, con atención en seguridad.",Primicias,2025-02-14,riesgo_pais_calidad_vida,ok
044_RF_FEEDBACK_TIMEGPT,2026-02-24,2026-02-24,044_RF_FEEDBACK_TIMEGPT.png,154_2025-02-08,2025-02-08,2025-02-10,154_2025-02-08.png,0.959783,1,Operativo deja toneladas de droga incautadas y detenidos,Un operativo policial reportó incautación de varias toneladas de droga y detenciones vinculadas a bandas criminales.,El Oriente,2025-02-14,seguridad_crimen,ok
044_RF_FEEDBACK_TIMEGPT,2026-02-24,2026-02-24,044_RF_FEEDBACK_TIMEGPT.png,094_2020-05-13,2020-05-13,2020-05-15,094_2020-05-13.png,0.958208,2,Fuerzas Armadas refuerzan controles durante confinamiento,Militares apoyaron operativos de control y vigilancia para asegurar el cumplimiento de restricciones.,El Comercio,2020-05-08,seguridad_crimen,ok
044_RF_FEEDBACK_TIMEGPT,2026-02-24,2026-02-24,044_RF_FEEDBACK_TIMEGPT.png,094_2020-05-13,2020-05-13,2020-05-15,094_2020-05-13.png,0.958208,2,Sectores productivos analizan reactivación,Empresarios evaluaron escenarios de reactivación económica bajo restricciones sanitarias.,El Comercio,2020-05-11,economia_finanzas,ok
044_RF_FEEDBACK_TIMEGPT,2026-02-24,2026-02-24,044_RF_FEEDBACK_TIMEGPT.png,094_2020-05-13,2020-05-13,2020-05-15,094_2020-05-13.png,0.958208,2,Gobierno anuncia semáforo epidemiológico,El COE Nacional presentó el sistema de semáforo para regular la reapertura gradual de actividades.,El Universo,2020-05-11,politica_gobierno,ok
044_RF_FEEDBACK_TIMEGPT,2026-02-24,2026-02-24,044_RF_FEEDBACK_TIMEGPT.png,094_2020-05-13,2020-05-13,2020-05-15,094_2020-05-13.png,0.958208,2,Robos y delitos se reportan pese a cuarentena,La Policía informó sobre delitos registrados durante el periodo de confinamiento.,El Universo,2020-05-12,seguridad_crimen,ok
044_RF_FEEDBACK_TIMEGPT,2026-02-24,2026-02-24,044_RF_FEEDBACK_TIMEGPT.png,094_2020-05-13,2020-05-13,2020-05-15,094_2020-05-13.png,0.958208,2,Ecuador negocia financiamiento con el FMI,El país avanzó en negociaciones con el FMI para obtener recursos frente a la crisis.,El Universo,2020-05-13,politica_gobierno,ok
044_RF_FEEDBACK_TIMEGPT,2026-02-24,2026-02-24,044_RF_FEEDBACK_TIMEGPT.png,094_2020-05-13,2020-05-13,2020-05-15,094_2020-05-13.png,0.958208,2,Minuto a minuto sobre el coronavirus 13/05/2020,"Actualización diaria COVID-19 en Ecuador 13 mayo 2020: nuevos casos, muertes y medidas. Se destacan alertas en Guayas y transición de cuarentena a semáforo epidemiológico.",Plan V,2020-05-13,politica_gobierno,ok
044_RF_FEEDBACK_TIMEGPT,2026-02-24,2026-02-24,044_RF_FEEDBACK_TIMEGPT.png,094_2020-05-13,2020-05-13,2020-05-15,094_2020-05-13.png,0.958208,2,Estado amplía bonos de asistencia social,El Gobierno amplió la cobertura de bonos para mitigar el impacto social de la pandemia.,El Comercio,2020-05-13,riesgo_pais_calidad_vida,ok
044_RF_FEEDBACK_TIMEGPT,2026-02-24,2026-02-24,044_RF_FEEDBACK_TIMEGPT.png,094_2020-05-13,2020-05-13,2020-05-15,094_2020-05-13.png,0.958208,2,Gobierno busca alivio en pago de deuda externa,Autoridades gestionaron mecanismos para diferir pagos de la deuda externa.,El Comercio,2020-05-14,economia_finanzas,ok
044_RF_FEEDBACK_TIMEGPT,2026-02-24,2026-02-24,044_RF_FEEDBACK_TIMEGPT.png,094_2020-05-13,2020-05-13,2020-05-15,094_2020-05-13.png,0.958208,2,COE endurece controles de movilidad,El COE Nacional reforzó restricciones ante aumento de contagios.,El Universo,2020-05-15,politica_gobierno,ok
044_RF_FEEDBACK_TIMEGPT,2026-02-24,2026-02-24,044_RF_FEEDBACK_TIMEGPT.png,094_2020-05-13,2020-05-13,2020-05-15,094_2020-05-13.png,0.958208,2,Operativos de seguridad se intensifican en provincias,Policía y Fuerzas Armadas reforzaron controles en varias provincias.,El Comercio,2020-05-16,seguridad_crimen,ok
044_RF_FEEDBACK_TIMEGPT,2026-02-24,2026-02-24,044_RF_FEEDBACK_TIMEGPT.png,094_2020-05-13,2020-05-13,2020-05-15,094_2020-05-13.png,0.958208,2,Ciudades avanzan hacia reapertura gradual,Municipios aplicaron semáforo epidemiológico para reactivar actividades.,El Universo,2020-05-18,politica_gobierno,ok
044_RF_FEEDBACK_TIMEGPT,2026-02-24,2026-02-24,044_RF_FEEDBACK_TIMEGPT.png,094_2020-05-13,2020-05-13,2020-05-15,094_2020-05-13.png,0.958208,2,Desempleo aumenta por efectos de la pandemia,La pérdida de empleos afectó a miles de hogares durante la emergencia sanitaria.,El Comercio,2020-05-18,riesgo_pais_calidad_vida,ok
044_RF_FEEDBACK_TIMEGPT,2026-02-24,2026-02-24,044_RF_FEEDBACK_TIMEGPT.png,094_2020-05-13,2020-05-13,2020-05-15,094_2020-05-13.png,0.958208,2,Producción petrolera sigue en descenso,La producción de crudo se mantuvo a la baja por daños en infraestructura y menor demanda.,El Universo,2020-05-19,economia_finanzas,ok
044_RF_FEEDBACK_TIMEGPT,2026-02-24,2026-02-24,044_RF_FEEDBACK_TIMEGPT.png,094_2020-05-13,2020-05-13,2020-05-15,094_2020-05-13.png,0.958208,2,Barrios reportan robos durante confinamiento,Vecinos denunciaron robos y delitos pese a restricciones de movilidad.,El Comercio,2020-05-20,seguridad_crimen,ok
046_RF_FEEDBACK_TRANAD,2026-02-21,2026-02-21,046_RF_FEEDBACK_TRANAD.png,099_2020-06-24,2020-06-24,2020-06-26,099_2020-06-24.png,0.963427,1,Ecuador registra pico de muertes por COVID-19 en junio 2020,"Ecuador enfrenta pico de muertes por COVID-19 en junio 2020, con Guayaquil y Quito como epicentros. El Ministerio de Salud reporta exceso de mortalidad; se detallan colapso hospitalario, entierros masivos y medidas de emergencia sanitaria bajo Lenín Moreno.",El Universo,2020-06-19,medio_ambiente,ok
046_RF_FEEDBACK_TRANAD,2026-02-21,2026-02-21,046_RF_FEEDBACK_TRANAD.png,099_2020-06-24,2020-06-24,2020-06-26,099_2020-06-24.png,0.963427,1,Confinamiento nacional se extiende en Ecuador por pandemia junio 2020,"El gobierno de Lenín Moreno extiende confinamiento nacional en junio 2020 por avance de COVID-19. Se anuncian restricciones por semáforo epidemiológico; impacto en economía, empleo y salud pública, con críticas por gestión de emergencia.",Primicias,2020-06-24,politica_gobierno,ok
046_RF_FEEDBACK_TRANAD,2026-02-21,2026-02-21,046_RF_FEEDBACK_TRANAD.png,099_2020-06-24,2020-06-24,2020-06-26,099_2020-06-24.png,0.963427,1,Autoridades alertan por rebrotes de COVID-19,Se reportaron incrementos de contagios en varias provincias tras la flexibilización de restricciones.,El Universo,2020-06-24,riesgo_pais_calidad_vida,ok
046_RF_FEEDBACK_TRANAD,2026-02-21,2026-02-21,046_RF_FEEDBACK_TRANAD.png,099_2020-06-24,2020-06-24,2020-06-26,099_2020-06-24.png,0.963427,1,Gobierno anuncia nuevos ajustes presupuestarios,El Ejecutivo dispuso recortes adicionales ante la persistente crisis fiscal.,El Comercio,2020-06-25,economia_finanzas,ok
046_RF_FEEDBACK_TRANAD,2026-02-21,2026-02-21,046_RF_FEEDBACK_TRANAD.png,099_2020-06-24,2020-06-24,2020-06-26,099_2020-06-24.png,0.963427,1,Barrios denuncian aumento de robos,Habitantes reportaron incremento de delitos en sectores urbanos durante la emergencia sanitaria.,El Universo,2020-06-26,seguridad_crimen,ok
046_RF_FEEDBACK_TRANAD,2026-02-21,2026-02-21,046_RF_FEEDBACK_TRANAD.png,099_2020-06-24,2020-06-24,2020-06-26,099_2020-06-24.png,0.963427,1,Ecuador mantiene diálogo con organismos multilaterales,El Gobierno sostuvo conversaciones con organismos financieros para apoyo en la recuperación.,El Comercio,2020-06-27,politica_gobierno,ok
046_RF_FEEDBACK_TRANAD,2026-02-21,2026-02-21,046_RF_FEEDBACK_TRANAD.png,099_2020-06-24,2020-06-24,2020-06-26,099_2020-06-24.png,0.963427,1,Ecuador negocia vacunas COVID-19 con laboratorios internacionales julio 2020,Ecuador inicia negociaciones para vacunas COVID-19 con Pfizer y otros laboratorios en julio 2020. El Ministerio de Salud detalla avances en adquisición; contexto de pandemia con alto número de contagios y muertes.,El Comercio,2020-07-01,politica_gobierno,ok
046_RF_FEEDBACK_TRANAD,2026-02-21,2026-02-21,046_RF_FEEDBACK_TRANAD.png,099_2020-06-24,2020-06-24,2020-06-26,099_2020-06-24.png,0.963427,1,COE anuncia nuevas medidas ante aumento de casos,El COE Nacional ajustó disposiciones frente al incremento de contagios por COVID-19.,El Universo,2020-07-01,politica_gobierno,ok
046_RF_FEEDBACK_TRANAD,2026-02-21,2026-02-21,046_RF_FEEDBACK_TRANAD.png,099_2020-06-24,2020-06-24,2020-06-26,099_2020-06-24.png,0.963427,1,Crisis sanitaria impacta empleo y salarios,El mercado laboral continuó deteriorándose por la prolongación de la emergencia.,El Comercio,2020-07-01,riesgo_pais_calidad_vida,ok
046_RF_FEEDBACK_TRANAD,2026-02-21,2026-02-21,046_RF_FEEDBACK_TRANAD.png,061_2014-12-01,2014-12-01,2014-12-01,061_2014-12-01.png,0.960302,2,Policía refuerza operativos de seguridad por temporada navideña,La Policía Nacional anunció el despliegue de operativos especiales para prevenir robos y asaltos durante el inicio de la temporada navideña.,El Comercio,2014-12-01,seguridad_crimen,ok
046_RF_FEEDBACK_TRANAD,2026-02-21,2026-02-21,046_RF_FEEDBACK_TRANAD.png,061_2014-12-01,2014-12-01,2014-12-01,061_2014-12-01.png,0.960302,2,Falla eléctrica provocó apagones en varias provincias,"Una falla en el sistema interconectado nacional ocasionó apagones en ciudades de la Costa y la Sierra, afectando actividades comerciales y domésticas.",El Universo,2014-12-01,servicios_basicos,ok
047_RF_DIRECT_ARIMA,2026-01-29,2026-01-29,047_RF_DIRECT_ARIMA.png,131_2023-03-15,2023-03-15,2023-03-15,131_2023-03-15.png,0.958943,1,Gobierno anuncia medidas y decisiones de gestión pública,"Autoridades comunicaron decisiones de política pública y administración del Estado, con efectos en la agenda nacional y local.",El Universo,2023-03-13,politica_gobierno,ok
047_RF_DIRECT_ARIMA,2026-01-29,2026-01-29,047_RF_DIRECT_ARIMA.png,131_2023-03-15,2023-03-15,2023-03-15,131_2023-03-15.png,0.958943,1,Operativos de seguridad y denuncias de delitos en varias provincias,"La Policía y otras instituciones reportaron operativos, detenciones o investigaciones vinculadas a delitos comunes y control territorial.",El Comercio,2023-03-14,seguridad_crimen,ok
047_RF_DIRECT_ARIMA,2026-01-29,2026-01-29,047_RF_DIRECT_ARIMA.png,131_2023-03-15,2023-03-15,2023-03-15,131_2023-03-15.png,0.958943,1,Indicadores económicos muestran presiones y ajustes en el país,"Sectores productivos y autoridades revisaron empleo, precios, finanzas públicas y actividad económica, con énfasis en impactos en hogares y empresas.",Primicias,2023-03-15,economia_finanzas,ok
047_RF_DIRECT_ARIMA,2026-01-29,2026-01-29,047_RF_DIRECT_ARIMA.png,131_2023-03-15,2023-03-15,2023-03-15,131_2023-03-15.png,0.958943,1,Juicio político a Lasso inicia formalmente en Asamblea el 15 de marzo 2023,La Comisión de Fiscalización de la Asamblea inicia formalmente el juicio político contra Guillermo Lasso por presunto incumplimiento de funciones en seguridad y corrupción. Oposición presenta pruebas; oficialismo denuncia persecución política. Se destacan tensiones institucionales y riesgo de inestabilidad.,El Universo,2023-03-15,politica_gobierno,ok
047_RF_DIRECT_ARIMA,2026-01-29,2026-01-29,047_RF_DIRECT_ARIMA.png,131_2023-03-15,2023-03-15,2023-03-15,131_2023-03-15.png,0.958943,1,Operativos de seguridad y denuncias de delitos en varias provincias,"La Policía y otras instituciones reportaron operativos, detenciones o investigaciones vinculadas a delitos comunes y control territorial.",El Universo,2023-03-15,seguridad_crimen,ok
047_RF_DIRECT_ARIMA,2026-01-29,2026-01-29,047_RF_DIRECT_ARIMA.png,131_2023-03-15,2023-03-15,2023-03-15,131_2023-03-15.png,0.958943,1,Situación social impacta calidad de vida y servicios,"Se reportaron efectos en empleo, servicios, movilidad o acceso a bienes, con medidas de mitigación y demandas ciudadanas.",Expreso,2023-03-16,riesgo_pais_calidad_vida,ok
047_RF_DIRECT_ARIMA,2026-01-29,2026-01-29,047_RF_DIRECT_ARIMA.png,131_2023-03-15,2023-03-15,2023-03-15,131_2023-03-15.png,0.958943,1,Autoridades reportan decomisos y acciones contra narcotráfico,"Fuerzas de seguridad informaron decomisos, capturas o investigaciones contra redes de microtráfico y narcotráfico con impacto en puertos y rutas.",El Comercio,2023-03-16,seguridad_crimen,ok
047_RF_DIRECT_ARIMA,2026-01-29,2026-01-29,047_RF_DIRECT_ARIMA.png,131_2023-03-15,2023-03-15,2023-03-15,131_2023-03-15.png,0.958943,1,Riesgo país de Ecuador sube por juicio político a Lasso en marzo 2023,El riesgo país de Ecuador aumenta en marzo 2023 por incertidumbre del juicio político a Lasso. Spreads en bonos soberanos suben; análisis proyecta impacto en costos de deuda y percepción de inversionistas ante posible destitución o muerte cruzada.,Primicias,2023-03-17,economia_finanzas,ok
047_RF_DIRECT_ARIMA,2026-01-29,2026-01-29,047_RF_DIRECT_ARIMA.png,131_2023-03-15,2023-03-15,2023-03-15,131_2023-03-15.png,0.958943,1,Ecuador mantiene agenda y gestiones en el ámbito internacional,"Autoridades informaron contactos y gestiones internacionales relacionadas con cooperación, financiamiento o asuntos regionales.",Teleamazonas,2023-03-17,politica_gobierno,ok
047_RF_DIRECT_ARIMA,2026-01-29,2026-01-29,047_RF_DIRECT_ARIMA.png,131_2023-03-15,2023-03-15,2023-03-15,131_2023-03-15.png,0.958943,1,Gobierno anuncia medidas y decisiones de gestión pública,"Autoridades comunicaron decisiones de política pública y administración del Estado, con efectos en la agenda nacional y local.",Primicias,2023-03-17,politica_gobierno,ok
047_RF_DIRECT_ARIMA,2026-01-29,2026-01-29,047_RF_DIRECT_ARIMA.png,131_2023-03-15,2023-03-15,2023-03-15,131_2023-03-15.png,0.958943,1,Indicadores económicos muestran presiones y ajustes en el país,"Sectores productivos y autoridades revisaron empleo, precios, finanzas públicas y actividad económica, con énfasis en impactos en hogares y empresas.",Expreso,2023-03-18,economia_finanzas,ok
047_RF_DIRECT_ARIMA,2026-01-29,2026-01-29,047_RF_DIRECT_ARIMA.png,131_2023-03-15,2023-03-15,2023-03-15,131_2023-03-15.png,0.958943,1,Situación social impacta calidad de vida y servicios,"Se reportaron efectos en empleo, servicios, movilidad o acceso a bienes, con medidas de mitigación y demandas ciudadanas.",Teleamazonas,2023-03-19,riesgo_pais_calidad_vida,ok
047_RF_DIRECT_ARIMA,2026-01-29,2026-01-29,047_RF_DIRECT_ARIMA.png,156_2025-03-06,2025-03-06,2025-03-06,156_2025-03-06.png,0.95471,2,¿Cuántos feriados hay en marzo de 2025 en Ecuador?,Ecuador disfrutará este 3 y 4 de marzo del único feriado previsto para el tercer mes del año; corresponde a las fiestas por Carnaval. Se detallan traslados y otros asuetos del año.,El Comercio,2025-03-02,politica_gobierno,ok
047_RF_DIRECT_ARIMA,2026-01-29,2026-01-29,047_RF_DIRECT_ARIMA.png,156_2025-03-06,2025-03-06,2025-03-06,156_2025-03-06.png,0.95471,2,Televistazo 1PM | 3-6-2025,"Entérese de las noticias de Ecuador y el mundo a través de su informativo Televistazo 1PM del 3 de marzo de 2025. Cubre temas de agenda gubernamental de Daniel Noboa, impactos iniciales del invierno y actualizaciones económicas.",Ecuavisa,2025-03-03,politica_gobierno,ok
047_RF_DIRECT_ARIMA,2026-01-29,2026-01-29,047_RF_DIRECT_ARIMA.png,156_2025-03-06,2025-03-06,2025-03-06,156_2025-03-06.png,0.95471,2,Fuertes lluvias en Quito: El pronóstico del clima para este jueves 6 de marzo del 2025,"En los últimos días, Quito ha registrado precipitaciones de variable intensidad. Esta situación ya estaba contemplada en la alerta meteorológica 13 del Inamhi para el 6 de marzo de 2025, con posibles fuertes lluvias y tormentas en la capital y alrededores, riesgo de inundaciones y deslizamientos.",El Universo,2025-03-05,medio_ambiente,ok
047_RF_DIRECT_ARIMA,2026-01-29,2026-01-29,047_RF_DIRECT_ARIMA.png,156_2025-03-06,2025-03-06,2025-03-06,156_2025-03-06.png,0.95471,2,Lluvias dejan 16 fallecidos en Ecuador desde enero hasta 5 de marzo de 2025,"La Secretaría de Gestión de Riesgos reportó 16 fallecidos por lluvias desde el 1 de enero hasta el 5 de marzo de 2025. Las provincias más afectadas incluyen Guayas y Manabí con inundaciones y deslizamientos; se detallan damnificados, viviendas destruidas y coordinación de respuesta nacional.",El Comercio,2025-03-05,medio_ambiente,ok
047_RF_DIRECT_ARIMA,2026-01-29,2026-01-29,047_RF_DIRECT_ARIMA.png,156_2025-03-06,2025-03-06,2025-03-06,156_2025-03-06.png,0.95471,2,Noboa exige pago de prima por operación del campo Sacha,"Se reportó la exigencia de un pago relacionado con la operación futura del campo Sacha, uno de los más productivos del país.",El Oriente,2025-03-06,economia_finanzas,ok
047_RF_DIRECT_ARIMA,2026-01-29,2026-01-29,047_RF_DIRECT_ARIMA.png,156_2025-03-06,2025-03-06,2025-03-06,156_2025-03-06.png,0.95471,2,"No solo se trata de monigotes: la histórica calle 6 de Marzo es una arteria comercial que generó $136,9 millones en ventas en 2025","La calle 6 de Marzo, ubicada en el centro de Guayaquil, no solo concentra un incesante movimiento comercial; también conmemora la fecha que redefinió el destino del Ecuador. La Cámara de Comercio de Guayaquil (CCG), presidida por Miguel Ángel González, estima que en el último año generó un movimiento aproximado de $136,9 millones, equivalente al 1,22 % de las ventas totales de la ciudad. Esta arteria es clave en el comercio informal y formal, con ventas impulsadas por fechas como Carnaval y actividades cotidianas. El informe destaca su importancia histórica y económica, más allá de las tradiciones de monigotes y quema de años viejos.",El Universo,2025-03-06,economia_finanzas,ok
047_RF_DIRECT_ARIMA,2026-01-29,2026-01-29,047_RF_DIRECT_ARIMA.png,156_2025-03-06,2025-03-06,2025-03-06,156_2025-03-06.png,0.95471,2,Fuertes lluvias en Cuenca: El pronóstico del clima para este jueves 6 de marzo del 2025,"En los últimos días, Cuenca ha registrado precipitaciones de variable intensidad. Esta situación ya estaba contemplada en la alerta meteorológica 13 para el 6 de marzo de 2025, con posibles fuertes lluvias y riesgos asociados en la Sierra sur.",El Universo,2025-03-06,medio_ambiente,ok
047_RF_DIRECT_ARIMA,2026-01-29,2026-01-29,047_RF_DIRECT_ARIMA.png,156_2025-03-06,2025-03-06,2025-03-06,156_2025-03-06.png,0.95471,2,Fuertes lluvias en Guayaquil: El pronóstico del clima para este jueves 6 de marzo del 2025,"En los últimos días, Guayaquil ha registrado intensas precipitaciones que han ocasionado inundaciones y afectaciones en varios sectores. El pronóstico para el 6 de marzo de 2025 incluye continuación de lluvias fuertes, en alerta meteorológica nacional.",El Universo,2025-03-06,medio_ambiente,ok
047_RF_DIRECT_ARIMA,2026-01-29,2026-01-29,047_RF_DIRECT_ARIMA.png,156_2025-03-06,2025-03-06,2025-03-06,156_2025-03-06.png,0.95471,2,Fuertes lluvias y tormentas eléctricas en Ecuador: El pronóstico del clima para este jueves 6 de marzo del 2025,"El Instituto Nacional de Meteorología e Hidrología (Inamhi) emitió su alerta meteorológica para este 6 de marzo de 2025, con fuertes lluvias y tormentas eléctricas en varias regiones del país. Se esperan precipitaciones intensas en la Costa (incluyendo Guayaquil con inundaciones previas), Sierra y Amazonía, con posibles deslizamientos y afectaciones en vías. El pronóstico incluye temperaturas estables pero alto riesgo de emergencias por invierno, en contexto de múltiples alertas climáticas durante el año.",El Universo,2025-03-06,medio_ambiente,ok
047_RF_DIRECT_ARIMA,2026-01-29,2026-01-29,047_RF_DIRECT_ARIMA.png,156_2025-03-06,2025-03-06,2025-03-06,156_2025-03-06.png,0.95471,2,¿Qué se conmemora este 6 de marzo?,"Cada 6 de marzo se conmemora una efeméride y el aniversario de varios hechos históricos. Este día se celebra el Día Internacional del Escultor y se recuerda eventos clave en la historia ecuatoriana y mundial. La nota detalla aniversarios relevantes, incluyendo aspectos culturales y conmemorativos, en un contexto de efemérides nacionales como la importancia de la fecha en Guayaquil y el comercio asociado a tradiciones como la quema de monigotes.",El Universo,2025-03-06,politica_gobierno,ok
047_RF_DIRECT_ARIMA,2026-01-29,2026-01-29,047_RF_DIRECT_ARIMA.png,156_2025-03-06,2025-03-06,2025-03-06,156_2025-03-06.png,0.95471,2,Ecuador y Canadá concretan acuerdo comercial,"Se reportó el cierre de negociaciones de un acuerdo comercial con Canadá, en un contexto de agenda económica y seguridad.",Reuters,2025-03-06,politica_gobierno,ok
047_RF_DIRECT_ARIMA,2026-01-29,2026-01-29,047_RF_DIRECT_ARIMA.png,156_2025-03-06,2025-03-06,2025-03-06,156_2025-03-06.png,0.95471,2,Noticiero 24 Horas: emisión matinal del 6 de marzo,"Resumen de noticias nacionales del día, incluyendo decisiones políticas, seguridad y economía.",Teleamazonas,2025-03-06,politica_gobierno,ok
047_RF_DIRECT_ARIMA,2026-01-29,2026-01-29,047_RF_DIRECT_ARIMA.png,156_2025-03-06,2025-03-06,2025-03-06,156_2025-03-06.png,0.95471,2,Televistazo 1PM | 6-3-2025,"Entérese de las noticias de Ecuador y el mundo a través de su informativo Televistazo 1PM del 6 de marzo de 2025. El noticiero cubre temas locales como impactos de lluvias en regiones, agenda del gobierno de Daniel Noboa en seguridad y economía, así como internacionales (conflicto en Medio Oriente, aranceles regionales y otros). Incluye segmentos relacionados con invierno en Ecuador, operaciones policiales y actualizaciones diarias.",Ecuavisa,2025-03-06,seguridad_crimen,ok
047_RF_DIRECT_ARIMA,2026-01-29,2026-01-29,047_RF_DIRECT_ARIMA.png,156_2025-03-06,2025-03-06,2025-03-06,156_2025-03-06.png,0.95471,2,Televistazo en la Comunidad Guayaquil | 06-03-2025,"Televistazo en la Comunidad Guayaquil del 6 de marzo de 2025 cubre noticias locales destacadas: Moisés Caicedo se despidió de Enzo Maresca en el fútbol internacional, y un sismo de 6,5 grados se registró el viernes previo. Incluye segmentos comunitarios sobre Guayaquil, agenda de seguridad, clima y eventos cotidianos en la ciudad, con enfoque en impactos regionales.",Ecuavisa,2025-03-06,seguridad_crimen,ok
047_RF_DIRECT_ARIMA,2026-01-29,2026-01-29,047_RF_DIRECT_ARIMA.png,156_2025-03-06,2025-03-06,2025-03-06,156_2025-03-06.png,0.95471,2,Noboa busca mandato completo con agenda de seguridad y retos energéticos,"Cobertura internacional destacó la campaña con énfasis en crimen organizado, medidas de seguridad y retos energéticos.",Reuters,2025-03-06,seguridad_crimen,ok
047_RF_DIRECT_ARIMA,2026-01-29,2026-01-29,047_RF_DIRECT_ARIMA.png,156_2025-03-06,2025-03-06,2025-03-06,156_2025-03-06.png,0.95471,2,Debate regional por racionamientos y vulnerabilidad del sistema eléctrico,"Persistió la discusión sobre la vulnerabilidad del sistema eléctrico frente a sequías y demanda, así como medidas operativas.",Associated Press,2025-03-06,servicios_basicos,ok
047_RF_DIRECT_ARIMA,2026-01-29,2026-01-29,047_RF_DIRECT_ARIMA.png,156_2025-03-06,2025-03-06,2025-03-06,156_2025-03-06.png,0.95471,2,Noboa: Ecuador no recibirá migrantes deportados de otras nacionalidades,El presidente Daniel Noboa señaló que Ecuador no aceptará migrantes deportados de terceros países; el pronunciamiento se dio en el contexto regional sobre retornos y tensiones diplomáticas.,Reuters,2025-03-09,politica_gobierno,ok
047_RF_DIRECT_ARIMA,2026-01-29,2026-01-29,047_RF_DIRECT_ARIMA.png,156_2025-03-06,2025-03-06,2025-03-06,156_2025-03-06.png,0.95471,2,"Coyuntura nacional: seguridad, economía y gestión pública marcan agenda",Coberturas locales destacaron la evolución de indicadores económicos y el impacto de decisiones públicas en hogares y sectores productivos.,El Comercio,2025-03-10,economia_finanzas,ok
047_RF_DIRECT_ARIMA,2026-01-29,2026-01-29,047_RF_DIRECT_ARIMA.png,156_2025-03-06,2025-03-06,2025-03-06,156_2025-03-06.png,0.95471,2,Ecuador reitera que no recibirá migrantes extranjeros deportados,"Medios locales retomaron el anuncio del Ejecutivo y sus implicaciones para política migratoria, gestión fronteriza y coordinación con países de la región.",El Oriente,2025-03-10,politica_gobierno,ok
047_RF_DIRECT_ARIMA,2026-01-29,2026-01-29,047_RF_DIRECT_ARIMA.png,156_2025-03-06,2025-03-06,2025-03-06,156_2025-03-06.png,0.95471,2,Noticiero 24 Horas: resumen nacional del 10 de marzo,"El informativo recopiló hechos del día vinculados a seguridad, gestión pública y temas sociales que afectaron actividades y servicios en distintas provincias.",Teleamazonas,2025-03-10,riesgo_pais_calidad_vida,ok
048_RF_DIRECT_ARIMA,2026-02-06,2026-02-06,048_RF_DIRECT_ARIMA.png,029_2008-12-04,2008-12-04,2008-12-05,029_2008-12-04.png,0.956285,1,Ecuador analiza recompra de bonos en default, El Ministerio de Finanzas estudió mecanismos para recomprar bonos en default con descuento. La nota detalla el posible impacto fiscal y las expectativas sobre la reducción del servicio de la deuda.,El Comercio,2008-12-02,economia_finanzas,ok
048_RF_DIRECT_ARIMA,2026-02-06,2026-02-06,048_RF_DIRECT_ARIMA.png,029_2008-12-04,2008-12-04,2008-12-05,029_2008-12-04.png,0.956285,1,Ecuador contrata abogados estadounidenses para disputa de la deuda,"El Gobierno ecuatoriano contrató asesoría legal en Estados Unidos para abordar disputas sobre deuda considerada irregular, según declaraciones del ministro Ricardo Patiño. La nota trata estrategia jurídica y política financiera del Estado.",El Universo,2008-12-02,economia_finanzas,ok
048_RF_DIRECT_ARIMA,2026-02-06,2026-02-06,048_RF_DIRECT_ARIMA.png,029_2008-12-04,2008-12-04,2008-12-05,029_2008-12-04.png,0.956285,1,Mayoría de ex magistrados ratifican excusa a integrar nueva Corte,"Ex magistrados de la desaparecida Corte Suprema ratificaron su negativa a integrar la nueva Corte, según vocerías de participantes en una reunión. La noticia se centra en reconfiguración institucional del sistema judicial tras cambios constitucionales.",El Universo,2008-12-02,politica_gobierno,ok
048_RF_DIRECT_ARIMA,2026-02-06,2026-02-06,048_RF_DIRECT_ARIMA.png,029_2008-12-04,2008-12-04,2008-12-05,029_2008-12-04.png,0.956285,1,Aland Molestina asumió la Comandancia de la Armada,En Guayaquil se realizó la ceremonia de posesión de Aland Molestina como comandante de la Armada. El artículo describe el acto oficial y cambios en mandos de la institución militar.,El Universo,2008-12-02,seguridad_crimen,ok
048_RF_DIRECT_ARIMA,2026-02-06,2026-02-06,048_RF_DIRECT_ARIMA.png,029_2008-12-04,2008-12-04,2008-12-05,029_2008-12-04.png,0.956285,1,3 muertos en accidentes de tránsito,"Se reportaron muertes por siniestros de tránsito, incluyendo el fallecimiento de una menor tras un volcamiento ocurrido en Yaguachi. La nota presenta hechos de seguridad vial y consecuencias en salud y movilidad.",El Universo,2008-12-02,seguridad_crimen,ok
048_RF_DIRECT_ARIMA,2026-02-06,2026-02-06,048_RF_DIRECT_ARIMA.png,029_2008-12-04,2008-12-04,2008-12-05,029_2008-12-04.png,0.956285,1,Temporal de lluvias afecta a cantones del Litoral,Fuertes lluvias provocaron inundaciones y daños en viviendas de varios cantones del Litoral ecuatoriano. Autoridades locales activaron planes de emergencia y asistencia humanitaria.,El Universo,2008-12-04,medio_ambiente,ok
048_RF_DIRECT_ARIMA,2026-02-06,2026-02-06,048_RF_DIRECT_ARIMA.png,029_2008-12-04,2008-12-04,2008-12-05,029_2008-12-04.png,0.956285,1,Robo armado a camión dejó herido a conductor,Un asalto armado a un camión de carga en una vía del Guayas dejó al conductor herido. La Policía inició investigaciones y operativos de control en la zona.,El Universo,2008-12-05,seguridad_crimen,ok
048_RF_DIRECT_ARIMA,2026-02-06,2026-02-06,048_RF_DIRECT_ARIMA.png,078_2019-08-05,2019-08-05,2019-08-05,078_2019-08-05.png,0.953419,2,Consumo de agua embotellada supera gaseosas en Ecuador agosto 2019,Estudio Euromonitor muestra que consumo de agua embotellada supera bebidas gaseosas en Ecuador en agosto 2019. Tendencia por salud y calidad agua; impacto en mercado y hábitos de consumo.,El Universo,2019-08-05,economia_finanzas,ok
048_RF_DIRECT_ARIMA,2026-02-06,2026-02-06,048_RF_DIRECT_ARIMA.png,078_2019-08-05,2019-08-05,2019-08-05,078_2019-08-05.png,0.953419,2,Incendios forestales afectan zonas de la Sierra,"Varios incendios forestales se registraron en provincias de la Sierra, movilizando a bomberos y brigadas.",El Universo,2019-08-05,medio_ambiente,ok
048_RF_DIRECT_ARIMA,2026-02-06,2026-02-06,048_RF_DIRECT_ARIMA.png,078_2019-08-05,2019-08-05,2019-08-05,078_2019-08-05.png,0.953419,2,Autoridades emiten alerta por calidad del aire,La concentración de humo por incendios elevó los niveles de contaminación del aire en varias ciudades.,El Comercio,2019-08-05,riesgo_pais_calidad_vida,ok
050_RF_DIRECT_DBSCAN,2026-02-02,2026-02-07,050_RF_DIRECT_DBSCAN.png,061_2014-12-01,2014-12-01,2014-12-01,061_2014-12-01.png,0.957259,3,Policía refuerza operativos de seguridad por temporada navideña,La Policía Nacional anunció el despliegue de operativos especiales para prevenir robos y asaltos durante el inicio de la temporada navideña.,El Comercio,2014-12-01,seguridad_crimen,ok
050_RF_DIRECT_DBSCAN,2026-02-02,2026-02-07,050_RF_DIRECT_DBSCAN.png,061_2014-12-01,2014-12-01,2014-12-01,061_2014-12-01.png,0.957259,3,Falla eléctrica provocó apagones en varias provincias,"Una falla en el sistema interconectado nacional ocasionó apagones en ciudades de la Costa y la Sierra, afectando actividades comerciales y domésticas.",El Universo,2014-12-01,servicios_basicos,ok
050_RF_DIRECT_DBSCAN,2026-02-02,2026-02-07,050_RF_DIRECT_DBSCAN.png,032_2008-12-29,2008-12-29,2008-12-29,032_2008-12-29.png,0.954394,5,Asalto bancario generó alarma en fin de año,Un asalto a una entidad bancaria ocurrido a finales de diciembre provocó alarma entre clientes y reforzamiento de medidas de seguridad policial en la zona.,El Universo,2008-12-29,seguridad_crimen,ok
051_RF_DIRECT_DBSCAN,2026-02-10,2026-02-12,051_RF_DIRECT_DBSCAN.png,149_2024-03-01,2024-03-01,2024-03-01,149_2024-03-01.png,0.962621,1,Invierno 2024: miles afectados por lluvias en Ecuador desde enero,"El invierno 2024 deja miles de afectados por lluvias intensas en 23 provincias desde enero. Se reportan inundaciones, deslizamientos y damnificados; Gestión de Riesgos coordina respuesta con alertas Inamhi y apoyo a comunidades vulnerables.",El Comercio,2024-03-01,medio_ambiente,ok
051_RF_DIRECT_DBSCAN,2026-02-10,2026-02-12,051_RF_DIRECT_DBSCAN.png,149_2024-03-01,2024-03-01,2024-03-01,149_2024-03-01.png,0.962621,1,Ecuador solicita permiso a México para ingresar a su embajada y detener a Jorge Glas,"La Cancillería ecuatoriana pidió autorización para ingresar a la embajada de México en Quito y detener al exvicepresidente Jorge Glas, elevando tensiones diplomáticas.",Reuters,2024-03-01,politica_gobierno,ok
051_RF_DIRECT_DBSCAN,2026-02-10,2026-02-12,051_RF_DIRECT_DBSCAN.png,149_2024-03-01,2024-03-01,2024-03-01,149_2024-03-01.png,0.962621,1,Cobertura nacional: agenda política y seguridad del día,"Medios nacionales reportaron actualizaciones sobre gestión pública, seguridad y coyuntura política, incluyendo efectos en movilidad y servicios.",Teleamazonas,2024-03-01,politica_gobierno,ok
051_RF_DIRECT_DBSCAN,2026-02-10,2026-02-12,051_RF_DIRECT_DBSCAN.png,149_2024-03-01,2024-03-01,2024-03-01,149_2024-03-01.png,0.962621,1,Volcán La Cumbre inicia erupción en Galápagos,El gobierno informó sobre la erupción del volcán La Cumbre en una isla no habitada de Galápagos y el monitoreo de riesgos.,Reuters,2024-03-03,medio_ambiente,ok
051_RF_DIRECT_DBSCAN,2026-02-10,2026-02-12,051_RF_DIRECT_DBSCAN.png,149_2024-03-01,2024-03-01,2024-03-01,149_2024-03-01.png,0.962621,1,Ecuador se prepara para votaciones con foco en seguridad,La discusión pública incluyó el paquete de medidas de seguridad y gobernabilidad y su impacto en la institucionalidad.,Reuters,2024-03-04,politica_gobierno,ok
051_RF_DIRECT_DBSCAN,2026-02-10,2026-02-12,051_RF_DIRECT_DBSCAN.png,082_2019-12-06,2019-12-06,2019-12-06,082_2019-12-06.png,0.959682,2,Conaie advierte nuevas movilizaciones en 2020 diciembre 2019,Conaie advierte continuar movilizaciones en 2020 tras paro octubre 2019. Dirigentes expresan descontento con políticas Moreno; llamado a unidad indígena y social.,El Universo,2019-12-06,politica_gobierno,ok
052_RF_DIRECT_DBSCAN,2026-02-18,2026-02-25,052_RF_DIRECT_DBSCAN.png,070_2016-02-17,2016-02-17,2016-02-17,070_2016-02-17.png,0.954559,1,Operativos de seguridad por feriado de Carnaval,La Policía Nacional ejecutó operativos especiales por el feriado de Carnaval para prevenir accidentes y delitos.,El Comercio,2016-02-17,seguridad_crimen,ok
052_RF_DIRECT_DBSCAN,2026-02-18,2026-02-25,052_RF_DIRECT_DBSCAN.png,070_2016-02-17,2016-02-17,2016-02-17,070_2016-02-17.png,0.954559,1,Enfrentamientos en cárceles dejan muertos febrero 2016,Enfrentamientos entre presos en cárceles ecuatorianas dejan muertos en febrero 2016. Gobierno anuncia intervención; contexto de hacinamiento y control de bandas.,El Comercio,2016-02-17,seguridad_crimen,ok
052_RF_DIRECT_DBSCAN,2026-02-18,2026-02-25,052_RF_DIRECT_DBSCAN.png,070_2016-02-17,2016-02-17,2016-02-17,070_2016-02-17.png,0.954559,1,Accidente de bus deja víctimas en Azuay,"Un bus interprovincial se accidentó en una vía del Azuay, dejando fallecidos y heridos.",El Universo,2016-02-17,seguridad_crimen,ok
052_RF_DIRECT_DBSCAN,2026-02-18,2026-02-25,052_RF_DIRECT_DBSCAN.png,070_2016-02-17,2016-02-17,2016-02-17,070_2016-02-17.png,0.954559,1,Lluvias causan deslizamientos en la Sierra,Las precipitaciones intensas provocaron deslizamientos y afectaciones en carreteras de la región Sierra.,El Universo,2016-02-18,medio_ambiente,ok
052_RF_DIRECT_DBSCAN,2026-02-18,2026-02-25,052_RF_DIRECT_DBSCAN.png,070_2016-02-17,2016-02-17,2016-02-17,070_2016-02-17.png,0.954559,1,Invierno deja miles de afectados en varias provincias,"El fuerte invierno provocó inundaciones, deslaves y daños en viviendas en provincias de la Costa y la Sierra, según reportes de gestión de riesgos.",El Universo,2016-02-22,medio_ambiente,ok
052_RF_DIRECT_DBSCAN,2026-02-18,2026-02-25,052_RF_DIRECT_DBSCAN.png,070_2016-02-17,2016-02-17,2016-02-17,070_2016-02-17.png,0.954559,1,Controles por retorno de feriado de Carnaval,La Policía Nacional ejecutó operativos en carreteras y terminales por el retorno masivo tras el feriado de Carnaval.,El Comercio,2016-02-22,seguridad_crimen,ok
052_RF_DIRECT_DBSCAN,2026-02-18,2026-02-25,052_RF_DIRECT_DBSCAN.png,032_2008-12-29,2008-12-29,2008-12-29,032_2008-12-29.png,0.952481,2,Asalto bancario generó alarma en fin de año,Un asalto a una entidad bancaria ocurrido a finales de diciembre provocó alarma entre clientes y reforzamiento de medidas de seguridad policial en la zona.,El Universo,2008-12-29,seguridad_crimen,ok
053_RF_DIRECT_DBSCAN,2026-02-27,2026-02-27,053_RF_DIRECT_DBSCAN.png,061_2014-12-01,2014-12-01,2014-12-01,061_2014-12-01.png,0.957085,1,Policía refuerza operativos de seguridad por temporada navideña,La Policía Nacional anunció el despliegue de operativos especiales para prevenir robos y asaltos durante el inicio de la temporada navideña.,El Comercio,2014-12-01,seguridad_crimen,ok
053_RF_DIRECT_DBSCAN,2026-02-27,2026-02-27,053_RF_DIRECT_DBSCAN.png,061_2014-12-01,2014-12-01,2014-12-01,061_2014-12-01.png,0.957085,1,Falla eléctrica provocó apagones en varias provincias,"Una falla en el sistema interconectado nacional ocasionó apagones en ciudades de la Costa y la Sierra, afectando actividades comerciales y domésticas.",El Universo,2014-12-01,servicios_basicos,ok
053_RF_DIRECT_DBSCAN,2026-02-27,2026-02-27,053_RF_DIRECT_DBSCAN.png,023_2008-11-03,2008-11-03,2008-11-03,023_2008-11-03.png,0.955088,2,OPEC oil output falls in Oct - Reuters survey," Encuesta de Reuters reportó caída de oferta OPEP en octubre de 2008 y anticipó ajustes adicionales conforme se implementaban recortes, en el contexto de crisis financiera y contracción de demanda.",Reuters,2008-11-03,economia_finanzas,ok
053_RF_DIRECT_DBSCAN,2026-02-27,2026-02-27,053_RF_DIRECT_DBSCAN.png,023_2008-11-03,2008-11-03,2008-11-03,023_2008-11-03.png,0.955088,2,Fiscalía investigará injerencia de la CIA,La Fiscalía General del Estado anunció investigaciones sobre presunta injerencia de la CIA en organismos de inteligencia ecuatorianos.,El Universo,2008-11-03,politica_gobierno,ok
053_RF_DIRECT_DBSCAN,2026-02-27,2026-02-27,053_RF_DIRECT_DBSCAN.png,023_2008-11-03,2008-11-03,2008-11-03,023_2008-11-03.png,0.955088,2,Corte de agua potable afectó a barrios de Esmeraldas,Un daño en la red provocó la suspensión temporal del servicio de agua potable en barrios de Esmeraldas.,El Universo,2008-11-04,servicios_basicos,ok
053_RF_DIRECT_DBSCAN,2026-02-27,2026-02-27,053_RF_DIRECT_DBSCAN.png,023_2008-11-03,2008-11-03,2008-11-03,023_2008-11-03.png,0.955088,2,Bonos ecuatorianos caen y sube el riesgo país, Los bonos de la deuda externa ecuatoriana registraron fuertes caídas luego de que el gobierno insistiera en la ilegitimidad de parte de la deuda. Analistas locales explicaron el incremento del riesgo país y el impacto inmediato en la percepción de los mercados financieros.,El Universo,2008-11-07,economia_finanzas,ok
053_RF_DIRECT_DBSCAN,2026-02-27,2026-02-27,053_RF_DIRECT_DBSCAN.png,023_2008-11-03,2008-11-03,2008-11-03,023_2008-11-03.png,0.955088,2,Campaña contra las municiones de racimo,"Delegados de América Latina, el Caribe y el Gobierno de Noruega se reunieron en Quito para promover la adhesión regional al convenio que prohíbe las municiones de racimo, previsto para firmarse en diciembre. La nota ubica a Ecuador como sede del encuentro y actor en la agenda humanitaria internacional.",El Universo,2008-11-07,politica_gobierno,ok
053_RF_DIRECT_DBSCAN,2026-02-27,2026-02-27,053_RF_DIRECT_DBSCAN.png,023_2008-11-03,2008-11-03,2008-11-03,023_2008-11-03.png,0.955088,2,Correa anuncia juicios por estafa,"El presidente Rafael Correa informó que continúan investigaciones por presuntas irregularidades en proyectos vinculados a la constructora Odebrecht, expulsada del país semanas antes. Se anticiparon acciones legales por supuesta estafa y se describió el contexto de control estatal sobre obras y contratos.",El Universo,2008-11-07,politica_gobierno,ok
053_RF_DIRECT_DBSCAN,2026-02-27,2026-02-27,053_RF_DIRECT_DBSCAN.png,023_2008-11-03,2008-11-03,2008-11-03,023_2008-11-03.png,0.955088,2,Ecuador priorizará la seguridad fronteriza con Colombia,El ministro de Gobierno y Policía señaló que Ecuador priorizará la seguridad en la frontera con Colombia ante la presencia de crimen organizado transnacional. La noticia enmarca medidas estatales y preocupaciones de control territorial en la zona fronteriza.,El Universo,2008-11-07,seguridad_crimen,ok
053_RF_DIRECT_DBSCAN,2026-02-27,2026-02-27,053_RF_DIRECT_DBSCAN.png,023_2008-11-03,2008-11-03,2008-11-03,023_2008-11-03.png,0.955088,2,Guayas festeja los 188 años de independencia,"La nota recuerda la conmemoración provincial del Guayas y la institucionalización del Día de la Provincia, destacando antecedentes normativos y actos cívicos. El contenido es de carácter territorial y cultural, centrado en la provincia.",El Universo,2008-11-07,sociedad_cultura,ok
054_RF_DIRECT_DIF,2026-02-01,2026-02-01,054_RF_DIRECT_DIF.png,078_2019-08-05,2019-08-05,2019-08-05,078_2019-08-05.png,0.96115,1,Consumo de agua embotellada supera gaseosas en Ecuador agosto 2019,Estudio Euromonitor muestra que consumo de agua embotellada supera bebidas gaseosas en Ecuador en agosto 2019. Tendencia por salud y calidad agua; impacto en mercado y hábitos de consumo.,El Universo,2019-08-05,economia_finanzas,ok
054_RF_DIRECT_DIF,2026-02-01,2026-02-01,054_RF_DIRECT_DIF.png,078_2019-08-05,2019-08-05,2019-08-05,078_2019-08-05.png,0.96115,1,Incendios forestales afectan zonas de la Sierra,"Varios incendios forestales se registraron en provincias de la Sierra, movilizando a bomberos y brigadas.",El Universo,2019-08-05,medio_ambiente,ok
054_RF_DIRECT_DIF,2026-02-01,2026-02-01,054_RF_DIRECT_DIF.png,078_2019-08-05,2019-08-05,2019-08-05,078_2019-08-05.png,0.96115,1,Autoridades emiten alerta por calidad del aire,La concentración de humo por incendios elevó los niveles de contaminación del aire en varias ciudades.,El Comercio,2019-08-05,riesgo_pais_calidad_vida,ok
054_RF_DIRECT_DIF,2026-02-01,2026-02-01,054_RF_DIRECT_DIF.png,061_2014-12-01,2014-12-01,2014-12-01,061_2014-12-01.png,0.958272,4,Policía refuerza operativos de seguridad por temporada navideña,La Policía Nacional anunció el despliegue de operativos especiales para prevenir robos y asaltos durante el inicio de la temporada navideña.,El Comercio,2014-12-01,seguridad_crimen,ok
054_RF_DIRECT_DIF,2026-02-01,2026-02-01,054_RF_DIRECT_DIF.png,061_2014-12-01,2014-12-01,2014-12-01,061_2014-12-01.png,0.958272,4,Falla eléctrica provocó apagones en varias provincias,"Una falla en el sistema interconectado nacional ocasionó apagones en ciudades de la Costa y la Sierra, afectando actividades comerciales y domésticas.",El Universo,2014-12-01,servicios_basicos,ok
055_RF_DIRECT_DIF,2026-02-06,2026-02-06,055_RF_DIRECT_DIF.png,029_2008-12-04,2008-12-04,2008-12-05,029_2008-12-04.png,0.956285,1,Ecuador analiza recompra de bonos en default, El Ministerio de Finanzas estudió mecanismos para recomprar bonos en default con descuento. La nota detalla el posible impacto fiscal y las expectativas sobre la reducción del servicio de la deuda.,El Comercio,2008-12-02,economia_finanzas,ok
055_RF_DIRECT_DIF,2026-02-06,2026-02-06,055_RF_DIRECT_DIF.png,029_2008-12-04,2008-12-04,2008-12-05,029_2008-12-04.png,0.956285,1,Ecuador contrata abogados estadounidenses para disputa de la deuda,"El Gobierno ecuatoriano contrató asesoría legal en Estados Unidos para abordar disputas sobre deuda considerada irregular, según declaraciones del ministro Ricardo Patiño. La nota trata estrategia jurídica y política financiera del Estado.",El Universo,2008-12-02,economia_finanzas,ok
055_RF_DIRECT_DIF,2026-02-06,2026-02-06,055_RF_DIRECT_DIF.png,029_2008-12-04,2008-12-04,2008-12-05,029_2008-12-04.png,0.956285,1,Mayoría de ex magistrados ratifican excusa a integrar nueva Corte,"Ex magistrados de la desaparecida Corte Suprema ratificaron su negativa a integrar la nueva Corte, según vocerías de participantes en una reunión. La noticia se centra en reconfiguración institucional del sistema judicial tras cambios constitucionales.",El Universo,2008-12-02,politica_gobierno,ok
055_RF_DIRECT_DIF,2026-02-06,2026-02-06,055_RF_DIRECT_DIF.png,029_2008-12-04,2008-12-04,2008-12-05,029_2008-12-04.png,0.956285,1,Aland Molestina asumió la Comandancia de la Armada,En Guayaquil se realizó la ceremonia de posesión de Aland Molestina como comandante de la Armada. El artículo describe el acto oficial y cambios en mandos de la institución militar.,El Universo,2008-12-02,seguridad_crimen,ok
055_RF_DIRECT_DIF,2026-02-06,2026-02-06,055_RF_DIRECT_DIF.png,029_2008-12-04,2008-12-04,2008-12-05,029_2008-12-04.png,0.956285,1,3 muertos en accidentes de tránsito,"Se reportaron muertes por siniestros de tránsito, incluyendo el fallecimiento de una menor tras un volcamiento ocurrido en Yaguachi. La nota presenta hechos de seguridad vial y consecuencias en salud y movilidad.",El Universo,2008-12-02,seguridad_crimen,ok
055_RF_DIRECT_DIF,2026-02-06,2026-02-06,055_RF_DIRECT_DIF.png,029_2008-12-04,2008-12-04,2008-12-05,029_2008-12-04.png,0.956285,1,Temporal de lluvias afecta a cantones del Litoral,Fuertes lluvias provocaron inundaciones y daños en viviendas de varios cantones del Litoral ecuatoriano. Autoridades locales activaron planes de emergencia y asistencia humanitaria.,El Universo,2008-12-04,medio_ambiente,ok
055_RF_DIRECT_DIF,2026-02-06,2026-02-06,055_RF_DIRECT_DIF.png,029_2008-12-04,2008-12-04,2008-12-05,029_2008-12-04.png,0.956285,1,Robo armado a camión dejó herido a conductor,Un asalto armado a un camión de carga en una vía del Guayas dejó al conductor herido. La Policía inició investigaciones y operativos de control en la zona.,El Universo,2008-12-05,seguridad_crimen,ok
055_RF_DIRECT_DIF,2026-02-06,2026-02-06,055_RF_DIRECT_DIF.png,078_2019-08-05,2019-08-05,2019-08-05,078_2019-08-05.png,0.953419,2,Consumo de agua embotellada supera gaseosas en Ecuador agosto 2019,Estudio Euromonitor muestra que consumo de agua embotellada supera bebidas gaseosas en Ecuador en agosto 2019. Tendencia por salud y calidad agua; impacto en mercado y hábitos de consumo.,El Universo,2019-08-05,economia_finanzas,ok
055_RF_DIRECT_DIF,2026-02-06,2026-02-06,055_RF_DIRECT_DIF.png,078_2019-08-05,2019-08-05,2019-08-05,078_2019-08-05.png,0.953419,2,Incendios forestales afectan zonas de la Sierra,"Varios incendios forestales se registraron en provincias de la Sierra, movilizando a bomberos y brigadas.",El Universo,2019-08-05,medio_ambiente,ok
055_RF_DIRECT_DIF,2026-02-06,2026-02-06,055_RF_DIRECT_DIF.png,078_2019-08-05,2019-08-05,2019-08-05,078_2019-08-05.png,0.953419,2,Autoridades emiten alerta por calidad del aire,La concentración de humo por incendios elevó los niveles de contaminación del aire en varias ciudades.,El Comercio,2019-08-05,riesgo_pais_calidad_vida,ok
056_RF_DIRECT_IFOREST,2026-01-29,2026-01-29,056_RF_DIRECT_IFOREST.png,131_2023-03-15,2023-03-15,2023-03-15,131_2023-03-15.png,0.958943,1,Gobierno anuncia medidas y decisiones de gestión pública,"Autoridades comunicaron decisiones de política pública y administración del Estado, con efectos en la agenda nacional y local.",El Universo,2023-03-13,politica_gobierno,ok
056_RF_DIRECT_IFOREST,2026-01-29,2026-01-29,056_RF_DIRECT_IFOREST.png,131_2023-03-15,2023-03-15,2023-03-15,131_2023-03-15.png,0.958943,1,Operativos de seguridad y denuncias de delitos en varias provincias,"La Policía y otras instituciones reportaron operativos, detenciones o investigaciones vinculadas a delitos comunes y control territorial.",El Comercio,2023-03-14,seguridad_crimen,ok
056_RF_DIRECT_IFOREST,2026-01-29,2026-01-29,056_RF_DIRECT_IFOREST.png,131_2023-03-15,2023-03-15,2023-03-15,131_2023-03-15.png,0.958943,1,Indicadores económicos muestran presiones y ajustes en el país,"Sectores productivos y autoridades revisaron empleo, precios, finanzas públicas y actividad económica, con énfasis en impactos en hogares y empresas.",Primicias,2023-03-15,economia_finanzas,ok
056_RF_DIRECT_IFOREST,2026-01-29,2026-01-29,056_RF_DIRECT_IFOREST.png,131_2023-03-15,2023-03-15,2023-03-15,131_2023-03-15.png,0.958943,1,Juicio político a Lasso inicia formalmente en Asamblea el 15 de marzo 2023,La Comisión de Fiscalización de la Asamblea inicia formalmente el juicio político contra Guillermo Lasso por presunto incumplimiento de funciones en seguridad y corrupción. Oposición presenta pruebas; oficialismo denuncia persecución política. Se destacan tensiones institucionales y riesgo de inestabilidad.,El Universo,2023-03-15,politica_gobierno,ok
056_RF_DIRECT_IFOREST,2026-01-29,2026-01-29,056_RF_DIRECT_IFOREST.png,131_2023-03-15,2023-03-15,2023-03-15,131_2023-03-15.png,0.958943,1,Operativos de seguridad y denuncias de delitos en varias provincias,"La Policía y otras instituciones reportaron operativos, detenciones o investigaciones vinculadas a delitos comunes y control territorial.",El Universo,2023-03-15,seguridad_crimen,ok
056_RF_DIRECT_IFOREST,2026-01-29,2026-01-29,056_RF_DIRECT_IFOREST.png,131_2023-03-15,2023-03-15,2023-03-15,131_2023-03-15.png,0.958943,1,Situación social impacta calidad de vida y servicios,"Se reportaron efectos en empleo, servicios, movilidad o acceso a bienes, con medidas de mitigación y demandas ciudadanas.",Expreso,2023-03-16,riesgo_pais_calidad_vida,ok
056_RF_DIRECT_IFOREST,2026-01-29,2026-01-29,056_RF_DIRECT_IFOREST.png,131_2023-03-15,2023-03-15,2023-03-15,131_2023-03-15.png,0.958943,1,Autoridades reportan decomisos y acciones contra narcotráfico,"Fuerzas de seguridad informaron decomisos, capturas o investigaciones contra redes de microtráfico y narcotráfico con impacto en puertos y rutas.",El Comercio,2023-03-16,seguridad_crimen,ok
056_RF_DIRECT_IFOREST,2026-01-29,2026-01-29,056_RF_DIRECT_IFOREST.png,131_2023-03-15,2023-03-15,2023-03-15,131_2023-03-15.png,0.958943,1,Riesgo país de Ecuador sube por juicio político a Lasso en marzo 2023,El riesgo país de Ecuador aumenta en marzo 2023 por incertidumbre del juicio político a Lasso. Spreads en bonos soberanos suben; análisis proyecta impacto en costos de deuda y percepción de inversionistas ante posible destitución o muerte cruzada.,Primicias,2023-03-17,economia_finanzas,ok
056_RF_DIRECT_IFOREST,2026-01-29,2026-01-29,056_RF_DIRECT_IFOREST.png,131_2023-03-15,2023-03-15,2023-03-15,131_2023-03-15.png,0.958943,1,Ecuador mantiene agenda y gestiones en el ámbito internacional,"Autoridades informaron contactos y gestiones internacionales relacionadas con cooperación, financiamiento o asuntos regionales.",Teleamazonas,2023-03-17,politica_gobierno,ok
056_RF_DIRECT_IFOREST,2026-01-29,2026-01-29,056_RF_DIRECT_IFOREST.png,131_2023-03-15,2023-03-15,2023-03-15,131_2023-03-15.png,0.958943,1,Gobierno anuncia medidas y decisiones de gestión pública,"Autoridades comunicaron decisiones de política pública y administración del Estado, con efectos en la agenda nacional y local.",Primicias,2023-03-17,politica_gobierno,ok
056_RF_DIRECT_IFOREST,2026-01-29,2026-01-29,056_RF_DIRECT_IFOREST.png,131_2023-03-15,2023-03-15,2023-03-15,131_2023-03-15.png,0.958943,1,Indicadores económicos muestran presiones y ajustes en el país,"Sectores productivos y autoridades revisaron empleo, precios, finanzas públicas y actividad económica, con énfasis en impactos en hogares y empresas.",Expreso,2023-03-18,economia_finanzas,ok
056_RF_DIRECT_IFOREST,2026-01-29,2026-01-29,056_RF_DIRECT_IFOREST.png,131_2023-03-15,2023-03-15,2023-03-15,131_2023-03-15.png,0.958943,1,Situación social impacta calidad de vida y servicios,"Se reportaron efectos en empleo, servicios, movilidad o acceso a bienes, con medidas de mitigación y demandas ciudadanas.",Teleamazonas,2023-03-19,riesgo_pais_calidad_vida,ok
056_RF_DIRECT_IFOREST,2026-01-29,2026-01-29,056_RF_DIRECT_IFOREST.png,156_2025-03-06,2025-03-06,2025-03-06,156_2025-03-06.png,0.95471,2,¿Cuántos feriados hay en marzo de 2025 en Ecuador?,Ecuador disfrutará este 3 y 4 de marzo del único feriado previsto para el tercer mes del año; corresponde a las fiestas por Carnaval. Se detallan traslados y otros asuetos del año.,El Comercio,2025-03-02,politica_gobierno,ok
056_RF_DIRECT_IFOREST,2026-01-29,2026-01-29,056_RF_DIRECT_IFOREST.png,156_2025-03-06,2025-03-06,2025-03-06,156_2025-03-06.png,0.95471,2,Televistazo 1PM | 3-6-2025,"Entérese de las noticias de Ecuador y el mundo a través de su informativo Televistazo 1PM del 3 de marzo de 2025. Cubre temas de agenda gubernamental de Daniel Noboa, impactos iniciales del invierno y actualizaciones económicas.",Ecuavisa,2025-03-03,politica_gobierno,ok
056_RF_DIRECT_IFOREST,2026-01-29,2026-01-29,056_RF_DIRECT_IFOREST.png,156_2025-03-06,2025-03-06,2025-03-06,156_2025-03-06.png,0.95471,2,Fuertes lluvias en Quito: El pronóstico del clima para este jueves 6 de marzo del 2025,"En los últimos días, Quito ha registrado precipitaciones de variable intensidad. Esta situación ya estaba contemplada en la alerta meteorológica 13 del Inamhi para el 6 de marzo de 2025, con posibles fuertes lluvias y tormentas en la capital y alrededores, riesgo de inundaciones y deslizamientos.",El Universo,2025-03-05,medio_ambiente,ok
056_RF_DIRECT_IFOREST,2026-01-29,2026-01-29,056_RF_DIRECT_IFOREST.png,156_2025-03-06,2025-03-06,2025-03-06,156_2025-03-06.png,0.95471,2,Lluvias dejan 16 fallecidos en Ecuador desde enero hasta 5 de marzo de 2025,"La Secretaría de Gestión de Riesgos reportó 16 fallecidos por lluvias desde el 1 de enero hasta el 5 de marzo de 2025. Las provincias más afectadas incluyen Guayas y Manabí con inundaciones y deslizamientos; se detallan damnificados, viviendas destruidas y coordinación de respuesta nacional.",El Comercio,2025-03-05,medio_ambiente,ok
056_RF_DIRECT_IFOREST,2026-01-29,2026-01-29,056_RF_DIRECT_IFOREST.png,156_2025-03-06,2025-03-06,2025-03-06,156_2025-03-06.png,0.95471,2,Noboa exige pago de prima por operación del campo Sacha,"Se reportó la exigencia de un pago relacionado con la operación futura del campo Sacha, uno de los más productivos del país.",El Oriente,2025-03-06,economia_finanzas,ok
056_RF_DIRECT_IFOREST,2026-01-29,2026-01-29,056_RF_DIRECT_IFOREST.png,156_2025-03-06,2025-03-06,2025-03-06,156_2025-03-06.png,0.95471,2,"No solo se trata de monigotes: la histórica calle 6 de Marzo es una arteria comercial que generó $136,9 millones en ventas en 2025","La calle 6 de Marzo, ubicada en el centro de Guayaquil, no solo concentra un incesante movimiento comercial; también conmemora la fecha que redefinió el destino del Ecuador. La Cámara de Comercio de Guayaquil (CCG), presidida por Miguel Ángel González, estima que en el último año generó un movimiento aproximado de $136,9 millones, equivalente al 1,22 % de las ventas totales de la ciudad. Esta arteria es clave en el comercio informal y formal, con ventas impulsadas por fechas como Carnaval y actividades cotidianas. El informe destaca su importancia histórica y económica, más allá de las tradiciones de monigotes y quema de años viejos.",El Universo,2025-03-06,economia_finanzas,ok
056_RF_DIRECT_IFOREST,2026-01-29,2026-01-29,056_RF_DIRECT_IFOREST.png,156_2025-03-06,2025-03-06,2025-03-06,156_2025-03-06.png,0.95471,2,Fuertes lluvias en Cuenca: El pronóstico del clima para este jueves 6 de marzo del 2025,"En los últimos días, Cuenca ha registrado precipitaciones de variable intensidad. Esta situación ya estaba contemplada en la alerta meteorológica 13 para el 6 de marzo de 2025, con posibles fuertes lluvias y riesgos asociados en la Sierra sur.",El Universo,2025-03-06,medio_ambiente,ok
056_RF_DIRECT_IFOREST,2026-01-29,2026-01-29,056_RF_DIRECT_IFOREST.png,156_2025-03-06,2025-03-06,2025-03-06,156_2025-03-06.png,0.95471,2,Fuertes lluvias en Guayaquil: El pronóstico del clima para este jueves 6 de marzo del 2025,"En los últimos días, Guayaquil ha registrado intensas precipitaciones que han ocasionado inundaciones y afectaciones en varios sectores. El pronóstico para el 6 de marzo de 2025 incluye continuación de lluvias fuertes, en alerta meteorológica nacional.",El Universo,2025-03-06,medio_ambiente,ok
056_RF_DIRECT_IFOREST,2026-01-29,2026-01-29,056_RF_DIRECT_IFOREST.png,156_2025-03-06,2025-03-06,2025-03-06,156_2025-03-06.png,0.95471,2,Fuertes lluvias y tormentas eléctricas en Ecuador: El pronóstico del clima para este jueves 6 de marzo del 2025,"El Instituto Nacional de Meteorología e Hidrología (Inamhi) emitió su alerta meteorológica para este 6 de marzo de 2025, con fuertes lluvias y tormentas eléctricas en varias regiones del país. Se esperan precipitaciones intensas en la Costa (incluyendo Guayaquil con inundaciones previas), Sierra y Amazonía, con posibles deslizamientos y afectaciones en vías. El pronóstico incluye temperaturas estables pero alto riesgo de emergencias por invierno, en contexto de múltiples alertas climáticas durante el año.",El Universo,2025-03-06,medio_ambiente,ok
056_RF_DIRECT_IFOREST,2026-01-29,2026-01-29,056_RF_DIRECT_IFOREST.png,156_2025-03-06,2025-03-06,2025-03-06,156_2025-03-06.png,0.95471,2,¿Qué se conmemora este 6 de marzo?,"Cada 6 de marzo se conmemora una efeméride y el aniversario de varios hechos históricos. Este día se celebra el Día Internacional del Escultor y se recuerda eventos clave en la historia ecuatoriana y mundial. La nota detalla aniversarios relevantes, incluyendo aspectos culturales y conmemorativos, en un contexto de efemérides nacionales como la importancia de la fecha en Guayaquil y el comercio asociado a tradiciones como la quema de monigotes.",El Universo,2025-03-06,politica_gobierno,ok
056_RF_DIRECT_IFOREST,2026-01-29,2026-01-29,056_RF_DIRECT_IFOREST.png,156_2025-03-06,2025-03-06,2025-03-06,156_2025-03-06.png,0.95471,2,Ecuador y Canadá concretan acuerdo comercial,"Se reportó el cierre de negociaciones de un acuerdo comercial con Canadá, en un contexto de agenda económica y seguridad.",Reuters,2025-03-06,politica_gobierno,ok
056_RF_DIRECT_IFOREST,2026-01-29,2026-01-29,056_RF_DIRECT_IFOREST.png,156_2025-03-06,2025-03-06,2025-03-06,156_2025-03-06.png,0.95471,2,Noticiero 24 Horas: emisión matinal del 6 de marzo,"Resumen de noticias nacionales del día, incluyendo decisiones políticas, seguridad y economía.",Teleamazonas,2025-03-06,politica_gobierno,ok
056_RF_DIRECT_IFOREST,2026-01-29,2026-01-29,056_RF_DIRECT_IFOREST.png,156_2025-03-06,2025-03-06,2025-03-06,156_2025-03-06.png,0.95471,2,Televistazo 1PM | 6-3-2025,"Entérese de las noticias de Ecuador y el mundo a través de su informativo Televistazo 1PM del 6 de marzo de 2025. El noticiero cubre temas locales como impactos de lluvias en regiones, agenda del gobierno de Daniel Noboa en seguridad y economía, así como internacionales (conflicto en Medio Oriente, aranceles regionales y otros). Incluye segmentos relacionados con invierno en Ecuador, operaciones policiales y actualizaciones diarias.",Ecuavisa,2025-03-06,seguridad_crimen,ok
056_RF_DIRECT_IFOREST,2026-01-29,2026-01-29,056_RF_DIRECT_IFOREST.png,156_2025-03-06,2025-03-06,2025-03-06,156_2025-03-06.png,0.95471,2,Televistazo en la Comunidad Guayaquil | 06-03-2025,"Televistazo en la Comunidad Guayaquil del 6 de marzo de 2025 cubre noticias locales destacadas: Moisés Caicedo se despidió de Enzo Maresca en el fútbol internacional, y un sismo de 6,5 grados se registró el viernes previo. Incluye segmentos comunitarios sobre Guayaquil, agenda de seguridad, clima y eventos cotidianos en la ciudad, con enfoque en impactos regionales.",Ecuavisa,2025-03-06,seguridad_crimen,ok
056_RF_DIRECT_IFOREST,2026-01-29,2026-01-29,056_RF_DIRECT_IFOREST.png,156_2025-03-06,2025-03-06,2025-03-06,156_2025-03-06.png,0.95471,2,Noboa busca mandato completo con agenda de seguridad y retos energéticos,"Cobertura internacional destacó la campaña con énfasis en crimen organizado, medidas de seguridad y retos energéticos.",Reuters,2025-03-06,seguridad_crimen,ok
056_RF_DIRECT_IFOREST,2026-01-29,2026-01-29,056_RF_DIRECT_IFOREST.png,156_2025-03-06,2025-03-06,2025-03-06,156_2025-03-06.png,0.95471,2,Debate regional por racionamientos y vulnerabilidad del sistema eléctrico,"Persistió la discusión sobre la vulnerabilidad del sistema eléctrico frente a sequías y demanda, así como medidas operativas.",Associated Press,2025-03-06,servicios_basicos,ok
056_RF_DIRECT_IFOREST,2026-01-29,2026-01-29,056_RF_DIRECT_IFOREST.png,156_2025-03-06,2025-03-06,2025-03-06,156_2025-03-06.png,0.95471,2,Noboa: Ecuador no recibirá migrantes deportados de otras nacionalidades,El presidente Daniel Noboa señaló que Ecuador no aceptará migrantes deportados de terceros países; el pronunciamiento se dio en el contexto regional sobre retornos y tensiones diplomáticas.,Reuters,2025-03-09,politica_gobierno,ok
056_RF_DIRECT_IFOREST,2026-01-29,2026-01-29,056_RF_DIRECT_IFOREST.png,156_2025-03-06,2025-03-06,2025-03-06,156_2025-03-06.png,0.95471,2,"Coyuntura nacional: seguridad, economía y gestión pública marcan agenda",Coberturas locales destacaron la evolución de indicadores económicos y el impacto de decisiones públicas en hogares y sectores productivos.,El Comercio,2025-03-10,economia_finanzas,ok
056_RF_DIRECT_IFOREST,2026-01-29,2026-01-29,056_RF_DIRECT_IFOREST.png,156_2025-03-06,2025-03-06,2025-03-06,156_2025-03-06.png,0.95471,2,Ecuador reitera que no recibirá migrantes extranjeros deportados,"Medios locales retomaron el anuncio del Ejecutivo y sus implicaciones para política migratoria, gestión fronteriza y coordinación con países de la región.",El Oriente,2025-03-10,politica_gobierno,ok
056_RF_DIRECT_IFOREST,2026-01-29,2026-01-29,056_RF_DIRECT_IFOREST.png,156_2025-03-06,2025-03-06,2025-03-06,156_2025-03-06.png,0.95471,2,Noticiero 24 Horas: resumen nacional del 10 de marzo,"El informativo recopiló hechos del día vinculados a seguridad, gestión pública y temas sociales que afectaron actividades y servicios en distintas provincias.",Teleamazonas,2025-03-10,riesgo_pais_calidad_vida,ok
057_RF_DIRECT_TIMEGPT,2026-02-09,2026-02-09,057_RF_DIRECT_TIMEGPT.png,082_2019-12-06,2019-12-06,2019-12-06,082_2019-12-06.png,0.961142,1,Conaie advierte nuevas movilizaciones en 2020 diciembre 2019,Conaie advierte continuar movilizaciones en 2020 tras paro octubre 2019. Dirigentes expresan descontento con políticas Moreno; llamado a unidad indígena y social.,El Universo,2019-12-06,politica_gobierno,ok
057_RF_DIRECT_TIMEGPT,2026-02-09,2026-02-09,057_RF_DIRECT_TIMEGPT.png,149_2024-03-01,2024-03-01,2024-03-01,149_2024-03-01.png,0.959328,2,Invierno 2024: miles afectados por lluvias en Ecuador desde enero,"El invierno 2024 deja miles de afectados por lluvias intensas en 23 provincias desde enero. Se reportan inundaciones, deslizamientos y damnificados; Gestión de Riesgos coordina respuesta con alertas Inamhi y apoyo a comunidades vulnerables.",El Comercio,2024-03-01,medio_ambiente,ok
057_RF_DIRECT_TIMEGPT,2026-02-09,2026-02-09,057_RF_DIRECT_TIMEGPT.png,149_2024-03-01,2024-03-01,2024-03-01,149_2024-03-01.png,0.959328,2,Ecuador solicita permiso a México para ingresar a su embajada y detener a Jorge Glas,"La Cancillería ecuatoriana pidió autorización para ingresar a la embajada de México en Quito y detener al exvicepresidente Jorge Glas, elevando tensiones diplomáticas.",Reuters,2024-03-01,politica_gobierno,ok
057_RF_DIRECT_TIMEGPT,2026-02-09,2026-02-09,057_RF_DIRECT_TIMEGPT.png,149_2024-03-01,2024-03-01,2024-03-01,149_2024-03-01.png,0.959328,2,Cobertura nacional: agenda política y seguridad del día,"Medios nacionales reportaron actualizaciones sobre gestión pública, seguridad y coyuntura política, incluyendo efectos en movilidad y servicios.",Teleamazonas,2024-03-01,politica_gobierno,ok
057_RF_DIRECT_TIMEGPT,2026-02-09,2026-02-09,057_RF_DIRECT_TIMEGPT.png,149_2024-03-01,2024-03-01,2024-03-01,149_2024-03-01.png,0.959328,2,Volcán La Cumbre inicia erupción en Galápagos,El gobierno informó sobre la erupción del volcán La Cumbre en una isla no habitada de Galápagos y el monitoreo de riesgos.,Reuters,2024-03-03,medio_ambiente,ok
057_RF_DIRECT_TIMEGPT,2026-02-09,2026-02-09,057_RF_DIRECT_TIMEGPT.png,149_2024-03-01,2024-03-01,2024-03-01,149_2024-03-01.png,0.959328,2,Ecuador se prepara para votaciones con foco en seguridad,La discusión pública incluyó el paquete de medidas de seguridad y gobernabilidad y su impacto en la institucionalidad.,Reuters,2024-03-04,politica_gobierno,ok
058_RF_DIRECT_TIMESNET,2026-02-21,2026-02-21,058_RF_DIRECT_TIMESNET.png,102_2020-07-08,2020-07-08,2020-07-09,102_2020-07-08.png,0.964236,1,Operativos policiales se intensifican en ciudades,La Policía reforzó patrullajes ante denuncias de delitos durante la pandemia.,El Comercio,2020-07-03,seguridad_crimen,ok
058_RF_DIRECT_TIMESNET,2026-02-21,2026-02-21,058_RF_DIRECT_TIMESNET.png,102_2020-07-08,2020-07-08,2020-07-09,102_2020-07-08.png,0.964236,1,Provincias retoman restricciones por alza de contagios,Gobiernos locales endurecieron medidas ante el repunte de casos de COVID-19.,El Universo,2020-07-06,politica_gobierno,ok
058_RF_DIRECT_TIMESNET,2026-02-21,2026-02-21,058_RF_DIRECT_TIMESNET.png,102_2020-07-08,2020-07-08,2020-07-09,102_2020-07-08.png,0.964236,1,Sistema de salud vuelve a estar bajo presión,Hospitales reportaron incremento de pacientes en cuidados intensivos.,El Comercio,2020-07-06,riesgo_pais_calidad_vida,ok
058_RF_DIRECT_TIMESNET,2026-02-21,2026-02-21,058_RF_DIRECT_TIMESNET.png,102_2020-07-08,2020-07-08,2020-07-09,102_2020-07-08.png,0.964236,1,Delitos aumentan pese a restricciones,Autoridades reconocieron un aumento de robos y asaltos durante la emergencia.,El Universo,2020-07-07,seguridad_crimen,ok
058_RF_DIRECT_TIMESNET,2026-02-21,2026-02-21,058_RF_DIRECT_TIMESNET.png,102_2020-07-08,2020-07-08,2020-07-09,102_2020-07-08.png,0.964236,1,Impacto económico de la pandemia se profundiza,Sectores productivos advirtieron mayores pérdidas económicas.,El Comercio,2020-07-08,economia_finanzas,ok
058_RF_DIRECT_TIMESNET,2026-02-21,2026-02-21,058_RF_DIRECT_TIMESNET.png,102_2020-07-08,2020-07-08,2020-07-09,102_2020-07-08.png,0.964236,1,COE mantiene medidas de emergencia,El COE Nacional ratificó medidas ante la evolución de la pandemia.,El Universo,2020-07-08,politica_gobierno,ok
058_RF_DIRECT_TIMESNET,2026-02-21,2026-02-21,058_RF_DIRECT_TIMESNET.png,102_2020-07-08,2020-07-08,2020-07-09,102_2020-07-08.png,0.964236,1,Televistazo 7PM | 08-07-2020,"El noticiero Televistazo 7PM del 8 de julio 2020 cubre pandemia COVID-19: nuevos contagios, hospitales colapsados y economía afectada. Incluye temas de inseguridad incipiente y agenda gubernamental de Lenín Moreno.",Ecuavisa,2020-07-08,seguridad_crimen,ok
058_RF_DIRECT_TIMESNET,2026-02-21,2026-02-21,058_RF_DIRECT_TIMESNET.png,102_2020-07-08,2020-07-08,2020-07-09,102_2020-07-08.png,0.964236,1,Fallas eléctricas afectan sectores urbanos,Usuarios reportaron interrupciones del servicio eléctrico en varias ciudades.,El Comercio,2020-07-09,servicios_basicos,ok
058_RF_DIRECT_TIMESNET,2026-02-21,2026-02-21,058_RF_DIRECT_TIMESNET.png,102_2020-07-08,2020-07-08,2020-07-09,102_2020-07-08.png,0.964236,1,Controles de seguridad continúan en zonas urbanas,Las fuerzas del orden mantuvieron operativos para garantizar el cumplimiento de restricciones.,El Universo,2020-07-10,seguridad_crimen,ok
058_RF_DIRECT_TIMESNET,2026-02-21,2026-02-21,058_RF_DIRECT_TIMESNET.png,102_2020-07-08,2020-07-08,2020-07-09,102_2020-07-08.png,0.964236,1,Riesgo país muestra leves variaciones,El indicador de riesgo país reflejó la volatilidad financiera durante la crisis.,El Comercio,2020-07-11,riesgo_pais_calidad_vida,ok
058_RF_DIRECT_TIMESNET,2026-02-21,2026-02-21,058_RF_DIRECT_TIMESNET.png,102_2020-07-08,2020-07-08,2020-07-09,102_2020-07-08.png,0.964236,1,Gobierno analiza reformas laborales,El Ejecutivo evaluó cambios al marco laboral para enfrentar la crisis económica.,El Universo,2020-07-13,politica_gobierno,ok
058_RF_DIRECT_TIMESNET,2026-02-21,2026-02-21,058_RF_DIRECT_TIMESNET.png,102_2020-07-08,2020-07-08,2020-07-09,102_2020-07-08.png,0.964236,1,Desempleo continúa en aumento,El mercado laboral siguió deteriorándose durante la pandemia.,El Comercio,2020-07-13,riesgo_pais_calidad_vida,ok
058_RF_DIRECT_TIMESNET,2026-02-21,2026-02-21,058_RF_DIRECT_TIMESNET.png,102_2020-07-08,2020-07-08,2020-07-09,102_2020-07-08.png,0.964236,1,Autoridades refuerzan seguridad en ciudades,Se intensificaron patrullajes ante reportes de delitos.,El Universo,2020-07-14,seguridad_crimen,ok
058_RF_DIRECT_TIMESNET,2026-02-21,2026-02-21,058_RF_DIRECT_TIMESNET.png,070_2016-02-17,2016-02-17,2016-02-17,070_2016-02-17.png,0.956321,2,Operativos de seguridad por feriado de Carnaval,La Policía Nacional ejecutó operativos especiales por el feriado de Carnaval para prevenir accidentes y delitos.,El Comercio,2016-02-17,seguridad_crimen,ok
058_RF_DIRECT_TIMESNET,2026-02-21,2026-02-21,058_RF_DIRECT_TIMESNET.png,070_2016-02-17,2016-02-17,2016-02-17,070_2016-02-17.png,0.956321,2,Enfrentamientos en cárceles dejan muertos febrero 2016,Enfrentamientos entre presos en cárceles ecuatorianas dejan muertos en febrero 2016. Gobierno anuncia intervención; contexto de hacinamiento y control de bandas.,El Comercio,2016-02-17,seguridad_crimen,ok
058_RF_DIRECT_TIMESNET,2026-02-21,2026-02-21,058_RF_DIRECT_TIMESNET.png,070_2016-02-17,2016-02-17,2016-02-17,070_2016-02-17.png,0.956321,2,Accidente de bus deja víctimas en Azuay,"Un bus interprovincial se accidentó en una vía del Azuay, dejando fallecidos y heridos.",El Universo,2016-02-17,seguridad_crimen,ok
058_RF_DIRECT_TIMESNET,2026-02-21,2026-02-21,058_RF_DIRECT_TIMESNET.png,070_2016-02-17,2016-02-17,2016-02-17,070_2016-02-17.png,0.956321,2,Lluvias causan deslizamientos en la Sierra,Las precipitaciones intensas provocaron deslizamientos y afectaciones en carreteras de la región Sierra.,El Universo,2016-02-18,medio_ambiente,ok
058_RF_DIRECT_TIMESNET,2026-02-21,2026-02-21,058_RF_DIRECT_TIMESNET.png,070_2016-02-17,2016-02-17,2016-02-17,070_2016-02-17.png,0.956321,2,Invierno deja miles de afectados en varias provincias,"El fuerte invierno provocó inundaciones, deslaves y daños en viviendas en provincias de la Costa y la Sierra, según reportes de gestión de riesgos.",El Universo,2016-02-22,medio_ambiente,ok
058_RF_DIRECT_TIMESNET,2026-02-21,2026-02-21,058_RF_DIRECT_TIMESNET.png,070_2016-02-17,2016-02-17,2016-02-17,070_2016-02-17.png,0.956321,2,Controles por retorno de feriado de Carnaval,La Policía Nacional ejecutó operativos en carreteras y terminales por el retorno masivo tras el feriado de Carnaval.,El Comercio,2016-02-22,seguridad_crimen,ok
059_RF_DIRECT_TRANAD,2026-02-21,2026-02-21,059_RF_DIRECT_TRANAD.png,102_2020-07-08,2020-07-08,2020-07-09,102_2020-07-08.png,0.964236,1,Operativos policiales se intensifican en ciudades,La Policía reforzó patrullajes ante denuncias de delitos durante la pandemia.,El Comercio,2020-07-03,seguridad_crimen,ok
059_RF_DIRECT_TRANAD,2026-02-21,2026-02-21,059_RF_DIRECT_TRANAD.png,102_2020-07-08,2020-07-08,2020-07-09,102_2020-07-08.png,0.964236,1,Provincias retoman restricciones por alza de contagios,Gobiernos locales endurecieron medidas ante el repunte de casos de COVID-19.,El Universo,2020-07-06,politica_gobierno,ok
059_RF_DIRECT_TRANAD,2026-02-21,2026-02-21,059_RF_DIRECT_TRANAD.png,102_2020-07-08,2020-07-08,2020-07-09,102_2020-07-08.png,0.964236,1,Sistema de salud vuelve a estar bajo presión,Hospitales reportaron incremento de pacientes en cuidados intensivos.,El Comercio,2020-07-06,riesgo_pais_calidad_vida,ok
059_RF_DIRECT_TRANAD,2026-02-21,2026-02-21,059_RF_DIRECT_TRANAD.png,102_2020-07-08,2020-07-08,2020-07-09,102_2020-07-08.png,0.964236,1,Delitos aumentan pese a restricciones,Autoridades reconocieron un aumento de robos y asaltos durante la emergencia.,El Universo,2020-07-07,seguridad_crimen,ok
059_RF_DIRECT_TRANAD,2026-02-21,2026-02-21,059_RF_DIRECT_TRANAD.png,102_2020-07-08,2020-07-08,2020-07-09,102_2020-07-08.png,0.964236,1,Impacto económico de la pandemia se profundiza,Sectores productivos advirtieron mayores pérdidas económicas.,El Comercio,2020-07-08,economia_finanzas,ok
059_RF_DIRECT_TRANAD,2026-02-21,2026-02-21,059_RF_DIRECT_TRANAD.png,102_2020-07-08,2020-07-08,2020-07-09,102_2020-07-08.png,0.964236,1,COE mantiene medidas de emergencia,El COE Nacional ratificó medidas ante la evolución de la pandemia.,El Universo,2020-07-08,politica_gobierno,ok
059_RF_DIRECT_TRANAD,2026-02-21,2026-02-21,059_RF_DIRECT_TRANAD.png,102_2020-07-08,2020-07-08,2020-07-09,102_2020-07-08.png,0.964236,1,Televistazo 7PM | 08-07-2020,"El noticiero Televistazo 7PM del 8 de julio 2020 cubre pandemia COVID-19: nuevos contagios, hospitales colapsados y economía afectada. Incluye temas de inseguridad incipiente y agenda gubernamental de Lenín Moreno.",Ecuavisa,2020-07-08,seguridad_crimen,ok
059_RF_DIRECT_TRANAD,2026-02-21,2026-02-21,059_RF_DIRECT_TRANAD.png,102_2020-07-08,2020-07-08,2020-07-09,102_2020-07-08.png,0.964236,1,Fallas eléctricas afectan sectores urbanos,Usuarios reportaron interrupciones del servicio eléctrico en varias ciudades.,El Comercio,2020-07-09,servicios_basicos,ok
059_RF_DIRECT_TRANAD,2026-02-21,2026-02-21,059_RF_DIRECT_TRANAD.png,102_2020-07-08,2020-07-08,2020-07-09,102_2020-07-08.png,0.964236,1,Controles de seguridad continúan en zonas urbanas,Las fuerzas del orden mantuvieron operativos para garantizar el cumplimiento de restricciones.,El Universo,2020-07-10,seguridad_crimen,ok
059_RF_DIRECT_TRANAD,2026-02-21,2026-02-21,059_RF_DIRECT_TRANAD.png,102_2020-07-08,2020-07-08,2020-07-09,102_2020-07-08.png,0.964236,1,Riesgo país muestra leves variaciones,El indicador de riesgo país reflejó la volatilidad financiera durante la crisis.,El Comercio,2020-07-11,riesgo_pais_calidad_vida,ok
059_RF_DIRECT_TRANAD,2026-02-21,2026-02-21,059_RF_DIRECT_TRANAD.png,102_2020-07-08,2020-07-08,2020-07-09,102_2020-07-08.png,0.964236,1,Gobierno analiza reformas laborales,El Ejecutivo evaluó cambios al marco laboral para enfrentar la crisis económica.,El Universo,2020-07-13,politica_gobierno,ok
059_RF_DIRECT_TRANAD,2026-02-21,2026-02-21,059_RF_DIRECT_TRANAD.png,102_2020-07-08,2020-07-08,2020-07-09,102_2020-07-08.png,0.964236,1,Desempleo continúa en aumento,El mercado laboral siguió deteriorándose durante la pandemia.,El Comercio,2020-07-13,riesgo_pais_calidad_vida,ok
059_RF_DIRECT_TRANAD,2026-02-21,2026-02-21,059_RF_DIRECT_TRANAD.png,102_2020-07-08,2020-07-08,2020-07-09,102_2020-07-08.png,0.964236,1,Autoridades refuerzan seguridad en ciudades,Se intensificaron patrullajes ante reportes de delitos.,El Universo,2020-07-14,seguridad_crimen,ok
059_RF_DIRECT_TRANAD,2026-02-21,2026-02-21,059_RF_DIRECT_TRANAD.png,070_2016-02-17,2016-02-17,2016-02-17,070_2016-02-17.png,0.956321,2,Operativos de seguridad por feriado de Carnaval,La Policía Nacional ejecutó operativos especiales por el feriado de Carnaval para prevenir accidentes y delitos.,El Comercio,2016-02-17,seguridad_crimen,ok
059_RF_DIRECT_TRANAD,2026-02-21,2026-02-21,059_RF_DIRECT_TRANAD.png,070_2016-02-17,2016-02-17,2016-02-17,070_2016-02-17.png,0.956321,2,Enfrentamientos en cárceles dejan muertos febrero 2016,Enfrentamientos entre presos en cárceles ecuatorianas dejan muertos en febrero 2016. Gobierno anuncia intervención; contexto de hacinamiento y control de bandas.,El Comercio,2016-02-17,seguridad_crimen,ok
059_RF_DIRECT_TRANAD,2026-02-21,2026-02-21,059_RF_DIRECT_TRANAD.png,070_2016-02-17,2016-02-17,2016-02-17,070_2016-02-17.png,0.956321,2,Accidente de bus deja víctimas en Azuay,"Un bus interprovincial se accidentó en una vía del Azuay, dejando fallecidos y heridos.",El Universo,2016-02-17,seguridad_crimen,ok
059_RF_DIRECT_TRANAD,2026-02-21,2026-02-21,059_RF_DIRECT_TRANAD.png,070_2016-02-17,2016-02-17,2016-02-17,070_2016-02-17.png,0.956321,2,Lluvias causan deslizamientos en la Sierra,Las precipitaciones intensas provocaron deslizamientos y afectaciones en carreteras de la región Sierra.,El Universo,2016-02-18,medio_ambiente,ok
059_RF_DIRECT_TRANAD,2026-02-21,2026-02-21,059_RF_DIRECT_TRANAD.png,070_2016-02-17,2016-02-17,2016-02-17,070_2016-02-17.png,0.956321,2,Invierno deja miles de afectados en varias provincias,"El fuerte invierno provocó inundaciones, deslaves y daños en viviendas en provincias de la Costa y la Sierra, según reportes de gestión de riesgos.",El Universo,2016-02-22,medio_ambiente,ok
059_RF_DIRECT_TRANAD,2026-02-21,2026-02-21,059_RF_DIRECT_TRANAD.png,070_2016-02-17,2016-02-17,2016-02-17,070_2016-02-17.png,0.956321,2,Controles por retorno de feriado de Carnaval,La Policía Nacional ejecutó operativos en carreteras y terminales por el retorno masivo tras el feriado de Carnaval.,El Comercio,2016-02-22,seguridad_crimen,ok
061_PROPHET_DIRECT_ARIMA,2026-02-10,2026-02-10,061_PROPHET_DIRECT_ARIMA.png,082_2019-12-06,2019-12-06,2019-12-06,082_2019-12-06.png,0.960466,1,Conaie advierte nuevas movilizaciones en 2020 diciembre 2019,Conaie advierte continuar movilizaciones en 2020 tras paro octubre 2019. Dirigentes expresan descontento con políticas Moreno; llamado a unidad indígena y social.,El Universo,2019-12-06,politica_gobierno,ok
061_PROPHET_DIRECT_ARIMA,2026-02-10,2026-02-10,061_PROPHET_DIRECT_ARIMA.png,070_2016-02-17,2016-02-17,2016-02-17,070_2016-02-17.png,0.957665,2,Operativos de seguridad por feriado de Carnaval,La Policía Nacional ejecutó operativos especiales por el feriado de Carnaval para prevenir accidentes y delitos.,El Comercio,2016-02-17,seguridad_crimen,ok
061_PROPHET_DIRECT_ARIMA,2026-02-10,2026-02-10,061_PROPHET_DIRECT_ARIMA.png,070_2016-02-17,2016-02-17,2016-02-17,070_2016-02-17.png,0.957665,2,Enfrentamientos en cárceles dejan muertos febrero 2016,Enfrentamientos entre presos en cárceles ecuatorianas dejan muertos en febrero 2016. Gobierno anuncia intervención; contexto de hacinamiento y control de bandas.,El Comercio,2016-02-17,seguridad_crimen,ok
061_PROPHET_DIRECT_ARIMA,2026-02-10,2026-02-10,061_PROPHET_DIRECT_ARIMA.png,070_2016-02-17,2016-02-17,2016-02-17,070_2016-02-17.png,0.957665,2,Accidente de bus deja víctimas en Azuay,"Un bus interprovincial se accidentó en una vía del Azuay, dejando fallecidos y heridos.",El Universo,2016-02-17,seguridad_crimen,ok
061_PROPHET_DIRECT_ARIMA,2026-02-10,2026-02-10,061_PROPHET_DIRECT_ARIMA.png,070_2016-02-17,2016-02-17,2016-02-17,070_2016-02-17.png,0.957665,2,Lluvias causan deslizamientos en la Sierra,Las precipitaciones intensas provocaron deslizamientos y afectaciones en carreteras de la región Sierra.,El Universo,2016-02-18,medio_ambiente,ok
061_PROPHET_DIRECT_ARIMA,2026-02-10,2026-02-10,061_PROPHET_DIRECT_ARIMA.png,070_2016-02-17,2016-02-17,2016-02-17,070_2016-02-17.png,0.957665,2,Invierno deja miles de afectados en varias provincias,"El fuerte invierno provocó inundaciones, deslaves y daños en viviendas en provincias de la Costa y la Sierra, según reportes de gestión de riesgos.",El Universo,2016-02-22,medio_ambiente,ok
061_PROPHET_DIRECT_ARIMA,2026-02-10,2026-02-10,061_PROPHET_DIRECT_ARIMA.png,070_2016-02-17,2016-02-17,2016-02-17,070_2016-02-17.png,0.957665,2,Controles por retorno de feriado de Carnaval,La Policía Nacional ejecutó operativos en carreteras y terminales por el retorno masivo tras el feriado de Carnaval.,El Comercio,2016-02-22,seguridad_crimen,ok
062_PROPHET_DIRECT_DBSCAN,2026-02-01,2026-02-12,062_PROPHET_DIRECT_DBSCAN.png,082_2019-12-06,2019-12-06,2019-12-06,082_2019-12-06.png,0.958031,1,Conaie advierte nuevas movilizaciones en 2020 diciembre 2019,Conaie advierte continuar movilizaciones en 2020 tras paro octubre 2019. Dirigentes expresan descontento con políticas Moreno; llamado a unidad indígena y social.,El Universo,2019-12-06,politica_gobierno,ok
062_PROPHET_DIRECT_DBSCAN,2026-02-01,2026-02-12,062_PROPHET_DIRECT_DBSCAN.png,159_2025-05-07,2025-05-07,2025-05-07,159_2025-05-07.png,0.952794,2,Mayo inicia con alto índice de homicidios en Guayas y Manabí,Mayo de 2025 arranca con más de 40 homicidios en Guayas y Manabí en los primeros días. Policía reporta operativos contra bandas narcotraficantes; violencia ligada a disputas territoriales y microtráfico persiste pese a estado de excepción.,Primicias,2025-05-02,seguridad_crimen,ok
062_PROPHET_DIRECT_DBSCAN,2026-02-01,2026-02-12,062_PROPHET_DIRECT_DBSCAN.png,159_2025-05-07,2025-05-07,2025-05-07,159_2025-05-07.png,0.952794,2,Inflación mensual negativa en abril cierra y mayo mantiene tendencia baja,"INEC confirma inflación mensual negativa (-0,12%) en abril 2025, tendencia que continúa en mayo. Anual se ubica cerca de 0%; deflación en alimentos y combustibles ayuda a control, pero preocupa desempleo subyacente.",El Universo,2025-05-04,economia_finanzas,ok
062_PROPHET_DIRECT_DBSCAN,2026-02-01,2026-02-12,062_PROPHET_DIRECT_DBSCAN.png,159_2025-05-07,2025-05-07,2025-05-07,159_2025-05-07.png,0.952794,2,Guayas registra nuevo pico de homicidios en mayo 2025,"Guayas registra nuevo pico de homicidios en mayo 2025, con más de 50 casos en una semana, ligado a disputas entre bandas narcotraficantes. Policía reporta operativos y detenciones; contexto de persistencia de violencia pese a estado de excepción.",Primicias,2025-05-05,seguridad_crimen,ok
062_PROPHET_DIRECT_DBSCAN,2026-02-01,2026-02-12,062_PROPHET_DIRECT_DBSCAN.png,159_2025-05-07,2025-05-07,2025-05-07,159_2025-05-07.png,0.952794,2,Noboa extiende estado de excepción en Guayas por 30 días más mayo 2025,Daniel Noboa firma extensión por 30 días del estado de excepción en Guayas (y otras provincias costeras) en mayo 2025. Medida responde a homicidios récord y actividades de crimen organizado; incluye toque de queda y despliegue FF.AA.,La Hora,2025-05-06,politica_gobierno,ok
062_PROPHET_DIRECT_DBSCAN,2026-02-01,2026-02-12,062_PROPHET_DIRECT_DBSCAN.png,159_2025-05-07,2025-05-07,2025-05-07,159_2025-05-07.png,0.952794,2,Inflación mensual en Ecuador se mantiene baja en mayo 2025,"INEC reporta inflación mensual negativa (-0,08%) en mayo 2025, la quinta consecutiva. Anual se ubica en 0,15%. Se destaca deflación en alimentos y combustibles; análisis de impacto post-reformas económicas de Noboa.",El Universo,2025-05-07,economia_finanzas,ok
062_PROPHET_DIRECT_DBSCAN,2026-02-01,2026-02-12,062_PROPHET_DIRECT_DBSCAN.png,159_2025-05-07,2025-05-07,2025-05-07,159_2025-05-07.png,0.952794,2,Gobierno extiende estado de excepción en Guayas y Manabí mayo 2025,Daniel Noboa extiende estado de excepción en Guayas y Manabí por 60 días más en mayo 2025. Medida busca controlar violencia narcotraficante y homicidios; incluye toque de queda nocturno y despliegue militar.,La Hora,2025-05-08,politica_gobierno,ok
062_PROPHET_DIRECT_DBSCAN,2026-02-01,2026-02-12,062_PROPHET_DIRECT_DBSCAN.png,159_2025-05-07,2025-05-07,2025-05-07,159_2025-05-07.png,0.952794,2,Lluvias intensas causan inundaciones en Costa y Sierra mayo 2025,"Inamhi emite alerta naranja por lluvias intensas en Costa (Guayas, Esmeraldas) y Sierra en mayo 2025. Inundaciones, deslizamientos y cierre de vías secundarias; Gestión de Riesgos reporta damnificados y coordinación con GAD.",El Comercio,2025-05-09,medio_ambiente,ok
062_PROPHET_DIRECT_DBSCAN,2026-02-01,2026-02-12,062_PROPHET_DIRECT_DBSCAN.png,159_2025-05-07,2025-05-07,2025-05-07,159_2025-05-07.png,0.952794,2,Riesgo país se mantiene estable tras reelección Noboa mayo 2025,Riesgo país de Ecuador se ubica alrededor de 1.050-1.100 puntos en mayo 2025. Estabilidad post-reelección de Daniel Noboa; analistas destacan confianza inversionista pero alerta por violencia y gasto público.,Primicias,2025-05-10,economia_finanzas,ok
062_PROPHET_DIRECT_DBSCAN,2026-02-01,2026-02-12,062_PROPHET_DIRECT_DBSCAN.png,159_2025-05-07,2025-05-07,2025-05-07,159_2025-05-07.png,0.952794,2,Lluvias intensas generan inundaciones en Costa mayo 2025,"Inamhi alerta naranja por lluvias intensas en Costa (Guayas, Manabí, Esmeraldas) en mayo 2025. Inundaciones y deslizamientos afectan comunidades; Gestión de Riesgos reporta damnificados y cierre de vías secundarias.",El Comercio,2025-05-10,medio_ambiente,ok
062_PROPHET_DIRECT_DBSCAN,2026-02-01,2026-02-12,062_PROPHET_DIRECT_DBSCAN.png,159_2025-05-07,2025-05-07,2025-05-07,159_2025-05-07.png,0.952794,2,Riesgo país de Ecuador se mantiene estable en mayo 2025,Riesgo país de Ecuador se mantiene alrededor de 1.100 puntos en mayo 2025 tras reelección de Noboa. Spreads en bonos soberanos estables; analistas destacan confianza post-electoral pero alerta por violencia persistente.,Primicias,2025-05-11,economia_finanzas,ok
062_PROPHET_DIRECT_DBSCAN,2026-02-01,2026-02-12,062_PROPHET_DIRECT_DBSCAN.png,159_2025-05-07,2025-05-07,2025-05-07,159_2025-05-07.png,0.952794,2,Operativo policial en Durán incauta droga y armas mayo 2025,"Policía ejecuta operativo en Durán (Guayas) en mayo 2025: incautación de cocaína, armas y detenciones de presuntos miembros de banda. Contexto de violencia persistente en zona pese a estado de excepción.",Ecuavisa,2025-05-11,seguridad_crimen,ok
062_PROPHET_DIRECT_DBSCAN,2026-02-01,2026-02-12,062_PROPHET_DIRECT_DBSCAN.png,159_2025-05-07,2025-05-07,2025-05-07,159_2025-05-07.png,0.952794,2,Apagones programados por mantenimiento hidroeléctrico mayo 2025,Ministerio de Energía anuncia apagones programados en mayo 2025 por mantenimiento de hidroeléctricas (Coca Codo Sinclair y otras). Horarios rotativos en regiones; medida preventiva ante bajo caudal residual del estiaje previo.,La Hora,2025-05-12,medio_ambiente,ok
062_PROPHET_DIRECT_DBSCAN,2026-02-01,2026-02-12,062_PROPHET_DIRECT_DBSCAN.png,159_2025-05-07,2025-05-07,2025-05-07,159_2025-05-07.png,0.952794,2,Televistazo 7PM | 12-05-2025,"El noticiero Televistazo 7PM del 12 de mayo 2025 cubre: operativo policial en Durán con incautación de droga y armas, extensión de estado de excepción en Guayas, y avances en agenda de seguridad del gobierno Noboa.",Ecuavisa,2025-05-12,seguridad_crimen,ok
064_PROPHET_DIRECT_DIF,2026-02-10,2026-02-10,064_PROPHET_DIRECT_DIF.png,082_2019-12-06,2019-12-06,2019-12-06,082_2019-12-06.png,0.960466,1,Conaie advierte nuevas movilizaciones en 2020 diciembre 2019,Conaie advierte continuar movilizaciones en 2020 tras paro octubre 2019. Dirigentes expresan descontento con políticas Moreno; llamado a unidad indígena y social.,El Universo,2019-12-06,politica_gobierno,ok
064_PROPHET_DIRECT_DIF,2026-02-10,2026-02-10,064_PROPHET_DIRECT_DIF.png,070_2016-02-17,2016-02-17,2016-02-17,070_2016-02-17.png,0.957665,2,Operativos de seguridad por feriado de Carnaval,La Policía Nacional ejecutó operativos especiales por el feriado de Carnaval para prevenir accidentes y delitos.,El Comercio,2016-02-17,seguridad_crimen,ok
064_PROPHET_DIRECT_DIF,2026-02-10,2026-02-10,064_PROPHET_DIRECT_DIF.png,070_2016-02-17,2016-02-17,2016-02-17,070_2016-02-17.png,0.957665,2,Enfrentamientos en cárceles dejan muertos febrero 2016,Enfrentamientos entre presos en cárceles ecuatorianas dejan muertos en febrero 2016. Gobierno anuncia intervención; contexto de hacinamiento y control de bandas.,El Comercio,2016-02-17,seguridad_crimen,ok
064_PROPHET_DIRECT_DIF,2026-02-10,2026-02-10,064_PROPHET_DIRECT_DIF.png,070_2016-02-17,2016-02-17,2016-02-17,070_2016-02-17.png,0.957665,2,Accidente de bus deja víctimas en Azuay,"Un bus interprovincial se accidentó en una vía del Azuay, dejando fallecidos y heridos.",El Universo,2016-02-17,seguridad_crimen,ok
064_PROPHET_DIRECT_DIF,2026-02-10,2026-02-10,064_PROPHET_DIRECT_DIF.png,070_2016-02-17,2016-02-17,2016-02-17,070_2016-02-17.png,0.957665,2,Lluvias causan deslizamientos en la Sierra,Las precipitaciones intensas provocaron deslizamientos y afectaciones en carreteras de la región Sierra.,El Universo,2016-02-18,medio_ambiente,ok
064_PROPHET_DIRECT_DIF,2026-02-10,2026-02-10,064_PROPHET_DIRECT_DIF.png,070_2016-02-17,2016-02-17,2016-02-17,070_2016-02-17.png,0.957665,2,Invierno deja miles de afectados en varias provincias,"El fuerte invierno provocó inundaciones, deslaves y daños en viviendas en provincias de la Costa y la Sierra, según reportes de gestión de riesgos.",El Universo,2016-02-22,medio_ambiente,ok
064_PROPHET_DIRECT_DIF,2026-02-10,2026-02-10,064_PROPHET_DIRECT_DIF.png,070_2016-02-17,2016-02-17,2016-02-17,070_2016-02-17.png,0.957665,2,Controles por retorno de feriado de Carnaval,La Policía Nacional ejecutó operativos en carreteras y terminales por el retorno masivo tras el feriado de Carnaval.,El Comercio,2016-02-22,seguridad_crimen,ok
067_PROPHET_DIRECT_TIMEGPT,2026-02-09,2026-02-09,067_PROPHET_DIRECT_TIMEGPT.png,082_2019-12-06,2019-12-06,2019-12-06,082_2019-12-06.png,0.957792,1,Conaie advierte nuevas movilizaciones en 2020 diciembre 2019,Conaie advierte continuar movilizaciones en 2020 tras paro octubre 2019. Dirigentes expresan descontento con políticas Moreno; llamado a unidad indígena y social.,El Universo,2019-12-06,politica_gobierno,ok
067_PROPHET_DIRECT_TIMEGPT,2026-02-09,2026-02-09,067_PROPHET_DIRECT_TIMEGPT.png,149_2024-03-01,2024-03-01,2024-03-01,149_2024-03-01.png,0.950417,2,Invierno 2024: miles afectados por lluvias en Ecuador desde enero,"El invierno 2024 deja miles de afectados por lluvias intensas en 23 provincias desde enero. Se reportan inundaciones, deslizamientos y damnificados; Gestión de Riesgos coordina respuesta con alertas Inamhi y apoyo a comunidades vulnerables.",El Comercio,2024-03-01,medio_ambiente,ok
067_PROPHET_DIRECT_TIMEGPT,2026-02-09,2026-02-09,067_PROPHET_DIRECT_TIMEGPT.png,149_2024-03-01,2024-03-01,2024-03-01,149_2024-03-01.png,0.950417,2,Ecuador solicita permiso a México para ingresar a su embajada y detener a Jorge Glas,"La Cancillería ecuatoriana pidió autorización para ingresar a la embajada de México en Quito y detener al exvicepresidente Jorge Glas, elevando tensiones diplomáticas.",Reuters,2024-03-01,politica_gobierno,ok
067_PROPHET_DIRECT_TIMEGPT,2026-02-09,2026-02-09,067_PROPHET_DIRECT_TIMEGPT.png,149_2024-03-01,2024-03-01,2024-03-01,149_2024-03-01.png,0.950417,2,Cobertura nacional: agenda política y seguridad del día,"Medios nacionales reportaron actualizaciones sobre gestión pública, seguridad y coyuntura política, incluyendo efectos en movilidad y servicios.",Teleamazonas,2024-03-01,politica_gobierno,ok
067_PROPHET_DIRECT_TIMEGPT,2026-02-09,2026-02-09,067_PROPHET_DIRECT_TIMEGPT.png,149_2024-03-01,2024-03-01,2024-03-01,149_2024-03-01.png,0.950417,2,Volcán La Cumbre inicia erupción en Galápagos,El gobierno informó sobre la erupción del volcán La Cumbre en una isla no habitada de Galápagos y el monitoreo de riesgos.,Reuters,2024-03-03,medio_ambiente,ok
067_PROPHET_DIRECT_TIMEGPT,2026-02-09,2026-02-09,067_PROPHET_DIRECT_TIMEGPT.png,149_2024-03-01,2024-03-01,2024-03-01,149_2024-03-01.png,0.950417,2,Ecuador se prepara para votaciones con foco en seguridad,La discusión pública incluyó el paquete de medidas de seguridad y gobernabilidad y su impacto en la institucionalidad.,Reuters,2024-03-04,politica_gobierno,ok
068_PROPHET_DIRECT_TIMESNET,2026-02-27,2026-02-27,068_PROPHET_DIRECT_TIMESNET.png,075_2016-04-28,2016-04-28,2016-04-28,075_2016-04-28.png,0.958222,1,Avanza reconstrucción en zonas afectadas por el sismo,Autoridades informaron avances en la reconstrucción de Manabí y Esmeraldas tras el terremoto de abril.,El Universo,2016-04-28,economia_finanzas,ok
068_PROPHET_DIRECT_TIMESNET,2026-02-27,2026-02-27,068_PROPHET_DIRECT_TIMESNET.png,075_2016-04-28,2016-04-28,2016-04-28,075_2016-04-28.png,0.958222,1,Ayuda internacional llega a Manabí tras terremoto de abril 2016,"Gobierno de Israel entrega ayuda humanitaria a damnificados de Canoa (Manabí) tras terremoto del 16 abril 2016. Se detallan donaciones y coordinación para reconstrucción en zona afectada por sismo de 7,8 grados.",El Universo,2016-04-28,medio_ambiente,ok
068_PROPHET_DIRECT_TIMESNET,2026-02-27,2026-02-27,068_PROPHET_DIRECT_TIMESNET.png,075_2016-04-28,2016-04-28,2016-04-28,075_2016-04-28.png,0.958222,1,Solidaridad nacional se mantiene con donaciones,Ciudadanos y empresas continuaron entregando donaciones para damnificados por el terremoto en la costa ecuatoriana.,El Comercio,2016-04-28,sociedad_cultura,ok
068_PROPHET_DIRECT_TIMESNET,2026-02-27,2026-02-27,068_PROPHET_DIRECT_TIMESNET.png,075_2016-04-28,2016-04-28,2016-04-28,075_2016-04-28.png,0.958222,1,Refuerzan controles de seguridad en zonas afectadas,Fuerzas del orden intensificaron patrullajes y controles en áreas afectadas por el sismo para prevenir saqueos.,El Universo,2016-04-29,seguridad_crimen,ok
068_PROPHET_DIRECT_TIMESNET,2026-02-27,2026-02-27,068_PROPHET_DIRECT_TIMESNET.png,093_2020-05-05,2020-05-05,2020-05-08,093_2020-05-05.png,0.957048,2,Riesgo país de Ecuador se dispara en medio de la pandemia,"El indicador de riesgo país alcanzó niveles históricos, reflejando la gravedad de la crisis económica y social.",El Comercio,2020-05-01,riesgo_pais_calidad_vida,ok
068_PROPHET_DIRECT_TIMESNET,2026-02-27,2026-02-27,068_PROPHET_DIRECT_TIMESNET.png,093_2020-05-05,2020-05-05,2020-05-08,093_2020-05-05.png,0.957048,2,Gobierno extiende emergencia sanitaria por COVID-19,El Ejecutivo prorrogó la emergencia sanitaria y mantuvo restricciones de movilidad para frenar contagios.,El Universo,2020-05-04,politica_gobierno,ok
068_PROPHET_DIRECT_TIMESNET,2026-02-27,2026-02-27,068_PROPHET_DIRECT_TIMESNET.png,093_2020-05-05,2020-05-05,2020-05-08,093_2020-05-05.png,0.957048,2,Guayaquil supera pico de muertes por COVID-19 en mayo 2020,"Guayaquil registra pico de muertes COVID-19 en mayo 2020 con exceso mortalidad. Se detallan entierros masivos, colapso sanitario y transición a distanciamiento social tras cuarentena estricta.",Primicias,2020-05-05,medio_ambiente,ok
068_PROPHET_DIRECT_TIMESNET,2026-02-27,2026-02-27,068_PROPHET_DIRECT_TIMESNET.png,093_2020-05-05,2020-05-05,2020-05-08,093_2020-05-05.png,0.957048,2,Hospitales de Guayaquil continúan bajo presión,El sistema de salud de Guayaquil enfrentó alta demanda de pacientes por COVID-19.,El Comercio,2020-05-05,riesgo_pais_calidad_vida,ok
068_PROPHET_DIRECT_TIMESNET,2026-02-27,2026-02-27,068_PROPHET_DIRECT_TIMESNET.png,093_2020-05-05,2020-05-05,2020-05-08,093_2020-05-05.png,0.957048,2,Ingresos petroleros caen por desplome de precios,La baja del crudo redujo significativamente los ingresos del Estado en medio de la crisis sanitaria.,El Universo,2020-05-06,economia_finanzas,ok
068_PROPHET_DIRECT_TIMESNET,2026-02-27,2026-02-27,068_PROPHET_DIRECT_TIMESNET.png,093_2020-05-05,2020-05-05,2020-05-08,093_2020-05-05.png,0.957048,2,Fuerzas Armadas refuerzan controles durante confinamiento,Militares apoyaron operativos de control y vigilancia para asegurar el cumplimiento de restricciones.,El Comercio,2020-05-08,seguridad_crimen,ok
068_PROPHET_DIRECT_TIMESNET,2026-02-27,2026-02-27,068_PROPHET_DIRECT_TIMESNET.png,093_2020-05-05,2020-05-05,2020-05-08,093_2020-05-05.png,0.957048,2,Sectores productivos analizan reactivación,Empresarios evaluaron escenarios de reactivación económica bajo restricciones sanitarias.,El Comercio,2020-05-11,economia_finanzas,ok
068_PROPHET_DIRECT_TIMESNET,2026-02-27,2026-02-27,068_PROPHET_DIRECT_TIMESNET.png,093_2020-05-05,2020-05-05,2020-05-08,093_2020-05-05.png,0.957048,2,Gobierno anuncia semáforo epidemiológico,El COE Nacional presentó el sistema de semáforo para regular la reapertura gradual de actividades.,El Universo,2020-05-11,politica_gobierno,ok
068_PROPHET_DIRECT_TIMESNET,2026-02-27,2026-02-27,068_PROPHET_DIRECT_TIMESNET.png,093_2020-05-05,2020-05-05,2020-05-08,093_2020-05-05.png,0.957048,2,Robos y delitos se reportan pese a cuarentena,La Policía informó sobre delitos registrados durante el periodo de confinamiento.,El Universo,2020-05-12,seguridad_crimen,ok
068_PROPHET_DIRECT_TIMESNET,2026-02-27,2026-02-27,068_PROPHET_DIRECT_TIMESNET.png,093_2020-05-05,2020-05-05,2020-05-08,093_2020-05-05.png,0.957048,2,Ecuador negocia financiamiento con el FMI,El país avanzó en negociaciones con el FMI para obtener recursos frente a la crisis.,El Universo,2020-05-13,politica_gobierno,ok
068_PROPHET_DIRECT_TIMESNET,2026-02-27,2026-02-27,068_PROPHET_DIRECT_TIMESNET.png,093_2020-05-05,2020-05-05,2020-05-08,093_2020-05-05.png,0.957048,2,Minuto a minuto sobre el coronavirus 13/05/2020,"Actualización diaria COVID-19 en Ecuador 13 mayo 2020: nuevos casos, muertes y medidas. Se destacan alertas en Guayas y transición de cuarentena a semáforo epidemiológico.",Plan V,2020-05-13,politica_gobierno,ok
068_PROPHET_DIRECT_TIMESNET,2026-02-27,2026-02-27,068_PROPHET_DIRECT_TIMESNET.png,093_2020-05-05,2020-05-05,2020-05-08,093_2020-05-05.png,0.957048,2,Estado amplía bonos de asistencia social,El Gobierno amplió la cobertura de bonos para mitigar el impacto social de la pandemia.,El Comercio,2020-05-13,riesgo_pais_calidad_vida,ok
069_PROPHET_DIRECT_TRANAD,2026-02-27,2026-02-27,069_PROPHET_DIRECT_TRANAD.png,075_2016-04-28,2016-04-28,2016-04-28,075_2016-04-28.png,0.958222,1,Avanza reconstrucción en zonas afectadas por el sismo,Autoridades informaron avances en la reconstrucción de Manabí y Esmeraldas tras el terremoto de abril.,El Universo,2016-04-28,economia_finanzas,ok
069_PROPHET_DIRECT_TRANAD,2026-02-27,2026-02-27,069_PROPHET_DIRECT_TRANAD.png,075_2016-04-28,2016-04-28,2016-04-28,075_2016-04-28.png,0.958222,1,Ayuda internacional llega a Manabí tras terremoto de abril 2016,"Gobierno de Israel entrega ayuda humanitaria a damnificados de Canoa (Manabí) tras terremoto del 16 abril 2016. Se detallan donaciones y coordinación para reconstrucción en zona afectada por sismo de 7,8 grados.",El Universo,2016-04-28,medio_ambiente,ok
069_PROPHET_DIRECT_TRANAD,2026-02-27,2026-02-27,069_PROPHET_DIRECT_TRANAD.png,075_2016-04-28,2016-04-28,2016-04-28,075_2016-04-28.png,0.958222,1,Solidaridad nacional se mantiene con donaciones,Ciudadanos y empresas continuaron entregando donaciones para damnificados por el terremoto en la costa ecuatoriana.,El Comercio,2016-04-28,sociedad_cultura,ok
069_PROPHET_DIRECT_TRANAD,2026-02-27,2026-02-27,069_PROPHET_DIRECT_TRANAD.png,075_2016-04-28,2016-04-28,2016-04-28,075_2016-04-28.png,0.958222,1,Refuerzan controles de seguridad en zonas afectadas,Fuerzas del orden intensificaron patrullajes y controles en áreas afectadas por el sismo para prevenir saqueos.,El Universo,2016-04-29,seguridad_crimen,ok
069_PROPHET_DIRECT_TRANAD,2026-02-27,2026-02-27,069_PROPHET_DIRECT_TRANAD.png,093_2020-05-05,2020-05-05,2020-05-08,093_2020-05-05.png,0.957048,2,Riesgo país de Ecuador se dispara en medio de la pandemia,"El indicador de riesgo país alcanzó niveles históricos, reflejando la gravedad de la crisis económica y social.",El Comercio,2020-05-01,riesgo_pais_calidad_vida,ok
069_PROPHET_DIRECT_TRANAD,2026-02-27,2026-02-27,069_PROPHET_DIRECT_TRANAD.png,093_2020-05-05,2020-05-05,2020-05-08,093_2020-05-05.png,0.957048,2,Gobierno extiende emergencia sanitaria por COVID-19,El Ejecutivo prorrogó la emergencia sanitaria y mantuvo restricciones de movilidad para frenar contagios.,El Universo,2020-05-04,politica_gobierno,ok
069_PROPHET_DIRECT_TRANAD,2026-02-27,2026-02-27,069_PROPHET_DIRECT_TRANAD.png,093_2020-05-05,2020-05-05,2020-05-08,093_2020-05-05.png,0.957048,2,Guayaquil supera pico de muertes por COVID-19 en mayo 2020,"Guayaquil registra pico de muertes COVID-19 en mayo 2020 con exceso mortalidad. Se detallan entierros masivos, colapso sanitario y transición a distanciamiento social tras cuarentena estricta.",Primicias,2020-05-05,medio_ambiente,ok
069_PROPHET_DIRECT_TRANAD,2026-02-27,2026-02-27,069_PROPHET_DIRECT_TRANAD.png,093_2020-05-05,2020-05-05,2020-05-08,093_2020-05-05.png,0.957048,2,Hospitales de Guayaquil continúan bajo presión,El sistema de salud de Guayaquil enfrentó alta demanda de pacientes por COVID-19.,El Comercio,2020-05-05,riesgo_pais_calidad_vida,ok
069_PROPHET_DIRECT_TRANAD,2026-02-27,2026-02-27,069_PROPHET_DIRECT_TRANAD.png,093_2020-05-05,2020-05-05,2020-05-08,093_2020-05-05.png,0.957048,2,Ingresos petroleros caen por desplome de precios,La baja del crudo redujo significativamente los ingresos del Estado en medio de la crisis sanitaria.,El Universo,2020-05-06,economia_finanzas,ok
069_PROPHET_DIRECT_TRANAD,2026-02-27,2026-02-27,069_PROPHET_DIRECT_TRANAD.png,093_2020-05-05,2020-05-05,2020-05-08,093_2020-05-05.png,0.957048,2,Fuerzas Armadas refuerzan controles durante confinamiento,Militares apoyaron operativos de control y vigilancia para asegurar el cumplimiento de restricciones.,El Comercio,2020-05-08,seguridad_crimen,ok
069_PROPHET_DIRECT_TRANAD,2026-02-27,2026-02-27,069_PROPHET_DIRECT_TRANAD.png,093_2020-05-05,2020-05-05,2020-05-08,093_2020-05-05.png,0.957048,2,Sectores productivos analizan reactivación,Empresarios evaluaron escenarios de reactivación económica bajo restricciones sanitarias.,El Comercio,2020-05-11,economia_finanzas,ok
069_PROPHET_DIRECT_TRANAD,2026-02-27,2026-02-27,069_PROPHET_DIRECT_TRANAD.png,093_2020-05-05,2020-05-05,2020-05-08,093_2020-05-05.png,0.957048,2,Gobierno anuncia semáforo epidemiológico,El COE Nacional presentó el sistema de semáforo para regular la reapertura gradual de actividades.,El Universo,2020-05-11,politica_gobierno,ok
069_PROPHET_DIRECT_TRANAD,2026-02-27,2026-02-27,069_PROPHET_DIRECT_TRANAD.png,093_2020-05-05,2020-05-05,2020-05-08,093_2020-05-05.png,0.957048,2,Robos y delitos se reportan pese a cuarentena,La Policía informó sobre delitos registrados durante el periodo de confinamiento.,El Universo,2020-05-12,seguridad_crimen,ok
069_PROPHET_DIRECT_TRANAD,2026-02-27,2026-02-27,069_PROPHET_DIRECT_TRANAD.png,093_2020-05-05,2020-05-05,2020-05-08,093_2020-05-05.png,0.957048,2,Ecuador negocia financiamiento con el FMI,El país avanzó en negociaciones con el FMI para obtener recursos frente a la crisis.,El Universo,2020-05-13,politica_gobierno,ok
069_PROPHET_DIRECT_TRANAD,2026-02-27,2026-02-27,069_PROPHET_DIRECT_TRANAD.png,093_2020-05-05,2020-05-05,2020-05-08,093_2020-05-05.png,0.957048,2,Minuto a minuto sobre el coronavirus 13/05/2020,"Actualización diaria COVID-19 en Ecuador 13 mayo 2020: nuevos casos, muertes y medidas. Se destacan alertas en Guayas y transición de cuarentena a semáforo epidemiológico.",Plan V,2020-05-13,politica_gobierno,ok
069_PROPHET_DIRECT_TRANAD,2026-02-27,2026-02-27,069_PROPHET_DIRECT_TRANAD.png,093_2020-05-05,2020-05-05,2020-05-08,093_2020-05-05.png,0.957048,2,Estado amplía bonos de asistencia social,El Gobierno amplió la cobertura de bonos para mitigar el impacto social de la pandemia.,El Comercio,2020-05-13,riesgo_pais_calidad_vida,ok
071_PROPHET_FEEDBACK_ARIMA,2026-01-31,2026-01-31,071_PROPHET_FEEDBACK_ARIMA.png,061_2014-12-01,2014-12-01,2014-12-01,061_2014-12-01.png,0.965644,1,Policía refuerza operativos de seguridad por temporada navideña,La Policía Nacional anunció el despliegue de operativos especiales para prevenir robos y asaltos durante el inicio de la temporada navideña.,El Comercio,2014-12-01,seguridad_crimen,ok
071_PROPHET_FEEDBACK_ARIMA,2026-01-31,2026-01-31,071_PROPHET_FEEDBACK_ARIMA.png,061_2014-12-01,2014-12-01,2014-12-01,061_2014-12-01.png,0.965644,1,Falla eléctrica provocó apagones en varias provincias,"Una falla en el sistema interconectado nacional ocasionó apagones en ciudades de la Costa y la Sierra, afectando actividades comerciales y domésticas.",El Universo,2014-12-01,servicios_basicos,ok
071_PROPHET_FEEDBACK_ARIMA,2026-01-31,2026-01-31,071_PROPHET_FEEDBACK_ARIMA.png,016_2008-09-29,2008-09-29,2008-09-29,016_2008-09-29.png,0.962748,2,Corte de energía afectó varios cantones del Guayas,"Una falla en el sistema eléctrico provocó cortes de energía en varios cantones del Guayas, afectando a miles de usuarios.",El Universo,2008-09-27,servicios_basicos,ok
071_PROPHET_FEEDBACK_ARIMA,2026-01-31,2026-01-31,071_PROPHET_FEEDBACK_ARIMA.png,016_2008-09-29,2008-09-29,2008-09-29,016_2008-09-29.png,0.962748,2,Ecuador votes on president's powers," Cobertura del referéndum constitucional en Ecuador, centrada en los cambios propuestos y sus implicaciones sobre el diseño institucional y el alcance del poder ejecutivo, en el contexto político regional y del proceso constituyente.",Al Jazeera,2008-09-28,politica_gobierno,ok
071_PROPHET_FEEDBACK_ARIMA,2026-01-31,2026-01-31,071_PROPHET_FEEDBACK_ARIMA.png,016_2008-09-29,2008-09-29,2008-09-29,016_2008-09-29.png,0.962748,2,Ecuador referendum endorses new socialist constitution," Reporte sobre la aprobación en referéndum de la nueva Constitución ecuatoriana, destacando los principales cambios institucionales y sociales y el debate sobre el incremento de atribuciones del Ejecutivo, además de reacciones políticas posteriores.",The Guardian,2008-09-29,politica_gobierno,ok
071_PROPHET_FEEDBACK_ARIMA,2026-01-31,2026-01-31,071_PROPHET_FEEDBACK_ARIMA.png,016_2008-09-29,2008-09-29,2008-09-29,016_2008-09-29.png,0.962748,2,"Ecuador's Correa wins new powers in ""historic"" vote"," Reuters informó que Rafael Correa obtuvo un amplio respaldo en el referéndum constitucional, lo que habilitó reformas y un rediseño institucional con mayor margen de maniobra para el Ejecutivo. Se mencionan resultados preliminares, narrativa de cambio político y comparación con procesos regionales.",Reuters,2008-09-29,politica_gobierno,ok
071_PROPHET_FEEDBACK_ARIMA,2026-01-31,2026-01-31,071_PROPHET_FEEDBACK_ARIMA.png,016_2008-09-29,2008-09-29,2008-09-29,016_2008-09-29.png,0.962748,2,Ecuador tras pacto largo con EE.UU.,"El Gobierno ecuatoriano analizó la continuidad de acuerdos comerciales con Estados Unidos en un contexto de crisis financiera internacional, evaluando impactos para exportaciones y relaciones bilaterales.",El Universo,2008-10-01,economia_finanzas,ok
071_PROPHET_FEEDBACK_ARIMA,2026-01-31,2026-01-31,071_PROPHET_FEEDBACK_ARIMA.png,016_2008-09-29,2008-09-29,2008-09-29,016_2008-09-29.png,0.962748,2,"Popular Correa embraces traditional, modern Ecuador"," Perfil político de Rafael Correa tras la aprobación de la nueva Constitución, contrastando posturas sociales tradicionales con reformas institucionales, y describiendo el contexto de consolidación del proyecto político del oficialismo.",Reuters,2008-10-01,politica_gobierno,ok
071_PROPHET_FEEDBACK_ARIMA,2026-01-31,2026-01-31,071_PROPHET_FEEDBACK_ARIMA.png,016_2008-09-29,2008-09-29,2008-09-29,016_2008-09-29.png,0.962748,2,Asalto armado a bus urbano dejó heridos en Quito,"Un asalto armado a un bus de transporte urbano dejó pasajeros heridos en el sur de Quito, generando operativos policiales.",El Universo,2008-10-02,seguridad_crimen,ok
071_PROPHET_FEEDBACK_ARIMA,2026-01-31,2026-01-31,071_PROPHET_FEEDBACK_ARIMA.png,016_2008-09-29,2008-09-29,2008-09-29,016_2008-09-29.png,0.962748,2,Ecuador rethinks oil strategy," Análisis sobre el replanteamiento de la estrategia petrolera ecuatoriana, con mayor regulación y escrutinio a inversionistas, y el peso del petróleo en ingresos fiscales y exportaciones en medio de volatilidad de precios.",UPI,2008-10-03,economia_finanzas,ok
073_PROPHET_FEEDBACK_DBSCAN,2026-02-01,2026-02-01,073_PROPHET_FEEDBACK_DBSCAN.png,061_2014-12-01,2014-12-01,2014-12-01,061_2014-12-01.png,0.966516,1,Policía refuerza operativos de seguridad por temporada navideña,La Policía Nacional anunció el despliegue de operativos especiales para prevenir robos y asaltos durante el inicio de la temporada navideña.,El Comercio,2014-12-01,seguridad_crimen,ok
073_PROPHET_FEEDBACK_DBSCAN,2026-02-01,2026-02-01,073_PROPHET_FEEDBACK_DBSCAN.png,061_2014-12-01,2014-12-01,2014-12-01,061_2014-12-01.png,0.966516,1,Falla eléctrica provocó apagones en varias provincias,"Una falla en el sistema interconectado nacional ocasionó apagones en ciudades de la Costa y la Sierra, afectando actividades comerciales y domésticas.",El Universo,2014-12-01,servicios_basicos,ok
073_PROPHET_FEEDBACK_DBSCAN,2026-02-01,2026-02-01,073_PROPHET_FEEDBACK_DBSCAN.png,016_2008-09-29,2008-09-29,2008-09-29,016_2008-09-29.png,0.959382,2,Corte de energía afectó varios cantones del Guayas,"Una falla en el sistema eléctrico provocó cortes de energía en varios cantones del Guayas, afectando a miles de usuarios.",El Universo,2008-09-27,servicios_basicos,ok
073_PROPHET_FEEDBACK_DBSCAN,2026-02-01,2026-02-01,073_PROPHET_FEEDBACK_DBSCAN.png,016_2008-09-29,2008-09-29,2008-09-29,016_2008-09-29.png,0.959382,2,Ecuador votes on president's powers," Cobertura del referéndum constitucional en Ecuador, centrada en los cambios propuestos y sus implicaciones sobre el diseño institucional y el alcance del poder ejecutivo, en el contexto político regional y del proceso constituyente.",Al Jazeera,2008-09-28,politica_gobierno,ok
073_PROPHET_FEEDBACK_DBSCAN,2026-02-01,2026-02-01,073_PROPHET_FEEDBACK_DBSCAN.png,016_2008-09-29,2008-09-29,2008-09-29,016_2008-09-29.png,0.959382,2,Ecuador referendum endorses new socialist constitution," Reporte sobre la aprobación en referéndum de la nueva Constitución ecuatoriana, destacando los principales cambios institucionales y sociales y el debate sobre el incremento de atribuciones del Ejecutivo, además de reacciones políticas posteriores.",The Guardian,2008-09-29,politica_gobierno,ok
073_PROPHET_FEEDBACK_DBSCAN,2026-02-01,2026-02-01,073_PROPHET_FEEDBACK_DBSCAN.png,016_2008-09-29,2008-09-29,2008-09-29,016_2008-09-29.png,0.959382,2,"Ecuador's Correa wins new powers in ""historic"" vote"," Reuters informó que Rafael Correa obtuvo un amplio respaldo en el referéndum constitucional, lo que habilitó reformas y un rediseño institucional con mayor margen de maniobra para el Ejecutivo. Se mencionan resultados preliminares, narrativa de cambio político y comparación con procesos regionales.",Reuters,2008-09-29,politica_gobierno,ok
073_PROPHET_FEEDBACK_DBSCAN,2026-02-01,2026-02-01,073_PROPHET_FEEDBACK_DBSCAN.png,016_2008-09-29,2008-09-29,2008-09-29,016_2008-09-29.png,0.959382,2,Ecuador tras pacto largo con EE.UU.,"El Gobierno ecuatoriano analizó la continuidad de acuerdos comerciales con Estados Unidos en un contexto de crisis financiera internacional, evaluando impactos para exportaciones y relaciones bilaterales.",El Universo,2008-10-01,economia_finanzas,ok
073_PROPHET_FEEDBACK_DBSCAN,2026-02-01,2026-02-01,073_PROPHET_FEEDBACK_DBSCAN.png,016_2008-09-29,2008-09-29,2008-09-29,016_2008-09-29.png,0.959382,2,"Popular Correa embraces traditional, modern Ecuador"," Perfil político de Rafael Correa tras la aprobación de la nueva Constitución, contrastando posturas sociales tradicionales con reformas institucionales, y describiendo el contexto de consolidación del proyecto político del oficialismo.",Reuters,2008-10-01,politica_gobierno,ok
073_PROPHET_FEEDBACK_DBSCAN,2026-02-01,2026-02-01,073_PROPHET_FEEDBACK_DBSCAN.png,016_2008-09-29,2008-09-29,2008-09-29,016_2008-09-29.png,0.959382,2,Asalto armado a bus urbano dejó heridos en Quito,"Un asalto armado a un bus de transporte urbano dejó pasajeros heridos en el sur de Quito, generando operativos policiales.",El Universo,2008-10-02,seguridad_crimen,ok
073_PROPHET_FEEDBACK_DBSCAN,2026-02-01,2026-02-01,073_PROPHET_FEEDBACK_DBSCAN.png,016_2008-09-29,2008-09-29,2008-09-29,016_2008-09-29.png,0.959382,2,Ecuador rethinks oil strategy," Análisis sobre el replanteamiento de la estrategia petrolera ecuatoriana, con mayor regulación y escrutinio a inversionistas, y el peso del petróleo en ingresos fiscales y exportaciones en medio de volatilidad de precios.",UPI,2008-10-03,economia_finanzas,ok
074_PROPHET_FEEDBACK_DBSCAN,2026-02-05,2026-02-06,074_PROPHET_FEEDBACK_DBSCAN.png,099_2020-06-24,2020-06-24,2020-06-26,099_2020-06-24.png,0.962658,1,Ecuador registra pico de muertes por COVID-19 en junio 2020,"Ecuador enfrenta pico de muertes por COVID-19 en junio 2020, con Guayaquil y Quito como epicentros. El Ministerio de Salud reporta exceso de mortalidad; se detallan colapso hospitalario, entierros masivos y medidas de emergencia sanitaria bajo Lenín Moreno.",El Universo,2020-06-19,medio_ambiente,ok
074_PROPHET_FEEDBACK_DBSCAN,2026-02-05,2026-02-06,074_PROPHET_FEEDBACK_DBSCAN.png,099_2020-06-24,2020-06-24,2020-06-26,099_2020-06-24.png,0.962658,1,Confinamiento nacional se extiende en Ecuador por pandemia junio 2020,"El gobierno de Lenín Moreno extiende confinamiento nacional en junio 2020 por avance de COVID-19. Se anuncian restricciones por semáforo epidemiológico; impacto en economía, empleo y salud pública, con críticas por gestión de emergencia.",Primicias,2020-06-24,politica_gobierno,ok
074_PROPHET_FEEDBACK_DBSCAN,2026-02-05,2026-02-06,074_PROPHET_FEEDBACK_DBSCAN.png,099_2020-06-24,2020-06-24,2020-06-26,099_2020-06-24.png,0.962658,1,Autoridades alertan por rebrotes de COVID-19,Se reportaron incrementos de contagios en varias provincias tras la flexibilización de restricciones.,El Universo,2020-06-24,riesgo_pais_calidad_vida,ok
074_PROPHET_FEEDBACK_DBSCAN,2026-02-05,2026-02-06,074_PROPHET_FEEDBACK_DBSCAN.png,099_2020-06-24,2020-06-24,2020-06-26,099_2020-06-24.png,0.962658,1,Gobierno anuncia nuevos ajustes presupuestarios,El Ejecutivo dispuso recortes adicionales ante la persistente crisis fiscal.,El Comercio,2020-06-25,economia_finanzas,ok
074_PROPHET_FEEDBACK_DBSCAN,2026-02-05,2026-02-06,074_PROPHET_FEEDBACK_DBSCAN.png,099_2020-06-24,2020-06-24,2020-06-26,099_2020-06-24.png,0.962658,1,Barrios denuncian aumento de robos,Habitantes reportaron incremento de delitos en sectores urbanos durante la emergencia sanitaria.,El Universo,2020-06-26,seguridad_crimen,ok
074_PROPHET_FEEDBACK_DBSCAN,2026-02-05,2026-02-06,074_PROPHET_FEEDBACK_DBSCAN.png,099_2020-06-24,2020-06-24,2020-06-26,099_2020-06-24.png,0.962658,1,Ecuador mantiene diálogo con organismos multilaterales,El Gobierno sostuvo conversaciones con organismos financieros para apoyo en la recuperación.,El Comercio,2020-06-27,politica_gobierno,ok
074_PROPHET_FEEDBACK_DBSCAN,2026-02-05,2026-02-06,074_PROPHET_FEEDBACK_DBSCAN.png,099_2020-06-24,2020-06-24,2020-06-26,099_2020-06-24.png,0.962658,1,Ecuador negocia vacunas COVID-19 con laboratorios internacionales julio 2020,Ecuador inicia negociaciones para vacunas COVID-19 con Pfizer y otros laboratorios en julio 2020. El Ministerio de Salud detalla avances en adquisición; contexto de pandemia con alto número de contagios y muertes.,El Comercio,2020-07-01,politica_gobierno,ok
074_PROPHET_FEEDBACK_DBSCAN,2026-02-05,2026-02-06,074_PROPHET_FEEDBACK_DBSCAN.png,099_2020-06-24,2020-06-24,2020-06-26,099_2020-06-24.png,0.962658,1,COE anuncia nuevas medidas ante aumento de casos,El COE Nacional ajustó disposiciones frente al incremento de contagios por COVID-19.,El Universo,2020-07-01,politica_gobierno,ok
074_PROPHET_FEEDBACK_DBSCAN,2026-02-05,2026-02-06,074_PROPHET_FEEDBACK_DBSCAN.png,099_2020-06-24,2020-06-24,2020-06-26,099_2020-06-24.png,0.962658,1,Crisis sanitaria impacta empleo y salarios,El mercado laboral continuó deteriorándose por la prolongación de la emergencia.,El Comercio,2020-07-01,riesgo_pais_calidad_vida,ok
074_PROPHET_FEEDBACK_DBSCAN,2026-02-05,2026-02-06,074_PROPHET_FEEDBACK_DBSCAN.png,149_2024-03-01,2024-03-01,2024-03-01,149_2024-03-01.png,0.9594,2,Invierno 2024: miles afectados por lluvias en Ecuador desde enero,"El invierno 2024 deja miles de afectados por lluvias intensas en 23 provincias desde enero. Se reportan inundaciones, deslizamientos y damnificados; Gestión de Riesgos coordina respuesta con alertas Inamhi y apoyo a comunidades vulnerables.",El Comercio,2024-03-01,medio_ambiente,ok
074_PROPHET_FEEDBACK_DBSCAN,2026-02-05,2026-02-06,074_PROPHET_FEEDBACK_DBSCAN.png,149_2024-03-01,2024-03-01,2024-03-01,149_2024-03-01.png,0.9594,2,Ecuador solicita permiso a México para ingresar a su embajada y detener a Jorge Glas,"La Cancillería ecuatoriana pidió autorización para ingresar a la embajada de México en Quito y detener al exvicepresidente Jorge Glas, elevando tensiones diplomáticas.",Reuters,2024-03-01,politica_gobierno,ok
074_PROPHET_FEEDBACK_DBSCAN,2026-02-05,2026-02-06,074_PROPHET_FEEDBACK_DBSCAN.png,149_2024-03-01,2024-03-01,2024-03-01,149_2024-03-01.png,0.9594,2,Cobertura nacional: agenda política y seguridad del día,"Medios nacionales reportaron actualizaciones sobre gestión pública, seguridad y coyuntura política, incluyendo efectos en movilidad y servicios.",Teleamazonas,2024-03-01,politica_gobierno,ok
074_PROPHET_FEEDBACK_DBSCAN,2026-02-05,2026-02-06,074_PROPHET_FEEDBACK_DBSCAN.png,149_2024-03-01,2024-03-01,2024-03-01,149_2024-03-01.png,0.9594,2,Volcán La Cumbre inicia erupción en Galápagos,El gobierno informó sobre la erupción del volcán La Cumbre en una isla no habitada de Galápagos y el monitoreo de riesgos.,Reuters,2024-03-03,medio_ambiente,ok
074_PROPHET_FEEDBACK_DBSCAN,2026-02-05,2026-02-06,074_PROPHET_FEEDBACK_DBSCAN.png,149_2024-03-01,2024-03-01,2024-03-01,149_2024-03-01.png,0.9594,2,Ecuador se prepara para votaciones con foco en seguridad,La discusión pública incluyó el paquete de medidas de seguridad y gobernabilidad y su impacto en la institucionalidad.,Reuters,2024-03-04,politica_gobierno,ok
075_PROPHET_FEEDBACK_DBSCAN,2026-02-10,2026-02-13,075_PROPHET_FEEDBACK_DBSCAN.png,082_2019-12-06,2019-12-06,2019-12-06,082_2019-12-06.png,0.960453,1,Conaie advierte nuevas movilizaciones en 2020 diciembre 2019,Conaie advierte continuar movilizaciones en 2020 tras paro octubre 2019. Dirigentes expresan descontento con políticas Moreno; llamado a unidad indígena y social.,El Universo,2019-12-06,politica_gobierno,ok
075_PROPHET_FEEDBACK_DBSCAN,2026-02-10,2026-02-13,075_PROPHET_FEEDBACK_DBSCAN.png,070_2016-02-17,2016-02-17,2016-02-17,070_2016-02-17.png,0.955379,2,Operativos de seguridad por feriado de Carnaval,La Policía Nacional ejecutó operativos especiales por el feriado de Carnaval para prevenir accidentes y delitos.,El Comercio,2016-02-17,seguridad_crimen,ok
075_PROPHET_FEEDBACK_DBSCAN,2026-02-10,2026-02-13,075_PROPHET_FEEDBACK_DBSCAN.png,070_2016-02-17,2016-02-17,2016-02-17,070_2016-02-17.png,0.955379,2,Enfrentamientos en cárceles dejan muertos febrero 2016,Enfrentamientos entre presos en cárceles ecuatorianas dejan muertos en febrero 2016. Gobierno anuncia intervención; contexto de hacinamiento y control de bandas.,El Comercio,2016-02-17,seguridad_crimen,ok
075_PROPHET_FEEDBACK_DBSCAN,2026-02-10,2026-02-13,075_PROPHET_FEEDBACK_DBSCAN.png,070_2016-02-17,2016-02-17,2016-02-17,070_2016-02-17.png,0.955379,2,Accidente de bus deja víctimas en Azuay,"Un bus interprovincial se accidentó en una vía del Azuay, dejando fallecidos y heridos.",El Universo,2016-02-17,seguridad_crimen,ok
075_PROPHET_FEEDBACK_DBSCAN,2026-02-10,2026-02-13,075_PROPHET_FEEDBACK_DBSCAN.png,070_2016-02-17,2016-02-17,2016-02-17,070_2016-02-17.png,0.955379,2,Lluvias causan deslizamientos en la Sierra,Las precipitaciones intensas provocaron deslizamientos y afectaciones en carreteras de la región Sierra.,El Universo,2016-02-18,medio_ambiente,ok
075_PROPHET_FEEDBACK_DBSCAN,2026-02-10,2026-02-13,075_PROPHET_FEEDBACK_DBSCAN.png,070_2016-02-17,2016-02-17,2016-02-17,070_2016-02-17.png,0.955379,2,Invierno deja miles de afectados en varias provincias,"El fuerte invierno provocó inundaciones, deslaves y daños en viviendas en provincias de la Costa y la Sierra, según reportes de gestión de riesgos.",El Universo,2016-02-22,medio_ambiente,ok
075_PROPHET_FEEDBACK_DBSCAN,2026-02-10,2026-02-13,075_PROPHET_FEEDBACK_DBSCAN.png,070_2016-02-17,2016-02-17,2016-02-17,070_2016-02-17.png,0.955379,2,Controles por retorno de feriado de Carnaval,La Policía Nacional ejecutó operativos en carreteras y terminales por el retorno masivo tras el feriado de Carnaval.,El Comercio,2016-02-22,seguridad_crimen,ok
076_PROPHET_FEEDBACK_DBSCAN,2026-02-17,2026-02-19,076_PROPHET_FEEDBACK_DBSCAN.png,149_2024-03-01,2024-03-01,2024-03-01,149_2024-03-01.png,0.955917,1,Invierno 2024: miles afectados por lluvias en Ecuador desde enero,"El invierno 2024 deja miles de afectados por lluvias intensas en 23 provincias desde enero. Se reportan inundaciones, deslizamientos y damnificados; Gestión de Riesgos coordina respuesta con alertas Inamhi y apoyo a comunidades vulnerables.",El Comercio,2024-03-01,medio_ambiente,ok
076_PROPHET_FEEDBACK_DBSCAN,2026-02-17,2026-02-19,076_PROPHET_FEEDBACK_DBSCAN.png,149_2024-03-01,2024-03-01,2024-03-01,149_2024-03-01.png,0.955917,1,Ecuador solicita permiso a México para ingresar a su embajada y detener a Jorge Glas,"La Cancillería ecuatoriana pidió autorización para ingresar a la embajada de México en Quito y detener al exvicepresidente Jorge Glas, elevando tensiones diplomáticas.",Reuters,2024-03-01,politica_gobierno,ok
076_PROPHET_FEEDBACK_DBSCAN,2026-02-17,2026-02-19,076_PROPHET_FEEDBACK_DBSCAN.png,149_2024-03-01,2024-03-01,2024-03-01,149_2024-03-01.png,0.955917,1,Cobertura nacional: agenda política y seguridad del día,"Medios nacionales reportaron actualizaciones sobre gestión pública, seguridad y coyuntura política, incluyendo efectos en movilidad y servicios.",Teleamazonas,2024-03-01,politica_gobierno,ok
076_PROPHET_FEEDBACK_DBSCAN,2026-02-17,2026-02-19,076_PROPHET_FEEDBACK_DBSCAN.png,149_2024-03-01,2024-03-01,2024-03-01,149_2024-03-01.png,0.955917,1,Volcán La Cumbre inicia erupción en Galápagos,El gobierno informó sobre la erupción del volcán La Cumbre en una isla no habitada de Galápagos y el monitoreo de riesgos.,Reuters,2024-03-03,medio_ambiente,ok
076_PROPHET_FEEDBACK_DBSCAN,2026-02-17,2026-02-19,076_PROPHET_FEEDBACK_DBSCAN.png,149_2024-03-01,2024-03-01,2024-03-01,149_2024-03-01.png,0.955917,1,Ecuador se prepara para votaciones con foco en seguridad,La discusión pública incluyó el paquete de medidas de seguridad y gobernabilidad y su impacto en la institucionalidad.,Reuters,2024-03-04,politica_gobierno,ok
076_PROPHET_FEEDBACK_DBSCAN,2026-02-17,2026-02-19,076_PROPHET_FEEDBACK_DBSCAN.png,071_2016-02-22,2016-02-22,2016-02-22,071_2016-02-22.png,0.954346,2,Operativos de seguridad por feriado de Carnaval,La Policía Nacional ejecutó operativos especiales por el feriado de Carnaval para prevenir accidentes y delitos.,El Comercio,2016-02-17,seguridad_crimen,ok
076_PROPHET_FEEDBACK_DBSCAN,2026-02-17,2026-02-19,076_PROPHET_FEEDBACK_DBSCAN.png,071_2016-02-22,2016-02-22,2016-02-22,071_2016-02-22.png,0.954346,2,Enfrentamientos en cárceles dejan muertos febrero 2016,Enfrentamientos entre presos en cárceles ecuatorianas dejan muertos en febrero 2016. Gobierno anuncia intervención; contexto de hacinamiento y control de bandas.,El Comercio,2016-02-17,seguridad_crimen,ok
076_PROPHET_FEEDBACK_DBSCAN,2026-02-17,2026-02-19,076_PROPHET_FEEDBACK_DBSCAN.png,071_2016-02-22,2016-02-22,2016-02-22,071_2016-02-22.png,0.954346,2,Accidente de bus deja víctimas en Azuay,"Un bus interprovincial se accidentó en una vía del Azuay, dejando fallecidos y heridos.",El Universo,2016-02-17,seguridad_crimen,ok
076_PROPHET_FEEDBACK_DBSCAN,2026-02-17,2026-02-19,076_PROPHET_FEEDBACK_DBSCAN.png,071_2016-02-22,2016-02-22,2016-02-22,071_2016-02-22.png,0.954346,2,Lluvias causan deslizamientos en la Sierra,Las precipitaciones intensas provocaron deslizamientos y afectaciones en carreteras de la región Sierra.,El Universo,2016-02-18,medio_ambiente,ok
076_PROPHET_FEEDBACK_DBSCAN,2026-02-17,2026-02-19,076_PROPHET_FEEDBACK_DBSCAN.png,071_2016-02-22,2016-02-22,2016-02-22,071_2016-02-22.png,0.954346,2,Invierno deja miles de afectados en varias provincias,"El fuerte invierno provocó inundaciones, deslaves y daños en viviendas en provincias de la Costa y la Sierra, según reportes de gestión de riesgos.",El Universo,2016-02-22,medio_ambiente,ok
076_PROPHET_FEEDBACK_DBSCAN,2026-02-17,2026-02-19,076_PROPHET_FEEDBACK_DBSCAN.png,071_2016-02-22,2016-02-22,2016-02-22,071_2016-02-22.png,0.954346,2,Controles por retorno de feriado de Carnaval,La Policía Nacional ejecutó operativos en carreteras y terminales por el retorno masivo tras el feriado de Carnaval.,El Comercio,2016-02-22,seguridad_crimen,ok
077_PROPHET_FEEDBACK_DBSCAN,2026-02-21,2026-02-21,077_PROPHET_FEEDBACK_DBSCAN.png,149_2024-03-01,2024-03-01,2024-03-01,149_2024-03-01.png,0.951115,1,Invierno 2024: miles afectados por lluvias en Ecuador desde enero,"El invierno 2024 deja miles de afectados por lluvias intensas en 23 provincias desde enero. Se reportan inundaciones, deslizamientos y damnificados; Gestión de Riesgos coordina respuesta con alertas Inamhi y apoyo a comunidades vulnerables.",El Comercio,2024-03-01,medio_ambiente,ok
077_PROPHET_FEEDBACK_DBSCAN,2026-02-21,2026-02-21,077_PROPHET_FEEDBACK_DBSCAN.png,149_2024-03-01,2024-03-01,2024-03-01,149_2024-03-01.png,0.951115,1,Ecuador solicita permiso a México para ingresar a su embajada y detener a Jorge Glas,"La Cancillería ecuatoriana pidió autorización para ingresar a la embajada de México en Quito y detener al exvicepresidente Jorge Glas, elevando tensiones diplomáticas.",Reuters,2024-03-01,politica_gobierno,ok
077_PROPHET_FEEDBACK_DBSCAN,2026-02-21,2026-02-21,077_PROPHET_FEEDBACK_DBSCAN.png,149_2024-03-01,2024-03-01,2024-03-01,149_2024-03-01.png,0.951115,1,Cobertura nacional: agenda política y seguridad del día,"Medios nacionales reportaron actualizaciones sobre gestión pública, seguridad y coyuntura política, incluyendo efectos en movilidad y servicios.",Teleamazonas,2024-03-01,politica_gobierno,ok
077_PROPHET_FEEDBACK_DBSCAN,2026-02-21,2026-02-21,077_PROPHET_FEEDBACK_DBSCAN.png,149_2024-03-01,2024-03-01,2024-03-01,149_2024-03-01.png,0.951115,1,Volcán La Cumbre inicia erupción en Galápagos,El gobierno informó sobre la erupción del volcán La Cumbre en una isla no habitada de Galápagos y el monitoreo de riesgos.,Reuters,2024-03-03,medio_ambiente,ok
077_PROPHET_FEEDBACK_DBSCAN,2026-02-21,2026-02-21,077_PROPHET_FEEDBACK_DBSCAN.png,149_2024-03-01,2024-03-01,2024-03-01,149_2024-03-01.png,0.951115,1,Ecuador se prepara para votaciones con foco en seguridad,La discusión pública incluyó el paquete de medidas de seguridad y gobernabilidad y su impacto en la institucionalidad.,Reuters,2024-03-04,politica_gobierno,ok
077_PROPHET_FEEDBACK_DBSCAN,2026-02-21,2026-02-21,077_PROPHET_FEEDBACK_DBSCAN.png,070_2016-02-17,2016-02-17,2016-02-17,070_2016-02-17.png,0.944165,2,Operativos de seguridad por feriado de Carnaval,La Policía Nacional ejecutó operativos especiales por el feriado de Carnaval para prevenir accidentes y delitos.,El Comercio,2016-02-17,seguridad_crimen,ok
077_PROPHET_FEEDBACK_DBSCAN,2026-02-21,2026-02-21,077_PROPHET_FEEDBACK_DBSCAN.png,070_2016-02-17,2016-02-17,2016-02-17,070_2016-02-17.png,0.944165,2,Enfrentamientos en cárceles dejan muertos febrero 2016,Enfrentamientos entre presos en cárceles ecuatorianas dejan muertos en febrero 2016. Gobierno anuncia intervención; contexto de hacinamiento y control de bandas.,El Comercio,2016-02-17,seguridad_crimen,ok
077_PROPHET_FEEDBACK_DBSCAN,2026-02-21,2026-02-21,077_PROPHET_FEEDBACK_DBSCAN.png,070_2016-02-17,2016-02-17,2016-02-17,070_2016-02-17.png,0.944165,2,Accidente de bus deja víctimas en Azuay,"Un bus interprovincial se accidentó en una vía del Azuay, dejando fallecidos y heridos.",El Universo,2016-02-17,seguridad_crimen,ok
077_PROPHET_FEEDBACK_DBSCAN,2026-02-21,2026-02-21,077_PROPHET_FEEDBACK_DBSCAN.png,070_2016-02-17,2016-02-17,2016-02-17,070_2016-02-17.png,0.944165,2,Lluvias causan deslizamientos en la Sierra,Las precipitaciones intensas provocaron deslizamientos y afectaciones en carreteras de la región Sierra.,El Universo,2016-02-18,medio_ambiente,ok
077_PROPHET_FEEDBACK_DBSCAN,2026-02-21,2026-02-21,077_PROPHET_FEEDBACK_DBSCAN.png,070_2016-02-17,2016-02-17,2016-02-17,070_2016-02-17.png,0.944165,2,Invierno deja miles de afectados en varias provincias,"El fuerte invierno provocó inundaciones, deslaves y daños en viviendas en provincias de la Costa y la Sierra, según reportes de gestión de riesgos.",El Universo,2016-02-22,medio_ambiente,ok
077_PROPHET_FEEDBACK_DBSCAN,2026-02-21,2026-02-21,077_PROPHET_FEEDBACK_DBSCAN.png,070_2016-02-17,2016-02-17,2016-02-17,070_2016-02-17.png,0.944165,2,Controles por retorno de feriado de Carnaval,La Policía Nacional ejecutó operativos en carreteras y terminales por el retorno masivo tras el feriado de Carnaval.,El Comercio,2016-02-22,seguridad_crimen,ok
078_PROPHET_FEEDBACK_DBSCAN,2026-02-23,2026-02-23,078_PROPHET_FEEDBACK_DBSCAN.png,142_2023-08-15,2023-08-15,2023-08-16,142_2023-08-15.png,0.962086,1,Operativos y hechos delictivos elevan preocupación por seguridad,"Se reportaron operativos, detenciones o investigaciones por delitos, junto con alertas ciudadanas en distintas provincias.",El Universo,2023-08-10,seguridad_crimen,ok
078_PROPHET_FEEDBACK_DBSCAN,2026-02-23,2026-02-23,078_PROPHET_FEEDBACK_DBSCAN.png,142_2023-08-15,2023-08-15,2023-08-16,142_2023-08-15.png,0.962086,1,Guayaquil registra pico de violencia en agosto 2023 con múltiples balaceras,"Guayaquil enfrenta pico de violencia en agosto 2023 con balaceras diarias y disputas entre bandas por control territorial. Se reportan múltiples homicidios en sectores como el sur y Durán, con Policía desplegando operativos; contexto de escalada criminal que preludia crisis nacional.",El Universo,2023-08-10,seguridad_crimen,ok
078_PROPHET_FEEDBACK_DBSCAN,2026-02-23,2026-02-23,078_PROPHET_FEEDBACK_DBSCAN.png,142_2023-08-15,2023-08-15,2023-08-16,142_2023-08-15.png,0.962086,1,Decomisos y acciones contra narcotráfico se intensifican,"Fuerzas de seguridad informaron decomisos, capturas y operativos vinculados a narcotráfico y microtráfico en rutas, puertos y ciudades.",El Comercio,2023-08-11,seguridad_crimen,ok
078_PROPHET_FEEDBACK_DBSCAN,2026-02-23,2026-02-23,078_PROPHET_FEEDBACK_DBSCAN.png,142_2023-08-15,2023-08-15,2023-08-16,142_2023-08-15.png,0.962086,1,Muertes violentas en Ecuador suben en agosto 2023 por narcotráfico,"Ecuador registra aumento de homicidios en agosto 2023, ligados a narcotráfico y pugnas territoriales en Guayas y Manabí. Cifras oficiales muestran escalada; análisis destaca debilidad institucional y necesidad de reformas en seguridad.",Primicias,2023-08-11,seguridad_crimen,ok
078_PROPHET_FEEDBACK_DBSCAN,2026-02-23,2026-02-23,078_PROPHET_FEEDBACK_DBSCAN.png,142_2023-08-15,2023-08-15,2023-08-16,142_2023-08-15.png,0.962086,1,Decisiones y anuncios del Gobierno marcan la agenda nacional,"Autoridades informaron decisiones de política pública, decretos o acciones institucionales con impacto nacional y en gobiernos locales.",Primicias,2023-08-12,politica_gobierno,ok
078_PROPHET_FEEDBACK_DBSCAN,2026-02-23,2026-02-23,078_PROPHET_FEEDBACK_DBSCAN.png,142_2023-08-15,2023-08-15,2023-08-16,142_2023-08-15.png,0.962086,1,Indicadores económicos y fiscales reflejan presiones en el país,"Sectores productivos y autoridades revisaron inflación, empleo, finanzas públicas y actividad económica, con énfasis en riesgos y medidas de ajuste.",Expreso,2023-08-13,economia_finanzas,ok
078_PROPHET_FEEDBACK_DBSCAN,2026-02-23,2026-02-23,078_PROPHET_FEEDBACK_DBSCAN.png,142_2023-08-15,2023-08-15,2023-08-16,142_2023-08-15.png,0.962086,1,Costo de vida y servicios impactan a los hogares,"Se registraron impactos en empleo, educación, salud, movilidad o servicios, con acciones de mitigación y demandas ciudadanas.",Teleamazonas,2023-08-14,riesgo_pais_calidad_vida,ok
078_PROPHET_FEEDBACK_DBSCAN,2026-02-23,2026-02-23,078_PROPHET_FEEDBACK_DBSCAN.png,142_2023-08-15,2023-08-15,2023-08-16,142_2023-08-15.png,0.962086,1,Decisiones y anuncios del Gobierno marcan la agenda nacional,"Autoridades informaron decisiones de política pública, decretos o acciones institucionales con impacto nacional y en gobiernos locales.",El Universo,2023-08-15,politica_gobierno,ok
078_PROPHET_FEEDBACK_DBSCAN,2026-02-23,2026-02-23,078_PROPHET_FEEDBACK_DBSCAN.png,142_2023-08-15,2023-08-15,2023-08-16,142_2023-08-15.png,0.962086,1,Estiaje agrava crisis energética en Ecuador en agosto 2023,El estiaje en agosto 2023 reduce caudal de ríos y amenaza generación hidroeléctrica. El gobierno anuncia medidas de ahorro y mantenimiento de plantas; riesgo de apagones en regiones costeras y sierra por sequía prolongada.,El Comercio,2023-08-16,medio_ambiente,ok
078_PROPHET_FEEDBACK_DBSCAN,2026-02-23,2026-02-23,078_PROPHET_FEEDBACK_DBSCAN.png,142_2023-08-15,2023-08-15,2023-08-16,142_2023-08-15.png,0.962086,1,Operativos y hechos delictivos elevan preocupación por seguridad,"Se reportaron operativos, detenciones o investigaciones por delitos, junto con alertas ciudadanas en distintas provincias.",El Comercio,2023-08-16,seguridad_crimen,ok
078_PROPHET_FEEDBACK_DBSCAN,2026-02-23,2026-02-23,078_PROPHET_FEEDBACK_DBSCAN.png,142_2023-08-15,2023-08-15,2023-08-16,142_2023-08-15.png,0.962086,1,Decomisos y acciones contra narcotráfico se intensifican,"Fuerzas de seguridad informaron decomisos, capturas y operativos vinculados a narcotráfico y microtráfico en rutas, puertos y ciudades.",Primicias,2023-08-17,seguridad_crimen,ok
078_PROPHET_FEEDBACK_DBSCAN,2026-02-23,2026-02-23,078_PROPHET_FEEDBACK_DBSCAN.png,142_2023-08-15,2023-08-15,2023-08-16,142_2023-08-15.png,0.962086,1,Indicadores económicos y fiscales reflejan presiones en el país,"Sectores productivos y autoridades revisaron inflación, empleo, finanzas públicas y actividad económica, con énfasis en riesgos y medidas de ajuste.",Expreso,2023-08-18,economia_finanzas,ok
078_PROPHET_FEEDBACK_DBSCAN,2026-02-23,2026-02-23,078_PROPHET_FEEDBACK_DBSCAN.png,142_2023-08-15,2023-08-15,2023-08-16,142_2023-08-15.png,0.962086,1,Costo de vida y servicios impactan a los hogares,"Se registraron impactos en empleo, educación, salud, movilidad o servicios, con acciones de mitigación y demandas ciudadanas.",Teleamazonas,2023-08-19,riesgo_pais_calidad_vida,ok
078_PROPHET_FEEDBACK_DBSCAN,2026-02-23,2026-02-23,078_PROPHET_FEEDBACK_DBSCAN.png,142_2023-08-15,2023-08-15,2023-08-16,142_2023-08-15.png,0.962086,1,Eventos climáticos y emergencias afectan localidades,"Se reportaron afectaciones por lluvias, deslizamientos, incendios u otros eventos naturales, con impactos en vías, viviendas y servicios.",El Universo,2023-08-21,medio_ambiente,ok
078_PROPHET_FEEDBACK_DBSCAN,2026-02-23,2026-02-23,078_PROPHET_FEEDBACK_DBSCAN.png,149_2024-03-01,2024-03-01,2024-03-01,149_2024-03-01.png,0.958415,2,Invierno 2024: miles afectados por lluvias en Ecuador desde enero,"El invierno 2024 deja miles de afectados por lluvias intensas en 23 provincias desde enero. Se reportan inundaciones, deslizamientos y damnificados; Gestión de Riesgos coordina respuesta con alertas Inamhi y apoyo a comunidades vulnerables.",El Comercio,2024-03-01,medio_ambiente,ok
078_PROPHET_FEEDBACK_DBSCAN,2026-02-23,2026-02-23,078_PROPHET_FEEDBACK_DBSCAN.png,149_2024-03-01,2024-03-01,2024-03-01,149_2024-03-01.png,0.958415,2,Ecuador solicita permiso a México para ingresar a su embajada y detener a Jorge Glas,"La Cancillería ecuatoriana pidió autorización para ingresar a la embajada de México en Quito y detener al exvicepresidente Jorge Glas, elevando tensiones diplomáticas.",Reuters,2024-03-01,politica_gobierno,ok
078_PROPHET_FEEDBACK_DBSCAN,2026-02-23,2026-02-23,078_PROPHET_FEEDBACK_DBSCAN.png,149_2024-03-01,2024-03-01,2024-03-01,149_2024-03-01.png,0.958415,2,Cobertura nacional: agenda política y seguridad del día,"Medios nacionales reportaron actualizaciones sobre gestión pública, seguridad y coyuntura política, incluyendo efectos en movilidad y servicios.",Teleamazonas,2024-03-01,politica_gobierno,ok
078_PROPHET_FEEDBACK_DBSCAN,2026-02-23,2026-02-23,078_PROPHET_FEEDBACK_DBSCAN.png,149_2024-03-01,2024-03-01,2024-03-01,149_2024-03-01.png,0.958415,2,Volcán La Cumbre inicia erupción en Galápagos,El gobierno informó sobre la erupción del volcán La Cumbre en una isla no habitada de Galápagos y el monitoreo de riesgos.,Reuters,2024-03-03,medio_ambiente,ok
078_PROPHET_FEEDBACK_DBSCAN,2026-02-23,2026-02-23,078_PROPHET_FEEDBACK_DBSCAN.png,149_2024-03-01,2024-03-01,2024-03-01,149_2024-03-01.png,0.958415,2,Ecuador se prepara para votaciones con foco en seguridad,La discusión pública incluyó el paquete de medidas de seguridad y gobernabilidad y su impacto en la institucionalidad.,Reuters,2024-03-04,politica_gobierno,ok
079_PROPHET_FEEDBACK_DBSCAN,2026-02-25,2026-02-27,079_PROPHET_FEEDBACK_DBSCAN.png,142_2023-08-15,2023-08-15,2023-08-16,142_2023-08-15.png,0.960984,1,Operativos y hechos delictivos elevan preocupación por seguridad,"Se reportaron operativos, detenciones o investigaciones por delitos, junto con alertas ciudadanas en distintas provincias.",El Universo,2023-08-10,seguridad_crimen,ok
079_PROPHET_FEEDBACK_DBSCAN,2026-02-25,2026-02-27,079_PROPHET_FEEDBACK_DBSCAN.png,142_2023-08-15,2023-08-15,2023-08-16,142_2023-08-15.png,0.960984,1,Guayaquil registra pico de violencia en agosto 2023 con múltiples balaceras,"Guayaquil enfrenta pico de violencia en agosto 2023 con balaceras diarias y disputas entre bandas por control territorial. Se reportan múltiples homicidios en sectores como el sur y Durán, con Policía desplegando operativos; contexto de escalada criminal que preludia crisis nacional.",El Universo,2023-08-10,seguridad_crimen,ok
079_PROPHET_FEEDBACK_DBSCAN,2026-02-25,2026-02-27,079_PROPHET_FEEDBACK_DBSCAN.png,142_2023-08-15,2023-08-15,2023-08-16,142_2023-08-15.png,0.960984,1,Decomisos y acciones contra narcotráfico se intensifican,"Fuerzas de seguridad informaron decomisos, capturas y operativos vinculados a narcotráfico y microtráfico en rutas, puertos y ciudades.",El Comercio,2023-08-11,seguridad_crimen,ok
079_PROPHET_FEEDBACK_DBSCAN,2026-02-25,2026-02-27,079_PROPHET_FEEDBACK_DBSCAN.png,142_2023-08-15,2023-08-15,2023-08-16,142_2023-08-15.png,0.960984,1,Muertes violentas en Ecuador suben en agosto 2023 por narcotráfico,"Ecuador registra aumento de homicidios en agosto 2023, ligados a narcotráfico y pugnas territoriales en Guayas y Manabí. Cifras oficiales muestran escalada; análisis destaca debilidad institucional y necesidad de reformas en seguridad.",Primicias,2023-08-11,seguridad_crimen,ok
079_PROPHET_FEEDBACK_DBSCAN,2026-02-25,2026-02-27,079_PROPHET_FEEDBACK_DBSCAN.png,142_2023-08-15,2023-08-15,2023-08-16,142_2023-08-15.png,0.960984,1,Decisiones y anuncios del Gobierno marcan la agenda nacional,"Autoridades informaron decisiones de política pública, decretos o acciones institucionales con impacto nacional y en gobiernos locales.",Primicias,2023-08-12,politica_gobierno,ok
079_PROPHET_FEEDBACK_DBSCAN,2026-02-25,2026-02-27,079_PROPHET_FEEDBACK_DBSCAN.png,142_2023-08-15,2023-08-15,2023-08-16,142_2023-08-15.png,0.960984,1,Indicadores económicos y fiscales reflejan presiones en el país,"Sectores productivos y autoridades revisaron inflación, empleo, finanzas públicas y actividad económica, con énfasis en riesgos y medidas de ajuste.",Expreso,2023-08-13,economia_finanzas,ok
079_PROPHET_FEEDBACK_DBSCAN,2026-02-25,2026-02-27,079_PROPHET_FEEDBACK_DBSCAN.png,142_2023-08-15,2023-08-15,2023-08-16,142_2023-08-15.png,0.960984,1,Costo de vida y servicios impactan a los hogares,"Se registraron impactos en empleo, educación, salud, movilidad o servicios, con acciones de mitigación y demandas ciudadanas.",Teleamazonas,2023-08-14,riesgo_pais_calidad_vida,ok
079_PROPHET_FEEDBACK_DBSCAN,2026-02-25,2026-02-27,079_PROPHET_FEEDBACK_DBSCAN.png,142_2023-08-15,2023-08-15,2023-08-16,142_2023-08-15.png,0.960984,1,Decisiones y anuncios del Gobierno marcan la agenda nacional,"Autoridades informaron decisiones de política pública, decretos o acciones institucionales con impacto nacional y en gobiernos locales.",El Universo,2023-08-15,politica_gobierno,ok
079_PROPHET_FEEDBACK_DBSCAN,2026-02-25,2026-02-27,079_PROPHET_FEEDBACK_DBSCAN.png,142_2023-08-15,2023-08-15,2023-08-16,142_2023-08-15.png,0.960984,1,Estiaje agrava crisis energética en Ecuador en agosto 2023,El estiaje en agosto 2023 reduce caudal de ríos y amenaza generación hidroeléctrica. El gobierno anuncia medidas de ahorro y mantenimiento de plantas; riesgo de apagones en regiones costeras y sierra por sequía prolongada.,El Comercio,2023-08-16,medio_ambiente,ok
079_PROPHET_FEEDBACK_DBSCAN,2026-02-25,2026-02-27,079_PROPHET_FEEDBACK_DBSCAN.png,142_2023-08-15,2023-08-15,2023-08-16,142_2023-08-15.png,0.960984,1,Operativos y hechos delictivos elevan preocupación por seguridad,"Se reportaron operativos, detenciones o investigaciones por delitos, junto con alertas ciudadanas en distintas provincias.",El Comercio,2023-08-16,seguridad_crimen,ok
079_PROPHET_FEEDBACK_DBSCAN,2026-02-25,2026-02-27,079_PROPHET_FEEDBACK_DBSCAN.png,142_2023-08-15,2023-08-15,2023-08-16,142_2023-08-15.png,0.960984,1,Decomisos y acciones contra narcotráfico se intensifican,"Fuerzas de seguridad informaron decomisos, capturas y operativos vinculados a narcotráfico y microtráfico en rutas, puertos y ciudades.",Primicias,2023-08-17,seguridad_crimen,ok
079_PROPHET_FEEDBACK_DBSCAN,2026-02-25,2026-02-27,079_PROPHET_FEEDBACK_DBSCAN.png,142_2023-08-15,2023-08-15,2023-08-16,142_2023-08-15.png,0.960984,1,Indicadores económicos y fiscales reflejan presiones en el país,"Sectores productivos y autoridades revisaron inflación, empleo, finanzas públicas y actividad económica, con énfasis en riesgos y medidas de ajuste.",Expreso,2023-08-18,economia_finanzas,ok
079_PROPHET_FEEDBACK_DBSCAN,2026-02-25,2026-02-27,079_PROPHET_FEEDBACK_DBSCAN.png,142_2023-08-15,2023-08-15,2023-08-16,142_2023-08-15.png,0.960984,1,Costo de vida y servicios impactan a los hogares,"Se registraron impactos en empleo, educación, salud, movilidad o servicios, con acciones de mitigación y demandas ciudadanas.",Teleamazonas,2023-08-19,riesgo_pais_calidad_vida,ok
079_PROPHET_FEEDBACK_DBSCAN,2026-02-25,2026-02-27,079_PROPHET_FEEDBACK_DBSCAN.png,142_2023-08-15,2023-08-15,2023-08-16,142_2023-08-15.png,0.960984,1,Eventos climáticos y emergencias afectan localidades,"Se reportaron afectaciones por lluvias, deslizamientos, incendios u otros eventos naturales, con impactos en vías, viviendas y servicios.",El Universo,2023-08-21,medio_ambiente,ok
079_PROPHET_FEEDBACK_DBSCAN,2026-02-25,2026-02-27,079_PROPHET_FEEDBACK_DBSCAN.png,093_2020-05-05,2020-05-05,2020-05-08,093_2020-05-05.png,0.9581,2,Riesgo país de Ecuador se dispara en medio de la pandemia,"El indicador de riesgo país alcanzó niveles históricos, reflejando la gravedad de la crisis económica y social.",El Comercio,2020-05-01,riesgo_pais_calidad_vida,ok
079_PROPHET_FEEDBACK_DBSCAN,2026-02-25,2026-02-27,079_PROPHET_FEEDBACK_DBSCAN.png,093_2020-05-05,2020-05-05,2020-05-08,093_2020-05-05.png,0.9581,2,Gobierno extiende emergencia sanitaria por COVID-19,El Ejecutivo prorrogó la emergencia sanitaria y mantuvo restricciones de movilidad para frenar contagios.,El Universo,2020-05-04,politica_gobierno,ok
079_PROPHET_FEEDBACK_DBSCAN,2026-02-25,2026-02-27,079_PROPHET_FEEDBACK_DBSCAN.png,093_2020-05-05,2020-05-05,2020-05-08,093_2020-05-05.png,0.9581,2,Guayaquil supera pico de muertes por COVID-19 en mayo 2020,"Guayaquil registra pico de muertes COVID-19 en mayo 2020 con exceso mortalidad. Se detallan entierros masivos, colapso sanitario y transición a distanciamiento social tras cuarentena estricta.",Primicias,2020-05-05,medio_ambiente,ok
079_PROPHET_FEEDBACK_DBSCAN,2026-02-25,2026-02-27,079_PROPHET_FEEDBACK_DBSCAN.png,093_2020-05-05,2020-05-05,2020-05-08,093_2020-05-05.png,0.9581,2,Hospitales de Guayaquil continúan bajo presión,El sistema de salud de Guayaquil enfrentó alta demanda de pacientes por COVID-19.,El Comercio,2020-05-05,riesgo_pais_calidad_vida,ok
079_PROPHET_FEEDBACK_DBSCAN,2026-02-25,2026-02-27,079_PROPHET_FEEDBACK_DBSCAN.png,093_2020-05-05,2020-05-05,2020-05-08,093_2020-05-05.png,0.9581,2,Ingresos petroleros caen por desplome de precios,La baja del crudo redujo significativamente los ingresos del Estado en medio de la crisis sanitaria.,El Universo,2020-05-06,economia_finanzas,ok
079_PROPHET_FEEDBACK_DBSCAN,2026-02-25,2026-02-27,079_PROPHET_FEEDBACK_DBSCAN.png,093_2020-05-05,2020-05-05,2020-05-08,093_2020-05-05.png,0.9581,2,Fuerzas Armadas refuerzan controles durante confinamiento,Militares apoyaron operativos de control y vigilancia para asegurar el cumplimiento de restricciones.,El Comercio,2020-05-08,seguridad_crimen,ok
079_PROPHET_FEEDBACK_DBSCAN,2026-02-25,2026-02-27,079_PROPHET_FEEDBACK_DBSCAN.png,093_2020-05-05,2020-05-05,2020-05-08,093_2020-05-05.png,0.9581,2,Sectores productivos analizan reactivación,Empresarios evaluaron escenarios de reactivación económica bajo restricciones sanitarias.,El Comercio,2020-05-11,economia_finanzas,ok
079_PROPHET_FEEDBACK_DBSCAN,2026-02-25,2026-02-27,079_PROPHET_FEEDBACK_DBSCAN.png,093_2020-05-05,2020-05-05,2020-05-08,093_2020-05-05.png,0.9581,2,Gobierno anuncia semáforo epidemiológico,El COE Nacional presentó el sistema de semáforo para regular la reapertura gradual de actividades.,El Universo,2020-05-11,politica_gobierno,ok
079_PROPHET_FEEDBACK_DBSCAN,2026-02-25,2026-02-27,079_PROPHET_FEEDBACK_DBSCAN.png,093_2020-05-05,2020-05-05,2020-05-08,093_2020-05-05.png,0.9581,2,Robos y delitos se reportan pese a cuarentena,La Policía informó sobre delitos registrados durante el periodo de confinamiento.,El Universo,2020-05-12,seguridad_crimen,ok
079_PROPHET_FEEDBACK_DBSCAN,2026-02-25,2026-02-27,079_PROPHET_FEEDBACK_DBSCAN.png,093_2020-05-05,2020-05-05,2020-05-08,093_2020-05-05.png,0.9581,2,Ecuador negocia financiamiento con el FMI,El país avanzó en negociaciones con el FMI para obtener recursos frente a la crisis.,El Universo,2020-05-13,politica_gobierno,ok
079_PROPHET_FEEDBACK_DBSCAN,2026-02-25,2026-02-27,079_PROPHET_FEEDBACK_DBSCAN.png,093_2020-05-05,2020-05-05,2020-05-08,093_2020-05-05.png,0.9581,2,Minuto a minuto sobre el coronavirus 13/05/2020,"Actualización diaria COVID-19 en Ecuador 13 mayo 2020: nuevos casos, muertes y medidas. Se destacan alertas en Guayas y transición de cuarentena a semáforo epidemiológico.",Plan V,2020-05-13,politica_gobierno,ok
079_PROPHET_FEEDBACK_DBSCAN,2026-02-25,2026-02-27,079_PROPHET_FEEDBACK_DBSCAN.png,093_2020-05-05,2020-05-05,2020-05-08,093_2020-05-05.png,0.9581,2,Estado amplía bonos de asistencia social,El Gobierno amplió la cobertura de bonos para mitigar el impacto social de la pandemia.,El Comercio,2020-05-13,riesgo_pais_calidad_vida,ok
080_PROPHET_FEEDBACK_DIF,2026-02-13,2026-02-13,080_PROPHET_FEEDBACK_DIF.png,070_2016-02-17,2016-02-17,2016-02-17,070_2016-02-17.png,0.954983,1,Operativos de seguridad por feriado de Carnaval,La Policía Nacional ejecutó operativos especiales por el feriado de Carnaval para prevenir accidentes y delitos.,El Comercio,2016-02-17,seguridad_crimen,ok
080_PROPHET_FEEDBACK_DIF,2026-02-13,2026-02-13,080_PROPHET_FEEDBACK_DIF.png,070_2016-02-17,2016-02-17,2016-02-17,070_2016-02-17.png,0.954983,1,Enfrentamientos en cárceles dejan muertos febrero 2016,Enfrentamientos entre presos en cárceles ecuatorianas dejan muertos en febrero 2016. Gobierno anuncia intervención; contexto de hacinamiento y control de bandas.,El Comercio,2016-02-17,seguridad_crimen,ok
080_PROPHET_FEEDBACK_DIF,2026-02-13,2026-02-13,080_PROPHET_FEEDBACK_DIF.png,070_2016-02-17,2016-02-17,2016-02-17,070_2016-02-17.png,0.954983,1,Accidente de bus deja víctimas en Azuay,"Un bus interprovincial se accidentó en una vía del Azuay, dejando fallecidos y heridos.",El Universo,2016-02-17,seguridad_crimen,ok
080_PROPHET_FEEDBACK_DIF,2026-02-13,2026-02-13,080_PROPHET_FEEDBACK_DIF.png,070_2016-02-17,2016-02-17,2016-02-17,070_2016-02-17.png,0.954983,1,Lluvias causan deslizamientos en la Sierra,Las precipitaciones intensas provocaron deslizamientos y afectaciones en carreteras de la región Sierra.,El Universo,2016-02-18,medio_ambiente,ok
080_PROPHET_FEEDBACK_DIF,2026-02-13,2026-02-13,080_PROPHET_FEEDBACK_DIF.png,070_2016-02-17,2016-02-17,2016-02-17,070_2016-02-17.png,0.954983,1,Invierno deja miles de afectados en varias provincias,"El fuerte invierno provocó inundaciones, deslaves y daños en viviendas en provincias de la Costa y la Sierra, según reportes de gestión de riesgos.",El Universo,2016-02-22,medio_ambiente,ok
080_PROPHET_FEEDBACK_DIF,2026-02-13,2026-02-13,080_PROPHET_FEEDBACK_DIF.png,070_2016-02-17,2016-02-17,2016-02-17,070_2016-02-17.png,0.954983,1,Controles por retorno de feriado de Carnaval,La Policía Nacional ejecutó operativos en carreteras y terminales por el retorno masivo tras el feriado de Carnaval.,El Comercio,2016-02-22,seguridad_crimen,ok
080_PROPHET_FEEDBACK_DIF,2026-02-13,2026-02-13,080_PROPHET_FEEDBACK_DIF.png,075_2016-04-28,2016-04-28,2016-04-28,075_2016-04-28.png,0.951679,2,Avanza reconstrucción en zonas afectadas por el sismo,Autoridades informaron avances en la reconstrucción de Manabí y Esmeraldas tras el terremoto de abril.,El Universo,2016-04-28,economia_finanzas,ok
080_PROPHET_FEEDBACK_DIF,2026-02-13,2026-02-13,080_PROPHET_FEEDBACK_DIF.png,075_2016-04-28,2016-04-28,2016-04-28,075_2016-04-28.png,0.951679,2,Ayuda internacional llega a Manabí tras terremoto de abril 2016,"Gobierno de Israel entrega ayuda humanitaria a damnificados de Canoa (Manabí) tras terremoto del 16 abril 2016. Se detallan donaciones y coordinación para reconstrucción en zona afectada por sismo de 7,8 grados.",El Universo,2016-04-28,medio_ambiente,ok
080_PROPHET_FEEDBACK_DIF,2026-02-13,2026-02-13,080_PROPHET_FEEDBACK_DIF.png,075_2016-04-28,2016-04-28,2016-04-28,075_2016-04-28.png,0.951679,2,Solidaridad nacional se mantiene con donaciones,Ciudadanos y empresas continuaron entregando donaciones para damnificados por el terremoto en la costa ecuatoriana.,El Comercio,2016-04-28,sociedad_cultura,ok
080_PROPHET_FEEDBACK_DIF,2026-02-13,2026-02-13,080_PROPHET_FEEDBACK_DIF.png,075_2016-04-28,2016-04-28,2016-04-28,075_2016-04-28.png,0.951679,2,Refuerzan controles de seguridad en zonas afectadas,Fuerzas del orden intensificaron patrullajes y controles en áreas afectadas por el sismo para prevenir saqueos.,El Universo,2016-04-29,seguridad_crimen,ok
081_PROPHET_FEEDBACK_DIF,2026-02-17,2026-02-17,081_PROPHET_FEEDBACK_DIF.png,149_2024-03-01,2024-03-01,2024-03-01,149_2024-03-01.png,0.955917,1,Invierno 2024: miles afectados por lluvias en Ecuador desde enero,"El invierno 2024 deja miles de afectados por lluvias intensas en 23 provincias desde enero. Se reportan inundaciones, deslizamientos y damnificados; Gestión de Riesgos coordina respuesta con alertas Inamhi y apoyo a comunidades vulnerables.",El Comercio,2024-03-01,medio_ambiente,ok
081_PROPHET_FEEDBACK_DIF,2026-02-17,2026-02-17,081_PROPHET_FEEDBACK_DIF.png,149_2024-03-01,2024-03-01,2024-03-01,149_2024-03-01.png,0.955917,1,Ecuador solicita permiso a México para ingresar a su embajada y detener a Jorge Glas,"La Cancillería ecuatoriana pidió autorización para ingresar a la embajada de México en Quito y detener al exvicepresidente Jorge Glas, elevando tensiones diplomáticas.",Reuters,2024-03-01,politica_gobierno,ok
081_PROPHET_FEEDBACK_DIF,2026-02-17,2026-02-17,081_PROPHET_FEEDBACK_DIF.png,149_2024-03-01,2024-03-01,2024-03-01,149_2024-03-01.png,0.955917,1,Cobertura nacional: agenda política y seguridad del día,"Medios nacionales reportaron actualizaciones sobre gestión pública, seguridad y coyuntura política, incluyendo efectos en movilidad y servicios.",Teleamazonas,2024-03-01,politica_gobierno,ok
081_PROPHET_FEEDBACK_DIF,2026-02-17,2026-02-17,081_PROPHET_FEEDBACK_DIF.png,149_2024-03-01,2024-03-01,2024-03-01,149_2024-03-01.png,0.955917,1,Volcán La Cumbre inicia erupción en Galápagos,El gobierno informó sobre la erupción del volcán La Cumbre en una isla no habitada de Galápagos y el monitoreo de riesgos.,Reuters,2024-03-03,medio_ambiente,ok
081_PROPHET_FEEDBACK_DIF,2026-02-17,2026-02-17,081_PROPHET_FEEDBACK_DIF.png,149_2024-03-01,2024-03-01,2024-03-01,149_2024-03-01.png,0.955917,1,Ecuador se prepara para votaciones con foco en seguridad,La discusión pública incluyó el paquete de medidas de seguridad y gobernabilidad y su impacto en la institucionalidad.,Reuters,2024-03-04,politica_gobierno,ok
081_PROPHET_FEEDBACK_DIF,2026-02-17,2026-02-17,081_PROPHET_FEEDBACK_DIF.png,071_2016-02-22,2016-02-22,2016-02-22,071_2016-02-22.png,0.954346,2,Operativos de seguridad por feriado de Carnaval,La Policía Nacional ejecutó operativos especiales por el feriado de Carnaval para prevenir accidentes y delitos.,El Comercio,2016-02-17,seguridad_crimen,ok
081_PROPHET_FEEDBACK_DIF,2026-02-17,2026-02-17,081_PROPHET_FEEDBACK_DIF.png,071_2016-02-22,2016-02-22,2016-02-22,071_2016-02-22.png,0.954346,2,Enfrentamientos en cárceles dejan muertos febrero 2016,Enfrentamientos entre presos en cárceles ecuatorianas dejan muertos en febrero 2016. Gobierno anuncia intervención; contexto de hacinamiento y control de bandas.,El Comercio,2016-02-17,seguridad_crimen,ok
081_PROPHET_FEEDBACK_DIF,2026-02-17,2026-02-17,081_PROPHET_FEEDBACK_DIF.png,071_2016-02-22,2016-02-22,2016-02-22,071_2016-02-22.png,0.954346,2,Accidente de bus deja víctimas en Azuay,"Un bus interprovincial se accidentó en una vía del Azuay, dejando fallecidos y heridos.",El Universo,2016-02-17,seguridad_crimen,ok
081_PROPHET_FEEDBACK_DIF,2026-02-17,2026-02-17,081_PROPHET_FEEDBACK_DIF.png,071_2016-02-22,2016-02-22,2016-02-22,071_2016-02-22.png,0.954346,2,Lluvias causan deslizamientos en la Sierra,Las precipitaciones intensas provocaron deslizamientos y afectaciones en carreteras de la región Sierra.,El Universo,2016-02-18,medio_ambiente,ok
081_PROPHET_FEEDBACK_DIF,2026-02-17,2026-02-17,081_PROPHET_FEEDBACK_DIF.png,071_2016-02-22,2016-02-22,2016-02-22,071_2016-02-22.png,0.954346,2,Invierno deja miles de afectados en varias provincias,"El fuerte invierno provocó inundaciones, deslaves y daños en viviendas en provincias de la Costa y la Sierra, según reportes de gestión de riesgos.",El Universo,2016-02-22,medio_ambiente,ok
081_PROPHET_FEEDBACK_DIF,2026-02-17,2026-02-17,081_PROPHET_FEEDBACK_DIF.png,071_2016-02-22,2016-02-22,2016-02-22,071_2016-02-22.png,0.954346,2,Controles por retorno de feriado de Carnaval,La Policía Nacional ejecutó operativos en carreteras y terminales por el retorno masivo tras el feriado de Carnaval.,El Comercio,2016-02-22,seguridad_crimen,ok
082_PROPHET_FEEDBACK_IFOREST,2026-02-24,2026-02-24,082_PROPHET_FEEDBACK_IFOREST.png,142_2023-08-15,2023-08-15,2023-08-16,142_2023-08-15.png,0.96225,1,Operativos y hechos delictivos elevan preocupación por seguridad,"Se reportaron operativos, detenciones o investigaciones por delitos, junto con alertas ciudadanas en distintas provincias.",El Universo,2023-08-10,seguridad_crimen,ok
082_PROPHET_FEEDBACK_IFOREST,2026-02-24,2026-02-24,082_PROPHET_FEEDBACK_IFOREST.png,142_2023-08-15,2023-08-15,2023-08-16,142_2023-08-15.png,0.96225,1,Guayaquil registra pico de violencia en agosto 2023 con múltiples balaceras,"Guayaquil enfrenta pico de violencia en agosto 2023 con balaceras diarias y disputas entre bandas por control territorial. Se reportan múltiples homicidios en sectores como el sur y Durán, con Policía desplegando operativos; contexto de escalada criminal que preludia crisis nacional.",El Universo,2023-08-10,seguridad_crimen,ok
082_PROPHET_FEEDBACK_IFOREST,2026-02-24,2026-02-24,082_PROPHET_FEEDBACK_IFOREST.png,142_2023-08-15,2023-08-15,2023-08-16,142_2023-08-15.png,0.96225,1,Decomisos y acciones contra narcotráfico se intensifican,"Fuerzas de seguridad informaron decomisos, capturas y operativos vinculados a narcotráfico y microtráfico en rutas, puertos y ciudades.",El Comercio,2023-08-11,seguridad_crimen,ok
082_PROPHET_FEEDBACK_IFOREST,2026-02-24,2026-02-24,082_PROPHET_FEEDBACK_IFOREST.png,142_2023-08-15,2023-08-15,2023-08-16,142_2023-08-15.png,0.96225,1,Muertes violentas en Ecuador suben en agosto 2023 por narcotráfico,"Ecuador registra aumento de homicidios en agosto 2023, ligados a narcotráfico y pugnas territoriales en Guayas y Manabí. Cifras oficiales muestran escalada; análisis destaca debilidad institucional y necesidad de reformas en seguridad.",Primicias,2023-08-11,seguridad_crimen,ok
082_PROPHET_FEEDBACK_IFOREST,2026-02-24,2026-02-24,082_PROPHET_FEEDBACK_IFOREST.png,142_2023-08-15,2023-08-15,2023-08-16,142_2023-08-15.png,0.96225,1,Decisiones y anuncios del Gobierno marcan la agenda nacional,"Autoridades informaron decisiones de política pública, decretos o acciones institucionales con impacto nacional y en gobiernos locales.",Primicias,2023-08-12,politica_gobierno,ok
082_PROPHET_FEEDBACK_IFOREST,2026-02-24,2026-02-24,082_PROPHET_FEEDBACK_IFOREST.png,142_2023-08-15,2023-08-15,2023-08-16,142_2023-08-15.png,0.96225,1,Indicadores económicos y fiscales reflejan presiones en el país,"Sectores productivos y autoridades revisaron inflación, empleo, finanzas públicas y actividad económica, con énfasis en riesgos y medidas de ajuste.",Expreso,2023-08-13,economia_finanzas,ok
082_PROPHET_FEEDBACK_IFOREST,2026-02-24,2026-02-24,082_PROPHET_FEEDBACK_IFOREST.png,142_2023-08-15,2023-08-15,2023-08-16,142_2023-08-15.png,0.96225,1,Costo de vida y servicios impactan a los hogares,"Se registraron impactos en empleo, educación, salud, movilidad o servicios, con acciones de mitigación y demandas ciudadanas.",Teleamazonas,2023-08-14,riesgo_pais_calidad_vida,ok
082_PROPHET_FEEDBACK_IFOREST,2026-02-24,2026-02-24,082_PROPHET_FEEDBACK_IFOREST.png,142_2023-08-15,2023-08-15,2023-08-16,142_2023-08-15.png,0.96225,1,Decisiones y anuncios del Gobierno marcan la agenda nacional,"Autoridades informaron decisiones de política pública, decretos o acciones institucionales con impacto nacional y en gobiernos locales.",El Universo,2023-08-15,politica_gobierno,ok
082_PROPHET_FEEDBACK_IFOREST,2026-02-24,2026-02-24,082_PROPHET_FEEDBACK_IFOREST.png,142_2023-08-15,2023-08-15,2023-08-16,142_2023-08-15.png,0.96225,1,Estiaje agrava crisis energética en Ecuador en agosto 2023,El estiaje en agosto 2023 reduce caudal de ríos y amenaza generación hidroeléctrica. El gobierno anuncia medidas de ahorro y mantenimiento de plantas; riesgo de apagones en regiones costeras y sierra por sequía prolongada.,El Comercio,2023-08-16,medio_ambiente,ok
082_PROPHET_FEEDBACK_IFOREST,2026-02-24,2026-02-24,082_PROPHET_FEEDBACK_IFOREST.png,142_2023-08-15,2023-08-15,2023-08-16,142_2023-08-15.png,0.96225,1,Operativos y hechos delictivos elevan preocupación por seguridad,"Se reportaron operativos, detenciones o investigaciones por delitos, junto con alertas ciudadanas en distintas provincias.",El Comercio,2023-08-16,seguridad_crimen,ok
082_PROPHET_FEEDBACK_IFOREST,2026-02-24,2026-02-24,082_PROPHET_FEEDBACK_IFOREST.png,142_2023-08-15,2023-08-15,2023-08-16,142_2023-08-15.png,0.96225,1,Decomisos y acciones contra narcotráfico se intensifican,"Fuerzas de seguridad informaron decomisos, capturas y operativos vinculados a narcotráfico y microtráfico en rutas, puertos y ciudades.",Primicias,2023-08-17,seguridad_crimen,ok
082_PROPHET_FEEDBACK_IFOREST,2026-02-24,2026-02-24,082_PROPHET_FEEDBACK_IFOREST.png,142_2023-08-15,2023-08-15,2023-08-16,142_2023-08-15.png,0.96225,1,Indicadores económicos y fiscales reflejan presiones en el país,"Sectores productivos y autoridades revisaron inflación, empleo, finanzas públicas y actividad económica, con énfasis en riesgos y medidas de ajuste.",Expreso,2023-08-18,economia_finanzas,ok
082_PROPHET_FEEDBACK_IFOREST,2026-02-24,2026-02-24,082_PROPHET_FEEDBACK_IFOREST.png,142_2023-08-15,2023-08-15,2023-08-16,142_2023-08-15.png,0.96225,1,Costo de vida y servicios impactan a los hogares,"Se registraron impactos en empleo, educación, salud, movilidad o servicios, con acciones de mitigación y demandas ciudadanas.",Teleamazonas,2023-08-19,riesgo_pais_calidad_vida,ok
082_PROPHET_FEEDBACK_IFOREST,2026-02-24,2026-02-24,082_PROPHET_FEEDBACK_IFOREST.png,142_2023-08-15,2023-08-15,2023-08-16,142_2023-08-15.png,0.96225,1,Eventos climáticos y emergencias afectan localidades,"Se reportaron afectaciones por lluvias, deslizamientos, incendios u otros eventos naturales, con impactos en vías, viviendas y servicios.",El Universo,2023-08-21,medio_ambiente,ok
082_PROPHET_FEEDBACK_IFOREST,2026-02-24,2026-02-24,082_PROPHET_FEEDBACK_IFOREST.png,149_2024-03-01,2024-03-01,2024-03-01,149_2024-03-01.png,0.959873,2,Invierno 2024: miles afectados por lluvias en Ecuador desde enero,"El invierno 2024 deja miles de afectados por lluvias intensas en 23 provincias desde enero. Se reportan inundaciones, deslizamientos y damnificados; Gestión de Riesgos coordina respuesta con alertas Inamhi y apoyo a comunidades vulnerables.",El Comercio,2024-03-01,medio_ambiente,ok
082_PROPHET_FEEDBACK_IFOREST,2026-02-24,2026-02-24,082_PROPHET_FEEDBACK_IFOREST.png,149_2024-03-01,2024-03-01,2024-03-01,149_2024-03-01.png,0.959873,2,Ecuador solicita permiso a México para ingresar a su embajada y detener a Jorge Glas,"La Cancillería ecuatoriana pidió autorización para ingresar a la embajada de México en Quito y detener al exvicepresidente Jorge Glas, elevando tensiones diplomáticas.",Reuters,2024-03-01,politica_gobierno,ok
082_PROPHET_FEEDBACK_IFOREST,2026-02-24,2026-02-24,082_PROPHET_FEEDBACK_IFOREST.png,149_2024-03-01,2024-03-01,2024-03-01,149_2024-03-01.png,0.959873,2,Cobertura nacional: agenda política y seguridad del día,"Medios nacionales reportaron actualizaciones sobre gestión pública, seguridad y coyuntura política, incluyendo efectos en movilidad y servicios.",Teleamazonas,2024-03-01,politica_gobierno,ok
082_PROPHET_FEEDBACK_IFOREST,2026-02-24,2026-02-24,082_PROPHET_FEEDBACK_IFOREST.png,149_2024-03-01,2024-03-01,2024-03-01,149_2024-03-01.png,0.959873,2,Volcán La Cumbre inicia erupción en Galápagos,El gobierno informó sobre la erupción del volcán La Cumbre en una isla no habitada de Galápagos y el monitoreo de riesgos.,Reuters,2024-03-03,medio_ambiente,ok
082_PROPHET_FEEDBACK_IFOREST,2026-02-24,2026-02-24,082_PROPHET_FEEDBACK_IFOREST.png,149_2024-03-01,2024-03-01,2024-03-01,149_2024-03-01.png,0.959873,2,Ecuador se prepara para votaciones con foco en seguridad,La discusión pública incluyó el paquete de medidas de seguridad y gobernabilidad y su impacto en la institucionalidad.,Reuters,2024-03-04,politica_gobierno,ok
084_PROPHET_FEEDBACK_TIMESNET,2026-02-27,2026-02-27,084_PROPHET_FEEDBACK_TIMESNET.png,142_2023-08-15,2023-08-15,2023-08-16,142_2023-08-15.png,0.965479,1,Operativos y hechos delictivos elevan preocupación por seguridad,"Se reportaron operativos, detenciones o investigaciones por delitos, junto con alertas ciudadanas en distintas provincias.",El Universo,2023-08-10,seguridad_crimen,ok
084_PROPHET_FEEDBACK_TIMESNET,2026-02-27,2026-02-27,084_PROPHET_FEEDBACK_TIMESNET.png,142_2023-08-15,2023-08-15,2023-08-16,142_2023-08-15.png,0.965479,1,Guayaquil registra pico de violencia en agosto 2023 con múltiples balaceras,"Guayaquil enfrenta pico de violencia en agosto 2023 con balaceras diarias y disputas entre bandas por control territorial. Se reportan múltiples homicidios en sectores como el sur y Durán, con Policía desplegando operativos; contexto de escalada criminal que preludia crisis nacional.",El Universo,2023-08-10,seguridad_crimen,ok
084_PROPHET_FEEDBACK_TIMESNET,2026-02-27,2026-02-27,084_PROPHET_FEEDBACK_TIMESNET.png,142_2023-08-15,2023-08-15,2023-08-16,142_2023-08-15.png,0.965479,1,Decomisos y acciones contra narcotráfico se intensifican,"Fuerzas de seguridad informaron decomisos, capturas y operativos vinculados a narcotráfico y microtráfico en rutas, puertos y ciudades.",El Comercio,2023-08-11,seguridad_crimen,ok
084_PROPHET_FEEDBACK_TIMESNET,2026-02-27,2026-02-27,084_PROPHET_FEEDBACK_TIMESNET.png,142_2023-08-15,2023-08-15,2023-08-16,142_2023-08-15.png,0.965479,1,Muertes violentas en Ecuador suben en agosto 2023 por narcotráfico,"Ecuador registra aumento de homicidios en agosto 2023, ligados a narcotráfico y pugnas territoriales en Guayas y Manabí. Cifras oficiales muestran escalada; análisis destaca debilidad institucional y necesidad de reformas en seguridad.",Primicias,2023-08-11,seguridad_crimen,ok
084_PROPHET_FEEDBACK_TIMESNET,2026-02-27,2026-02-27,084_PROPHET_FEEDBACK_TIMESNET.png,142_2023-08-15,2023-08-15,2023-08-16,142_2023-08-15.png,0.965479,1,Decisiones y anuncios del Gobierno marcan la agenda nacional,"Autoridades informaron decisiones de política pública, decretos o acciones institucionales con impacto nacional y en gobiernos locales.",Primicias,2023-08-12,politica_gobierno,ok
084_PROPHET_FEEDBACK_TIMESNET,2026-02-27,2026-02-27,084_PROPHET_FEEDBACK_TIMESNET.png,142_2023-08-15,2023-08-15,2023-08-16,142_2023-08-15.png,0.965479,1,Indicadores económicos y fiscales reflejan presiones en el país,"Sectores productivos y autoridades revisaron inflación, empleo, finanzas públicas y actividad económica, con énfasis en riesgos y medidas de ajuste.",Expreso,2023-08-13,economia_finanzas,ok
084_PROPHET_FEEDBACK_TIMESNET,2026-02-27,2026-02-27,084_PROPHET_FEEDBACK_TIMESNET.png,142_2023-08-15,2023-08-15,2023-08-16,142_2023-08-15.png,0.965479,1,Costo de vida y servicios impactan a los hogares,"Se registraron impactos en empleo, educación, salud, movilidad o servicios, con acciones de mitigación y demandas ciudadanas.",Teleamazonas,2023-08-14,riesgo_pais_calidad_vida,ok
084_PROPHET_FEEDBACK_TIMESNET,2026-02-27,2026-02-27,084_PROPHET_FEEDBACK_TIMESNET.png,142_2023-08-15,2023-08-15,2023-08-16,142_2023-08-15.png,0.965479,1,Decisiones y anuncios del Gobierno marcan la agenda nacional,"Autoridades informaron decisiones de política pública, decretos o acciones institucionales con impacto nacional y en gobiernos locales.",El Universo,2023-08-15,politica_gobierno,ok
084_PROPHET_FEEDBACK_TIMESNET,2026-02-27,2026-02-27,084_PROPHET_FEEDBACK_TIMESNET.png,142_2023-08-15,2023-08-15,2023-08-16,142_2023-08-15.png,0.965479,1,Estiaje agrava crisis energética en Ecuador en agosto 2023,El estiaje en agosto 2023 reduce caudal de ríos y amenaza generación hidroeléctrica. El gobierno anuncia medidas de ahorro y mantenimiento de plantas; riesgo de apagones en regiones costeras y sierra por sequía prolongada.,El Comercio,2023-08-16,medio_ambiente,ok
084_PROPHET_FEEDBACK_TIMESNET,2026-02-27,2026-02-27,084_PROPHET_FEEDBACK_TIMESNET.png,142_2023-08-15,2023-08-15,2023-08-16,142_2023-08-15.png,0.965479,1,Operativos y hechos delictivos elevan preocupación por seguridad,"Se reportaron operativos, detenciones o investigaciones por delitos, junto con alertas ciudadanas en distintas provincias.",El Comercio,2023-08-16,seguridad_crimen,ok
084_PROPHET_FEEDBACK_TIMESNET,2026-02-27,2026-02-27,084_PROPHET_FEEDBACK_TIMESNET.png,142_2023-08-15,2023-08-15,2023-08-16,142_2023-08-15.png,0.965479,1,Decomisos y acciones contra narcotráfico se intensifican,"Fuerzas de seguridad informaron decomisos, capturas y operativos vinculados a narcotráfico y microtráfico en rutas, puertos y ciudades.",Primicias,2023-08-17,seguridad_crimen,ok
084_PROPHET_FEEDBACK_TIMESNET,2026-02-27,2026-02-27,084_PROPHET_FEEDBACK_TIMESNET.png,142_2023-08-15,2023-08-15,2023-08-16,142_2023-08-15.png,0.965479,1,Indicadores económicos y fiscales reflejan presiones en el país,"Sectores productivos y autoridades revisaron inflación, empleo, finanzas públicas y actividad económica, con énfasis en riesgos y medidas de ajuste.",Expreso,2023-08-18,economia_finanzas,ok
084_PROPHET_FEEDBACK_TIMESNET,2026-02-27,2026-02-27,084_PROPHET_FEEDBACK_TIMESNET.png,142_2023-08-15,2023-08-15,2023-08-16,142_2023-08-15.png,0.965479,1,Costo de vida y servicios impactan a los hogares,"Se registraron impactos en empleo, educación, salud, movilidad o servicios, con acciones de mitigación y demandas ciudadanas.",Teleamazonas,2023-08-19,riesgo_pais_calidad_vida,ok
084_PROPHET_FEEDBACK_TIMESNET,2026-02-27,2026-02-27,084_PROPHET_FEEDBACK_TIMESNET.png,142_2023-08-15,2023-08-15,2023-08-16,142_2023-08-15.png,0.965479,1,Eventos climáticos y emergencias afectan localidades,"Se reportaron afectaciones por lluvias, deslizamientos, incendios u otros eventos naturales, con impactos en vías, viviendas y servicios.",El Universo,2023-08-21,medio_ambiente,ok
084_PROPHET_FEEDBACK_TIMESNET,2026-02-27,2026-02-27,084_PROPHET_FEEDBACK_TIMESNET.png,091_2020-04-08,2020-04-08,2020-04-09,091_2020-04-08.png,0.964186,2,Coronavirus en Ecuador: los miles de muertos de Guayas que no aparecen en las cifras oficiales,"Guayas registra 6700 muertes en primeros 15 días de abril 2020, muy por encima de cifras oficiales COVID-19. Familias denuncian subregistro; caos sanitario en Guayaquil con cuerpos sin identificar y entierros masivos.",BBC Mundo,2020-04-08,medio_ambiente,ok
084_PROPHET_FEEDBACK_TIMESNET,2026-02-27,2026-02-27,084_PROPHET_FEEDBACK_TIMESNET.png,091_2020-04-08,2020-04-08,2020-04-09,091_2020-04-08.png,0.964186,2,Guayaquil enfrenta colapso sanitario por COVID-19,"El sistema sanitario de Guayaquil colapsó ante el aumento de fallecidos por coronavirus, afectando gravemente la calidad de vida.",El Universo,2020-04-08,riesgo_pais_calidad_vida,ok
084_PROPHET_FEEDBACK_TIMESNET,2026-02-27,2026-02-27,084_PROPHET_FEEDBACK_TIMESNET.png,091_2020-04-08,2020-04-08,2020-04-09,091_2020-04-08.png,0.964186,2,Fuerzas Armadas asumen control logístico en Guayaquil,Las Fuerzas Armadas intervinieron en tareas logísticas y de control ante la emergencia sanitaria en Guayaquil.,El Comercio,2020-04-09,seguridad_crimen,ok
085_PROPHET_FEEDBACK_TRANAD,2026-02-27,2026-02-27,085_PROPHET_FEEDBACK_TRANAD.png,142_2023-08-15,2023-08-15,2023-08-16,142_2023-08-15.png,0.965479,1,Operativos y hechos delictivos elevan preocupación por seguridad,"Se reportaron operativos, detenciones o investigaciones por delitos, junto con alertas ciudadanas en distintas provincias.",El Universo,2023-08-10,seguridad_crimen,ok
085_PROPHET_FEEDBACK_TRANAD,2026-02-27,2026-02-27,085_PROPHET_FEEDBACK_TRANAD.png,142_2023-08-15,2023-08-15,2023-08-16,142_2023-08-15.png,0.965479,1,Guayaquil registra pico de violencia en agosto 2023 con múltiples balaceras,"Guayaquil enfrenta pico de violencia en agosto 2023 con balaceras diarias y disputas entre bandas por control territorial. Se reportan múltiples homicidios en sectores como el sur y Durán, con Policía desplegando operativos; contexto de escalada criminal que preludia crisis nacional.",El Universo,2023-08-10,seguridad_crimen,ok
085_PROPHET_FEEDBACK_TRANAD,2026-02-27,2026-02-27,085_PROPHET_FEEDBACK_TRANAD.png,142_2023-08-15,2023-08-15,2023-08-16,142_2023-08-15.png,0.965479,1,Decomisos y acciones contra narcotráfico se intensifican,"Fuerzas de seguridad informaron decomisos, capturas y operativos vinculados a narcotráfico y microtráfico en rutas, puertos y ciudades.",El Comercio,2023-08-11,seguridad_crimen,ok
085_PROPHET_FEEDBACK_TRANAD,2026-02-27,2026-02-27,085_PROPHET_FEEDBACK_TRANAD.png,142_2023-08-15,2023-08-15,2023-08-16,142_2023-08-15.png,0.965479,1,Muertes violentas en Ecuador suben en agosto 2023 por narcotráfico,"Ecuador registra aumento de homicidios en agosto 2023, ligados a narcotráfico y pugnas territoriales en Guayas y Manabí. Cifras oficiales muestran escalada; análisis destaca debilidad institucional y necesidad de reformas en seguridad.",Primicias,2023-08-11,seguridad_crimen,ok
085_PROPHET_FEEDBACK_TRANAD,2026-02-27,2026-02-27,085_PROPHET_FEEDBACK_TRANAD.png,142_2023-08-15,2023-08-15,2023-08-16,142_2023-08-15.png,0.965479,1,Decisiones y anuncios del Gobierno marcan la agenda nacional,"Autoridades informaron decisiones de política pública, decretos o acciones institucionales con impacto nacional y en gobiernos locales.",Primicias,2023-08-12,politica_gobierno,ok
085_PROPHET_FEEDBACK_TRANAD,2026-02-27,2026-02-27,085_PROPHET_FEEDBACK_TRANAD.png,142_2023-08-15,2023-08-15,2023-08-16,142_2023-08-15.png,0.965479,1,Indicadores económicos y fiscales reflejan presiones en el país,"Sectores productivos y autoridades revisaron inflación, empleo, finanzas públicas y actividad económica, con énfasis en riesgos y medidas de ajuste.",Expreso,2023-08-13,economia_finanzas,ok
085_PROPHET_FEEDBACK_TRANAD,2026-02-27,2026-02-27,085_PROPHET_FEEDBACK_TRANAD.png,142_2023-08-15,2023-08-15,2023-08-16,142_2023-08-15.png,0.965479,1,Costo de vida y servicios impactan a los hogares,"Se registraron impactos en empleo, educación, salud, movilidad o servicios, con acciones de mitigación y demandas ciudadanas.",Teleamazonas,2023-08-14,riesgo_pais_calidad_vida,ok
085_PROPHET_FEEDBACK_TRANAD,2026-02-27,2026-02-27,085_PROPHET_FEEDBACK_TRANAD.png,142_2023-08-15,2023-08-15,2023-08-16,142_2023-08-15.png,0.965479,1,Decisiones y anuncios del Gobierno marcan la agenda nacional,"Autoridades informaron decisiones de política pública, decretos o acciones institucionales con impacto nacional y en gobiernos locales.",El Universo,2023-08-15,politica_gobierno,ok
085_PROPHET_FEEDBACK_TRANAD,2026-02-27,2026-02-27,085_PROPHET_FEEDBACK_TRANAD.png,142_2023-08-15,2023-08-15,2023-08-16,142_2023-08-15.png,0.965479,1,Estiaje agrava crisis energética en Ecuador en agosto 2023,El estiaje en agosto 2023 reduce caudal de ríos y amenaza generación hidroeléctrica. El gobierno anuncia medidas de ahorro y mantenimiento de plantas; riesgo de apagones en regiones costeras y sierra por sequía prolongada.,El Comercio,2023-08-16,medio_ambiente,ok
085_PROPHET_FEEDBACK_TRANAD,2026-02-27,2026-02-27,085_PROPHET_FEEDBACK_TRANAD.png,142_2023-08-15,2023-08-15,2023-08-16,142_2023-08-15.png,0.965479,1,Operativos y hechos delictivos elevan preocupación por seguridad,"Se reportaron operativos, detenciones o investigaciones por delitos, junto con alertas ciudadanas en distintas provincias.",El Comercio,2023-08-16,seguridad_crimen,ok
085_PROPHET_FEEDBACK_TRANAD,2026-02-27,2026-02-27,085_PROPHET_FEEDBACK_TRANAD.png,142_2023-08-15,2023-08-15,2023-08-16,142_2023-08-15.png,0.965479,1,Decomisos y acciones contra narcotráfico se intensifican,"Fuerzas de seguridad informaron decomisos, capturas y operativos vinculados a narcotráfico y microtráfico en rutas, puertos y ciudades.",Primicias,2023-08-17,seguridad_crimen,ok
085_PROPHET_FEEDBACK_TRANAD,2026-02-27,2026-02-27,085_PROPHET_FEEDBACK_TRANAD.png,142_2023-08-15,2023-08-15,2023-08-16,142_2023-08-15.png,0.965479,1,Indicadores económicos y fiscales reflejan presiones en el país,"Sectores productivos y autoridades revisaron inflación, empleo, finanzas públicas y actividad económica, con énfasis en riesgos y medidas de ajuste.",Expreso,2023-08-18,economia_finanzas,ok
085_PROPHET_FEEDBACK_TRANAD,2026-02-27,2026-02-27,085_PROPHET_FEEDBACK_TRANAD.png,142_2023-08-15,2023-08-15,2023-08-16,142_2023-08-15.png,0.965479,1,Costo de vida y servicios impactan a los hogares,"Se registraron impactos en empleo, educación, salud, movilidad o servicios, con acciones de mitigación y demandas ciudadanas.",Teleamazonas,2023-08-19,riesgo_pais_calidad_vida,ok
085_PROPHET_FEEDBACK_TRANAD,2026-02-27,2026-02-27,085_PROPHET_FEEDBACK_TRANAD.png,142_2023-08-15,2023-08-15,2023-08-16,142_2023-08-15.png,0.965479,1,Eventos climáticos y emergencias afectan localidades,"Se reportaron afectaciones por lluvias, deslizamientos, incendios u otros eventos naturales, con impactos en vías, viviendas y servicios.",El Universo,2023-08-21,medio_ambiente,ok
085_PROPHET_FEEDBACK_TRANAD,2026-02-27,2026-02-27,085_PROPHET_FEEDBACK_TRANAD.png,091_2020-04-08,2020-04-08,2020-04-09,091_2020-04-08.png,0.964186,2,Coronavirus en Ecuador: los miles de muertos de Guayas que no aparecen en las cifras oficiales,"Guayas registra 6700 muertes en primeros 15 días de abril 2020, muy por encima de cifras oficiales COVID-19. Familias denuncian subregistro; caos sanitario en Guayaquil con cuerpos sin identificar y entierros masivos.",BBC Mundo,2020-04-08,medio_ambiente,ok
085_PROPHET_FEEDBACK_TRANAD,2026-02-27,2026-02-27,085_PROPHET_FEEDBACK_TRANAD.png,091_2020-04-08,2020-04-08,2020-04-09,091_2020-04-08.png,0.964186,2,Guayaquil enfrenta colapso sanitario por COVID-19,"El sistema sanitario de Guayaquil colapsó ante el aumento de fallecidos por coronavirus, afectando gravemente la calidad de vida.",El Universo,2020-04-08,riesgo_pais_calidad_vida,ok
085_PROPHET_FEEDBACK_TRANAD,2026-02-27,2026-02-27,085_PROPHET_FEEDBACK_TRANAD.png,091_2020-04-08,2020-04-08,2020-04-09,091_2020-04-08.png,0.964186,2,Fuerzas Armadas asumen control logístico en Guayaquil,Las Fuerzas Armadas intervinieron en tareas logísticas y de control ante la emergencia sanitaria en Guayaquil.,El Comercio,2020-04-09,seguridad_crimen,ok
086_LSTM_FEEDBACK_ARIMA,2026-01-29,2026-01-29,086_LSTM_FEEDBACK_ARIMA.png,085_2020-02-25,2020-02-25,2020-02-25,085_2020-02-25.png,0.943378,1,Ecuador suma 281.169 casos de Covid-19 febrero 2020,Ecuador registra nuevos contagios COVID-19 en febrero 2020 (2.390 en 24 horas). Ministerio de Salud reporta 35 fallecidos; contexto de expansión pandemia y medidas de contención.,Primicias,2020-02-25,medio_ambiente,ok
086_LSTM_FEEDBACK_ARIMA,2026-01-29,2026-01-29,086_LSTM_FEEDBACK_ARIMA.png,085_2020-02-25,2020-02-25,2020-02-25,085_2020-02-25.png,0.943378,1,Gobierno evalúa medidas preventivas en fronteras,Autoridades analizaron controles y protocolos ante el riesgo de ingreso del virus por fronteras.,El Comercio,2020-02-25,politica_gobierno,ok
086_LSTM_FEEDBACK_ARIMA,2026-01-29,2026-01-29,086_LSTM_FEEDBACK_ARIMA.png,085_2020-02-25,2020-02-25,2020-02-25,085_2020-02-25.png,0.943378,1,Crece preocupación regional por avance del COVID-19,"Países de la región reportaron nuevos casos de coronavirus, elevando alertas sanitarias en Ecuador.",El Universo,2020-02-25,riesgo_pais_calidad_vida,ok
086_LSTM_FEEDBACK_ARIMA,2026-01-29,2026-01-29,086_LSTM_FEEDBACK_ARIMA.png,085_2020-02-25,2020-02-25,2020-02-25,085_2020-02-25.png,0.943378,1,Autoridades activan emergencia sanitaria,"Tras la confirmación del primer caso, el Gobierno activó medidas de emergencia sanitaria a nivel nacional.",El Comercio,2020-02-27,riesgo_pais_calidad_vida,ok
086_LSTM_FEEDBACK_ARIMA,2026-01-29,2026-01-29,086_LSTM_FEEDBACK_ARIMA.png,085_2020-02-25,2020-02-25,2020-02-25,085_2020-02-25.png,0.943378,1,Ecuador confirma primer caso de coronavirus,"El Ministerio de Salud confirmó el primer caso de COVID-19 en Ecuador, activando protocolos de emergencia.",El Universo,2020-02-27,riesgo_pais_calidad_vida,ok
086_LSTM_FEEDBACK_ARIMA,2026-01-29,2026-01-29,086_LSTM_FEEDBACK_ARIMA.png,086_2020-02-27,2020-02-27,2020-02-27,086_2020-02-27.png,0.940801,2,Ecuador suma 281.169 casos de Covid-19 febrero 2020,Ecuador registra nuevos contagios COVID-19 en febrero 2020 (2.390 en 24 horas). Ministerio de Salud reporta 35 fallecidos; contexto de expansión pandemia y medidas de contención.,Primicias,2020-02-25,medio_ambiente,ok
086_LSTM_FEEDBACK_ARIMA,2026-01-29,2026-01-29,086_LSTM_FEEDBACK_ARIMA.png,086_2020-02-27,2020-02-27,2020-02-27,086_2020-02-27.png,0.940801,2,Gobierno evalúa medidas preventivas en fronteras,Autoridades analizaron controles y protocolos ante el riesgo de ingreso del virus por fronteras.,El Comercio,2020-02-25,politica_gobierno,ok
086_LSTM_FEEDBACK_ARIMA,2026-01-29,2026-01-29,086_LSTM_FEEDBACK_ARIMA.png,086_2020-02-27,2020-02-27,2020-02-27,086_2020-02-27.png,0.940801,2,Crece preocupación regional por avance del COVID-19,"Países de la región reportaron nuevos casos de coronavirus, elevando alertas sanitarias en Ecuador.",El Universo,2020-02-25,riesgo_pais_calidad_vida,ok
086_LSTM_FEEDBACK_ARIMA,2026-01-29,2026-01-29,086_LSTM_FEEDBACK_ARIMA.png,086_2020-02-27,2020-02-27,2020-02-27,086_2020-02-27.png,0.940801,2,Autoridades activan emergencia sanitaria,"Tras la confirmación del primer caso, el Gobierno activó medidas de emergencia sanitaria a nivel nacional.",El Comercio,2020-02-27,riesgo_pais_calidad_vida,ok
086_LSTM_FEEDBACK_ARIMA,2026-01-29,2026-01-29,086_LSTM_FEEDBACK_ARIMA.png,086_2020-02-27,2020-02-27,2020-02-27,086_2020-02-27.png,0.940801,2,Ecuador confirma primer caso de coronavirus,"El Ministerio de Salud confirmó el primer caso de COVID-19 en Ecuador, activando protocolos de emergencia.",El Universo,2020-02-27,riesgo_pais_calidad_vida,ok
088_LSTM_FEEDBACK_DBSCAN,2026-01-29,2026-01-30,088_LSTM_FEEDBACK_DBSCAN.png,085_2020-02-25,2020-02-25,2020-02-25,085_2020-02-25.png,0.950899,1,Ecuador suma 281.169 casos de Covid-19 febrero 2020,Ecuador registra nuevos contagios COVID-19 en febrero 2020 (2.390 en 24 horas). Ministerio de Salud reporta 35 fallecidos; contexto de expansión pandemia y medidas de contención.,Primicias,2020-02-25,medio_ambiente,ok
088_LSTM_FEEDBACK_DBSCAN,2026-01-29,2026-01-30,088_LSTM_FEEDBACK_DBSCAN.png,085_2020-02-25,2020-02-25,2020-02-25,085_2020-02-25.png,0.950899,1,Gobierno evalúa medidas preventivas en fronteras,Autoridades analizaron controles y protocolos ante el riesgo de ingreso del virus por fronteras.,El Comercio,2020-02-25,politica_gobierno,ok
088_LSTM_FEEDBACK_DBSCAN,2026-01-29,2026-01-30,088_LSTM_FEEDBACK_DBSCAN.png,085_2020-02-25,2020-02-25,2020-02-25,085_2020-02-25.png,0.950899,1,Crece preocupación regional por avance del COVID-19,"Países de la región reportaron nuevos casos de coronavirus, elevando alertas sanitarias en Ecuador.",El Universo,2020-02-25,riesgo_pais_calidad_vida,ok
088_LSTM_FEEDBACK_DBSCAN,2026-01-29,2026-01-30,088_LSTM_FEEDBACK_DBSCAN.png,085_2020-02-25,2020-02-25,2020-02-25,085_2020-02-25.png,0.950899,1,Autoridades activan emergencia sanitaria,"Tras la confirmación del primer caso, el Gobierno activó medidas de emergencia sanitaria a nivel nacional.",El Comercio,2020-02-27,riesgo_pais_calidad_vida,ok
088_LSTM_FEEDBACK_DBSCAN,2026-01-29,2026-01-30,088_LSTM_FEEDBACK_DBSCAN.png,085_2020-02-25,2020-02-25,2020-02-25,085_2020-02-25.png,0.950899,1,Ecuador confirma primer caso de coronavirus,"El Ministerio de Salud confirmó el primer caso de COVID-19 en Ecuador, activando protocolos de emergencia.",El Universo,2020-02-27,riesgo_pais_calidad_vida,ok
088_LSTM_FEEDBACK_DBSCAN,2026-01-29,2026-01-30,088_LSTM_FEEDBACK_DBSCAN.png,086_2020-02-27,2020-02-27,2020-02-27,086_2020-02-27.png,0.946392,2,Ecuador suma 281.169 casos de Covid-19 febrero 2020,Ecuador registra nuevos contagios COVID-19 en febrero 2020 (2.390 en 24 horas). Ministerio de Salud reporta 35 fallecidos; contexto de expansión pandemia y medidas de contención.,Primicias,2020-02-25,medio_ambiente,ok
088_LSTM_FEEDBACK_DBSCAN,2026-01-29,2026-01-30,088_LSTM_FEEDBACK_DBSCAN.png,086_2020-02-27,2020-02-27,2020-02-27,086_2020-02-27.png,0.946392,2,Gobierno evalúa medidas preventivas en fronteras,Autoridades analizaron controles y protocolos ante el riesgo de ingreso del virus por fronteras.,El Comercio,2020-02-25,politica_gobierno,ok
088_LSTM_FEEDBACK_DBSCAN,2026-01-29,2026-01-30,088_LSTM_FEEDBACK_DBSCAN.png,086_2020-02-27,2020-02-27,2020-02-27,086_2020-02-27.png,0.946392,2,Crece preocupación regional por avance del COVID-19,"Países de la región reportaron nuevos casos de coronavirus, elevando alertas sanitarias en Ecuador.",El Universo,2020-02-25,riesgo_pais_calidad_vida,ok
088_LSTM_FEEDBACK_DBSCAN,2026-01-29,2026-01-30,088_LSTM_FEEDBACK_DBSCAN.png,086_2020-02-27,2020-02-27,2020-02-27,086_2020-02-27.png,0.946392,2,Autoridades activan emergencia sanitaria,"Tras la confirmación del primer caso, el Gobierno activó medidas de emergencia sanitaria a nivel nacional.",El Comercio,2020-02-27,riesgo_pais_calidad_vida,ok
088_LSTM_FEEDBACK_DBSCAN,2026-01-29,2026-01-30,088_LSTM_FEEDBACK_DBSCAN.png,086_2020-02-27,2020-02-27,2020-02-27,086_2020-02-27.png,0.946392,2,Ecuador confirma primer caso de coronavirus,"El Ministerio de Salud confirmó el primer caso de COVID-19 en Ecuador, activando protocolos de emergencia.",El Universo,2020-02-27,riesgo_pais_calidad_vida,ok
089_LSTM_FEEDBACK_DBSCAN,2026-02-03,2026-02-09,089_LSTM_FEEDBACK_DBSCAN.png,067_2016-01-12,2016-01-12,2016-01-12,067_2016-01-12.png,0.946376,1,Emergencias viales por lluvias en la Sierra,Deslizamientos y cierres viales se reportaron en provincias de la Sierra debido a las precipitaciones intensas.,El Comercio,2016-01-12,economia_finanzas,ok
089_LSTM_FEEDBACK_DBSCAN,2026-02-03,2026-02-09,089_LSTM_FEEDBACK_DBSCAN.png,067_2016-01-12,2016-01-12,2016-01-12,067_2016-01-12.png,0.946376,1,Riesgo país de Ecuador sube por caída petróleo enero 2016,Riesgo país de Ecuador alcanza niveles altos en enero 2016 por caída del petróleo. Spreads en bonos soberanos suben; análisis de impacto en deuda y financiamiento.,El Universo,2016-01-12,economia_finanzas,ok
089_LSTM_FEEDBACK_DBSCAN,2026-02-03,2026-02-09,089_LSTM_FEEDBACK_DBSCAN.png,067_2016-01-12,2016-01-12,2016-01-12,067_2016-01-12.png,0.946376,1,Lluvias provocan inundaciones en la Costa,Fuertes lluvias causaron desbordes de ríos e inundaciones en zonas rurales y urbanas de la región Costa.,El Universo,2016-01-12,medio_ambiente,ok
089_LSTM_FEEDBACK_DBSCAN,2026-02-03,2026-02-09,089_LSTM_FEEDBACK_DBSCAN.png,085_2020-02-25,2020-02-25,2020-02-25,085_2020-02-25.png,0.93767,2,Ecuador suma 281.169 casos de Covid-19 febrero 2020,Ecuador registra nuevos contagios COVID-19 en febrero 2020 (2.390 en 24 horas). Ministerio de Salud reporta 35 fallecidos; contexto de expansión pandemia y medidas de contención.,Primicias,2020-02-25,medio_ambiente,ok
089_LSTM_FEEDBACK_DBSCAN,2026-02-03,2026-02-09,089_LSTM_FEEDBACK_DBSCAN.png,085_2020-02-25,2020-02-25,2020-02-25,085_2020-02-25.png,0.93767,2,Gobierno evalúa medidas preventivas en fronteras,Autoridades analizaron controles y protocolos ante el riesgo de ingreso del virus por fronteras.,El Comercio,2020-02-25,politica_gobierno,ok
089_LSTM_FEEDBACK_DBSCAN,2026-02-03,2026-02-09,089_LSTM_FEEDBACK_DBSCAN.png,085_2020-02-25,2020-02-25,2020-02-25,085_2020-02-25.png,0.93767,2,Crece preocupación regional por avance del COVID-19,"Países de la región reportaron nuevos casos de coronavirus, elevando alertas sanitarias en Ecuador.",El Universo,2020-02-25,riesgo_pais_calidad_vida,ok
089_LSTM_FEEDBACK_DBSCAN,2026-02-03,2026-02-09,089_LSTM_FEEDBACK_DBSCAN.png,085_2020-02-25,2020-02-25,2020-02-25,085_2020-02-25.png,0.93767,2,Autoridades activan emergencia sanitaria,"Tras la confirmación del primer caso, el Gobierno activó medidas de emergencia sanitaria a nivel nacional.",El Comercio,2020-02-27,riesgo_pais_calidad_vida,ok
089_LSTM_FEEDBACK_DBSCAN,2026-02-03,2026-02-09,089_LSTM_FEEDBACK_DBSCAN.png,085_2020-02-25,2020-02-25,2020-02-25,085_2020-02-25.png,0.93767,2,Ecuador confirma primer caso de coronavirus,"El Ministerio de Salud confirmó el primer caso de COVID-19 en Ecuador, activando protocolos de emergencia.",El Universo,2020-02-27,riesgo_pais_calidad_vida,ok
090_LSTM_FEEDBACK_DBSCAN,2026-02-16,2026-02-27,090_LSTM_FEEDBACK_DBSCAN.png,067_2016-01-12,2016-01-12,2016-01-12,067_2016-01-12.png,0.940072,1,Emergencias viales por lluvias en la Sierra,Deslizamientos y cierres viales se reportaron en provincias de la Sierra debido a las precipitaciones intensas.,El Comercio,2016-01-12,economia_finanzas,ok
090_LSTM_FEEDBACK_DBSCAN,2026-02-16,2026-02-27,090_LSTM_FEEDBACK_DBSCAN.png,067_2016-01-12,2016-01-12,2016-01-12,067_2016-01-12.png,0.940072,1,Riesgo país de Ecuador sube por caída petróleo enero 2016,Riesgo país de Ecuador alcanza niveles altos en enero 2016 por caída del petróleo. Spreads en bonos soberanos suben; análisis de impacto en deuda y financiamiento.,El Universo,2016-01-12,economia_finanzas,ok
090_LSTM_FEEDBACK_DBSCAN,2026-02-16,2026-02-27,090_LSTM_FEEDBACK_DBSCAN.png,067_2016-01-12,2016-01-12,2016-01-12,067_2016-01-12.png,0.940072,1,Lluvias provocan inundaciones en la Costa,Fuertes lluvias causaron desbordes de ríos e inundaciones en zonas rurales y urbanas de la región Costa.,El Universo,2016-01-12,medio_ambiente,ok
090_LSTM_FEEDBACK_DBSCAN,2026-02-16,2026-02-27,090_LSTM_FEEDBACK_DBSCAN.png,104_2020-09-01,2020-09-01,2020-09-01,104_2020-09-01.png,0.937235,2,Ecuador avanza en negociación de vacunas COVID-19 septiembre 2020,Ecuador negocia dosis de vacunas COVID-19 con AstraZeneca y otros laboratorios en septiembre 2020. Ministerio de Salud detalla avances; contexto de pandemia con reducción de casos pero alerta por segunda ola posible.,El Universo,2020-09-01,politica_gobierno,ok
090_LSTM_FEEDBACK_DBSCAN,2026-02-16,2026-02-27,090_LSTM_FEEDBACK_DBSCAN.png,104_2020-09-01,2020-09-01,2020-09-01,104_2020-09-01.png,0.937235,2,Gobierno mantiene restricciones ante COVID-19,El COE Nacional ratificó restricciones y evaluó medidas para controlar contagios.,El Universo,2020-09-04,politica_gobierno,ok
090_LSTM_FEEDBACK_DBSCAN,2026-02-16,2026-02-27,090_LSTM_FEEDBACK_DBSCAN.png,104_2020-09-01,2020-09-01,2020-09-01,104_2020-09-01.png,0.937235,2,Sistema de salud continúa bajo presión,Hospitales reportaron alta ocupación de camas UCI en varias provincias.,El Comercio,2020-09-04,riesgo_pais_calidad_vida,ok
090_LSTM_FEEDBACK_DBSCAN,2026-02-16,2026-02-27,090_LSTM_FEEDBACK_DBSCAN.png,104_2020-09-01,2020-09-01,2020-09-01,104_2020-09-01.png,0.937235,2,Economía muestra lenta recuperación,Indicadores económicos evidenciaron una recuperación gradual tras meses de crisis.,El Universo,2020-09-05,economia_finanzas,ok
090_LSTM_FEEDBACK_DBSCAN,2026-02-16,2026-02-27,090_LSTM_FEEDBACK_DBSCAN.png,104_2020-09-01,2020-09-01,2020-09-01,104_2020-09-01.png,0.937235,2,Inseguridad preocupa en zonas urbanas,Autoridades reportaron incremento de robos y asaltos en ciudades principales.,El Comercio,2020-09-06,seguridad_crimen,ok
091_LSTM_FEEDBACK_DIF,2026-02-09,2026-02-10,091_LSTM_FEEDBACK_DIF.png,067_2016-01-12,2016-01-12,2016-01-12,067_2016-01-12.png,0.945128,1,Emergencias viales por lluvias en la Sierra,Deslizamientos y cierres viales se reportaron en provincias de la Sierra debido a las precipitaciones intensas.,El Comercio,2016-01-12,economia_finanzas,ok
091_LSTM_FEEDBACK_DIF,2026-02-09,2026-02-10,091_LSTM_FEEDBACK_DIF.png,067_2016-01-12,2016-01-12,2016-01-12,067_2016-01-12.png,0.945128,1,Riesgo país de Ecuador sube por caída petróleo enero 2016,Riesgo país de Ecuador alcanza niveles altos en enero 2016 por caída del petróleo. Spreads en bonos soberanos suben; análisis de impacto en deuda y financiamiento.,El Universo,2016-01-12,economia_finanzas,ok
091_LSTM_FEEDBACK_DIF,2026-02-09,2026-02-10,091_LSTM_FEEDBACK_DIF.png,067_2016-01-12,2016-01-12,2016-01-12,067_2016-01-12.png,0.945128,1,Lluvias provocan inundaciones en la Costa,Fuertes lluvias causaron desbordes de ríos e inundaciones en zonas rurales y urbanas de la región Costa.,El Universo,2016-01-12,medio_ambiente,ok
091_LSTM_FEEDBACK_DIF,2026-02-09,2026-02-10,091_LSTM_FEEDBACK_DIF.png,022_2008-10-28,2008-10-28,2008-10-28,022_2008-10-28.png,0.936407,3,150th (Extraordinary) Meeting of the OPEC Conference (Production adjustments)," Comunicado oficial de OPEP sobre recortes de producción acordados en octubre de 2008 para estabilizar el mercado ante caída de precios. Incluye ajustes por país, relevante para contextos de shocks petroleros.",OPEC (Press Release),2008-10-24,economia_finanzas,ok
091_LSTM_FEEDBACK_DIF,2026-02-09,2026-02-10,091_LSTM_FEEDBACK_DIF.png,022_2008-10-28,2008-10-28,2008-10-28,022_2008-10-28.png,0.936407,3,Oficialismo Ecuador controla comisión legislativa en congreso de transición," Reporte sobre la integración del congreso/órgano legislativo de transición tras la nueva Constitución, destacando la mayoría del movimiento oficialista y el impacto sobre el equilibrio de poderes.",Reuters,2008-10-25,politica_gobierno,ok
091_LSTM_FEEDBACK_DIF,2026-02-09,2026-02-10,091_LSTM_FEEDBACK_DIF.png,022_2008-10-28,2008-10-28,2008-10-28,022_2008-10-28.png,0.936407,3,Accidente de tránsito deja varios heridos en Azuay,Un accidente de tránsito en una vía del Azuay dejó varios heridos y congestión vehicular.,El Universo,2008-10-27,seguridad_crimen,ok
091_LSTM_FEEDBACK_DIF,2026-02-09,2026-02-10,091_LSTM_FEEDBACK_DIF.png,022_2008-10-28,2008-10-28,2008-10-28,022_2008-10-28.png,0.936407,3,Riesgo país bordea los 3.000 puntos,"El riesgo país de Ecuador alcanzó niveles cercanos a los 3.000 puntos, reflejando elevada percepción de riesgo soberano.",El Universo,2008-10-28,economia_finanzas,ok
092_LSTM_FEEDBACK_IFOREST,2026-02-27,2026-02-27,092_LSTM_FEEDBACK_IFOREST.png,067_2016-01-12,2016-01-12,2016-01-12,067_2016-01-12.png,0.942455,1,Emergencias viales por lluvias en la Sierra,Deslizamientos y cierres viales se reportaron en provincias de la Sierra debido a las precipitaciones intensas.,El Comercio,2016-01-12,economia_finanzas,ok
092_LSTM_FEEDBACK_IFOREST,2026-02-27,2026-02-27,092_LSTM_FEEDBACK_IFOREST.png,067_2016-01-12,2016-01-12,2016-01-12,067_2016-01-12.png,0.942455,1,Riesgo país de Ecuador sube por caída petróleo enero 2016,Riesgo país de Ecuador alcanza niveles altos en enero 2016 por caída del petróleo. Spreads en bonos soberanos suben; análisis de impacto en deuda y financiamiento.,El Universo,2016-01-12,economia_finanzas,ok
092_LSTM_FEEDBACK_IFOREST,2026-02-27,2026-02-27,092_LSTM_FEEDBACK_IFOREST.png,067_2016-01-12,2016-01-12,2016-01-12,067_2016-01-12.png,0.942455,1,Lluvias provocan inundaciones en la Costa,Fuertes lluvias causaron desbordes de ríos e inundaciones en zonas rurales y urbanas de la región Costa.,El Universo,2016-01-12,medio_ambiente,ok
092_LSTM_FEEDBACK_IFOREST,2026-02-27,2026-02-27,092_LSTM_FEEDBACK_IFOREST.png,104_2020-09-01,2020-09-01,2020-09-01,104_2020-09-01.png,0.937101,2,Ecuador avanza en negociación de vacunas COVID-19 septiembre 2020,Ecuador negocia dosis de vacunas COVID-19 con AstraZeneca y otros laboratorios en septiembre 2020. Ministerio de Salud detalla avances; contexto de pandemia con reducción de casos pero alerta por segunda ola posible.,El Universo,2020-09-01,politica_gobierno,ok
092_LSTM_FEEDBACK_IFOREST,2026-02-27,2026-02-27,092_LSTM_FEEDBACK_IFOREST.png,104_2020-09-01,2020-09-01,2020-09-01,104_2020-09-01.png,0.937101,2,Gobierno mantiene restricciones ante COVID-19,El COE Nacional ratificó restricciones y evaluó medidas para controlar contagios.,El Universo,2020-09-04,politica_gobierno,ok
092_LSTM_FEEDBACK_IFOREST,2026-02-27,2026-02-27,092_LSTM_FEEDBACK_IFOREST.png,104_2020-09-01,2020-09-01,2020-09-01,104_2020-09-01.png,0.937101,2,Sistema de salud continúa bajo presión,Hospitales reportaron alta ocupación de camas UCI en varias provincias.,El Comercio,2020-09-04,riesgo_pais_calidad_vida,ok
092_LSTM_FEEDBACK_IFOREST,2026-02-27,2026-02-27,092_LSTM_FEEDBACK_IFOREST.png,104_2020-09-01,2020-09-01,2020-09-01,104_2020-09-01.png,0.937101,2,Economía muestra lenta recuperación,Indicadores económicos evidenciaron una recuperación gradual tras meses de crisis.,El Universo,2020-09-05,economia_finanzas,ok
092_LSTM_FEEDBACK_IFOREST,2026-02-27,2026-02-27,092_LSTM_FEEDBACK_IFOREST.png,104_2020-09-01,2020-09-01,2020-09-01,104_2020-09-01.png,0.937101,2,Inseguridad preocupa en zonas urbanas,Autoridades reportaron incremento de robos y asaltos en ciudades principales.,El Comercio,2020-09-06,seguridad_crimen,ok
093_LSTM_FEEDBACK_TIMEGPT,2026-02-27,2026-02-27,093_LSTM_FEEDBACK_TIMEGPT.png,067_2016-01-12,2016-01-12,2016-01-12,067_2016-01-12.png,0.942455,1,Emergencias viales por lluvias en la Sierra,Deslizamientos y cierres viales se reportaron en provincias de la Sierra debido a las precipitaciones intensas.,El Comercio,2016-01-12,economia_finanzas,ok
093_LSTM_FEEDBACK_TIMEGPT,2026-02-27,2026-02-27,093_LSTM_FEEDBACK_TIMEGPT.png,067_2016-01-12,2016-01-12,2016-01-12,067_2016-01-12.png,0.942455,1,Riesgo país de Ecuador sube por caída petróleo enero 2016,Riesgo país de Ecuador alcanza niveles altos en enero 2016 por caída del petróleo. Spreads en bonos soberanos suben; análisis de impacto en deuda y financiamiento.,El Universo,2016-01-12,economia_finanzas,ok
093_LSTM_FEEDBACK_TIMEGPT,2026-02-27,2026-02-27,093_LSTM_FEEDBACK_TIMEGPT.png,067_2016-01-12,2016-01-12,2016-01-12,067_2016-01-12.png,0.942455,1,Lluvias provocan inundaciones en la Costa,Fuertes lluvias causaron desbordes de ríos e inundaciones en zonas rurales y urbanas de la región Costa.,El Universo,2016-01-12,medio_ambiente,ok
093_LSTM_FEEDBACK_TIMEGPT,2026-02-27,2026-02-27,093_LSTM_FEEDBACK_TIMEGPT.png,104_2020-09-01,2020-09-01,2020-09-01,104_2020-09-01.png,0.937101,2,Ecuador avanza en negociación de vacunas COVID-19 septiembre 2020,Ecuador negocia dosis de vacunas COVID-19 con AstraZeneca y otros laboratorios en septiembre 2020. Ministerio de Salud detalla avances; contexto de pandemia con reducción de casos pero alerta por segunda ola posible.,El Universo,2020-09-01,politica_gobierno,ok
093_LSTM_FEEDBACK_TIMEGPT,2026-02-27,2026-02-27,093_LSTM_FEEDBACK_TIMEGPT.png,104_2020-09-01,2020-09-01,2020-09-01,104_2020-09-01.png,0.937101,2,Gobierno mantiene restricciones ante COVID-19,El COE Nacional ratificó restricciones y evaluó medidas para controlar contagios.,El Universo,2020-09-04,politica_gobierno,ok
093_LSTM_FEEDBACK_TIMEGPT,2026-02-27,2026-02-27,093_LSTM_FEEDBACK_TIMEGPT.png,104_2020-09-01,2020-09-01,2020-09-01,104_2020-09-01.png,0.937101,2,Sistema de salud continúa bajo presión,Hospitales reportaron alta ocupación de camas UCI en varias provincias.,El Comercio,2020-09-04,riesgo_pais_calidad_vida,ok
093_LSTM_FEEDBACK_TIMEGPT,2026-02-27,2026-02-27,093_LSTM_FEEDBACK_TIMEGPT.png,104_2020-09-01,2020-09-01,2020-09-01,104_2020-09-01.png,0.937101,2,Economía muestra lenta recuperación,Indicadores económicos evidenciaron una recuperación gradual tras meses de crisis.,El Universo,2020-09-05,economia_finanzas,ok
093_LSTM_FEEDBACK_TIMEGPT,2026-02-27,2026-02-27,093_LSTM_FEEDBACK_TIMEGPT.png,104_2020-09-01,2020-09-01,2020-09-01,104_2020-09-01.png,0.937101,2,Inseguridad preocupa en zonas urbanas,Autoridades reportaron incremento de robos y asaltos en ciudades principales.,El Comercio,2020-09-06,seguridad_crimen,ok
094_LSTM_FEEDBACK_TIMESNET,2026-02-27,2026-02-27,094_LSTM_FEEDBACK_TIMESNET.png,067_2016-01-12,2016-01-12,2016-01-12,067_2016-01-12.png,0.942455,1,Emergencias viales por lluvias en la Sierra,Deslizamientos y cierres viales se reportaron en provincias de la Sierra debido a las precipitaciones intensas.,El Comercio,2016-01-12,economia_finanzas,ok
094_LSTM_FEEDBACK_TIMESNET,2026-02-27,2026-02-27,094_LSTM_FEEDBACK_TIMESNET.png,067_2016-01-12,2016-01-12,2016-01-12,067_2016-01-12.png,0.942455,1,Riesgo país de Ecuador sube por caída petróleo enero 2016,Riesgo país de Ecuador alcanza niveles altos en enero 2016 por caída del petróleo. Spreads en bonos soberanos suben; análisis de impacto en deuda y financiamiento.,El Universo,2016-01-12,economia_finanzas,ok
094_LSTM_FEEDBACK_TIMESNET,2026-02-27,2026-02-27,094_LSTM_FEEDBACK_TIMESNET.png,067_2016-01-12,2016-01-12,2016-01-12,067_2016-01-12.png,0.942455,1,Lluvias provocan inundaciones en la Costa,Fuertes lluvias causaron desbordes de ríos e inundaciones en zonas rurales y urbanas de la región Costa.,El Universo,2016-01-12,medio_ambiente,ok
094_LSTM_FEEDBACK_TIMESNET,2026-02-27,2026-02-27,094_LSTM_FEEDBACK_TIMESNET.png,104_2020-09-01,2020-09-01,2020-09-01,104_2020-09-01.png,0.937101,2,Ecuador avanza en negociación de vacunas COVID-19 septiembre 2020,Ecuador negocia dosis de vacunas COVID-19 con AstraZeneca y otros laboratorios en septiembre 2020. Ministerio de Salud detalla avances; contexto de pandemia con reducción de casos pero alerta por segunda ola posible.,El Universo,2020-09-01,politica_gobierno,ok
094_LSTM_FEEDBACK_TIMESNET,2026-02-27,2026-02-27,094_LSTM_FEEDBACK_TIMESNET.png,104_2020-09-01,2020-09-01,2020-09-01,104_2020-09-01.png,0.937101,2,Gobierno mantiene restricciones ante COVID-19,El COE Nacional ratificó restricciones y evaluó medidas para controlar contagios.,El Universo,2020-09-04,politica_gobierno,ok
094_LSTM_FEEDBACK_TIMESNET,2026-02-27,2026-02-27,094_LSTM_FEEDBACK_TIMESNET.png,104_2020-09-01,2020-09-01,2020-09-01,104_2020-09-01.png,0.937101,2,Sistema de salud continúa bajo presión,Hospitales reportaron alta ocupación de camas UCI en varias provincias.,El Comercio,2020-09-04,riesgo_pais_calidad_vida,ok
094_LSTM_FEEDBACK_TIMESNET,2026-02-27,2026-02-27,094_LSTM_FEEDBACK_TIMESNET.png,104_2020-09-01,2020-09-01,2020-09-01,104_2020-09-01.png,0.937101,2,Economía muestra lenta recuperación,Indicadores económicos evidenciaron una recuperación gradual tras meses de crisis.,El Universo,2020-09-05,economia_finanzas,ok
094_LSTM_FEEDBACK_TIMESNET,2026-02-27,2026-02-27,094_LSTM_FEEDBACK_TIMESNET.png,104_2020-09-01,2020-09-01,2020-09-01,104_2020-09-01.png,0.937101,2,Inseguridad preocupa en zonas urbanas,Autoridades reportaron incremento de robos y asaltos en ciudades principales.,El Comercio,2020-09-06,seguridad_crimen,ok
095_LSTM_FEEDBACK_TRANAD,2026-02-27,2026-02-27,095_LSTM_FEEDBACK_TRANAD.png,067_2016-01-12,2016-01-12,2016-01-12,067_2016-01-12.png,0.942455,1,Emergencias viales por lluvias en la Sierra,Deslizamientos y cierres viales se reportaron en provincias de la Sierra debido a las precipitaciones intensas.,El Comercio,2016-01-12,economia_finanzas,ok
095_LSTM_FEEDBACK_TRANAD,2026-02-27,2026-02-27,095_LSTM_FEEDBACK_TRANAD.png,067_2016-01-12,2016-01-12,2016-01-12,067_2016-01-12.png,0.942455,1,Riesgo país de Ecuador sube por caída petróleo enero 2016,Riesgo país de Ecuador alcanza niveles altos en enero 2016 por caída del petróleo. Spreads en bonos soberanos suben; análisis de impacto en deuda y financiamiento.,El Universo,2016-01-12,economia_finanzas,ok
095_LSTM_FEEDBACK_TRANAD,2026-02-27,2026-02-27,095_LSTM_FEEDBACK_TRANAD.png,067_2016-01-12,2016-01-12,2016-01-12,067_2016-01-12.png,0.942455,1,Lluvias provocan inundaciones en la Costa,Fuertes lluvias causaron desbordes de ríos e inundaciones en zonas rurales y urbanas de la región Costa.,El Universo,2016-01-12,medio_ambiente,ok
095_LSTM_FEEDBACK_TRANAD,2026-02-27,2026-02-27,095_LSTM_FEEDBACK_TRANAD.png,104_2020-09-01,2020-09-01,2020-09-01,104_2020-09-01.png,0.937101,2,Ecuador avanza en negociación de vacunas COVID-19 septiembre 2020,Ecuador negocia dosis de vacunas COVID-19 con AstraZeneca y otros laboratorios en septiembre 2020. Ministerio de Salud detalla avances; contexto de pandemia con reducción de casos pero alerta por segunda ola posible.,El Universo,2020-09-01,politica_gobierno,ok
095_LSTM_FEEDBACK_TRANAD,2026-02-27,2026-02-27,095_LSTM_FEEDBACK_TRANAD.png,104_2020-09-01,2020-09-01,2020-09-01,104_2020-09-01.png,0.937101,2,Gobierno mantiene restricciones ante COVID-19,El COE Nacional ratificó restricciones y evaluó medidas para controlar contagios.,El Universo,2020-09-04,politica_gobierno,ok
095_LSTM_FEEDBACK_TRANAD,2026-02-27,2026-02-27,095_LSTM_FEEDBACK_TRANAD.png,104_2020-09-01,2020-09-01,2020-09-01,104_2020-09-01.png,0.937101,2,Sistema de salud continúa bajo presión,Hospitales reportaron alta ocupación de camas UCI en varias provincias.,El Comercio,2020-09-04,riesgo_pais_calidad_vida,ok
095_LSTM_FEEDBACK_TRANAD,2026-02-27,2026-02-27,095_LSTM_FEEDBACK_TRANAD.png,104_2020-09-01,2020-09-01,2020-09-01,104_2020-09-01.png,0.937101,2,Economía muestra lenta recuperación,Indicadores económicos evidenciaron una recuperación gradual tras meses de crisis.,El Universo,2020-09-05,economia_finanzas,ok
095_LSTM_FEEDBACK_TRANAD,2026-02-27,2026-02-27,095_LSTM_FEEDBACK_TRANAD.png,104_2020-09-01,2020-09-01,2020-09-01,104_2020-09-01.png,0.937101,2,Inseguridad preocupa en zonas urbanas,Autoridades reportaron incremento de robos y asaltos en ciudades principales.,El Comercio,2020-09-06,seguridad_crimen,ok
096_LSTM_DIRECT_ARIMA,2026-01-29,2026-01-29,096_LSTM_DIRECT_ARIMA.png,091_2020-04-08,2020-04-08,2020-04-09,091_2020-04-08.png,0.966313,1,Coronavirus en Ecuador: los miles de muertos de Guayas que no aparecen en las cifras oficiales,"Guayas registra 6700 muertes en primeros 15 días de abril 2020, muy por encima de cifras oficiales COVID-19. Familias denuncian subregistro; caos sanitario en Guayaquil con cuerpos sin identificar y entierros masivos.",BBC Mundo,2020-04-08,medio_ambiente,ok
096_LSTM_DIRECT_ARIMA,2026-01-29,2026-01-29,096_LSTM_DIRECT_ARIMA.png,091_2020-04-08,2020-04-08,2020-04-09,091_2020-04-08.png,0.966313,1,Guayaquil enfrenta colapso sanitario por COVID-19,"El sistema sanitario de Guayaquil colapsó ante el aumento de fallecidos por coronavirus, afectando gravemente la calidad de vida.",El Universo,2020-04-08,riesgo_pais_calidad_vida,ok
096_LSTM_DIRECT_ARIMA,2026-01-29,2026-01-29,096_LSTM_DIRECT_ARIMA.png,091_2020-04-08,2020-04-08,2020-04-09,091_2020-04-08.png,0.966313,1,Fuerzas Armadas asumen control logístico en Guayaquil,Las Fuerzas Armadas intervinieron en tareas logísticas y de control ante la emergencia sanitaria en Guayaquil.,El Comercio,2020-04-09,seguridad_crimen,ok
096_LSTM_DIRECT_ARIMA,2026-01-29,2026-01-29,096_LSTM_DIRECT_ARIMA.png,142_2023-08-15,2023-08-15,2023-08-16,142_2023-08-15.png,0.958921,2,Operativos y hechos delictivos elevan preocupación por seguridad,"Se reportaron operativos, detenciones o investigaciones por delitos, junto con alertas ciudadanas en distintas provincias.",El Universo,2023-08-10,seguridad_crimen,ok
096_LSTM_DIRECT_ARIMA,2026-01-29,2026-01-29,096_LSTM_DIRECT_ARIMA.png,142_2023-08-15,2023-08-15,2023-08-16,142_2023-08-15.png,0.958921,2,Guayaquil registra pico de violencia en agosto 2023 con múltiples balaceras,"Guayaquil enfrenta pico de violencia en agosto 2023 con balaceras diarias y disputas entre bandas por control territorial. Se reportan múltiples homicidios en sectores como el sur y Durán, con Policía desplegando operativos; contexto de escalada criminal que preludia crisis nacional.",El Universo,2023-08-10,seguridad_crimen,ok
096_LSTM_DIRECT_ARIMA,2026-01-29,2026-01-29,096_LSTM_DIRECT_ARIMA.png,142_2023-08-15,2023-08-15,2023-08-16,142_2023-08-15.png,0.958921,2,Decomisos y acciones contra narcotráfico se intensifican,"Fuerzas de seguridad informaron decomisos, capturas y operativos vinculados a narcotráfico y microtráfico en rutas, puertos y ciudades.",El Comercio,2023-08-11,seguridad_crimen,ok
096_LSTM_DIRECT_ARIMA,2026-01-29,2026-01-29,096_LSTM_DIRECT_ARIMA.png,142_2023-08-15,2023-08-15,2023-08-16,142_2023-08-15.png,0.958921,2,Muertes violentas en Ecuador suben en agosto 2023 por narcotráfico,"Ecuador registra aumento de homicidios en agosto 2023, ligados a narcotráfico y pugnas territoriales en Guayas y Manabí. Cifras oficiales muestran escalada; análisis destaca debilidad institucional y necesidad de reformas en seguridad.",Primicias,2023-08-11,seguridad_crimen,ok
096_LSTM_DIRECT_ARIMA,2026-01-29,2026-01-29,096_LSTM_DIRECT_ARIMA.png,142_2023-08-15,2023-08-15,2023-08-16,142_2023-08-15.png,0.958921,2,Decisiones y anuncios del Gobierno marcan la agenda nacional,"Autoridades informaron decisiones de política pública, decretos o acciones institucionales con impacto nacional y en gobiernos locales.",Primicias,2023-08-12,politica_gobierno,ok
096_LSTM_DIRECT_ARIMA,2026-01-29,2026-01-29,096_LSTM_DIRECT_ARIMA.png,142_2023-08-15,2023-08-15,2023-08-16,142_2023-08-15.png,0.958921,2,Indicadores económicos y fiscales reflejan presiones en el país,"Sectores productivos y autoridades revisaron inflación, empleo, finanzas públicas y actividad económica, con énfasis en riesgos y medidas de ajuste.",Expreso,2023-08-13,economia_finanzas,ok
096_LSTM_DIRECT_ARIMA,2026-01-29,2026-01-29,096_LSTM_DIRECT_ARIMA.png,142_2023-08-15,2023-08-15,2023-08-16,142_2023-08-15.png,0.958921,2,Costo de vida y servicios impactan a los hogares,"Se registraron impactos en empleo, educación, salud, movilidad o servicios, con acciones de mitigación y demandas ciudadanas.",Teleamazonas,2023-08-14,riesgo_pais_calidad_vida,ok
096_LSTM_DIRECT_ARIMA,2026-01-29,2026-01-29,096_LSTM_DIRECT_ARIMA.png,142_2023-08-15,2023-08-15,2023-08-16,142_2023-08-15.png,0.958921,2,Decisiones y anuncios del Gobierno marcan la agenda nacional,"Autoridades informaron decisiones de política pública, decretos o acciones institucionales con impacto nacional y en gobiernos locales.",El Universo,2023-08-15,politica_gobierno,ok
096_LSTM_DIRECT_ARIMA,2026-01-29,2026-01-29,096_LSTM_DIRECT_ARIMA.png,142_2023-08-15,2023-08-15,2023-08-16,142_2023-08-15.png,0.958921,2,Estiaje agrava crisis energética en Ecuador en agosto 2023,El estiaje en agosto 2023 reduce caudal de ríos y amenaza generación hidroeléctrica. El gobierno anuncia medidas de ahorro y mantenimiento de plantas; riesgo de apagones en regiones costeras y sierra por sequía prolongada.,El Comercio,2023-08-16,medio_ambiente,ok
096_LSTM_DIRECT_ARIMA,2026-01-29,2026-01-29,096_LSTM_DIRECT_ARIMA.png,142_2023-08-15,2023-08-15,2023-08-16,142_2023-08-15.png,0.958921,2,Operativos y hechos delictivos elevan preocupación por seguridad,"Se reportaron operativos, detenciones o investigaciones por delitos, junto con alertas ciudadanas en distintas provincias.",El Comercio,2023-08-16,seguridad_crimen,ok
096_LSTM_DIRECT_ARIMA,2026-01-29,2026-01-29,096_LSTM_DIRECT_ARIMA.png,142_2023-08-15,2023-08-15,2023-08-16,142_2023-08-15.png,0.958921,2,Decomisos y acciones contra narcotráfico se intensifican,"Fuerzas de seguridad informaron decomisos, capturas y operativos vinculados a narcotráfico y microtráfico en rutas, puertos y ciudades.",Primicias,2023-08-17,seguridad_crimen,ok
096_LSTM_DIRECT_ARIMA,2026-01-29,2026-01-29,096_LSTM_DIRECT_ARIMA.png,142_2023-08-15,2023-08-15,2023-08-16,142_2023-08-15.png,0.958921,2,Indicadores económicos y fiscales reflejan presiones en el país,"Sectores productivos y autoridades revisaron inflación, empleo, finanzas públicas y actividad económica, con énfasis en riesgos y medidas de ajuste.",Expreso,2023-08-18,economia_finanzas,ok
096_LSTM_DIRECT_ARIMA,2026-01-29,2026-01-29,096_LSTM_DIRECT_ARIMA.png,142_2023-08-15,2023-08-15,2023-08-16,142_2023-08-15.png,0.958921,2,Costo de vida y servicios impactan a los hogares,"Se registraron impactos en empleo, educación, salud, movilidad o servicios, con acciones de mitigación y demandas ciudadanas.",Teleamazonas,2023-08-19,riesgo_pais_calidad_vida,ok
096_LSTM_DIRECT_ARIMA,2026-01-29,2026-01-29,096_LSTM_DIRECT_ARIMA.png,142_2023-08-15,2023-08-15,2023-08-16,142_2023-08-15.png,0.958921,2,Eventos climáticos y emergencias afectan localidades,"Se reportaron afectaciones por lluvias, deslizamientos, incendios u otros eventos naturales, con impactos en vías, viviendas y servicios.",El Universo,2023-08-21,medio_ambiente,ok
097_LSTM_DIRECT_ARIMA,2026-02-23,2026-02-23,097_LSTM_DIRECT_ARIMA.png,091_2020-04-08,2020-04-08,2020-04-09,091_2020-04-08.png,0.966444,1,Coronavirus en Ecuador: los miles de muertos de Guayas que no aparecen en las cifras oficiales,"Guayas registra 6700 muertes en primeros 15 días de abril 2020, muy por encima de cifras oficiales COVID-19. Familias denuncian subregistro; caos sanitario en Guayaquil con cuerpos sin identificar y entierros masivos.",BBC Mundo,2020-04-08,medio_ambiente,ok
097_LSTM_DIRECT_ARIMA,2026-02-23,2026-02-23,097_LSTM_DIRECT_ARIMA.png,091_2020-04-08,2020-04-08,2020-04-09,091_2020-04-08.png,0.966444,1,Guayaquil enfrenta colapso sanitario por COVID-19,"El sistema sanitario de Guayaquil colapsó ante el aumento de fallecidos por coronavirus, afectando gravemente la calidad de vida.",El Universo,2020-04-08,riesgo_pais_calidad_vida,ok
097_LSTM_DIRECT_ARIMA,2026-02-23,2026-02-23,097_LSTM_DIRECT_ARIMA.png,091_2020-04-08,2020-04-08,2020-04-09,091_2020-04-08.png,0.966444,1,Fuerzas Armadas asumen control logístico en Guayaquil,Las Fuerzas Armadas intervinieron en tareas logísticas y de control ante la emergencia sanitaria en Guayaquil.,El Comercio,2020-04-09,seguridad_crimen,ok
097_LSTM_DIRECT_ARIMA,2026-02-23,2026-02-23,097_LSTM_DIRECT_ARIMA.png,078_2019-08-05,2019-08-05,2019-08-05,078_2019-08-05.png,0.961757,2,Consumo de agua embotellada supera gaseosas en Ecuador agosto 2019,Estudio Euromonitor muestra que consumo de agua embotellada supera bebidas gaseosas en Ecuador en agosto 2019. Tendencia por salud y calidad agua; impacto en mercado y hábitos de consumo.,El Universo,2019-08-05,economia_finanzas,ok
097_LSTM_DIRECT_ARIMA,2026-02-23,2026-02-23,097_LSTM_DIRECT_ARIMA.png,078_2019-08-05,2019-08-05,2019-08-05,078_2019-08-05.png,0.961757,2,Incendios forestales afectan zonas de la Sierra,"Varios incendios forestales se registraron en provincias de la Sierra, movilizando a bomberos y brigadas.",El Universo,2019-08-05,medio_ambiente,ok
097_LSTM_DIRECT_ARIMA,2026-02-23,2026-02-23,097_LSTM_DIRECT_ARIMA.png,078_2019-08-05,2019-08-05,2019-08-05,078_2019-08-05.png,0.961757,2,Autoridades emiten alerta por calidad del aire,La concentración de humo por incendios elevó los niveles de contaminación del aire en varias ciudades.,El Comercio,2019-08-05,riesgo_pais_calidad_vida,ok
098_LSTM_DIRECT_DBSCAN,2026-01-29,2026-02-03,098_LSTM_DIRECT_DBSCAN.png,091_2020-04-08,2020-04-08,2020-04-09,091_2020-04-08.png,0.96182,1,Coronavirus en Ecuador: los miles de muertos de Guayas que no aparecen en las cifras oficiales,"Guayas registra 6700 muertes en primeros 15 días de abril 2020, muy por encima de cifras oficiales COVID-19. Familias denuncian subregistro; caos sanitario en Guayaquil con cuerpos sin identificar y entierros masivos.",BBC Mundo,2020-04-08,medio_ambiente,ok
098_LSTM_DIRECT_DBSCAN,2026-01-29,2026-02-03,098_LSTM_DIRECT_DBSCAN.png,091_2020-04-08,2020-04-08,2020-04-09,091_2020-04-08.png,0.96182,1,Guayaquil enfrenta colapso sanitario por COVID-19,"El sistema sanitario de Guayaquil colapsó ante el aumento de fallecidos por coronavirus, afectando gravemente la calidad de vida.",El Universo,2020-04-08,riesgo_pais_calidad_vida,ok
098_LSTM_DIRECT_DBSCAN,2026-01-29,2026-02-03,098_LSTM_DIRECT_DBSCAN.png,091_2020-04-08,2020-04-08,2020-04-09,091_2020-04-08.png,0.96182,1,Fuerzas Armadas asumen control logístico en Guayaquil,Las Fuerzas Armadas intervinieron en tareas logísticas y de control ante la emergencia sanitaria en Guayaquil.,El Comercio,2020-04-09,seguridad_crimen,ok
098_LSTM_DIRECT_DBSCAN,2026-01-29,2026-02-03,098_LSTM_DIRECT_DBSCAN.png,011_2007-07-27,2007-07-27,2007-07-27,011_2007-07-27.png,0.95866,2,Correa defiende política sobre pesca de tiburones en Ecuador," El presidente Rafael Correa defendió un decreto relacionado con la pesca y comercialización de aletas de tiburón, indicando que su gobierno mantenía una agenda ambiental, mientras respondía a críticas de grupos conservacionistas y a la polémica por posibles incentivos al comercio de aletas. Se mencionan controles, pesca artesanal y el debate público sobre conservación marina.",MyPlainview (AP),2007-07-27,medio_ambiente,ok
101_LSTM_DIRECT_DBSCAN,2026-02-13,2026-02-13,101_LSTM_DIRECT_DBSCAN.png,091_2020-04-08,2020-04-08,2020-04-09,091_2020-04-08.png,0.956241,1,Coronavirus en Ecuador: los miles de muertos de Guayas que no aparecen en las cifras oficiales,"Guayas registra 6700 muertes en primeros 15 días de abril 2020, muy por encima de cifras oficiales COVID-19. Familias denuncian subregistro; caos sanitario en Guayaquil con cuerpos sin identificar y entierros masivos.",BBC Mundo,2020-04-08,medio_ambiente,ok
101_LSTM_DIRECT_DBSCAN,2026-02-13,2026-02-13,101_LSTM_DIRECT_DBSCAN.png,091_2020-04-08,2020-04-08,2020-04-09,091_2020-04-08.png,0.956241,1,Guayaquil enfrenta colapso sanitario por COVID-19,"El sistema sanitario de Guayaquil colapsó ante el aumento de fallecidos por coronavirus, afectando gravemente la calidad de vida.",El Universo,2020-04-08,riesgo_pais_calidad_vida,ok
101_LSTM_DIRECT_DBSCAN,2026-02-13,2026-02-13,101_LSTM_DIRECT_DBSCAN.png,091_2020-04-08,2020-04-08,2020-04-09,091_2020-04-08.png,0.956241,1,Fuerzas Armadas asumen control logístico en Guayaquil,Las Fuerzas Armadas intervinieron en tareas logísticas y de control ante la emergencia sanitaria en Guayaquil.,El Comercio,2020-04-09,seguridad_crimen,ok
101_LSTM_DIRECT_DBSCAN,2026-02-13,2026-02-13,101_LSTM_DIRECT_DBSCAN.png,078_2019-08-05,2019-08-05,2019-08-05,078_2019-08-05.png,0.952504,3,Consumo de agua embotellada supera gaseosas en Ecuador agosto 2019,Estudio Euromonitor muestra que consumo de agua embotellada supera bebidas gaseosas en Ecuador en agosto 2019. Tendencia por salud y calidad agua; impacto en mercado y hábitos de consumo.,El Universo,2019-08-05,economia_finanzas,ok
101_LSTM_DIRECT_DBSCAN,2026-02-13,2026-02-13,101_LSTM_DIRECT_DBSCAN.png,078_2019-08-05,2019-08-05,2019-08-05,078_2019-08-05.png,0.952504,3,Incendios forestales afectan zonas de la Sierra,"Varios incendios forestales se registraron en provincias de la Sierra, movilizando a bomberos y brigadas.",El Universo,2019-08-05,medio_ambiente,ok
101_LSTM_DIRECT_DBSCAN,2026-02-13,2026-02-13,101_LSTM_DIRECT_DBSCAN.png,078_2019-08-05,2019-08-05,2019-08-05,078_2019-08-05.png,0.952504,3,Autoridades emiten alerta por calidad del aire,La concentración de humo por incendios elevó los niveles de contaminación del aire en varias ciudades.,El Comercio,2019-08-05,riesgo_pais_calidad_vida,ok
102_LSTM_DIRECT_DBSCAN,2026-02-16,2026-02-19,102_LSTM_DIRECT_DBSCAN.png,091_2020-04-08,2020-04-08,2020-04-09,091_2020-04-08.png,0.96338,1,Coronavirus en Ecuador: los miles de muertos de Guayas que no aparecen en las cifras oficiales,"Guayas registra 6700 muertes en primeros 15 días de abril 2020, muy por encima de cifras oficiales COVID-19. Familias denuncian subregistro; caos sanitario en Guayaquil con cuerpos sin identificar y entierros masivos.",BBC Mundo,2020-04-08,medio_ambiente,ok
102_LSTM_DIRECT_DBSCAN,2026-02-16,2026-02-19,102_LSTM_DIRECT_DBSCAN.png,091_2020-04-08,2020-04-08,2020-04-09,091_2020-04-08.png,0.96338,1,Guayaquil enfrenta colapso sanitario por COVID-19,"El sistema sanitario de Guayaquil colapsó ante el aumento de fallecidos por coronavirus, afectando gravemente la calidad de vida.",El Universo,2020-04-08,riesgo_pais_calidad_vida,ok
102_LSTM_DIRECT_DBSCAN,2026-02-16,2026-02-19,102_LSTM_DIRECT_DBSCAN.png,091_2020-04-08,2020-04-08,2020-04-09,091_2020-04-08.png,0.96338,1,Fuerzas Armadas asumen control logístico en Guayaquil,Las Fuerzas Armadas intervinieron en tareas logísticas y de control ante la emergencia sanitaria en Guayaquil.,El Comercio,2020-04-09,seguridad_crimen,ok
102_LSTM_DIRECT_DBSCAN,2026-02-16,2026-02-19,102_LSTM_DIRECT_DBSCAN.png,078_2019-08-05,2019-08-05,2019-08-05,078_2019-08-05.png,0.960309,2,Consumo de agua embotellada supera gaseosas en Ecuador agosto 2019,Estudio Euromonitor muestra que consumo de agua embotellada supera bebidas gaseosas en Ecuador en agosto 2019. Tendencia por salud y calidad agua; impacto en mercado y hábitos de consumo.,El Universo,2019-08-05,economia_finanzas,ok
102_LSTM_DIRECT_DBSCAN,2026-02-16,2026-02-19,102_LSTM_DIRECT_DBSCAN.png,078_2019-08-05,2019-08-05,2019-08-05,078_2019-08-05.png,0.960309,2,Incendios forestales afectan zonas de la Sierra,"Varios incendios forestales se registraron en provincias de la Sierra, movilizando a bomberos y brigadas.",El Universo,2019-08-05,medio_ambiente,ok
102_LSTM_DIRECT_DBSCAN,2026-02-16,2026-02-19,102_LSTM_DIRECT_DBSCAN.png,078_2019-08-05,2019-08-05,2019-08-05,078_2019-08-05.png,0.960309,2,Autoridades emiten alerta por calidad del aire,La concentración de humo por incendios elevó los niveles de contaminación del aire en varias ciudades.,El Comercio,2019-08-05,riesgo_pais_calidad_vida,ok
103_LSTM_DIRECT_DBSCAN,2026-02-21,2026-02-27,103_LSTM_DIRECT_DBSCAN.png,091_2020-04-08,2020-04-08,2020-04-09,091_2020-04-08.png,0.96472,1,Coronavirus en Ecuador: los miles de muertos de Guayas que no aparecen en las cifras oficiales,"Guayas registra 6700 muertes en primeros 15 días de abril 2020, muy por encima de cifras oficiales COVID-19. Familias denuncian subregistro; caos sanitario en Guayaquil con cuerpos sin identificar y entierros masivos.",BBC Mundo,2020-04-08,medio_ambiente,ok
103_LSTM_DIRECT_DBSCAN,2026-02-21,2026-02-27,103_LSTM_DIRECT_DBSCAN.png,091_2020-04-08,2020-04-08,2020-04-09,091_2020-04-08.png,0.96472,1,Guayaquil enfrenta colapso sanitario por COVID-19,"El sistema sanitario de Guayaquil colapsó ante el aumento de fallecidos por coronavirus, afectando gravemente la calidad de vida.",El Universo,2020-04-08,riesgo_pais_calidad_vida,ok
103_LSTM_DIRECT_DBSCAN,2026-02-21,2026-02-27,103_LSTM_DIRECT_DBSCAN.png,091_2020-04-08,2020-04-08,2020-04-09,091_2020-04-08.png,0.96472,1,Fuerzas Armadas asumen control logístico en Guayaquil,Las Fuerzas Armadas intervinieron en tareas logísticas y de control ante la emergencia sanitaria en Guayaquil.,El Comercio,2020-04-09,seguridad_crimen,ok
103_LSTM_DIRECT_DBSCAN,2026-02-21,2026-02-27,103_LSTM_DIRECT_DBSCAN.png,078_2019-08-05,2019-08-05,2019-08-05,078_2019-08-05.png,0.958861,2,Consumo de agua embotellada supera gaseosas en Ecuador agosto 2019,Estudio Euromonitor muestra que consumo de agua embotellada supera bebidas gaseosas en Ecuador en agosto 2019. Tendencia por salud y calidad agua; impacto en mercado y hábitos de consumo.,El Universo,2019-08-05,economia_finanzas,ok
103_LSTM_DIRECT_DBSCAN,2026-02-21,2026-02-27,103_LSTM_DIRECT_DBSCAN.png,078_2019-08-05,2019-08-05,2019-08-05,078_2019-08-05.png,0.958861,2,Incendios forestales afectan zonas de la Sierra,"Varios incendios forestales se registraron en provincias de la Sierra, movilizando a bomberos y brigadas.",El Universo,2019-08-05,medio_ambiente,ok
103_LSTM_DIRECT_DBSCAN,2026-02-21,2026-02-27,103_LSTM_DIRECT_DBSCAN.png,078_2019-08-05,2019-08-05,2019-08-05,078_2019-08-05.png,0.958861,2,Autoridades emiten alerta por calidad del aire,La concentración de humo por incendios elevó los niveles de contaminación del aire en varias ciudades.,El Comercio,2019-08-05,riesgo_pais_calidad_vida,ok
104_LSTM_DIRECT_DIF,2026-02-18,2026-02-18,104_LSTM_DIRECT_DIF.png,091_2020-04-08,2020-04-08,2020-04-09,091_2020-04-08.png,0.960736,1,Coronavirus en Ecuador: los miles de muertos de Guayas que no aparecen en las cifras oficiales,"Guayas registra 6700 muertes en primeros 15 días de abril 2020, muy por encima de cifras oficiales COVID-19. Familias denuncian subregistro; caos sanitario en Guayaquil con cuerpos sin identificar y entierros masivos.",BBC Mundo,2020-04-08,medio_ambiente,ok
104_LSTM_DIRECT_DIF,2026-02-18,2026-02-18,104_LSTM_DIRECT_DIF.png,091_2020-04-08,2020-04-08,2020-04-09,091_2020-04-08.png,0.960736,1,Guayaquil enfrenta colapso sanitario por COVID-19,"El sistema sanitario de Guayaquil colapsó ante el aumento de fallecidos por coronavirus, afectando gravemente la calidad de vida.",El Universo,2020-04-08,riesgo_pais_calidad_vida,ok
104_LSTM_DIRECT_DIF,2026-02-18,2026-02-18,104_LSTM_DIRECT_DIF.png,091_2020-04-08,2020-04-08,2020-04-09,091_2020-04-08.png,0.960736,1,Fuerzas Armadas asumen control logístico en Guayaquil,Las Fuerzas Armadas intervinieron en tareas logísticas y de control ante la emergencia sanitaria en Guayaquil.,El Comercio,2020-04-09,seguridad_crimen,ok
104_LSTM_DIRECT_DIF,2026-02-18,2026-02-18,104_LSTM_DIRECT_DIF.png,078_2019-08-05,2019-08-05,2019-08-05,078_2019-08-05.png,0.956848,2,Consumo de agua embotellada supera gaseosas en Ecuador agosto 2019,Estudio Euromonitor muestra que consumo de agua embotellada supera bebidas gaseosas en Ecuador en agosto 2019. Tendencia por salud y calidad agua; impacto en mercado y hábitos de consumo.,El Universo,2019-08-05,economia_finanzas,ok
104_LSTM_DIRECT_DIF,2026-02-18,2026-02-18,104_LSTM_DIRECT_DIF.png,078_2019-08-05,2019-08-05,2019-08-05,078_2019-08-05.png,0.956848,2,Incendios forestales afectan zonas de la Sierra,"Varios incendios forestales se registraron en provincias de la Sierra, movilizando a bomberos y brigadas.",El Universo,2019-08-05,medio_ambiente,ok
104_LSTM_DIRECT_DIF,2026-02-18,2026-02-18,104_LSTM_DIRECT_DIF.png,078_2019-08-05,2019-08-05,2019-08-05,078_2019-08-05.png,0.956848,2,Autoridades emiten alerta por calidad del aire,La concentración de humo por incendios elevó los niveles de contaminación del aire en varias ciudades.,El Comercio,2019-08-05,riesgo_pais_calidad_vida,ok
105_LSTM_DIRECT_DIF,2026-02-23,2026-02-23,105_LSTM_DIRECT_DIF.png,091_2020-04-08,2020-04-08,2020-04-09,091_2020-04-08.png,0.966444,1,Coronavirus en Ecuador: los miles de muertos de Guayas que no aparecen en las cifras oficiales,"Guayas registra 6700 muertes en primeros 15 días de abril 2020, muy por encima de cifras oficiales COVID-19. Familias denuncian subregistro; caos sanitario en Guayaquil con cuerpos sin identificar y entierros masivos.",BBC Mundo,2020-04-08,medio_ambiente,ok
105_LSTM_DIRECT_DIF,2026-02-23,2026-02-23,105_LSTM_DIRECT_DIF.png,091_2020-04-08,2020-04-08,2020-04-09,091_2020-04-08.png,0.966444,1,Guayaquil enfrenta colapso sanitario por COVID-19,"El sistema sanitario de Guayaquil colapsó ante el aumento de fallecidos por coronavirus, afectando gravemente la calidad de vida.",El Universo,2020-04-08,riesgo_pais_calidad_vida,ok
105_LSTM_DIRECT_DIF,2026-02-23,2026-02-23,105_LSTM_DIRECT_DIF.png,091_2020-04-08,2020-04-08,2020-04-09,091_2020-04-08.png,0.966444,1,Fuerzas Armadas asumen control logístico en Guayaquil,Las Fuerzas Armadas intervinieron en tareas logísticas y de control ante la emergencia sanitaria en Guayaquil.,El Comercio,2020-04-09,seguridad_crimen,ok
105_LSTM_DIRECT_DIF,2026-02-23,2026-02-23,105_LSTM_DIRECT_DIF.png,078_2019-08-05,2019-08-05,2019-08-05,078_2019-08-05.png,0.961757,2,Consumo de agua embotellada supera gaseosas en Ecuador agosto 2019,Estudio Euromonitor muestra que consumo de agua embotellada supera bebidas gaseosas en Ecuador en agosto 2019. Tendencia por salud y calidad agua; impacto en mercado y hábitos de consumo.,El Universo,2019-08-05,economia_finanzas,ok
105_LSTM_DIRECT_DIF,2026-02-23,2026-02-23,105_LSTM_DIRECT_DIF.png,078_2019-08-05,2019-08-05,2019-08-05,078_2019-08-05.png,0.961757,2,Incendios forestales afectan zonas de la Sierra,"Varios incendios forestales se registraron en provincias de la Sierra, movilizando a bomberos y brigadas.",El Universo,2019-08-05,medio_ambiente,ok
105_LSTM_DIRECT_DIF,2026-02-23,2026-02-23,105_LSTM_DIRECT_DIF.png,078_2019-08-05,2019-08-05,2019-08-05,078_2019-08-05.png,0.961757,2,Autoridades emiten alerta por calidad del aire,La concentración de humo por incendios elevó los niveles de contaminación del aire en varias ciudades.,El Comercio,2019-08-05,riesgo_pais_calidad_vida,ok
106_LSTM_DIRECT_IFOREST,2026-02-23,2026-02-23,106_LSTM_DIRECT_IFOREST.png,091_2020-04-08,2020-04-08,2020-04-09,091_2020-04-08.png,0.966444,1,Coronavirus en Ecuador: los miles de muertos de Guayas que no aparecen en las cifras oficiales,"Guayas registra 6700 muertes en primeros 15 días de abril 2020, muy por encima de cifras oficiales COVID-19. Familias denuncian subregistro; caos sanitario en Guayaquil con cuerpos sin identificar y entierros masivos.",BBC Mundo,2020-04-08,medio_ambiente,ok
106_LSTM_DIRECT_IFOREST,2026-02-23,2026-02-23,106_LSTM_DIRECT_IFOREST.png,091_2020-04-08,2020-04-08,2020-04-09,091_2020-04-08.png,0.966444,1,Guayaquil enfrenta colapso sanitario por COVID-19,"El sistema sanitario de Guayaquil colapsó ante el aumento de fallecidos por coronavirus, afectando gravemente la calidad de vida.",El Universo,2020-04-08,riesgo_pais_calidad_vida,ok
106_LSTM_DIRECT_IFOREST,2026-02-23,2026-02-23,106_LSTM_DIRECT_IFOREST.png,091_2020-04-08,2020-04-08,2020-04-09,091_2020-04-08.png,0.966444,1,Fuerzas Armadas asumen control logístico en Guayaquil,Las Fuerzas Armadas intervinieron en tareas logísticas y de control ante la emergencia sanitaria en Guayaquil.,El Comercio,2020-04-09,seguridad_crimen,ok
106_LSTM_DIRECT_IFOREST,2026-02-23,2026-02-23,106_LSTM_DIRECT_IFOREST.png,078_2019-08-05,2019-08-05,2019-08-05,078_2019-08-05.png,0.961757,2,Consumo de agua embotellada supera gaseosas en Ecuador agosto 2019,Estudio Euromonitor muestra que consumo de agua embotellada supera bebidas gaseosas en Ecuador en agosto 2019. Tendencia por salud y calidad agua; impacto en mercado y hábitos de consumo.,El Universo,2019-08-05,economia_finanzas,ok
106_LSTM_DIRECT_IFOREST,2026-02-23,2026-02-23,106_LSTM_DIRECT_IFOREST.png,078_2019-08-05,2019-08-05,2019-08-05,078_2019-08-05.png,0.961757,2,Incendios forestales afectan zonas de la Sierra,"Varios incendios forestales se registraron en provincias de la Sierra, movilizando a bomberos y brigadas.",El Universo,2019-08-05,medio_ambiente,ok
106_LSTM_DIRECT_IFOREST,2026-02-23,2026-02-23,106_LSTM_DIRECT_IFOREST.png,078_2019-08-05,2019-08-05,2019-08-05,078_2019-08-05.png,0.961757,2,Autoridades emiten alerta por calidad del aire,La concentración de humo por incendios elevó los niveles de contaminación del aire en varias ciudades.,El Comercio,2019-08-05,riesgo_pais_calidad_vida,ok
110_NBEATS_DIRECT_ARIMA,2026-01-29,2026-01-29,110_NBEATS_DIRECT_ARIMA.png,142_2023-08-15,2023-08-15,2023-08-16,142_2023-08-15.png,0.966002,1,Operativos y hechos delictivos elevan preocupación por seguridad,"Se reportaron operativos, detenciones o investigaciones por delitos, junto con alertas ciudadanas en distintas provincias.",El Universo,2023-08-10,seguridad_crimen,ok
110_NBEATS_DIRECT_ARIMA,2026-01-29,2026-01-29,110_NBEATS_DIRECT_ARIMA.png,142_2023-08-15,2023-08-15,2023-08-16,142_2023-08-15.png,0.966002,1,Guayaquil registra pico de violencia en agosto 2023 con múltiples balaceras,"Guayaquil enfrenta pico de violencia en agosto 2023 con balaceras diarias y disputas entre bandas por control territorial. Se reportan múltiples homicidios en sectores como el sur y Durán, con Policía desplegando operativos; contexto de escalada criminal que preludia crisis nacional.",El Universo,2023-08-10,seguridad_crimen,ok
110_NBEATS_DIRECT_ARIMA,2026-01-29,2026-01-29,110_NBEATS_DIRECT_ARIMA.png,142_2023-08-15,2023-08-15,2023-08-16,142_2023-08-15.png,0.966002,1,Decomisos y acciones contra narcotráfico se intensifican,"Fuerzas de seguridad informaron decomisos, capturas y operativos vinculados a narcotráfico y microtráfico en rutas, puertos y ciudades.",El Comercio,2023-08-11,seguridad_crimen,ok
110_NBEATS_DIRECT_ARIMA,2026-01-29,2026-01-29,110_NBEATS_DIRECT_ARIMA.png,142_2023-08-15,2023-08-15,2023-08-16,142_2023-08-15.png,0.966002,1,Muertes violentas en Ecuador suben en agosto 2023 por narcotráfico,"Ecuador registra aumento de homicidios en agosto 2023, ligados a narcotráfico y pugnas territoriales en Guayas y Manabí. Cifras oficiales muestran escalada; análisis destaca debilidad institucional y necesidad de reformas en seguridad.",Primicias,2023-08-11,seguridad_crimen,ok
110_NBEATS_DIRECT_ARIMA,2026-01-29,2026-01-29,110_NBEATS_DIRECT_ARIMA.png,142_2023-08-15,2023-08-15,2023-08-16,142_2023-08-15.png,0.966002,1,Decisiones y anuncios del Gobierno marcan la agenda nacional,"Autoridades informaron decisiones de política pública, decretos o acciones institucionales con impacto nacional y en gobiernos locales.",Primicias,2023-08-12,politica_gobierno,ok
110_NBEATS_DIRECT_ARIMA,2026-01-29,2026-01-29,110_NBEATS_DIRECT_ARIMA.png,142_2023-08-15,2023-08-15,2023-08-16,142_2023-08-15.png,0.966002,1,Indicadores económicos y fiscales reflejan presiones en el país,"Sectores productivos y autoridades revisaron inflación, empleo, finanzas públicas y actividad económica, con énfasis en riesgos y medidas de ajuste.",Expreso,2023-08-13,economia_finanzas,ok
110_NBEATS_DIRECT_ARIMA,2026-01-29,2026-01-29,110_NBEATS_DIRECT_ARIMA.png,142_2023-08-15,2023-08-15,2023-08-16,142_2023-08-15.png,0.966002,1,Costo de vida y servicios impactan a los hogares,"Se registraron impactos en empleo, educación, salud, movilidad o servicios, con acciones de mitigación y demandas ciudadanas.",Teleamazonas,2023-08-14,riesgo_pais_calidad_vida,ok
110_NBEATS_DIRECT_ARIMA,2026-01-29,2026-01-29,110_NBEATS_DIRECT_ARIMA.png,142_2023-08-15,2023-08-15,2023-08-16,142_2023-08-15.png,0.966002,1,Decisiones y anuncios del Gobierno marcan la agenda nacional,"Autoridades informaron decisiones de política pública, decretos o acciones institucionales con impacto nacional y en gobiernos locales.",El Universo,2023-08-15,politica_gobierno,ok
110_NBEATS_DIRECT_ARIMA,2026-01-29,2026-01-29,110_NBEATS_DIRECT_ARIMA.png,142_2023-08-15,2023-08-15,2023-08-16,142_2023-08-15.png,0.966002,1,Estiaje agrava crisis energética en Ecuador en agosto 2023,El estiaje en agosto 2023 reduce caudal de ríos y amenaza generación hidroeléctrica. El gobierno anuncia medidas de ahorro y mantenimiento de plantas; riesgo de apagones en regiones costeras y sierra por sequía prolongada.,El Comercio,2023-08-16,medio_ambiente,ok
110_NBEATS_DIRECT_ARIMA,2026-01-29,2026-01-29,110_NBEATS_DIRECT_ARIMA.png,142_2023-08-15,2023-08-15,2023-08-16,142_2023-08-15.png,0.966002,1,Operativos y hechos delictivos elevan preocupación por seguridad,"Se reportaron operativos, detenciones o investigaciones por delitos, junto con alertas ciudadanas en distintas provincias.",El Comercio,2023-08-16,seguridad_crimen,ok
110_NBEATS_DIRECT_ARIMA,2026-01-29,2026-01-29,110_NBEATS_DIRECT_ARIMA.png,142_2023-08-15,2023-08-15,2023-08-16,142_2023-08-15.png,0.966002,1,Decomisos y acciones contra narcotráfico se intensifican,"Fuerzas de seguridad informaron decomisos, capturas y operativos vinculados a narcotráfico y microtráfico en rutas, puertos y ciudades.",Primicias,2023-08-17,seguridad_crimen,ok
110_NBEATS_DIRECT_ARIMA,2026-01-29,2026-01-29,110_NBEATS_DIRECT_ARIMA.png,142_2023-08-15,2023-08-15,2023-08-16,142_2023-08-15.png,0.966002,1,Indicadores económicos y fiscales reflejan presiones en el país,"Sectores productivos y autoridades revisaron inflación, empleo, finanzas públicas y actividad económica, con énfasis en riesgos y medidas de ajuste.",Expreso,2023-08-18,economia_finanzas,ok
110_NBEATS_DIRECT_ARIMA,2026-01-29,2026-01-29,110_NBEATS_DIRECT_ARIMA.png,142_2023-08-15,2023-08-15,2023-08-16,142_2023-08-15.png,0.966002,1,Costo de vida y servicios impactan a los hogares,"Se registraron impactos en empleo, educación, salud, movilidad o servicios, con acciones de mitigación y demandas ciudadanas.",Teleamazonas,2023-08-19,riesgo_pais_calidad_vida,ok
110_NBEATS_DIRECT_ARIMA,2026-01-29,2026-01-29,110_NBEATS_DIRECT_ARIMA.png,142_2023-08-15,2023-08-15,2023-08-16,142_2023-08-15.png,0.966002,1,Eventos climáticos y emergencias afectan localidades,"Se reportaron afectaciones por lluvias, deslizamientos, incendios u otros eventos naturales, con impactos en vías, viviendas y servicios.",El Universo,2023-08-21,medio_ambiente,ok
110_NBEATS_DIRECT_ARIMA,2026-01-29,2026-01-29,110_NBEATS_DIRECT_ARIMA.png,091_2020-04-08,2020-04-08,2020-04-09,091_2020-04-08.png,0.964703,2,Coronavirus en Ecuador: los miles de muertos de Guayas que no aparecen en las cifras oficiales,"Guayas registra 6700 muertes en primeros 15 días de abril 2020, muy por encima de cifras oficiales COVID-19. Familias denuncian subregistro; caos sanitario en Guayaquil con cuerpos sin identificar y entierros masivos.",BBC Mundo,2020-04-08,medio_ambiente,ok
110_NBEATS_DIRECT_ARIMA,2026-01-29,2026-01-29,110_NBEATS_DIRECT_ARIMA.png,091_2020-04-08,2020-04-08,2020-04-09,091_2020-04-08.png,0.964703,2,Guayaquil enfrenta colapso sanitario por COVID-19,"El sistema sanitario de Guayaquil colapsó ante el aumento de fallecidos por coronavirus, afectando gravemente la calidad de vida.",El Universo,2020-04-08,riesgo_pais_calidad_vida,ok
110_NBEATS_DIRECT_ARIMA,2026-01-29,2026-01-29,110_NBEATS_DIRECT_ARIMA.png,091_2020-04-08,2020-04-08,2020-04-09,091_2020-04-08.png,0.964703,2,Fuerzas Armadas asumen control logístico en Guayaquil,Las Fuerzas Armadas intervinieron en tareas logísticas y de control ante la emergencia sanitaria en Guayaquil.,El Comercio,2020-04-09,seguridad_crimen,ok
111_NBEATS_DIRECT_ARIMA,2026-02-12,2026-02-12,111_NBEATS_DIRECT_ARIMA.png,142_2023-08-15,2023-08-15,2023-08-16,142_2023-08-15.png,0.960995,1,Operativos y hechos delictivos elevan preocupación por seguridad,"Se reportaron operativos, detenciones o investigaciones por delitos, junto con alertas ciudadanas en distintas provincias.",El Universo,2023-08-10,seguridad_crimen,ok
111_NBEATS_DIRECT_ARIMA,2026-02-12,2026-02-12,111_NBEATS_DIRECT_ARIMA.png,142_2023-08-15,2023-08-15,2023-08-16,142_2023-08-15.png,0.960995,1,Guayaquil registra pico de violencia en agosto 2023 con múltiples balaceras,"Guayaquil enfrenta pico de violencia en agosto 2023 con balaceras diarias y disputas entre bandas por control territorial. Se reportan múltiples homicidios en sectores como el sur y Durán, con Policía desplegando operativos; contexto de escalada criminal que preludia crisis nacional.",El Universo,2023-08-10,seguridad_crimen,ok
111_NBEATS_DIRECT_ARIMA,2026-02-12,2026-02-12,111_NBEATS_DIRECT_ARIMA.png,142_2023-08-15,2023-08-15,2023-08-16,142_2023-08-15.png,0.960995,1,Decomisos y acciones contra narcotráfico se intensifican,"Fuerzas de seguridad informaron decomisos, capturas y operativos vinculados a narcotráfico y microtráfico en rutas, puertos y ciudades.",El Comercio,2023-08-11,seguridad_crimen,ok
111_NBEATS_DIRECT_ARIMA,2026-02-12,2026-02-12,111_NBEATS_DIRECT_ARIMA.png,142_2023-08-15,2023-08-15,2023-08-16,142_2023-08-15.png,0.960995,1,Muertes violentas en Ecuador suben en agosto 2023 por narcotráfico,"Ecuador registra aumento de homicidios en agosto 2023, ligados a narcotráfico y pugnas territoriales en Guayas y Manabí. Cifras oficiales muestran escalada; análisis destaca debilidad institucional y necesidad de reformas en seguridad.",Primicias,2023-08-11,seguridad_crimen,ok
111_NBEATS_DIRECT_ARIMA,2026-02-12,2026-02-12,111_NBEATS_DIRECT_ARIMA.png,142_2023-08-15,2023-08-15,2023-08-16,142_2023-08-15.png,0.960995,1,Decisiones y anuncios del Gobierno marcan la agenda nacional,"Autoridades informaron decisiones de política pública, decretos o acciones institucionales con impacto nacional y en gobiernos locales.",Primicias,2023-08-12,politica_gobierno,ok
111_NBEATS_DIRECT_ARIMA,2026-02-12,2026-02-12,111_NBEATS_DIRECT_ARIMA.png,142_2023-08-15,2023-08-15,2023-08-16,142_2023-08-15.png,0.960995,1,Indicadores económicos y fiscales reflejan presiones en el país,"Sectores productivos y autoridades revisaron inflación, empleo, finanzas públicas y actividad económica, con énfasis en riesgos y medidas de ajuste.",Expreso,2023-08-13,economia_finanzas,ok
111_NBEATS_DIRECT_ARIMA,2026-02-12,2026-02-12,111_NBEATS_DIRECT_ARIMA.png,142_2023-08-15,2023-08-15,2023-08-16,142_2023-08-15.png,0.960995,1,Costo de vida y servicios impactan a los hogares,"Se registraron impactos en empleo, educación, salud, movilidad o servicios, con acciones de mitigación y demandas ciudadanas.",Teleamazonas,2023-08-14,riesgo_pais_calidad_vida,ok
111_NBEATS_DIRECT_ARIMA,2026-02-12,2026-02-12,111_NBEATS_DIRECT_ARIMA.png,142_2023-08-15,2023-08-15,2023-08-16,142_2023-08-15.png,0.960995,1,Decisiones y anuncios del Gobierno marcan la agenda nacional,"Autoridades informaron decisiones de política pública, decretos o acciones institucionales con impacto nacional y en gobiernos locales.",El Universo,2023-08-15,politica_gobierno,ok
111_NBEATS_DIRECT_ARIMA,2026-02-12,2026-02-12,111_NBEATS_DIRECT_ARIMA.png,142_2023-08-15,2023-08-15,2023-08-16,142_2023-08-15.png,0.960995,1,Estiaje agrava crisis energética en Ecuador en agosto 2023,El estiaje en agosto 2023 reduce caudal de ríos y amenaza generación hidroeléctrica. El gobierno anuncia medidas de ahorro y mantenimiento de plantas; riesgo de apagones en regiones costeras y sierra por sequía prolongada.,El Comercio,2023-08-16,medio_ambiente,ok
111_NBEATS_DIRECT_ARIMA,2026-02-12,2026-02-12,111_NBEATS_DIRECT_ARIMA.png,142_2023-08-15,2023-08-15,2023-08-16,142_2023-08-15.png,0.960995,1,Operativos y hechos delictivos elevan preocupación por seguridad,"Se reportaron operativos, detenciones o investigaciones por delitos, junto con alertas ciudadanas en distintas provincias.",El Comercio,2023-08-16,seguridad_crimen,ok
111_NBEATS_DIRECT_ARIMA,2026-02-12,2026-02-12,111_NBEATS_DIRECT_ARIMA.png,142_2023-08-15,2023-08-15,2023-08-16,142_2023-08-15.png,0.960995,1,Decomisos y acciones contra narcotráfico se intensifican,"Fuerzas de seguridad informaron decomisos, capturas y operativos vinculados a narcotráfico y microtráfico en rutas, puertos y ciudades.",Primicias,2023-08-17,seguridad_crimen,ok
111_NBEATS_DIRECT_ARIMA,2026-02-12,2026-02-12,111_NBEATS_DIRECT_ARIMA.png,142_2023-08-15,2023-08-15,2023-08-16,142_2023-08-15.png,0.960995,1,Indicadores económicos y fiscales reflejan presiones en el país,"Sectores productivos y autoridades revisaron inflación, empleo, finanzas públicas y actividad económica, con énfasis en riesgos y medidas de ajuste.",Expreso,2023-08-18,economia_finanzas,ok
111_NBEATS_DIRECT_ARIMA,2026-02-12,2026-02-12,111_NBEATS_DIRECT_ARIMA.png,142_2023-08-15,2023-08-15,2023-08-16,142_2023-08-15.png,0.960995,1,Costo de vida y servicios impactan a los hogares,"Se registraron impactos en empleo, educación, salud, movilidad o servicios, con acciones de mitigación y demandas ciudadanas.",Teleamazonas,2023-08-19,riesgo_pais_calidad_vida,ok
111_NBEATS_DIRECT_ARIMA,2026-02-12,2026-02-12,111_NBEATS_DIRECT_ARIMA.png,142_2023-08-15,2023-08-15,2023-08-16,142_2023-08-15.png,0.960995,1,Eventos climáticos y emergencias afectan localidades,"Se reportaron afectaciones por lluvias, deslizamientos, incendios u otros eventos naturales, con impactos en vías, viviendas y servicios.",El Universo,2023-08-21,medio_ambiente,ok
111_NBEATS_DIRECT_ARIMA,2026-02-12,2026-02-12,111_NBEATS_DIRECT_ARIMA.png,091_2020-04-08,2020-04-08,2020-04-09,091_2020-04-08.png,0.959344,2,Coronavirus en Ecuador: los miles de muertos de Guayas que no aparecen en las cifras oficiales,"Guayas registra 6700 muertes en primeros 15 días de abril 2020, muy por encima de cifras oficiales COVID-19. Familias denuncian subregistro; caos sanitario en Guayaquil con cuerpos sin identificar y entierros masivos.",BBC Mundo,2020-04-08,medio_ambiente,ok
111_NBEATS_DIRECT_ARIMA,2026-02-12,2026-02-12,111_NBEATS_DIRECT_ARIMA.png,091_2020-04-08,2020-04-08,2020-04-09,091_2020-04-08.png,0.959344,2,Guayaquil enfrenta colapso sanitario por COVID-19,"El sistema sanitario de Guayaquil colapsó ante el aumento de fallecidos por coronavirus, afectando gravemente la calidad de vida.",El Universo,2020-04-08,riesgo_pais_calidad_vida,ok
111_NBEATS_DIRECT_ARIMA,2026-02-12,2026-02-12,111_NBEATS_DIRECT_ARIMA.png,091_2020-04-08,2020-04-08,2020-04-09,091_2020-04-08.png,0.959344,2,Fuerzas Armadas asumen control logístico en Guayaquil,Las Fuerzas Armadas intervinieron en tareas logísticas y de control ante la emergencia sanitaria en Guayaquil.,El Comercio,2020-04-09,seguridad_crimen,ok
112_NBEATS_DIRECT_DBSCAN,2026-01-29,2026-01-30,112_NBEATS_DIRECT_DBSCAN.png,091_2020-04-08,2020-04-08,2020-04-09,091_2020-04-08.png,0.96695,1,Coronavirus en Ecuador: los miles de muertos de Guayas que no aparecen en las cifras oficiales,"Guayas registra 6700 muertes en primeros 15 días de abril 2020, muy por encima de cifras oficiales COVID-19. Familias denuncian subregistro; caos sanitario en Guayaquil con cuerpos sin identificar y entierros masivos.",BBC Mundo,2020-04-08,medio_ambiente,ok
112_NBEATS_DIRECT_DBSCAN,2026-01-29,2026-01-30,112_NBEATS_DIRECT_DBSCAN.png,091_2020-04-08,2020-04-08,2020-04-09,091_2020-04-08.png,0.96695,1,Guayaquil enfrenta colapso sanitario por COVID-19,"El sistema sanitario de Guayaquil colapsó ante el aumento de fallecidos por coronavirus, afectando gravemente la calidad de vida.",El Universo,2020-04-08,riesgo_pais_calidad_vida,ok
112_NBEATS_DIRECT_DBSCAN,2026-01-29,2026-01-30,112_NBEATS_DIRECT_DBSCAN.png,091_2020-04-08,2020-04-08,2020-04-09,091_2020-04-08.png,0.96695,1,Fuerzas Armadas asumen control logístico en Guayaquil,Las Fuerzas Armadas intervinieron en tareas logísticas y de control ante la emergencia sanitaria en Guayaquil.,El Comercio,2020-04-09,seguridad_crimen,ok
112_NBEATS_DIRECT_DBSCAN,2026-01-29,2026-01-30,112_NBEATS_DIRECT_DBSCAN.png,078_2019-08-05,2019-08-05,2019-08-05,078_2019-08-05.png,0.962533,2,Consumo de agua embotellada supera gaseosas en Ecuador agosto 2019,Estudio Euromonitor muestra que consumo de agua embotellada supera bebidas gaseosas en Ecuador en agosto 2019. Tendencia por salud y calidad agua; impacto en mercado y hábitos de consumo.,El Universo,2019-08-05,economia_finanzas,ok
112_NBEATS_DIRECT_DBSCAN,2026-01-29,2026-01-30,112_NBEATS_DIRECT_DBSCAN.png,078_2019-08-05,2019-08-05,2019-08-05,078_2019-08-05.png,0.962533,2,Incendios forestales afectan zonas de la Sierra,"Varios incendios forestales se registraron en provincias de la Sierra, movilizando a bomberos y brigadas.",El Universo,2019-08-05,medio_ambiente,ok
112_NBEATS_DIRECT_DBSCAN,2026-01-29,2026-01-30,112_NBEATS_DIRECT_DBSCAN.png,078_2019-08-05,2019-08-05,2019-08-05,078_2019-08-05.png,0.962533,2,Autoridades emiten alerta por calidad del aire,La concentración de humo por incendios elevó los niveles de contaminación del aire en varias ciudades.,El Comercio,2019-08-05,riesgo_pais_calidad_vida,ok
113_NBEATS_DIRECT_DBSCAN,2026-02-01,2026-02-01,113_NBEATS_DIRECT_DBSCAN.png,142_2023-08-15,2023-08-15,2023-08-16,142_2023-08-15.png,0.968907,1,Operativos y hechos delictivos elevan preocupación por seguridad,"Se reportaron operativos, detenciones o investigaciones por delitos, junto con alertas ciudadanas en distintas provincias.",El Universo,2023-08-10,seguridad_crimen,ok
113_NBEATS_DIRECT_DBSCAN,2026-02-01,2026-02-01,113_NBEATS_DIRECT_DBSCAN.png,142_2023-08-15,2023-08-15,2023-08-16,142_2023-08-15.png,0.968907,1,Guayaquil registra pico de violencia en agosto 2023 con múltiples balaceras,"Guayaquil enfrenta pico de violencia en agosto 2023 con balaceras diarias y disputas entre bandas por control territorial. Se reportan múltiples homicidios en sectores como el sur y Durán, con Policía desplegando operativos; contexto de escalada criminal que preludia crisis nacional.",El Universo,2023-08-10,seguridad_crimen,ok
113_NBEATS_DIRECT_DBSCAN,2026-02-01,2026-02-01,113_NBEATS_DIRECT_DBSCAN.png,142_2023-08-15,2023-08-15,2023-08-16,142_2023-08-15.png,0.968907,1,Decomisos y acciones contra narcotráfico se intensifican,"Fuerzas de seguridad informaron decomisos, capturas y operativos vinculados a narcotráfico y microtráfico en rutas, puertos y ciudades.",El Comercio,2023-08-11,seguridad_crimen,ok
113_NBEATS_DIRECT_DBSCAN,2026-02-01,2026-02-01,113_NBEATS_DIRECT_DBSCAN.png,142_2023-08-15,2023-08-15,2023-08-16,142_2023-08-15.png,0.968907,1,Muertes violentas en Ecuador suben en agosto 2023 por narcotráfico,"Ecuador registra aumento de homicidios en agosto 2023, ligados a narcotráfico y pugnas territoriales en Guayas y Manabí. Cifras oficiales muestran escalada; análisis destaca debilidad institucional y necesidad de reformas en seguridad.",Primicias,2023-08-11,seguridad_crimen,ok
113_NBEATS_DIRECT_DBSCAN,2026-02-01,2026-02-01,113_NBEATS_DIRECT_DBSCAN.png,142_2023-08-15,2023-08-15,2023-08-16,142_2023-08-15.png,0.968907,1,Decisiones y anuncios del Gobierno marcan la agenda nacional,"Autoridades informaron decisiones de política pública, decretos o acciones institucionales con impacto nacional y en gobiernos locales.",Primicias,2023-08-12,politica_gobierno,ok
113_NBEATS_DIRECT_DBSCAN,2026-02-01,2026-02-01,113_NBEATS_DIRECT_DBSCAN.png,142_2023-08-15,2023-08-15,2023-08-16,142_2023-08-15.png,0.968907,1,Indicadores económicos y fiscales reflejan presiones en el país,"Sectores productivos y autoridades revisaron inflación, empleo, finanzas públicas y actividad económica, con énfasis en riesgos y medidas de ajuste.",Expreso,2023-08-13,economia_finanzas,ok
113_NBEATS_DIRECT_DBSCAN,2026-02-01,2026-02-01,113_NBEATS_DIRECT_DBSCAN.png,142_2023-08-15,2023-08-15,2023-08-16,142_2023-08-15.png,0.968907,1,Costo de vida y servicios impactan a los hogares,"Se registraron impactos en empleo, educación, salud, movilidad o servicios, con acciones de mitigación y demandas ciudadanas.",Teleamazonas,2023-08-14,riesgo_pais_calidad_vida,ok
113_NBEATS_DIRECT_DBSCAN,2026-02-01,2026-02-01,113_NBEATS_DIRECT_DBSCAN.png,142_2023-08-15,2023-08-15,2023-08-16,142_2023-08-15.png,0.968907,1,Decisiones y anuncios del Gobierno marcan la agenda nacional,"Autoridades informaron decisiones de política pública, decretos o acciones institucionales con impacto nacional y en gobiernos locales.",El Universo,2023-08-15,politica_gobierno,ok
113_NBEATS_DIRECT_DBSCAN,2026-02-01,2026-02-01,113_NBEATS_DIRECT_DBSCAN.png,142_2023-08-15,2023-08-15,2023-08-16,142_2023-08-15.png,0.968907,1,Estiaje agrava crisis energética en Ecuador en agosto 2023,El estiaje en agosto 2023 reduce caudal de ríos y amenaza generación hidroeléctrica. El gobierno anuncia medidas de ahorro y mantenimiento de plantas; riesgo de apagones en regiones costeras y sierra por sequía prolongada.,El Comercio,2023-08-16,medio_ambiente,ok
113_NBEATS_DIRECT_DBSCAN,2026-02-01,2026-02-01,113_NBEATS_DIRECT_DBSCAN.png,142_2023-08-15,2023-08-15,2023-08-16,142_2023-08-15.png,0.968907,1,Operativos y hechos delictivos elevan preocupación por seguridad,"Se reportaron operativos, detenciones o investigaciones por delitos, junto con alertas ciudadanas en distintas provincias.",El Comercio,2023-08-16,seguridad_crimen,ok
113_NBEATS_DIRECT_DBSCAN,2026-02-01,2026-02-01,113_NBEATS_DIRECT_DBSCAN.png,142_2023-08-15,2023-08-15,2023-08-16,142_2023-08-15.png,0.968907,1,Decomisos y acciones contra narcotráfico se intensifican,"Fuerzas de seguridad informaron decomisos, capturas y operativos vinculados a narcotráfico y microtráfico en rutas, puertos y ciudades.",Primicias,2023-08-17,seguridad_crimen,ok
113_NBEATS_DIRECT_DBSCAN,2026-02-01,2026-02-01,113_NBEATS_DIRECT_DBSCAN.png,142_2023-08-15,2023-08-15,2023-08-16,142_2023-08-15.png,0.968907,1,Indicadores económicos y fiscales reflejan presiones en el país,"Sectores productivos y autoridades revisaron inflación, empleo, finanzas públicas y actividad económica, con énfasis en riesgos y medidas de ajuste.",Expreso,2023-08-18,economia_finanzas,ok
113_NBEATS_DIRECT_DBSCAN,2026-02-01,2026-02-01,113_NBEATS_DIRECT_DBSCAN.png,142_2023-08-15,2023-08-15,2023-08-16,142_2023-08-15.png,0.968907,1,Costo de vida y servicios impactan a los hogares,"Se registraron impactos en empleo, educación, salud, movilidad o servicios, con acciones de mitigación y demandas ciudadanas.",Teleamazonas,2023-08-19,riesgo_pais_calidad_vida,ok
113_NBEATS_DIRECT_DBSCAN,2026-02-01,2026-02-01,113_NBEATS_DIRECT_DBSCAN.png,142_2023-08-15,2023-08-15,2023-08-16,142_2023-08-15.png,0.968907,1,Eventos climáticos y emergencias afectan localidades,"Se reportaron afectaciones por lluvias, deslizamientos, incendios u otros eventos naturales, con impactos en vías, viviendas y servicios.",El Universo,2023-08-21,medio_ambiente,ok
113_NBEATS_DIRECT_DBSCAN,2026-02-01,2026-02-01,113_NBEATS_DIRECT_DBSCAN.png,091_2020-04-08,2020-04-08,2020-04-09,091_2020-04-08.png,0.966146,2,Coronavirus en Ecuador: los miles de muertos de Guayas que no aparecen en las cifras oficiales,"Guayas registra 6700 muertes en primeros 15 días de abril 2020, muy por encima de cifras oficiales COVID-19. Familias denuncian subregistro; caos sanitario en Guayaquil con cuerpos sin identificar y entierros masivos.",BBC Mundo,2020-04-08,medio_ambiente,ok
113_NBEATS_DIRECT_DBSCAN,2026-02-01,2026-02-01,113_NBEATS_DIRECT_DBSCAN.png,091_2020-04-08,2020-04-08,2020-04-09,091_2020-04-08.png,0.966146,2,Guayaquil enfrenta colapso sanitario por COVID-19,"El sistema sanitario de Guayaquil colapsó ante el aumento de fallecidos por coronavirus, afectando gravemente la calidad de vida.",El Universo,2020-04-08,riesgo_pais_calidad_vida,ok
113_NBEATS_DIRECT_DBSCAN,2026-02-01,2026-02-01,113_NBEATS_DIRECT_DBSCAN.png,091_2020-04-08,2020-04-08,2020-04-09,091_2020-04-08.png,0.966146,2,Fuerzas Armadas asumen control logístico en Guayaquil,Las Fuerzas Armadas intervinieron en tareas logísticas y de control ante la emergencia sanitaria en Guayaquil.,El Comercio,2020-04-09,seguridad_crimen,ok
115_NBEATS_DIRECT_DBSCAN,2026-02-05,2026-02-05,115_NBEATS_DIRECT_DBSCAN.png,142_2023-08-15,2023-08-15,2023-08-16,142_2023-08-15.png,0.968781,1,Operativos y hechos delictivos elevan preocupación por seguridad,"Se reportaron operativos, detenciones o investigaciones por delitos, junto con alertas ciudadanas en distintas provincias.",El Universo,2023-08-10,seguridad_crimen,ok
115_NBEATS_DIRECT_DBSCAN,2026-02-05,2026-02-05,115_NBEATS_DIRECT_DBSCAN.png,142_2023-08-15,2023-08-15,2023-08-16,142_2023-08-15.png,0.968781,1,Guayaquil registra pico de violencia en agosto 2023 con múltiples balaceras,"Guayaquil enfrenta pico de violencia en agosto 2023 con balaceras diarias y disputas entre bandas por control territorial. Se reportan múltiples homicidios en sectores como el sur y Durán, con Policía desplegando operativos; contexto de escalada criminal que preludia crisis nacional.",El Universo,2023-08-10,seguridad_crimen,ok
115_NBEATS_DIRECT_DBSCAN,2026-02-05,2026-02-05,115_NBEATS_DIRECT_DBSCAN.png,142_2023-08-15,2023-08-15,2023-08-16,142_2023-08-15.png,0.968781,1,Decomisos y acciones contra narcotráfico se intensifican,"Fuerzas de seguridad informaron decomisos, capturas y operativos vinculados a narcotráfico y microtráfico en rutas, puertos y ciudades.",El Comercio,2023-08-11,seguridad_crimen,ok
115_NBEATS_DIRECT_DBSCAN,2026-02-05,2026-02-05,115_NBEATS_DIRECT_DBSCAN.png,142_2023-08-15,2023-08-15,2023-08-16,142_2023-08-15.png,0.968781,1,Muertes violentas en Ecuador suben en agosto 2023 por narcotráfico,"Ecuador registra aumento de homicidios en agosto 2023, ligados a narcotráfico y pugnas territoriales en Guayas y Manabí. Cifras oficiales muestran escalada; análisis destaca debilidad institucional y necesidad de reformas en seguridad.",Primicias,2023-08-11,seguridad_crimen,ok
115_NBEATS_DIRECT_DBSCAN,2026-02-05,2026-02-05,115_NBEATS_DIRECT_DBSCAN.png,142_2023-08-15,2023-08-15,2023-08-16,142_2023-08-15.png,0.968781,1,Decisiones y anuncios del Gobierno marcan la agenda nacional,"Autoridades informaron decisiones de política pública, decretos o acciones institucionales con impacto nacional y en gobiernos locales.",Primicias,2023-08-12,politica_gobierno,ok
115_NBEATS_DIRECT_DBSCAN,2026-02-05,2026-02-05,115_NBEATS_DIRECT_DBSCAN.png,142_2023-08-15,2023-08-15,2023-08-16,142_2023-08-15.png,0.968781,1,Indicadores económicos y fiscales reflejan presiones en el país,"Sectores productivos y autoridades revisaron inflación, empleo, finanzas públicas y actividad económica, con énfasis en riesgos y medidas de ajuste.",Expreso,2023-08-13,economia_finanzas,ok
115_NBEATS_DIRECT_DBSCAN,2026-02-05,2026-02-05,115_NBEATS_DIRECT_DBSCAN.png,142_2023-08-15,2023-08-15,2023-08-16,142_2023-08-15.png,0.968781,1,Costo de vida y servicios impactan a los hogares,"Se registraron impactos en empleo, educación, salud, movilidad o servicios, con acciones de mitigación y demandas ciudadanas.",Teleamazonas,2023-08-14,riesgo_pais_calidad_vida,ok
115_NBEATS_DIRECT_DBSCAN,2026-02-05,2026-02-05,115_NBEATS_DIRECT_DBSCAN.png,142_2023-08-15,2023-08-15,2023-08-16,142_2023-08-15.png,0.968781,1,Decisiones y anuncios del Gobierno marcan la agenda nacional,"Autoridades informaron decisiones de política pública, decretos o acciones institucionales con impacto nacional y en gobiernos locales.",El Universo,2023-08-15,politica_gobierno,ok
115_NBEATS_DIRECT_DBSCAN,2026-02-05,2026-02-05,115_NBEATS_DIRECT_DBSCAN.png,142_2023-08-15,2023-08-15,2023-08-16,142_2023-08-15.png,0.968781,1,Estiaje agrava crisis energética en Ecuador en agosto 2023,El estiaje en agosto 2023 reduce caudal de ríos y amenaza generación hidroeléctrica. El gobierno anuncia medidas de ahorro y mantenimiento de plantas; riesgo de apagones en regiones costeras y sierra por sequía prolongada.,El Comercio,2023-08-16,medio_ambiente,ok
115_NBEATS_DIRECT_DBSCAN,2026-02-05,2026-02-05,115_NBEATS_DIRECT_DBSCAN.png,142_2023-08-15,2023-08-15,2023-08-16,142_2023-08-15.png,0.968781,1,Operativos y hechos delictivos elevan preocupación por seguridad,"Se reportaron operativos, detenciones o investigaciones por delitos, junto con alertas ciudadanas en distintas provincias.",El Comercio,2023-08-16,seguridad_crimen,ok
115_NBEATS_DIRECT_DBSCAN,2026-02-05,2026-02-05,115_NBEATS_DIRECT_DBSCAN.png,142_2023-08-15,2023-08-15,2023-08-16,142_2023-08-15.png,0.968781,1,Decomisos y acciones contra narcotráfico se intensifican,"Fuerzas de seguridad informaron decomisos, capturas y operativos vinculados a narcotráfico y microtráfico en rutas, puertos y ciudades.",Primicias,2023-08-17,seguridad_crimen,ok
115_NBEATS_DIRECT_DBSCAN,2026-02-05,2026-02-05,115_NBEATS_DIRECT_DBSCAN.png,142_2023-08-15,2023-08-15,2023-08-16,142_2023-08-15.png,0.968781,1,Indicadores económicos y fiscales reflejan presiones en el país,"Sectores productivos y autoridades revisaron inflación, empleo, finanzas públicas y actividad económica, con énfasis en riesgos y medidas de ajuste.",Expreso,2023-08-18,economia_finanzas,ok
115_NBEATS_DIRECT_DBSCAN,2026-02-05,2026-02-05,115_NBEATS_DIRECT_DBSCAN.png,142_2023-08-15,2023-08-15,2023-08-16,142_2023-08-15.png,0.968781,1,Costo de vida y servicios impactan a los hogares,"Se registraron impactos en empleo, educación, salud, movilidad o servicios, con acciones de mitigación y demandas ciudadanas.",Teleamazonas,2023-08-19,riesgo_pais_calidad_vida,ok
115_NBEATS_DIRECT_DBSCAN,2026-02-05,2026-02-05,115_NBEATS_DIRECT_DBSCAN.png,142_2023-08-15,2023-08-15,2023-08-16,142_2023-08-15.png,0.968781,1,Eventos climáticos y emergencias afectan localidades,"Se reportaron afectaciones por lluvias, deslizamientos, incendios u otros eventos naturales, con impactos en vías, viviendas y servicios.",El Universo,2023-08-21,medio_ambiente,ok
115_NBEATS_DIRECT_DBSCAN,2026-02-05,2026-02-05,115_NBEATS_DIRECT_DBSCAN.png,091_2020-04-08,2020-04-08,2020-04-09,091_2020-04-08.png,0.96468,2,Coronavirus en Ecuador: los miles de muertos de Guayas que no aparecen en las cifras oficiales,"Guayas registra 6700 muertes en primeros 15 días de abril 2020, muy por encima de cifras oficiales COVID-19. Familias denuncian subregistro; caos sanitario en Guayaquil con cuerpos sin identificar y entierros masivos.",BBC Mundo,2020-04-08,medio_ambiente,ok
115_NBEATS_DIRECT_DBSCAN,2026-02-05,2026-02-05,115_NBEATS_DIRECT_DBSCAN.png,091_2020-04-08,2020-04-08,2020-04-09,091_2020-04-08.png,0.96468,2,Guayaquil enfrenta colapso sanitario por COVID-19,"El sistema sanitario de Guayaquil colapsó ante el aumento de fallecidos por coronavirus, afectando gravemente la calidad de vida.",El Universo,2020-04-08,riesgo_pais_calidad_vida,ok
115_NBEATS_DIRECT_DBSCAN,2026-02-05,2026-02-05,115_NBEATS_DIRECT_DBSCAN.png,091_2020-04-08,2020-04-08,2020-04-09,091_2020-04-08.png,0.96468,2,Fuerzas Armadas asumen control logístico en Guayaquil,Las Fuerzas Armadas intervinieron en tareas logísticas y de control ante la emergencia sanitaria en Guayaquil.,El Comercio,2020-04-09,seguridad_crimen,ok
116_NBEATS_DIRECT_DBSCAN,2026-02-07,2026-02-10,116_NBEATS_DIRECT_DBSCAN.png,142_2023-08-15,2023-08-15,2023-08-16,142_2023-08-15.png,0.961056,1,Operativos y hechos delictivos elevan preocupación por seguridad,"Se reportaron operativos, detenciones o investigaciones por delitos, junto con alertas ciudadanas en distintas provincias.",El Universo,2023-08-10,seguridad_crimen,ok
116_NBEATS_DIRECT_DBSCAN,2026-02-07,2026-02-10,116_NBEATS_DIRECT_DBSCAN.png,142_2023-08-15,2023-08-15,2023-08-16,142_2023-08-15.png,0.961056,1,Guayaquil registra pico de violencia en agosto 2023 con múltiples balaceras,"Guayaquil enfrenta pico de violencia en agosto 2023 con balaceras diarias y disputas entre bandas por control territorial. Se reportan múltiples homicidios en sectores como el sur y Durán, con Policía desplegando operativos; contexto de escalada criminal que preludia crisis nacional.",El Universo,2023-08-10,seguridad_crimen,ok
116_NBEATS_DIRECT_DBSCAN,2026-02-07,2026-02-10,116_NBEATS_DIRECT_DBSCAN.png,142_2023-08-15,2023-08-15,2023-08-16,142_2023-08-15.png,0.961056,1,Decomisos y acciones contra narcotráfico se intensifican,"Fuerzas de seguridad informaron decomisos, capturas y operativos vinculados a narcotráfico y microtráfico en rutas, puertos y ciudades.",El Comercio,2023-08-11,seguridad_crimen,ok
116_NBEATS_DIRECT_DBSCAN,2026-02-07,2026-02-10,116_NBEATS_DIRECT_DBSCAN.png,142_2023-08-15,2023-08-15,2023-08-16,142_2023-08-15.png,0.961056,1,Muertes violentas en Ecuador suben en agosto 2023 por narcotráfico,"Ecuador registra aumento de homicidios en agosto 2023, ligados a narcotráfico y pugnas territoriales en Guayas y Manabí. Cifras oficiales muestran escalada; análisis destaca debilidad institucional y necesidad de reformas en seguridad.",Primicias,2023-08-11,seguridad_crimen,ok
116_NBEATS_DIRECT_DBSCAN,2026-02-07,2026-02-10,116_NBEATS_DIRECT_DBSCAN.png,142_2023-08-15,2023-08-15,2023-08-16,142_2023-08-15.png,0.961056,1,Decisiones y anuncios del Gobierno marcan la agenda nacional,"Autoridades informaron decisiones de política pública, decretos o acciones institucionales con impacto nacional y en gobiernos locales.",Primicias,2023-08-12,politica_gobierno,ok
116_NBEATS_DIRECT_DBSCAN,2026-02-07,2026-02-10,116_NBEATS_DIRECT_DBSCAN.png,142_2023-08-15,2023-08-15,2023-08-16,142_2023-08-15.png,0.961056,1,Indicadores económicos y fiscales reflejan presiones en el país,"Sectores productivos y autoridades revisaron inflación, empleo, finanzas públicas y actividad económica, con énfasis en riesgos y medidas de ajuste.",Expreso,2023-08-13,economia_finanzas,ok
116_NBEATS_DIRECT_DBSCAN,2026-02-07,2026-02-10,116_NBEATS_DIRECT_DBSCAN.png,142_2023-08-15,2023-08-15,2023-08-16,142_2023-08-15.png,0.961056,1,Costo de vida y servicios impactan a los hogares,"Se registraron impactos en empleo, educación, salud, movilidad o servicios, con acciones de mitigación y demandas ciudadanas.",Teleamazonas,2023-08-14,riesgo_pais_calidad_vida,ok
116_NBEATS_DIRECT_DBSCAN,2026-02-07,2026-02-10,116_NBEATS_DIRECT_DBSCAN.png,142_2023-08-15,2023-08-15,2023-08-16,142_2023-08-15.png,0.961056,1,Decisiones y anuncios del Gobierno marcan la agenda nacional,"Autoridades informaron decisiones de política pública, decretos o acciones institucionales con impacto nacional y en gobiernos locales.",El Universo,2023-08-15,politica_gobierno,ok
116_NBEATS_DIRECT_DBSCAN,2026-02-07,2026-02-10,116_NBEATS_DIRECT_DBSCAN.png,142_2023-08-15,2023-08-15,2023-08-16,142_2023-08-15.png,0.961056,1,Estiaje agrava crisis energética en Ecuador en agosto 2023,El estiaje en agosto 2023 reduce caudal de ríos y amenaza generación hidroeléctrica. El gobierno anuncia medidas de ahorro y mantenimiento de plantas; riesgo de apagones en regiones costeras y sierra por sequía prolongada.,El Comercio,2023-08-16,medio_ambiente,ok
116_NBEATS_DIRECT_DBSCAN,2026-02-07,2026-02-10,116_NBEATS_DIRECT_DBSCAN.png,142_2023-08-15,2023-08-15,2023-08-16,142_2023-08-15.png,0.961056,1,Operativos y hechos delictivos elevan preocupación por seguridad,"Se reportaron operativos, detenciones o investigaciones por delitos, junto con alertas ciudadanas en distintas provincias.",El Comercio,2023-08-16,seguridad_crimen,ok
116_NBEATS_DIRECT_DBSCAN,2026-02-07,2026-02-10,116_NBEATS_DIRECT_DBSCAN.png,142_2023-08-15,2023-08-15,2023-08-16,142_2023-08-15.png,0.961056,1,Decomisos y acciones contra narcotráfico se intensifican,"Fuerzas de seguridad informaron decomisos, capturas y operativos vinculados a narcotráfico y microtráfico en rutas, puertos y ciudades.",Primicias,2023-08-17,seguridad_crimen,ok
116_NBEATS_DIRECT_DBSCAN,2026-02-07,2026-02-10,116_NBEATS_DIRECT_DBSCAN.png,142_2023-08-15,2023-08-15,2023-08-16,142_2023-08-15.png,0.961056,1,Indicadores económicos y fiscales reflejan presiones en el país,"Sectores productivos y autoridades revisaron inflación, empleo, finanzas públicas y actividad económica, con énfasis en riesgos y medidas de ajuste.",Expreso,2023-08-18,economia_finanzas,ok
116_NBEATS_DIRECT_DBSCAN,2026-02-07,2026-02-10,116_NBEATS_DIRECT_DBSCAN.png,142_2023-08-15,2023-08-15,2023-08-16,142_2023-08-15.png,0.961056,1,Costo de vida y servicios impactan a los hogares,"Se registraron impactos en empleo, educación, salud, movilidad o servicios, con acciones de mitigación y demandas ciudadanas.",Teleamazonas,2023-08-19,riesgo_pais_calidad_vida,ok
116_NBEATS_DIRECT_DBSCAN,2026-02-07,2026-02-10,116_NBEATS_DIRECT_DBSCAN.png,142_2023-08-15,2023-08-15,2023-08-16,142_2023-08-15.png,0.961056,1,Eventos climáticos y emergencias afectan localidades,"Se reportaron afectaciones por lluvias, deslizamientos, incendios u otros eventos naturales, con impactos en vías, viviendas y servicios.",El Universo,2023-08-21,medio_ambiente,ok
116_NBEATS_DIRECT_DBSCAN,2026-02-07,2026-02-10,116_NBEATS_DIRECT_DBSCAN.png,091_2020-04-08,2020-04-08,2020-04-09,091_2020-04-08.png,0.958937,2,Coronavirus en Ecuador: los miles de muertos de Guayas que no aparecen en las cifras oficiales,"Guayas registra 6700 muertes en primeros 15 días de abril 2020, muy por encima de cifras oficiales COVID-19. Familias denuncian subregistro; caos sanitario en Guayaquil con cuerpos sin identificar y entierros masivos.",BBC Mundo,2020-04-08,medio_ambiente,ok
116_NBEATS_DIRECT_DBSCAN,2026-02-07,2026-02-10,116_NBEATS_DIRECT_DBSCAN.png,091_2020-04-08,2020-04-08,2020-04-09,091_2020-04-08.png,0.958937,2,Guayaquil enfrenta colapso sanitario por COVID-19,"El sistema sanitario de Guayaquil colapsó ante el aumento de fallecidos por coronavirus, afectando gravemente la calidad de vida.",El Universo,2020-04-08,riesgo_pais_calidad_vida,ok
116_NBEATS_DIRECT_DBSCAN,2026-02-07,2026-02-10,116_NBEATS_DIRECT_DBSCAN.png,091_2020-04-08,2020-04-08,2020-04-09,091_2020-04-08.png,0.958937,2,Fuerzas Armadas asumen control logístico en Guayaquil,Las Fuerzas Armadas intervinieron en tareas logísticas y de control ante la emergencia sanitaria en Guayaquil.,El Comercio,2020-04-09,seguridad_crimen,ok
117_NBEATS_DIRECT_DBSCAN,2026-02-12,2026-02-12,117_NBEATS_DIRECT_DBSCAN.png,142_2023-08-15,2023-08-15,2023-08-16,142_2023-08-15.png,0.960995,1,Operativos y hechos delictivos elevan preocupación por seguridad,"Se reportaron operativos, detenciones o investigaciones por delitos, junto con alertas ciudadanas en distintas provincias.",El Universo,2023-08-10,seguridad_crimen,ok
117_NBEATS_DIRECT_DBSCAN,2026-02-12,2026-02-12,117_NBEATS_DIRECT_DBSCAN.png,142_2023-08-15,2023-08-15,2023-08-16,142_2023-08-15.png,0.960995,1,Guayaquil registra pico de violencia en agosto 2023 con múltiples balaceras,"Guayaquil enfrenta pico de violencia en agosto 2023 con balaceras diarias y disputas entre bandas por control territorial. Se reportan múltiples homicidios en sectores como el sur y Durán, con Policía desplegando operativos; contexto de escalada criminal que preludia crisis nacional.",El Universo,2023-08-10,seguridad_crimen,ok
117_NBEATS_DIRECT_DBSCAN,2026-02-12,2026-02-12,117_NBEATS_DIRECT_DBSCAN.png,142_2023-08-15,2023-08-15,2023-08-16,142_2023-08-15.png,0.960995,1,Decomisos y acciones contra narcotráfico se intensifican,"Fuerzas de seguridad informaron decomisos, capturas y operativos vinculados a narcotráfico y microtráfico en rutas, puertos y ciudades.",El Comercio,2023-08-11,seguridad_crimen,ok
117_NBEATS_DIRECT_DBSCAN,2026-02-12,2026-02-12,117_NBEATS_DIRECT_DBSCAN.png,142_2023-08-15,2023-08-15,2023-08-16,142_2023-08-15.png,0.960995,1,Muertes violentas en Ecuador suben en agosto 2023 por narcotráfico,"Ecuador registra aumento de homicidios en agosto 2023, ligados a narcotráfico y pugnas territoriales en Guayas y Manabí. Cifras oficiales muestran escalada; análisis destaca debilidad institucional y necesidad de reformas en seguridad.",Primicias,2023-08-11,seguridad_crimen,ok
117_NBEATS_DIRECT_DBSCAN,2026-02-12,2026-02-12,117_NBEATS_DIRECT_DBSCAN.png,142_2023-08-15,2023-08-15,2023-08-16,142_2023-08-15.png,0.960995,1,Decisiones y anuncios del Gobierno marcan la agenda nacional,"Autoridades informaron decisiones de política pública, decretos o acciones institucionales con impacto nacional y en gobiernos locales.",Primicias,2023-08-12,politica_gobierno,ok
117_NBEATS_DIRECT_DBSCAN,2026-02-12,2026-02-12,117_NBEATS_DIRECT_DBSCAN.png,142_2023-08-15,2023-08-15,2023-08-16,142_2023-08-15.png,0.960995,1,Indicadores económicos y fiscales reflejan presiones en el país,"Sectores productivos y autoridades revisaron inflación, empleo, finanzas públicas y actividad económica, con énfasis en riesgos y medidas de ajuste.",Expreso,2023-08-13,economia_finanzas,ok
117_NBEATS_DIRECT_DBSCAN,2026-02-12,2026-02-12,117_NBEATS_DIRECT_DBSCAN.png,142_2023-08-15,2023-08-15,2023-08-16,142_2023-08-15.png,0.960995,1,Costo de vida y servicios impactan a los hogares,"Se registraron impactos en empleo, educación, salud, movilidad o servicios, con acciones de mitigación y demandas ciudadanas.",Teleamazonas,2023-08-14,riesgo_pais_calidad_vida,ok
117_NBEATS_DIRECT_DBSCAN,2026-02-12,2026-02-12,117_NBEATS_DIRECT_DBSCAN.png,142_2023-08-15,2023-08-15,2023-08-16,142_2023-08-15.png,0.960995,1,Decisiones y anuncios del Gobierno marcan la agenda nacional,"Autoridades informaron decisiones de política pública, decretos o acciones institucionales con impacto nacional y en gobiernos locales.",El Universo,2023-08-15,politica_gobierno,ok
117_NBEATS_DIRECT_DBSCAN,2026-02-12,2026-02-12,117_NBEATS_DIRECT_DBSCAN.png,142_2023-08-15,2023-08-15,2023-08-16,142_2023-08-15.png,0.960995,1,Estiaje agrava crisis energética en Ecuador en agosto 2023,El estiaje en agosto 2023 reduce caudal de ríos y amenaza generación hidroeléctrica. El gobierno anuncia medidas de ahorro y mantenimiento de plantas; riesgo de apagones en regiones costeras y sierra por sequía prolongada.,El Comercio,2023-08-16,medio_ambiente,ok
117_NBEATS_DIRECT_DBSCAN,2026-02-12,2026-02-12,117_NBEATS_DIRECT_DBSCAN.png,142_2023-08-15,2023-08-15,2023-08-16,142_2023-08-15.png,0.960995,1,Operativos y hechos delictivos elevan preocupación por seguridad,"Se reportaron operativos, detenciones o investigaciones por delitos, junto con alertas ciudadanas en distintas provincias.",El Comercio,2023-08-16,seguridad_crimen,ok
117_NBEATS_DIRECT_DBSCAN,2026-02-12,2026-02-12,117_NBEATS_DIRECT_DBSCAN.png,142_2023-08-15,2023-08-15,2023-08-16,142_2023-08-15.png,0.960995,1,Decomisos y acciones contra narcotráfico se intensifican,"Fuerzas de seguridad informaron decomisos, capturas y operativos vinculados a narcotráfico y microtráfico en rutas, puertos y ciudades.",Primicias,2023-08-17,seguridad_crimen,ok
117_NBEATS_DIRECT_DBSCAN,2026-02-12,2026-02-12,117_NBEATS_DIRECT_DBSCAN.png,142_2023-08-15,2023-08-15,2023-08-16,142_2023-08-15.png,0.960995,1,Indicadores económicos y fiscales reflejan presiones en el país,"Sectores productivos y autoridades revisaron inflación, empleo, finanzas públicas y actividad económica, con énfasis en riesgos y medidas de ajuste.",Expreso,2023-08-18,economia_finanzas,ok
117_NBEATS_DIRECT_DBSCAN,2026-02-12,2026-02-12,117_NBEATS_DIRECT_DBSCAN.png,142_2023-08-15,2023-08-15,2023-08-16,142_2023-08-15.png,0.960995,1,Costo de vida y servicios impactan a los hogares,"Se registraron impactos en empleo, educación, salud, movilidad o servicios, con acciones de mitigación y demandas ciudadanas.",Teleamazonas,2023-08-19,riesgo_pais_calidad_vida,ok
117_NBEATS_DIRECT_DBSCAN,2026-02-12,2026-02-12,117_NBEATS_DIRECT_DBSCAN.png,142_2023-08-15,2023-08-15,2023-08-16,142_2023-08-15.png,0.960995,1,Eventos climáticos y emergencias afectan localidades,"Se reportaron afectaciones por lluvias, deslizamientos, incendios u otros eventos naturales, con impactos en vías, viviendas y servicios.",El Universo,2023-08-21,medio_ambiente,ok
117_NBEATS_DIRECT_DBSCAN,2026-02-12,2026-02-12,117_NBEATS_DIRECT_DBSCAN.png,091_2020-04-08,2020-04-08,2020-04-09,091_2020-04-08.png,0.959344,2,Coronavirus en Ecuador: los miles de muertos de Guayas que no aparecen en las cifras oficiales,"Guayas registra 6700 muertes en primeros 15 días de abril 2020, muy por encima de cifras oficiales COVID-19. Familias denuncian subregistro; caos sanitario en Guayaquil con cuerpos sin identificar y entierros masivos.",BBC Mundo,2020-04-08,medio_ambiente,ok
117_NBEATS_DIRECT_DBSCAN,2026-02-12,2026-02-12,117_NBEATS_DIRECT_DBSCAN.png,091_2020-04-08,2020-04-08,2020-04-09,091_2020-04-08.png,0.959344,2,Guayaquil enfrenta colapso sanitario por COVID-19,"El sistema sanitario de Guayaquil colapsó ante el aumento de fallecidos por coronavirus, afectando gravemente la calidad de vida.",El Universo,2020-04-08,riesgo_pais_calidad_vida,ok
117_NBEATS_DIRECT_DBSCAN,2026-02-12,2026-02-12,117_NBEATS_DIRECT_DBSCAN.png,091_2020-04-08,2020-04-08,2020-04-09,091_2020-04-08.png,0.959344,2,Fuerzas Armadas asumen control logístico en Guayaquil,Las Fuerzas Armadas intervinieron en tareas logísticas y de control ante la emergencia sanitaria en Guayaquil.,El Comercio,2020-04-09,seguridad_crimen,ok
119_NBEATS_DIRECT_DIF,2026-02-12,2026-02-13,119_NBEATS_DIRECT_DIF.png,142_2023-08-15,2023-08-15,2023-08-16,142_2023-08-15.png,0.959299,1,Operativos y hechos delictivos elevan preocupación por seguridad,"Se reportaron operativos, detenciones o investigaciones por delitos, junto con alertas ciudadanas en distintas provincias.",El Universo,2023-08-10,seguridad_crimen,ok
119_NBEATS_DIRECT_DIF,2026-02-12,2026-02-13,119_NBEATS_DIRECT_DIF.png,142_2023-08-15,2023-08-15,2023-08-16,142_2023-08-15.png,0.959299,1,Guayaquil registra pico de violencia en agosto 2023 con múltiples balaceras,"Guayaquil enfrenta pico de violencia en agosto 2023 con balaceras diarias y disputas entre bandas por control territorial. Se reportan múltiples homicidios en sectores como el sur y Durán, con Policía desplegando operativos; contexto de escalada criminal que preludia crisis nacional.",El Universo,2023-08-10,seguridad_crimen,ok
119_NBEATS_DIRECT_DIF,2026-02-12,2026-02-13,119_NBEATS_DIRECT_DIF.png,142_2023-08-15,2023-08-15,2023-08-16,142_2023-08-15.png,0.959299,1,Decomisos y acciones contra narcotráfico se intensifican,"Fuerzas de seguridad informaron decomisos, capturas y operativos vinculados a narcotráfico y microtráfico en rutas, puertos y ciudades.",El Comercio,2023-08-11,seguridad_crimen,ok
119_NBEATS_DIRECT_DIF,2026-02-12,2026-02-13,119_NBEATS_DIRECT_DIF.png,142_2023-08-15,2023-08-15,2023-08-16,142_2023-08-15.png,0.959299,1,Muertes violentas en Ecuador suben en agosto 2023 por narcotráfico,"Ecuador registra aumento de homicidios en agosto 2023, ligados a narcotráfico y pugnas territoriales en Guayas y Manabí. Cifras oficiales muestran escalada; análisis destaca debilidad institucional y necesidad de reformas en seguridad.",Primicias,2023-08-11,seguridad_crimen,ok
119_NBEATS_DIRECT_DIF,2026-02-12,2026-02-13,119_NBEATS_DIRECT_DIF.png,142_2023-08-15,2023-08-15,2023-08-16,142_2023-08-15.png,0.959299,1,Decisiones y anuncios del Gobierno marcan la agenda nacional,"Autoridades informaron decisiones de política pública, decretos o acciones institucionales con impacto nacional y en gobiernos locales.",Primicias,2023-08-12,politica_gobierno,ok
119_NBEATS_DIRECT_DIF,2026-02-12,2026-02-13,119_NBEATS_DIRECT_DIF.png,142_2023-08-15,2023-08-15,2023-08-16,142_2023-08-15.png,0.959299,1,Indicadores económicos y fiscales reflejan presiones en el país,"Sectores productivos y autoridades revisaron inflación, empleo, finanzas públicas y actividad económica, con énfasis en riesgos y medidas de ajuste.",Expreso,2023-08-13,economia_finanzas,ok
119_NBEATS_DIRECT_DIF,2026-02-12,2026-02-13,119_NBEATS_DIRECT_DIF.png,142_2023-08-15,2023-08-15,2023-08-16,142_2023-08-15.png,0.959299,1,Costo de vida y servicios impactan a los hogares,"Se registraron impactos en empleo, educación, salud, movilidad o servicios, con acciones de mitigación y demandas ciudadanas.",Teleamazonas,2023-08-14,riesgo_pais_calidad_vida,ok
119_NBEATS_DIRECT_DIF,2026-02-12,2026-02-13,119_NBEATS_DIRECT_DIF.png,142_2023-08-15,2023-08-15,2023-08-16,142_2023-08-15.png,0.959299,1,Decisiones y anuncios del Gobierno marcan la agenda nacional,"Autoridades informaron decisiones de política pública, decretos o acciones institucionales con impacto nacional y en gobiernos locales.",El Universo,2023-08-15,politica_gobierno,ok
119_NBEATS_DIRECT_DIF,2026-02-12,2026-02-13,119_NBEATS_DIRECT_DIF.png,142_2023-08-15,2023-08-15,2023-08-16,142_2023-08-15.png,0.959299,1,Estiaje agrava crisis energética en Ecuador en agosto 2023,El estiaje en agosto 2023 reduce caudal de ríos y amenaza generación hidroeléctrica. El gobierno anuncia medidas de ahorro y mantenimiento de plantas; riesgo de apagones en regiones costeras y sierra por sequía prolongada.,El Comercio,2023-08-16,medio_ambiente,ok
119_NBEATS_DIRECT_DIF,2026-02-12,2026-02-13,119_NBEATS_DIRECT_DIF.png,142_2023-08-15,2023-08-15,2023-08-16,142_2023-08-15.png,0.959299,1,Operativos y hechos delictivos elevan preocupación por seguridad,"Se reportaron operativos, detenciones o investigaciones por delitos, junto con alertas ciudadanas en distintas provincias.",El Comercio,2023-08-16,seguridad_crimen,ok
119_NBEATS_DIRECT_DIF,2026-02-12,2026-02-13,119_NBEATS_DIRECT_DIF.png,142_2023-08-15,2023-08-15,2023-08-16,142_2023-08-15.png,0.959299,1,Decomisos y acciones contra narcotráfico se intensifican,"Fuerzas de seguridad informaron decomisos, capturas y operativos vinculados a narcotráfico y microtráfico en rutas, puertos y ciudades.",Primicias,2023-08-17,seguridad_crimen,ok
119_NBEATS_DIRECT_DIF,2026-02-12,2026-02-13,119_NBEATS_DIRECT_DIF.png,142_2023-08-15,2023-08-15,2023-08-16,142_2023-08-15.png,0.959299,1,Indicadores económicos y fiscales reflejan presiones en el país,"Sectores productivos y autoridades revisaron inflación, empleo, finanzas públicas y actividad económica, con énfasis en riesgos y medidas de ajuste.",Expreso,2023-08-18,economia_finanzas,ok
119_NBEATS_DIRECT_DIF,2026-02-12,2026-02-13,119_NBEATS_DIRECT_DIF.png,142_2023-08-15,2023-08-15,2023-08-16,142_2023-08-15.png,0.959299,1,Costo de vida y servicios impactan a los hogares,"Se registraron impactos en empleo, educación, salud, movilidad o servicios, con acciones de mitigación y demandas ciudadanas.",Teleamazonas,2023-08-19,riesgo_pais_calidad_vida,ok
119_NBEATS_DIRECT_DIF,2026-02-12,2026-02-13,119_NBEATS_DIRECT_DIF.png,142_2023-08-15,2023-08-15,2023-08-16,142_2023-08-15.png,0.959299,1,Eventos climáticos y emergencias afectan localidades,"Se reportaron afectaciones por lluvias, deslizamientos, incendios u otros eventos naturales, con impactos en vías, viviendas y servicios.",El Universo,2023-08-21,medio_ambiente,ok
119_NBEATS_DIRECT_DIF,2026-02-12,2026-02-13,119_NBEATS_DIRECT_DIF.png,091_2020-04-08,2020-04-08,2020-04-09,091_2020-04-08.png,0.957201,2,Coronavirus en Ecuador: los miles de muertos de Guayas que no aparecen en las cifras oficiales,"Guayas registra 6700 muertes en primeros 15 días de abril 2020, muy por encima de cifras oficiales COVID-19. Familias denuncian subregistro; caos sanitario en Guayaquil con cuerpos sin identificar y entierros masivos.",BBC Mundo,2020-04-08,medio_ambiente,ok
119_NBEATS_DIRECT_DIF,2026-02-12,2026-02-13,119_NBEATS_DIRECT_DIF.png,091_2020-04-08,2020-04-08,2020-04-09,091_2020-04-08.png,0.957201,2,Guayaquil enfrenta colapso sanitario por COVID-19,"El sistema sanitario de Guayaquil colapsó ante el aumento de fallecidos por coronavirus, afectando gravemente la calidad de vida.",El Universo,2020-04-08,riesgo_pais_calidad_vida,ok
119_NBEATS_DIRECT_DIF,2026-02-12,2026-02-13,119_NBEATS_DIRECT_DIF.png,091_2020-04-08,2020-04-08,2020-04-09,091_2020-04-08.png,0.957201,2,Fuerzas Armadas asumen control logístico en Guayaquil,Las Fuerzas Armadas intervinieron en tareas logísticas y de control ante la emergencia sanitaria en Guayaquil.,El Comercio,2020-04-09,seguridad_crimen,ok
120_NBEATS_DIRECT_IFOREST,2026-02-12,2026-02-12,120_NBEATS_DIRECT_IFOREST.png,142_2023-08-15,2023-08-15,2023-08-16,142_2023-08-15.png,0.960995,1,Operativos y hechos delictivos elevan preocupación por seguridad,"Se reportaron operativos, detenciones o investigaciones por delitos, junto con alertas ciudadanas en distintas provincias.",El Universo,2023-08-10,seguridad_crimen,ok
120_NBEATS_DIRECT_IFOREST,2026-02-12,2026-02-12,120_NBEATS_DIRECT_IFOREST.png,142_2023-08-15,2023-08-15,2023-08-16,142_2023-08-15.png,0.960995,1,Guayaquil registra pico de violencia en agosto 2023 con múltiples balaceras,"Guayaquil enfrenta pico de violencia en agosto 2023 con balaceras diarias y disputas entre bandas por control territorial. Se reportan múltiples homicidios en sectores como el sur y Durán, con Policía desplegando operativos; contexto de escalada criminal que preludia crisis nacional.",El Universo,2023-08-10,seguridad_crimen,ok
120_NBEATS_DIRECT_IFOREST,2026-02-12,2026-02-12,120_NBEATS_DIRECT_IFOREST.png,142_2023-08-15,2023-08-15,2023-08-16,142_2023-08-15.png,0.960995,1,Decomisos y acciones contra narcotráfico se intensifican,"Fuerzas de seguridad informaron decomisos, capturas y operativos vinculados a narcotráfico y microtráfico en rutas, puertos y ciudades.",El Comercio,2023-08-11,seguridad_crimen,ok
120_NBEATS_DIRECT_IFOREST,2026-02-12,2026-02-12,120_NBEATS_DIRECT_IFOREST.png,142_2023-08-15,2023-08-15,2023-08-16,142_2023-08-15.png,0.960995,1,Muertes violentas en Ecuador suben en agosto 2023 por narcotráfico,"Ecuador registra aumento de homicidios en agosto 2023, ligados a narcotráfico y pugnas territoriales en Guayas y Manabí. Cifras oficiales muestran escalada; análisis destaca debilidad institucional y necesidad de reformas en seguridad.",Primicias,2023-08-11,seguridad_crimen,ok
120_NBEATS_DIRECT_IFOREST,2026-02-12,2026-02-12,120_NBEATS_DIRECT_IFOREST.png,142_2023-08-15,2023-08-15,2023-08-16,142_2023-08-15.png,0.960995,1,Decisiones y anuncios del Gobierno marcan la agenda nacional,"Autoridades informaron decisiones de política pública, decretos o acciones institucionales con impacto nacional y en gobiernos locales.",Primicias,2023-08-12,politica_gobierno,ok
120_NBEATS_DIRECT_IFOREST,2026-02-12,2026-02-12,120_NBEATS_DIRECT_IFOREST.png,142_2023-08-15,2023-08-15,2023-08-16,142_2023-08-15.png,0.960995,1,Indicadores económicos y fiscales reflejan presiones en el país,"Sectores productivos y autoridades revisaron inflación, empleo, finanzas públicas y actividad económica, con énfasis en riesgos y medidas de ajuste.",Expreso,2023-08-13,economia_finanzas,ok
120_NBEATS_DIRECT_IFOREST,2026-02-12,2026-02-12,120_NBEATS_DIRECT_IFOREST.png,142_2023-08-15,2023-08-15,2023-08-16,142_2023-08-15.png,0.960995,1,Costo de vida y servicios impactan a los hogares,"Se registraron impactos en empleo, educación, salud, movilidad o servicios, con acciones de mitigación y demandas ciudadanas.",Teleamazonas,2023-08-14,riesgo_pais_calidad_vida,ok
120_NBEATS_DIRECT_IFOREST,2026-02-12,2026-02-12,120_NBEATS_DIRECT_IFOREST.png,142_2023-08-15,2023-08-15,2023-08-16,142_2023-08-15.png,0.960995,1,Decisiones y anuncios del Gobierno marcan la agenda nacional,"Autoridades informaron decisiones de política pública, decretos o acciones institucionales con impacto nacional y en gobiernos locales.",El Universo,2023-08-15,politica_gobierno,ok
120_NBEATS_DIRECT_IFOREST,2026-02-12,2026-02-12,120_NBEATS_DIRECT_IFOREST.png,142_2023-08-15,2023-08-15,2023-08-16,142_2023-08-15.png,0.960995,1,Estiaje agrava crisis energética en Ecuador en agosto 2023,El estiaje en agosto 2023 reduce caudal de ríos y amenaza generación hidroeléctrica. El gobierno anuncia medidas de ahorro y mantenimiento de plantas; riesgo de apagones en regiones costeras y sierra por sequía prolongada.,El Comercio,2023-08-16,medio_ambiente,ok
120_NBEATS_DIRECT_IFOREST,2026-02-12,2026-02-12,120_NBEATS_DIRECT_IFOREST.png,142_2023-08-15,2023-08-15,2023-08-16,142_2023-08-15.png,0.960995,1,Operativos y hechos delictivos elevan preocupación por seguridad,"Se reportaron operativos, detenciones o investigaciones por delitos, junto con alertas ciudadanas en distintas provincias.",El Comercio,2023-08-16,seguridad_crimen,ok
120_NBEATS_DIRECT_IFOREST,2026-02-12,2026-02-12,120_NBEATS_DIRECT_IFOREST.png,142_2023-08-15,2023-08-15,2023-08-16,142_2023-08-15.png,0.960995,1,Decomisos y acciones contra narcotráfico se intensifican,"Fuerzas de seguridad informaron decomisos, capturas y operativos vinculados a narcotráfico y microtráfico en rutas, puertos y ciudades.",Primicias,2023-08-17,seguridad_crimen,ok
120_NBEATS_DIRECT_IFOREST,2026-02-12,2026-02-12,120_NBEATS_DIRECT_IFOREST.png,142_2023-08-15,2023-08-15,2023-08-16,142_2023-08-15.png,0.960995,1,Indicadores económicos y fiscales reflejan presiones en el país,"Sectores productivos y autoridades revisaron inflación, empleo, finanzas públicas y actividad económica, con énfasis en riesgos y medidas de ajuste.",Expreso,2023-08-18,economia_finanzas,ok
120_NBEATS_DIRECT_IFOREST,2026-02-12,2026-02-12,120_NBEATS_DIRECT_IFOREST.png,142_2023-08-15,2023-08-15,2023-08-16,142_2023-08-15.png,0.960995,1,Costo de vida y servicios impactan a los hogares,"Se registraron impactos en empleo, educación, salud, movilidad o servicios, con acciones de mitigación y demandas ciudadanas.",Teleamazonas,2023-08-19,riesgo_pais_calidad_vida,ok
120_NBEATS_DIRECT_IFOREST,2026-02-12,2026-02-12,120_NBEATS_DIRECT_IFOREST.png,142_2023-08-15,2023-08-15,2023-08-16,142_2023-08-15.png,0.960995,1,Eventos climáticos y emergencias afectan localidades,"Se reportaron afectaciones por lluvias, deslizamientos, incendios u otros eventos naturales, con impactos en vías, viviendas y servicios.",El Universo,2023-08-21,medio_ambiente,ok
120_NBEATS_DIRECT_IFOREST,2026-02-12,2026-02-12,120_NBEATS_DIRECT_IFOREST.png,091_2020-04-08,2020-04-08,2020-04-09,091_2020-04-08.png,0.959344,2,Coronavirus en Ecuador: los miles de muertos de Guayas que no aparecen en las cifras oficiales,"Guayas registra 6700 muertes en primeros 15 días de abril 2020, muy por encima de cifras oficiales COVID-19. Familias denuncian subregistro; caos sanitario en Guayaquil con cuerpos sin identificar y entierros masivos.",BBC Mundo,2020-04-08,medio_ambiente,ok
120_NBEATS_DIRECT_IFOREST,2026-02-12,2026-02-12,120_NBEATS_DIRECT_IFOREST.png,091_2020-04-08,2020-04-08,2020-04-09,091_2020-04-08.png,0.959344,2,Guayaquil enfrenta colapso sanitario por COVID-19,"El sistema sanitario de Guayaquil colapsó ante el aumento de fallecidos por coronavirus, afectando gravemente la calidad de vida.",El Universo,2020-04-08,riesgo_pais_calidad_vida,ok
120_NBEATS_DIRECT_IFOREST,2026-02-12,2026-02-12,120_NBEATS_DIRECT_IFOREST.png,091_2020-04-08,2020-04-08,2020-04-09,091_2020-04-08.png,0.959344,2,Fuerzas Armadas asumen control logístico en Guayaquil,Las Fuerzas Armadas intervinieron en tareas logísticas y de control ante la emergencia sanitaria en Guayaquil.,El Comercio,2020-04-09,seguridad_crimen,ok
121_NBEATS_DIRECT_TIMEGPT,2026-02-20,2026-02-20,121_NBEATS_DIRECT_TIMEGPT.png,091_2020-04-08,2020-04-08,2020-04-09,091_2020-04-08.png,0.954926,1,Coronavirus en Ecuador: los miles de muertos de Guayas que no aparecen en las cifras oficiales,"Guayas registra 6700 muertes en primeros 15 días de abril 2020, muy por encima de cifras oficiales COVID-19. Familias denuncian subregistro; caos sanitario en Guayaquil con cuerpos sin identificar y entierros masivos.",BBC Mundo,2020-04-08,medio_ambiente,ok
121_NBEATS_DIRECT_TIMEGPT,2026-02-20,2026-02-20,121_NBEATS_DIRECT_TIMEGPT.png,091_2020-04-08,2020-04-08,2020-04-09,091_2020-04-08.png,0.954926,1,Guayaquil enfrenta colapso sanitario por COVID-19,"El sistema sanitario de Guayaquil colapsó ante el aumento de fallecidos por coronavirus, afectando gravemente la calidad de vida.",El Universo,2020-04-08,riesgo_pais_calidad_vida,ok
121_NBEATS_DIRECT_TIMEGPT,2026-02-20,2026-02-20,121_NBEATS_DIRECT_TIMEGPT.png,091_2020-04-08,2020-04-08,2020-04-09,091_2020-04-08.png,0.954926,1,Fuerzas Armadas asumen control logístico en Guayaquil,Las Fuerzas Armadas intervinieron en tareas logísticas y de control ante la emergencia sanitaria en Guayaquil.,El Comercio,2020-04-09,seguridad_crimen,ok
121_NBEATS_DIRECT_TIMEGPT,2026-02-20,2026-02-20,121_NBEATS_DIRECT_TIMEGPT.png,142_2023-08-15,2023-08-15,2023-08-16,142_2023-08-15.png,0.952973,2,Operativos y hechos delictivos elevan preocupación por seguridad,"Se reportaron operativos, detenciones o investigaciones por delitos, junto con alertas ciudadanas en distintas provincias.",El Universo,2023-08-10,seguridad_crimen,ok
121_NBEATS_DIRECT_TIMEGPT,2026-02-20,2026-02-20,121_NBEATS_DIRECT_TIMEGPT.png,142_2023-08-15,2023-08-15,2023-08-16,142_2023-08-15.png,0.952973,2,Guayaquil registra pico de violencia en agosto 2023 con múltiples balaceras,"Guayaquil enfrenta pico de violencia en agosto 2023 con balaceras diarias y disputas entre bandas por control territorial. Se reportan múltiples homicidios en sectores como el sur y Durán, con Policía desplegando operativos; contexto de escalada criminal que preludia crisis nacional.",El Universo,2023-08-10,seguridad_crimen,ok
121_NBEATS_DIRECT_TIMEGPT,2026-02-20,2026-02-20,121_NBEATS_DIRECT_TIMEGPT.png,142_2023-08-15,2023-08-15,2023-08-16,142_2023-08-15.png,0.952973,2,Decomisos y acciones contra narcotráfico se intensifican,"Fuerzas de seguridad informaron decomisos, capturas y operativos vinculados a narcotráfico y microtráfico en rutas, puertos y ciudades.",El Comercio,2023-08-11,seguridad_crimen,ok
121_NBEATS_DIRECT_TIMEGPT,2026-02-20,2026-02-20,121_NBEATS_DIRECT_TIMEGPT.png,142_2023-08-15,2023-08-15,2023-08-16,142_2023-08-15.png,0.952973,2,Muertes violentas en Ecuador suben en agosto 2023 por narcotráfico,"Ecuador registra aumento de homicidios en agosto 2023, ligados a narcotráfico y pugnas territoriales en Guayas y Manabí. Cifras oficiales muestran escalada; análisis destaca debilidad institucional y necesidad de reformas en seguridad.",Primicias,2023-08-11,seguridad_crimen,ok
121_NBEATS_DIRECT_TIMEGPT,2026-02-20,2026-02-20,121_NBEATS_DIRECT_TIMEGPT.png,142_2023-08-15,2023-08-15,2023-08-16,142_2023-08-15.png,0.952973,2,Decisiones y anuncios del Gobierno marcan la agenda nacional,"Autoridades informaron decisiones de política pública, decretos o acciones institucionales con impacto nacional y en gobiernos locales.",Primicias,2023-08-12,politica_gobierno,ok
121_NBEATS_DIRECT_TIMEGPT,2026-02-20,2026-02-20,121_NBEATS_DIRECT_TIMEGPT.png,142_2023-08-15,2023-08-15,2023-08-16,142_2023-08-15.png,0.952973,2,Indicadores económicos y fiscales reflejan presiones en el país,"Sectores productivos y autoridades revisaron inflación, empleo, finanzas públicas y actividad económica, con énfasis en riesgos y medidas de ajuste.",Expreso,2023-08-13,economia_finanzas,ok
121_NBEATS_DIRECT_TIMEGPT,2026-02-20,2026-02-20,121_NBEATS_DIRECT_TIMEGPT.png,142_2023-08-15,2023-08-15,2023-08-16,142_2023-08-15.png,0.952973,2,Costo de vida y servicios impactan a los hogares,"Se registraron impactos en empleo, educación, salud, movilidad o servicios, con acciones de mitigación y demandas ciudadanas.",Teleamazonas,2023-08-14,riesgo_pais_calidad_vida,ok
121_NBEATS_DIRECT_TIMEGPT,2026-02-20,2026-02-20,121_NBEATS_DIRECT_TIMEGPT.png,142_2023-08-15,2023-08-15,2023-08-16,142_2023-08-15.png,0.952973,2,Decisiones y anuncios del Gobierno marcan la agenda nacional,"Autoridades informaron decisiones de política pública, decretos o acciones institucionales con impacto nacional y en gobiernos locales.",El Universo,2023-08-15,politica_gobierno,ok
121_NBEATS_DIRECT_TIMEGPT,2026-02-20,2026-02-20,121_NBEATS_DIRECT_TIMEGPT.png,142_2023-08-15,2023-08-15,2023-08-16,142_2023-08-15.png,0.952973,2,Estiaje agrava crisis energética en Ecuador en agosto 2023,El estiaje en agosto 2023 reduce caudal de ríos y amenaza generación hidroeléctrica. El gobierno anuncia medidas de ahorro y mantenimiento de plantas; riesgo de apagones en regiones costeras y sierra por sequía prolongada.,El Comercio,2023-08-16,medio_ambiente,ok
121_NBEATS_DIRECT_TIMEGPT,2026-02-20,2026-02-20,121_NBEATS_DIRECT_TIMEGPT.png,142_2023-08-15,2023-08-15,2023-08-16,142_2023-08-15.png,0.952973,2,Operativos y hechos delictivos elevan preocupación por seguridad,"Se reportaron operativos, detenciones o investigaciones por delitos, junto con alertas ciudadanas en distintas provincias.",El Comercio,2023-08-16,seguridad_crimen,ok
121_NBEATS_DIRECT_TIMEGPT,2026-02-20,2026-02-20,121_NBEATS_DIRECT_TIMEGPT.png,142_2023-08-15,2023-08-15,2023-08-16,142_2023-08-15.png,0.952973,2,Decomisos y acciones contra narcotráfico se intensifican,"Fuerzas de seguridad informaron decomisos, capturas y operativos vinculados a narcotráfico y microtráfico en rutas, puertos y ciudades.",Primicias,2023-08-17,seguridad_crimen,ok
121_NBEATS_DIRECT_TIMEGPT,2026-02-20,2026-02-20,121_NBEATS_DIRECT_TIMEGPT.png,142_2023-08-15,2023-08-15,2023-08-16,142_2023-08-15.png,0.952973,2,Indicadores económicos y fiscales reflejan presiones en el país,"Sectores productivos y autoridades revisaron inflación, empleo, finanzas públicas y actividad económica, con énfasis en riesgos y medidas de ajuste.",Expreso,2023-08-18,economia_finanzas,ok
121_NBEATS_DIRECT_TIMEGPT,2026-02-20,2026-02-20,121_NBEATS_DIRECT_TIMEGPT.png,142_2023-08-15,2023-08-15,2023-08-16,142_2023-08-15.png,0.952973,2,Costo de vida y servicios impactan a los hogares,"Se registraron impactos en empleo, educación, salud, movilidad o servicios, con acciones de mitigación y demandas ciudadanas.",Teleamazonas,2023-08-19,riesgo_pais_calidad_vida,ok
121_NBEATS_DIRECT_TIMEGPT,2026-02-20,2026-02-20,121_NBEATS_DIRECT_TIMEGPT.png,142_2023-08-15,2023-08-15,2023-08-16,142_2023-08-15.png,0.952973,2,Eventos climáticos y emergencias afectan localidades,"Se reportaron afectaciones por lluvias, deslizamientos, incendios u otros eventos naturales, con impactos en vías, viviendas y servicios.",El Universo,2023-08-21,medio_ambiente,ok
122_NBEATS_DIRECT_TIMESNET,2026-02-22,2026-02-22,122_NBEATS_DIRECT_TIMESNET.png,091_2020-04-08,2020-04-08,2020-04-09,091_2020-04-08.png,0.951284,1,Coronavirus en Ecuador: los miles de muertos de Guayas que no aparecen en las cifras oficiales,"Guayas registra 6700 muertes en primeros 15 días de abril 2020, muy por encima de cifras oficiales COVID-19. Familias denuncian subregistro; caos sanitario en Guayaquil con cuerpos sin identificar y entierros masivos.",BBC Mundo,2020-04-08,medio_ambiente,ok
122_NBEATS_DIRECT_TIMESNET,2026-02-22,2026-02-22,122_NBEATS_DIRECT_TIMESNET.png,091_2020-04-08,2020-04-08,2020-04-09,091_2020-04-08.png,0.951284,1,Guayaquil enfrenta colapso sanitario por COVID-19,"El sistema sanitario de Guayaquil colapsó ante el aumento de fallecidos por coronavirus, afectando gravemente la calidad de vida.",El Universo,2020-04-08,riesgo_pais_calidad_vida,ok
122_NBEATS_DIRECT_TIMESNET,2026-02-22,2026-02-22,122_NBEATS_DIRECT_TIMESNET.png,091_2020-04-08,2020-04-08,2020-04-09,091_2020-04-08.png,0.951284,1,Fuerzas Armadas asumen control logístico en Guayaquil,Las Fuerzas Armadas intervinieron en tareas logísticas y de control ante la emergencia sanitaria en Guayaquil.,El Comercio,2020-04-09,seguridad_crimen,ok
122_NBEATS_DIRECT_TIMESNET,2026-02-22,2026-02-22,122_NBEATS_DIRECT_TIMESNET.png,038_2009-02-23,2009-02-23,2009-02-25,038_2009-02-23.png,0.949241,2,Se anuncian pérdidas de hasta 2 millones de dólares por baja afluencia de turistas,"Empresarios turísticos reportaron baja afluencia en balnearios de Esmeraldas durante carnaval, atribuida a condiciones invernales, con pérdidas económicas estimadas.",El Universo,2009-02-23,economia_finanzas,ok
122_NBEATS_DIRECT_TIMESNET,2026-02-22,2026-02-22,122_NBEATS_DIRECT_TIMESNET.png,038_2009-02-23,2009-02-23,2009-02-25,038_2009-02-23.png,0.949241,2,Babahoyo sin agua por robo de transformadores,El robo de transformadores en la estación de tratamiento dejó a Babahoyo con severa afectación de agua potable. La nota describe impacto y acciones de la empresa municipal.,El Universo,2009-02-23,servicios_basicos,ok
122_NBEATS_DIRECT_TIMESNET,2026-02-22,2026-02-22,122_NBEATS_DIRECT_TIMESNET.png,038_2009-02-23,2009-02-23,2009-02-25,038_2009-02-23.png,0.949241,2,Comparsas y colorido en las calles del cantón Gualaceo,"El desfile de carnaval de Gualaceo se desarrolló pese a la lluvia, con participación comunitaria. La nota es territorial (Azuay) y cultural.",El Universo,2009-02-23,sociedad_cultura,ok
122_NBEATS_DIRECT_TIMESNET,2026-02-22,2026-02-22,122_NBEATS_DIRECT_TIMESNET.png,038_2009-02-23,2009-02-23,2009-02-25,038_2009-02-23.png,0.949241,2,"Flores, frutas y panes destacaron en las alegorías del desfile",Ambato desarrolló actividades masivas con alegorías florales y artesanales durante celebraciones. La nota describe asistencia y recorrido del desfile.,El Universo,2009-02-23,sociedad_cultura,ok
122_NBEATS_DIRECT_TIMESNET,2026-02-22,2026-02-22,122_NBEATS_DIRECT_TIMESNET.png,038_2009-02-23,2009-02-23,2009-02-25,038_2009-02-23.png,0.949241,2,Inundación en las comunas rurales de Ventanas y Vinces,"Crecidas de ríos mantuvieron familias afectadas por inundaciones en sectores rurales de Vinces y Ventanas, con riesgo sobre infraestructura como puentes.",El Universo,2009-02-24,medio_ambiente,ok
122_NBEATS_DIRECT_TIMESNET,2026-02-22,2026-02-22,122_NBEATS_DIRECT_TIMESNET.png,038_2009-02-23,2009-02-23,2009-02-25,038_2009-02-23.png,0.949241,2,"Sismo de 4,1 grados frente a costas ecuatorianas","El Instituto Geofísico reportó un sismo de 4,1 con epicentro frente a la costa, indicando hora y profundidad. La nota es un reporte de evento natural.",El Universo,2009-02-24,medio_ambiente,ok
122_NBEATS_DIRECT_TIMESNET,2026-02-22,2026-02-22,122_NBEATS_DIRECT_TIMESNET.png,038_2009-02-23,2009-02-23,2009-02-25,038_2009-02-23.png,0.949241,2,Vacunación en áreas de riesgos y los albergues,"El Ministerio de Salud implementó acciones de inmunización y prevención en zonas afectadas por el invierno y albergues, como parte de respuesta sanitaria.",El Universo,2009-02-24,riesgo_pais_calidad_vida,ok
122_NBEATS_DIRECT_TIMESNET,2026-02-22,2026-02-22,122_NBEATS_DIRECT_TIMESNET.png,038_2009-02-23,2009-02-23,2009-02-25,038_2009-02-23.png,0.949241,2,Accidentes dejaron trece muertos y siete heridos,Entre domingo y lunes se reportaron múltiples siniestros viales con víctimas mortales y heridos. La nota resume balances y zonas afectadas.,El Universo,2009-02-24,seguridad_crimen,ok
122_NBEATS_DIRECT_TIMESNET,2026-02-22,2026-02-22,122_NBEATS_DIRECT_TIMESNET.png,038_2009-02-23,2009-02-23,2009-02-25,038_2009-02-23.png,0.949241,2,Granizada daña una casa y sembríos en zona cerca a Cuenca,"Una granizada afectó familias y cultivos en la parroquia rural Cumbe (Azuay), con daños en sembríos y viviendas. La nota reporta afectación comunitaria.",El Universo,2009-02-25,medio_ambiente,ok
122_NBEATS_DIRECT_TIMESNET,2026-02-22,2026-02-22,122_NBEATS_DIRECT_TIMESNET.png,038_2009-02-23,2009-02-23,2009-02-25,038_2009-02-23.png,0.949241,2,Otro deslave en vía Calacalí - La Independencia,"Un nuevo deslave afectó la vía Calacalí–La Independencia, causando interrupciones y trabajos de limpieza. La nota describe ubicación y hora del evento.",El Universo,2009-02-25,medio_ambiente,ok
122_NBEATS_DIRECT_TIMESNET,2026-02-22,2026-02-22,122_NBEATS_DIRECT_TIMESNET.png,038_2009-02-23,2009-02-23,2009-02-25,038_2009-02-23.png,0.949241,2,Caso que investiga ataque en Angostura se queda sin fiscal,"Tras la muerte del fiscal a cargo, el proceso de investigación del caso Angostura quedó sin fiscal asignado. La nota describe repercusiones institucionales.",El Universo,2009-02-25,politica_gobierno,ok
123_NBEATS_DIRECT_TRANAD,2026-02-23,2026-02-23,123_NBEATS_DIRECT_TRANAD.png,038_2009-02-23,2009-02-23,2009-02-25,038_2009-02-23.png,0.958294,1,Se anuncian pérdidas de hasta 2 millones de dólares por baja afluencia de turistas,"Empresarios turísticos reportaron baja afluencia en balnearios de Esmeraldas durante carnaval, atribuida a condiciones invernales, con pérdidas económicas estimadas.",El Universo,2009-02-23,economia_finanzas,ok
123_NBEATS_DIRECT_TRANAD,2026-02-23,2026-02-23,123_NBEATS_DIRECT_TRANAD.png,038_2009-02-23,2009-02-23,2009-02-25,038_2009-02-23.png,0.958294,1,Babahoyo sin agua por robo de transformadores,El robo de transformadores en la estación de tratamiento dejó a Babahoyo con severa afectación de agua potable. La nota describe impacto y acciones de la empresa municipal.,El Universo,2009-02-23,servicios_basicos,ok
123_NBEATS_DIRECT_TRANAD,2026-02-23,2026-02-23,123_NBEATS_DIRECT_TRANAD.png,038_2009-02-23,2009-02-23,2009-02-25,038_2009-02-23.png,0.958294,1,Comparsas y colorido en las calles del cantón Gualaceo,"El desfile de carnaval de Gualaceo se desarrolló pese a la lluvia, con participación comunitaria. La nota es territorial (Azuay) y cultural.",El Universo,2009-02-23,sociedad_cultura,ok
123_NBEATS_DIRECT_TRANAD,2026-02-23,2026-02-23,123_NBEATS_DIRECT_TRANAD.png,038_2009-02-23,2009-02-23,2009-02-25,038_2009-02-23.png,0.958294,1,"Flores, frutas y panes destacaron en las alegorías del desfile",Ambato desarrolló actividades masivas con alegorías florales y artesanales durante celebraciones. La nota describe asistencia y recorrido del desfile.,El Universo,2009-02-23,sociedad_cultura,ok
123_NBEATS_DIRECT_TRANAD,2026-02-23,2026-02-23,123_NBEATS_DIRECT_TRANAD.png,038_2009-02-23,2009-02-23,2009-02-25,038_2009-02-23.png,0.958294,1,Inundación en las comunas rurales de Ventanas y Vinces,"Crecidas de ríos mantuvieron familias afectadas por inundaciones en sectores rurales de Vinces y Ventanas, con riesgo sobre infraestructura como puentes.",El Universo,2009-02-24,medio_ambiente,ok
123_NBEATS_DIRECT_TRANAD,2026-02-23,2026-02-23,123_NBEATS_DIRECT_TRANAD.png,038_2009-02-23,2009-02-23,2009-02-25,038_2009-02-23.png,0.958294,1,"Sismo de 4,1 grados frente a costas ecuatorianas","El Instituto Geofísico reportó un sismo de 4,1 con epicentro frente a la costa, indicando hora y profundidad. La nota es un reporte de evento natural.",El Universo,2009-02-24,medio_ambiente,ok
123_NBEATS_DIRECT_TRANAD,2026-02-23,2026-02-23,123_NBEATS_DIRECT_TRANAD.png,038_2009-02-23,2009-02-23,2009-02-25,038_2009-02-23.png,0.958294,1,Vacunación en áreas de riesgos y los albergues,"El Ministerio de Salud implementó acciones de inmunización y prevención en zonas afectadas por el invierno y albergues, como parte de respuesta sanitaria.",El Universo,2009-02-24,riesgo_pais_calidad_vida,ok
123_NBEATS_DIRECT_TRANAD,2026-02-23,2026-02-23,123_NBEATS_DIRECT_TRANAD.png,038_2009-02-23,2009-02-23,2009-02-25,038_2009-02-23.png,0.958294,1,Accidentes dejaron trece muertos y siete heridos,Entre domingo y lunes se reportaron múltiples siniestros viales con víctimas mortales y heridos. La nota resume balances y zonas afectadas.,El Universo,2009-02-24,seguridad_crimen,ok
123_NBEATS_DIRECT_TRANAD,2026-02-23,2026-02-23,123_NBEATS_DIRECT_TRANAD.png,038_2009-02-23,2009-02-23,2009-02-25,038_2009-02-23.png,0.958294,1,Granizada daña una casa y sembríos en zona cerca a Cuenca,"Una granizada afectó familias y cultivos en la parroquia rural Cumbe (Azuay), con daños en sembríos y viviendas. La nota reporta afectación comunitaria.",El Universo,2009-02-25,medio_ambiente,ok
123_NBEATS_DIRECT_TRANAD,2026-02-23,2026-02-23,123_NBEATS_DIRECT_TRANAD.png,038_2009-02-23,2009-02-23,2009-02-25,038_2009-02-23.png,0.958294,1,Otro deslave en vía Calacalí - La Independencia,"Un nuevo deslave afectó la vía Calacalí–La Independencia, causando interrupciones y trabajos de limpieza. La nota describe ubicación y hora del evento.",El Universo,2009-02-25,medio_ambiente,ok
123_NBEATS_DIRECT_TRANAD,2026-02-23,2026-02-23,123_NBEATS_DIRECT_TRANAD.png,038_2009-02-23,2009-02-23,2009-02-25,038_2009-02-23.png,0.958294,1,Caso que investiga ataque en Angostura se queda sin fiscal,"Tras la muerte del fiscal a cargo, el proceso de investigación del caso Angostura quedó sin fiscal asignado. La nota describe repercusiones institucionales.",El Universo,2009-02-25,politica_gobierno,ok
123_NBEATS_DIRECT_TRANAD,2026-02-23,2026-02-23,123_NBEATS_DIRECT_TRANAD.png,091_2020-04-08,2020-04-08,2020-04-09,091_2020-04-08.png,0.955697,2,Coronavirus en Ecuador: los miles de muertos de Guayas que no aparecen en las cifras oficiales,"Guayas registra 6700 muertes en primeros 15 días de abril 2020, muy por encima de cifras oficiales COVID-19. Familias denuncian subregistro; caos sanitario en Guayaquil con cuerpos sin identificar y entierros masivos.",BBC Mundo,2020-04-08,medio_ambiente,ok
123_NBEATS_DIRECT_TRANAD,2026-02-23,2026-02-23,123_NBEATS_DIRECT_TRANAD.png,091_2020-04-08,2020-04-08,2020-04-09,091_2020-04-08.png,0.955697,2,Guayaquil enfrenta colapso sanitario por COVID-19,"El sistema sanitario de Guayaquil colapsó ante el aumento de fallecidos por coronavirus, afectando gravemente la calidad de vida.",El Universo,2020-04-08,riesgo_pais_calidad_vida,ok
123_NBEATS_DIRECT_TRANAD,2026-02-23,2026-02-23,123_NBEATS_DIRECT_TRANAD.png,091_2020-04-08,2020-04-08,2020-04-09,091_2020-04-08.png,0.955697,2,Fuerzas Armadas asumen control logístico en Guayaquil,Las Fuerzas Armadas intervinieron en tareas logísticas y de control ante la emergencia sanitaria en Guayaquil.,El Comercio,2020-04-09,seguridad_crimen,ok
124_NBEATS_FEEDBACK_ARIMA,2026-01-29,2026-01-29,124_NBEATS_FEEDBACK_ARIMA.png,032_2008-12-29,2008-12-29,2008-12-29,032_2008-12-29.png,0.859532,1,Asalto bancario generó alarma en fin de año,Un asalto a una entidad bancaria ocurrido a finales de diciembre provocó alarma entre clientes y reforzamiento de medidas de seguridad policial en la zona.,El Universo,2008-12-29,seguridad_crimen,ok
124_NBEATS_FEEDBACK_ARIMA,2026-01-29,2026-01-29,124_NBEATS_FEEDBACK_ARIMA.png,104_2020-09-01,2020-09-01,2020-09-01,104_2020-09-01.png,0.85844,2,Ecuador avanza en negociación de vacunas COVID-19 septiembre 2020,Ecuador negocia dosis de vacunas COVID-19 con AstraZeneca y otros laboratorios en septiembre 2020. Ministerio de Salud detalla avances; contexto de pandemia con reducción de casos pero alerta por segunda ola posible.,El Universo,2020-09-01,politica_gobierno,ok
124_NBEATS_FEEDBACK_ARIMA,2026-01-29,2026-01-29,124_NBEATS_FEEDBACK_ARIMA.png,104_2020-09-01,2020-09-01,2020-09-01,104_2020-09-01.png,0.85844,2,Gobierno mantiene restricciones ante COVID-19,El COE Nacional ratificó restricciones y evaluó medidas para controlar contagios.,El Universo,2020-09-04,politica_gobierno,ok
124_NBEATS_FEEDBACK_ARIMA,2026-01-29,2026-01-29,124_NBEATS_FEEDBACK_ARIMA.png,104_2020-09-01,2020-09-01,2020-09-01,104_2020-09-01.png,0.85844,2,Sistema de salud continúa bajo presión,Hospitales reportaron alta ocupación de camas UCI en varias provincias.,El Comercio,2020-09-04,riesgo_pais_calidad_vida,ok
124_NBEATS_FEEDBACK_ARIMA,2026-01-29,2026-01-29,124_NBEATS_FEEDBACK_ARIMA.png,104_2020-09-01,2020-09-01,2020-09-01,104_2020-09-01.png,0.85844,2,Economía muestra lenta recuperación,Indicadores económicos evidenciaron una recuperación gradual tras meses de crisis.,El Universo,2020-09-05,economia_finanzas,ok
124_NBEATS_FEEDBACK_ARIMA,2026-01-29,2026-01-29,124_NBEATS_FEEDBACK_ARIMA.png,104_2020-09-01,2020-09-01,2020-09-01,104_2020-09-01.png,0.85844,2,Inseguridad preocupa en zonas urbanas,Autoridades reportaron incremento de robos y asaltos en ciudades principales.,El Comercio,2020-09-06,seguridad_crimen,ok
125_NBEATS_FEEDBACK_DIF,2026-01-30,2026-02-27,125_NBEATS_FEEDBACK_DIF.png,032_2008-12-29,2008-12-29,2008-12-29,032_2008-12-29.png,0.859532,1,Asalto bancario generó alarma en fin de año,Un asalto a una entidad bancaria ocurrido a finales de diciembre provocó alarma entre clientes y reforzamiento de medidas de seguridad policial en la zona.,El Universo,2008-12-29,seguridad_crimen,ok
125_NBEATS_FEEDBACK_DIF,2026-01-30,2026-02-27,125_NBEATS_FEEDBACK_DIF.png,104_2020-09-01,2020-09-01,2020-09-01,104_2020-09-01.png,0.85844,2,Ecuador avanza en negociación de vacunas COVID-19 septiembre 2020,Ecuador negocia dosis de vacunas COVID-19 con AstraZeneca y otros laboratorios en septiembre 2020. Ministerio de Salud detalla avances; contexto de pandemia con reducción de casos pero alerta por segunda ola posible.,El Universo,2020-09-01,politica_gobierno,ok
125_NBEATS_FEEDBACK_DIF,2026-01-30,2026-02-27,125_NBEATS_FEEDBACK_DIF.png,104_2020-09-01,2020-09-01,2020-09-01,104_2020-09-01.png,0.85844,2,Gobierno mantiene restricciones ante COVID-19,El COE Nacional ratificó restricciones y evaluó medidas para controlar contagios.,El Universo,2020-09-04,politica_gobierno,ok
125_NBEATS_FEEDBACK_DIF,2026-01-30,2026-02-27,125_NBEATS_FEEDBACK_DIF.png,104_2020-09-01,2020-09-01,2020-09-01,104_2020-09-01.png,0.85844,2,Sistema de salud continúa bajo presión,Hospitales reportaron alta ocupación de camas UCI en varias provincias.,El Comercio,2020-09-04,riesgo_pais_calidad_vida,ok
125_NBEATS_FEEDBACK_DIF,2026-01-30,2026-02-27,125_NBEATS_FEEDBACK_DIF.png,104_2020-09-01,2020-09-01,2020-09-01,104_2020-09-01.png,0.85844,2,Economía muestra lenta recuperación,Indicadores económicos evidenciaron una recuperación gradual tras meses de crisis.,El Universo,2020-09-05,economia_finanzas,ok
125_NBEATS_FEEDBACK_DIF,2026-01-30,2026-02-27,125_NBEATS_FEEDBACK_DIF.png,104_2020-09-01,2020-09-01,2020-09-01,104_2020-09-01.png,0.85844,2,Inseguridad preocupa en zonas urbanas,Autoridades reportaron incremento de robos y asaltos en ciudades principales.,El Comercio,2020-09-06,seguridad_crimen,ok
126_NBEATS_FEEDBACK_TIMEGPT,2026-02-09,2026-02-12,126_NBEATS_FEEDBACK_TIMEGPT.png,032_2008-12-29,2008-12-29,2008-12-29,032_2008-12-29.png,0.859532,1,Asalto bancario generó alarma en fin de año,Un asalto a una entidad bancaria ocurrido a finales de diciembre provocó alarma entre clientes y reforzamiento de medidas de seguridad policial en la zona.,El Universo,2008-12-29,seguridad_crimen,ok
126_NBEATS_FEEDBACK_TIMEGPT,2026-02-09,2026-02-12,126_NBEATS_FEEDBACK_TIMEGPT.png,104_2020-09-01,2020-09-01,2020-09-01,104_2020-09-01.png,0.85844,2,Ecuador avanza en negociación de vacunas COVID-19 septiembre 2020,Ecuador negocia dosis de vacunas COVID-19 con AstraZeneca y otros laboratorios en septiembre 2020. Ministerio de Salud detalla avances; contexto de pandemia con reducción de casos pero alerta por segunda ola posible.,El Universo,2020-09-01,politica_gobierno,ok
126_NBEATS_FEEDBACK_TIMEGPT,2026-02-09,2026-02-12,126_NBEATS_FEEDBACK_TIMEGPT.png,104_2020-09-01,2020-09-01,2020-09-01,104_2020-09-01.png,0.85844,2,Gobierno mantiene restricciones ante COVID-19,El COE Nacional ratificó restricciones y evaluó medidas para controlar contagios.,El Universo,2020-09-04,politica_gobierno,ok
126_NBEATS_FEEDBACK_TIMEGPT,2026-02-09,2026-02-12,126_NBEATS_FEEDBACK_TIMEGPT.png,104_2020-09-01,2020-09-01,2020-09-01,104_2020-09-01.png,0.85844,2,Sistema de salud continúa bajo presión,Hospitales reportaron alta ocupación de camas UCI en varias provincias.,El Comercio,2020-09-04,riesgo_pais_calidad_vida,ok
126_NBEATS_FEEDBACK_TIMEGPT,2026-02-09,2026-02-12,126_NBEATS_FEEDBACK_TIMEGPT.png,104_2020-09-01,2020-09-01,2020-09-01,104_2020-09-01.png,0.85844,2,Economía muestra lenta recuperación,Indicadores económicos evidenciaron una recuperación gradual tras meses de crisis.,El Universo,2020-09-05,economia_finanzas,ok
126_NBEATS_FEEDBACK_TIMEGPT,2026-02-09,2026-02-12,126_NBEATS_FEEDBACK_TIMEGPT.png,104_2020-09-01,2020-09-01,2020-09-01,104_2020-09-01.png,0.85844,2,Inseguridad preocupa en zonas urbanas,Autoridades reportaron incremento de robos y asaltos en ciudades principales.,El Comercio,2020-09-06,seguridad_crimen,ok
127_NBEATS_FEEDBACK_TIMESNET,2026-02-21,2026-02-22,127_NBEATS_FEEDBACK_TIMESNET.png,032_2008-12-29,2008-12-29,2008-12-29,032_2008-12-29.png,0.859532,1,Asalto bancario generó alarma en fin de año,Un asalto a una entidad bancaria ocurrido a finales de diciembre provocó alarma entre clientes y reforzamiento de medidas de seguridad policial en la zona.,El Universo,2008-12-29,seguridad_crimen,ok
127_NBEATS_FEEDBACK_TIMESNET,2026-02-21,2026-02-22,127_NBEATS_FEEDBACK_TIMESNET.png,104_2020-09-01,2020-09-01,2020-09-01,104_2020-09-01.png,0.85844,2,Ecuador avanza en negociación de vacunas COVID-19 septiembre 2020,Ecuador negocia dosis de vacunas COVID-19 con AstraZeneca y otros laboratorios en septiembre 2020. Ministerio de Salud detalla avances; contexto de pandemia con reducción de casos pero alerta por segunda ola posible.,El Universo,2020-09-01,politica_gobierno,ok
127_NBEATS_FEEDBACK_TIMESNET,2026-02-21,2026-02-22,127_NBEATS_FEEDBACK_TIMESNET.png,104_2020-09-01,2020-09-01,2020-09-01,104_2020-09-01.png,0.85844,2,Gobierno mantiene restricciones ante COVID-19,El COE Nacional ratificó restricciones y evaluó medidas para controlar contagios.,El Universo,2020-09-04,politica_gobierno,ok
127_NBEATS_FEEDBACK_TIMESNET,2026-02-21,2026-02-22,127_NBEATS_FEEDBACK_TIMESNET.png,104_2020-09-01,2020-09-01,2020-09-01,104_2020-09-01.png,0.85844,2,Sistema de salud continúa bajo presión,Hospitales reportaron alta ocupación de camas UCI en varias provincias.,El Comercio,2020-09-04,riesgo_pais_calidad_vida,ok
127_NBEATS_FEEDBACK_TIMESNET,2026-02-21,2026-02-22,127_NBEATS_FEEDBACK_TIMESNET.png,104_2020-09-01,2020-09-01,2020-09-01,104_2020-09-01.png,0.85844,2,Economía muestra lenta recuperación,Indicadores económicos evidenciaron una recuperación gradual tras meses de crisis.,El Universo,2020-09-05,economia_finanzas,ok
127_NBEATS_FEEDBACK_TIMESNET,2026-02-21,2026-02-22,127_NBEATS_FEEDBACK_TIMESNET.png,104_2020-09-01,2020-09-01,2020-09-01,104_2020-09-01.png,0.85844,2,Inseguridad preocupa en zonas urbanas,Autoridades reportaron incremento de robos y asaltos en ciudades principales.,El Comercio,2020-09-06,seguridad_crimen,ok
128_NBEATS_FEEDBACK_TRANAD,2026-02-21,2026-02-22,128_NBEATS_FEEDBACK_TRANAD.png,032_2008-12-29,2008-12-29,2008-12-29,032_2008-12-29.png,0.859532,1,Asalto bancario generó alarma en fin de año,Un asalto a una entidad bancaria ocurrido a finales de diciembre provocó alarma entre clientes y reforzamiento de medidas de seguridad policial en la zona.,El Universo,2008-12-29,seguridad_crimen,ok
128_NBEATS_FEEDBACK_TRANAD,2026-02-21,2026-02-22,128_NBEATS_FEEDBACK_TRANAD.png,104_2020-09-01,2020-09-01,2020-09-01,104_2020-09-01.png,0.85844,2,Ecuador avanza en negociación de vacunas COVID-19 septiembre 2020,Ecuador negocia dosis de vacunas COVID-19 con AstraZeneca y otros laboratorios en septiembre 2020. Ministerio de Salud detalla avances; contexto de pandemia con reducción de casos pero alerta por segunda ola posible.,El Universo,2020-09-01,politica_gobierno,ok
128_NBEATS_FEEDBACK_TRANAD,2026-02-21,2026-02-22,128_NBEATS_FEEDBACK_TRANAD.png,104_2020-09-01,2020-09-01,2020-09-01,104_2020-09-01.png,0.85844,2,Gobierno mantiene restricciones ante COVID-19,El COE Nacional ratificó restricciones y evaluó medidas para controlar contagios.,El Universo,2020-09-04,politica_gobierno,ok
128_NBEATS_FEEDBACK_TRANAD,2026-02-21,2026-02-22,128_NBEATS_FEEDBACK_TRANAD.png,104_2020-09-01,2020-09-01,2020-09-01,104_2020-09-01.png,0.85844,2,Sistema de salud continúa bajo presión,Hospitales reportaron alta ocupación de camas UCI en varias provincias.,El Comercio,2020-09-04,riesgo_pais_calidad_vida,ok
128_NBEATS_FEEDBACK_TRANAD,2026-02-21,2026-02-22,128_NBEATS_FEEDBACK_TRANAD.png,104_2020-09-01,2020-09-01,2020-09-01,104_2020-09-01.png,0.85844,2,Economía muestra lenta recuperación,Indicadores económicos evidenciaron una recuperación gradual tras meses de crisis.,El Universo,2020-09-05,economia_finanzas,ok
128_NBEATS_FEEDBACK_TRANAD,2026-02-21,2026-02-22,128_NBEATS_FEEDBACK_TRANAD.png,104_2020-09-01,2020-09-01,2020-09-01,104_2020-09-01.png,0.85844,2,Inseguridad preocupa en zonas urbanas,Autoridades reportaron incremento de robos y asaltos en ciudades principales.,El Comercio,2020-09-06,seguridad_crimen,ok
129_DEEPAR_DIRECT_ARIMA,2026-01-29,2026-01-30,129_DEEPAR_DIRECT_ARIMA.png,091_2020-04-08,2020-04-08,2020-04-09,091_2020-04-08.png,0.969123,1,Coronavirus en Ecuador: los miles de muertos de Guayas que no aparecen en las cifras oficiales,"Guayas registra 6700 muertes en primeros 15 días de abril 2020, muy por encima de cifras oficiales COVID-19. Familias denuncian subregistro; caos sanitario en Guayaquil con cuerpos sin identificar y entierros masivos.",BBC Mundo,2020-04-08,medio_ambiente,ok
129_DEEPAR_DIRECT_ARIMA,2026-01-29,2026-01-30,129_DEEPAR_DIRECT_ARIMA.png,091_2020-04-08,2020-04-08,2020-04-09,091_2020-04-08.png,0.969123,1,Guayaquil enfrenta colapso sanitario por COVID-19,"El sistema sanitario de Guayaquil colapsó ante el aumento de fallecidos por coronavirus, afectando gravemente la calidad de vida.",El Universo,2020-04-08,riesgo_pais_calidad_vida,ok
129_DEEPAR_DIRECT_ARIMA,2026-01-29,2026-01-30,129_DEEPAR_DIRECT_ARIMA.png,091_2020-04-08,2020-04-08,2020-04-09,091_2020-04-08.png,0.969123,1,Fuerzas Armadas asumen control logístico en Guayaquil,Las Fuerzas Armadas intervinieron en tareas logísticas y de control ante la emergencia sanitaria en Guayaquil.,El Comercio,2020-04-09,seguridad_crimen,ok
129_DEEPAR_DIRECT_ARIMA,2026-01-29,2026-01-30,129_DEEPAR_DIRECT_ARIMA.png,142_2023-08-15,2023-08-15,2023-08-16,142_2023-08-15.png,0.962694,2,Operativos y hechos delictivos elevan preocupación por seguridad,"Se reportaron operativos, detenciones o investigaciones por delitos, junto con alertas ciudadanas en distintas provincias.",El Universo,2023-08-10,seguridad_crimen,ok
129_DEEPAR_DIRECT_ARIMA,2026-01-29,2026-01-30,129_DEEPAR_DIRECT_ARIMA.png,142_2023-08-15,2023-08-15,2023-08-16,142_2023-08-15.png,0.962694,2,Guayaquil registra pico de violencia en agosto 2023 con múltiples balaceras,"Guayaquil enfrenta pico de violencia en agosto 2023 con balaceras diarias y disputas entre bandas por control territorial. Se reportan múltiples homicidios en sectores como el sur y Durán, con Policía desplegando operativos; contexto de escalada criminal que preludia crisis nacional.",El Universo,2023-08-10,seguridad_crimen,ok
129_DEEPAR_DIRECT_ARIMA,2026-01-29,2026-01-30,129_DEEPAR_DIRECT_ARIMA.png,142_2023-08-15,2023-08-15,2023-08-16,142_2023-08-15.png,0.962694,2,Decomisos y acciones contra narcotráfico se intensifican,"Fuerzas de seguridad informaron decomisos, capturas y operativos vinculados a narcotráfico y microtráfico en rutas, puertos y ciudades.",El Comercio,2023-08-11,seguridad_crimen,ok
129_DEEPAR_DIRECT_ARIMA,2026-01-29,2026-01-30,129_DEEPAR_DIRECT_ARIMA.png,142_2023-08-15,2023-08-15,2023-08-16,142_2023-08-15.png,0.962694,2,Muertes violentas en Ecuador suben en agosto 2023 por narcotráfico,"Ecuador registra aumento de homicidios en agosto 2023, ligados a narcotráfico y pugnas territoriales en Guayas y Manabí. Cifras oficiales muestran escalada; análisis destaca debilidad institucional y necesidad de reformas en seguridad.",Primicias,2023-08-11,seguridad_crimen,ok
129_DEEPAR_DIRECT_ARIMA,2026-01-29,2026-01-30,129_DEEPAR_DIRECT_ARIMA.png,142_2023-08-15,2023-08-15,2023-08-16,142_2023-08-15.png,0.962694,2,Decisiones y anuncios del Gobierno marcan la agenda nacional,"Autoridades informaron decisiones de política pública, decretos o acciones institucionales con impacto nacional y en gobiernos locales.",Primicias,2023-08-12,politica_gobierno,ok
129_DEEPAR_DIRECT_ARIMA,2026-01-29,2026-01-30,129_DEEPAR_DIRECT_ARIMA.png,142_2023-08-15,2023-08-15,2023-08-16,142_2023-08-15.png,0.962694,2,Indicadores económicos y fiscales reflejan presiones en el país,"Sectores productivos y autoridades revisaron inflación, empleo, finanzas públicas y actividad económica, con énfasis en riesgos y medidas de ajuste.",Expreso,2023-08-13,economia_finanzas,ok
129_DEEPAR_DIRECT_ARIMA,2026-01-29,2026-01-30,129_DEEPAR_DIRECT_ARIMA.png,142_2023-08-15,2023-08-15,2023-08-16,142_2023-08-15.png,0.962694,2,Costo de vida y servicios impactan a los hogares,"Se registraron impactos en empleo, educación, salud, movilidad o servicios, con acciones de mitigación y demandas ciudadanas.",Teleamazonas,2023-08-14,riesgo_pais_calidad_vida,ok
129_DEEPAR_DIRECT_ARIMA,2026-01-29,2026-01-30,129_DEEPAR_DIRECT_ARIMA.png,142_2023-08-15,2023-08-15,2023-08-16,142_2023-08-15.png,0.962694,2,Decisiones y anuncios del Gobierno marcan la agenda nacional,"Autoridades informaron decisiones de política pública, decretos o acciones institucionales con impacto nacional y en gobiernos locales.",El Universo,2023-08-15,politica_gobierno,ok
129_DEEPAR_DIRECT_ARIMA,2026-01-29,2026-01-30,129_DEEPAR_DIRECT_ARIMA.png,142_2023-08-15,2023-08-15,2023-08-16,142_2023-08-15.png,0.962694,2,Estiaje agrava crisis energética en Ecuador en agosto 2023,El estiaje en agosto 2023 reduce caudal de ríos y amenaza generación hidroeléctrica. El gobierno anuncia medidas de ahorro y mantenimiento de plantas; riesgo de apagones en regiones costeras y sierra por sequía prolongada.,El Comercio,2023-08-16,medio_ambiente,ok
129_DEEPAR_DIRECT_ARIMA,2026-01-29,2026-01-30,129_DEEPAR_DIRECT_ARIMA.png,142_2023-08-15,2023-08-15,2023-08-16,142_2023-08-15.png,0.962694,2,Operativos y hechos delictivos elevan preocupación por seguridad,"Se reportaron operativos, detenciones o investigaciones por delitos, junto con alertas ciudadanas en distintas provincias.",El Comercio,2023-08-16,seguridad_crimen,ok
129_DEEPAR_DIRECT_ARIMA,2026-01-29,2026-01-30,129_DEEPAR_DIRECT_ARIMA.png,142_2023-08-15,2023-08-15,2023-08-16,142_2023-08-15.png,0.962694,2,Decomisos y acciones contra narcotráfico se intensifican,"Fuerzas de seguridad informaron decomisos, capturas y operativos vinculados a narcotráfico y microtráfico en rutas, puertos y ciudades.",Primicias,2023-08-17,seguridad_crimen,ok
129_DEEPAR_DIRECT_ARIMA,2026-01-29,2026-01-30,129_DEEPAR_DIRECT_ARIMA.png,142_2023-08-15,2023-08-15,2023-08-16,142_2023-08-15.png,0.962694,2,Indicadores económicos y fiscales reflejan presiones en el país,"Sectores productivos y autoridades revisaron inflación, empleo, finanzas públicas y actividad económica, con énfasis en riesgos y medidas de ajuste.",Expreso,2023-08-18,economia_finanzas,ok
129_DEEPAR_DIRECT_ARIMA,2026-01-29,2026-01-30,129_DEEPAR_DIRECT_ARIMA.png,142_2023-08-15,2023-08-15,2023-08-16,142_2023-08-15.png,0.962694,2,Costo de vida y servicios impactan a los hogares,"Se registraron impactos en empleo, educación, salud, movilidad o servicios, con acciones de mitigación y demandas ciudadanas.",Teleamazonas,2023-08-19,riesgo_pais_calidad_vida,ok
129_DEEPAR_DIRECT_ARIMA,2026-01-29,2026-01-30,129_DEEPAR_DIRECT_ARIMA.png,142_2023-08-15,2023-08-15,2023-08-16,142_2023-08-15.png,0.962694,2,Eventos climáticos y emergencias afectan localidades,"Se reportaron afectaciones por lluvias, deslizamientos, incendios u otros eventos naturales, con impactos en vías, viviendas y servicios.",El Universo,2023-08-21,medio_ambiente,ok
130_DEEPAR_DIRECT_DBSCAN,2026-01-29,2026-01-31,130_DEEPAR_DIRECT_DBSCAN.png,091_2020-04-08,2020-04-08,2020-04-09,091_2020-04-08.png,0.963488,1,Coronavirus en Ecuador: los miles de muertos de Guayas que no aparecen en las cifras oficiales,"Guayas registra 6700 muertes en primeros 15 días de abril 2020, muy por encima de cifras oficiales COVID-19. Familias denuncian subregistro; caos sanitario en Guayaquil con cuerpos sin identificar y entierros masivos.",BBC Mundo,2020-04-08,medio_ambiente,ok
130_DEEPAR_DIRECT_DBSCAN,2026-01-29,2026-01-31,130_DEEPAR_DIRECT_DBSCAN.png,091_2020-04-08,2020-04-08,2020-04-09,091_2020-04-08.png,0.963488,1,Guayaquil enfrenta colapso sanitario por COVID-19,"El sistema sanitario de Guayaquil colapsó ante el aumento de fallecidos por coronavirus, afectando gravemente la calidad de vida.",El Universo,2020-04-08,riesgo_pais_calidad_vida,ok
130_DEEPAR_DIRECT_DBSCAN,2026-01-29,2026-01-31,130_DEEPAR_DIRECT_DBSCAN.png,091_2020-04-08,2020-04-08,2020-04-09,091_2020-04-08.png,0.963488,1,Fuerzas Armadas asumen control logístico en Guayaquil,Las Fuerzas Armadas intervinieron en tareas logísticas y de control ante la emergencia sanitaria en Guayaquil.,El Comercio,2020-04-09,seguridad_crimen,ok
130_DEEPAR_DIRECT_DBSCAN,2026-01-29,2026-01-31,130_DEEPAR_DIRECT_DBSCAN.png,142_2023-08-15,2023-08-15,2023-08-16,142_2023-08-15.png,0.957409,2,Operativos y hechos delictivos elevan preocupación por seguridad,"Se reportaron operativos, detenciones o investigaciones por delitos, junto con alertas ciudadanas en distintas provincias.",El Universo,2023-08-10,seguridad_crimen,ok
130_DEEPAR_DIRECT_DBSCAN,2026-01-29,2026-01-31,130_DEEPAR_DIRECT_DBSCAN.png,142_2023-08-15,2023-08-15,2023-08-16,142_2023-08-15.png,0.957409,2,Guayaquil registra pico de violencia en agosto 2023 con múltiples balaceras,"Guayaquil enfrenta pico de violencia en agosto 2023 con balaceras diarias y disputas entre bandas por control territorial. Se reportan múltiples homicidios en sectores como el sur y Durán, con Policía desplegando operativos; contexto de escalada criminal que preludia crisis nacional.",El Universo,2023-08-10,seguridad_crimen,ok
130_DEEPAR_DIRECT_DBSCAN,2026-01-29,2026-01-31,130_DEEPAR_DIRECT_DBSCAN.png,142_2023-08-15,2023-08-15,2023-08-16,142_2023-08-15.png,0.957409,2,Decomisos y acciones contra narcotráfico se intensifican,"Fuerzas de seguridad informaron decomisos, capturas y operativos vinculados a narcotráfico y microtráfico en rutas, puertos y ciudades.",El Comercio,2023-08-11,seguridad_crimen,ok
130_DEEPAR_DIRECT_DBSCAN,2026-01-29,2026-01-31,130_DEEPAR_DIRECT_DBSCAN.png,142_2023-08-15,2023-08-15,2023-08-16,142_2023-08-15.png,0.957409,2,Muertes violentas en Ecuador suben en agosto 2023 por narcotráfico,"Ecuador registra aumento de homicidios en agosto 2023, ligados a narcotráfico y pugnas territoriales en Guayas y Manabí. Cifras oficiales muestran escalada; análisis destaca debilidad institucional y necesidad de reformas en seguridad.",Primicias,2023-08-11,seguridad_crimen,ok
130_DEEPAR_DIRECT_DBSCAN,2026-01-29,2026-01-31,130_DEEPAR_DIRECT_DBSCAN.png,142_2023-08-15,2023-08-15,2023-08-16,142_2023-08-15.png,0.957409,2,Decisiones y anuncios del Gobierno marcan la agenda nacional,"Autoridades informaron decisiones de política pública, decretos o acciones institucionales con impacto nacional y en gobiernos locales.",Primicias,2023-08-12,politica_gobierno,ok
130_DEEPAR_DIRECT_DBSCAN,2026-01-29,2026-01-31,130_DEEPAR_DIRECT_DBSCAN.png,142_2023-08-15,2023-08-15,2023-08-16,142_2023-08-15.png,0.957409,2,Indicadores económicos y fiscales reflejan presiones en el país,"Sectores productivos y autoridades revisaron inflación, empleo, finanzas públicas y actividad económica, con énfasis en riesgos y medidas de ajuste.",Expreso,2023-08-13,economia_finanzas,ok
130_DEEPAR_DIRECT_DBSCAN,2026-01-29,2026-01-31,130_DEEPAR_DIRECT_DBSCAN.png,142_2023-08-15,2023-08-15,2023-08-16,142_2023-08-15.png,0.957409,2,Costo de vida y servicios impactan a los hogares,"Se registraron impactos en empleo, educación, salud, movilidad o servicios, con acciones de mitigación y demandas ciudadanas.",Teleamazonas,2023-08-14,riesgo_pais_calidad_vida,ok
130_DEEPAR_DIRECT_DBSCAN,2026-01-29,2026-01-31,130_DEEPAR_DIRECT_DBSCAN.png,142_2023-08-15,2023-08-15,2023-08-16,142_2023-08-15.png,0.957409,2,Decisiones y anuncios del Gobierno marcan la agenda nacional,"Autoridades informaron decisiones de política pública, decretos o acciones institucionales con impacto nacional y en gobiernos locales.",El Universo,2023-08-15,politica_gobierno,ok
130_DEEPAR_DIRECT_DBSCAN,2026-01-29,2026-01-31,130_DEEPAR_DIRECT_DBSCAN.png,142_2023-08-15,2023-08-15,2023-08-16,142_2023-08-15.png,0.957409,2,Estiaje agrava crisis energética en Ecuador en agosto 2023,El estiaje en agosto 2023 reduce caudal de ríos y amenaza generación hidroeléctrica. El gobierno anuncia medidas de ahorro y mantenimiento de plantas; riesgo de apagones en regiones costeras y sierra por sequía prolongada.,El Comercio,2023-08-16,medio_ambiente,ok
130_DEEPAR_DIRECT_DBSCAN,2026-01-29,2026-01-31,130_DEEPAR_DIRECT_DBSCAN.png,142_2023-08-15,2023-08-15,2023-08-16,142_2023-08-15.png,0.957409,2,Operativos y hechos delictivos elevan preocupación por seguridad,"Se reportaron operativos, detenciones o investigaciones por delitos, junto con alertas ciudadanas en distintas provincias.",El Comercio,2023-08-16,seguridad_crimen,ok
130_DEEPAR_DIRECT_DBSCAN,2026-01-29,2026-01-31,130_DEEPAR_DIRECT_DBSCAN.png,142_2023-08-15,2023-08-15,2023-08-16,142_2023-08-15.png,0.957409,2,Decomisos y acciones contra narcotráfico se intensifican,"Fuerzas de seguridad informaron decomisos, capturas y operativos vinculados a narcotráfico y microtráfico en rutas, puertos y ciudades.",Primicias,2023-08-17,seguridad_crimen,ok
130_DEEPAR_DIRECT_DBSCAN,2026-01-29,2026-01-31,130_DEEPAR_DIRECT_DBSCAN.png,142_2023-08-15,2023-08-15,2023-08-16,142_2023-08-15.png,0.957409,2,Indicadores económicos y fiscales reflejan presiones en el país,"Sectores productivos y autoridades revisaron inflación, empleo, finanzas públicas y actividad económica, con énfasis en riesgos y medidas de ajuste.",Expreso,2023-08-18,economia_finanzas,ok
130_DEEPAR_DIRECT_DBSCAN,2026-01-29,2026-01-31,130_DEEPAR_DIRECT_DBSCAN.png,142_2023-08-15,2023-08-15,2023-08-16,142_2023-08-15.png,0.957409,2,Costo de vida y servicios impactan a los hogares,"Se registraron impactos en empleo, educación, salud, movilidad o servicios, con acciones de mitigación y demandas ciudadanas.",Teleamazonas,2023-08-19,riesgo_pais_calidad_vida,ok
130_DEEPAR_DIRECT_DBSCAN,2026-01-29,2026-01-31,130_DEEPAR_DIRECT_DBSCAN.png,142_2023-08-15,2023-08-15,2023-08-16,142_2023-08-15.png,0.957409,2,Eventos climáticos y emergencias afectan localidades,"Se reportaron afectaciones por lluvias, deslizamientos, incendios u otros eventos naturales, con impactos en vías, viviendas y servicios.",El Universo,2023-08-21,medio_ambiente,ok
131_DEEPAR_DIRECT_DBSCAN,2026-02-02,2026-02-06,131_DEEPAR_DIRECT_DBSCAN.png,091_2020-04-08,2020-04-08,2020-04-09,091_2020-04-08.png,0.968671,1,Coronavirus en Ecuador: los miles de muertos de Guayas que no aparecen en las cifras oficiales,"Guayas registra 6700 muertes en primeros 15 días de abril 2020, muy por encima de cifras oficiales COVID-19. Familias denuncian subregistro; caos sanitario en Guayaquil con cuerpos sin identificar y entierros masivos.",BBC Mundo,2020-04-08,medio_ambiente,ok
131_DEEPAR_DIRECT_DBSCAN,2026-02-02,2026-02-06,131_DEEPAR_DIRECT_DBSCAN.png,091_2020-04-08,2020-04-08,2020-04-09,091_2020-04-08.png,0.968671,1,Guayaquil enfrenta colapso sanitario por COVID-19,"El sistema sanitario de Guayaquil colapsó ante el aumento de fallecidos por coronavirus, afectando gravemente la calidad de vida.",El Universo,2020-04-08,riesgo_pais_calidad_vida,ok
131_DEEPAR_DIRECT_DBSCAN,2026-02-02,2026-02-06,131_DEEPAR_DIRECT_DBSCAN.png,091_2020-04-08,2020-04-08,2020-04-09,091_2020-04-08.png,0.968671,1,Fuerzas Armadas asumen control logístico en Guayaquil,Las Fuerzas Armadas intervinieron en tareas logísticas y de control ante la emergencia sanitaria en Guayaquil.,El Comercio,2020-04-09,seguridad_crimen,ok
131_DEEPAR_DIRECT_DBSCAN,2026-02-02,2026-02-06,131_DEEPAR_DIRECT_DBSCAN.png,001_2005-04-20,2005-04-20,2005-04-20,001_2005-04-20.png,0.963396,3,"20 de abril del 2005: Cayó Lucio Gutiérrez; Alfredo Palacio, presidente","El 20 de abril de 2005 culminó una profunda crisis política en Ecuador con la salida del presidente Lucio Gutiérrez. En los días previos, el gobierno enfrentó protestas masivas, rechazo ciudadano y pérdida progresiva de respaldo institucional. El decreto de estado de emergencia y las tensiones con la Corte Suprema intensificaron el conflicto. Sectores de las Fuerzas Armadas y de la Policía evitaron intervenir contra los manifestantes. Ante la presión social y política, Gutiérrez abandonó el poder y el vicepresidente Alfredo Palacio asumió la Presidencia de la República en un contexto de alta inestabilidad.",El Universo,2005-04-20,politica_gobierno,ok
131_DEEPAR_DIRECT_DBSCAN,2026-02-02,2026-02-06,131_DEEPAR_DIRECT_DBSCAN.png,001_2005-04-20,2005-04-20,2005-04-20,001_2005-04-20.png,0.963396,3,"Comunicado del movimiento social sobre la formación de un nuevo marco de acción (Rebelión de los Forajidos, Ecuador 2005)",Comunicado de las organizaciones sociales y movimientos indígenas ecuatorianos publicado en Llacta.org en el contexto de la Rebelión de los Forajidos que culminó el 20 de abril de 2005. El texto indica que se ha formado un nuevo frente de acción social articulado para responder a la crisis política y la pérdida de legitimidad del gobierno de Lucio Gutiérrez. Enmarca la caída del presidente como resultado de la movilización ciudadana y llama a mantener la ocupación de espacios de participación y protesta pacífica. El comunicado enfatiza la unidad de los sectores populares y la necesidad de protección de derechos civiles en Ecuador durante la transición de poder.,Llacta.org,2005-04-20,politica_gobierno,ok
131_DEEPAR_DIRECT_DBSCAN,2026-02-02,2026-02-06,131_DEEPAR_DIRECT_DBSCAN.png,001_2005-04-20,2005-04-20,2005-04-20,001_2005-04-20.png,0.963396,3,Ecuador Congress ousts president," El Congreso ecuatoriano destituyó al presidente Lucio Gutiérrez en medio de protestas masivas en Quito. La legislatura designó a Alfredo Palacio como nuevo jefe de Estado mientras las Fuerzas Armadas retiraban su respaldo a Gutiérrez. La salida se dio tras días de enfrentamientos, acusaciones de autoritarismo y crisis institucional, con tensión en calles, aeropuerto y sedes de gobierno.",Al Jazeera,2005-04-21,politica_gobierno,ok
131_DEEPAR_DIRECT_DBSCAN,2026-02-02,2026-02-06,131_DEEPAR_DIRECT_DBSCAN.png,001_2005-04-20,2005-04-20,2005-04-20,001_2005-04-20.png,0.963396,3,Alfredo Palacio juró su cargo como presidente de Ecuador tras la destitución de Lucio Gutiérrez,"El vicepresidente Alfredo Palacio juró como nuevo presidente de Ecuador tras la destitución de Lucio Gutiérrez en medio de una grave crisis política y social. La salida de Gutiérrez del poder se produjo luego de intensas protestas ciudadanas y de la pérdida de apoyo institucional, especialmente de las Fuerzas Armadas. Tras su destitución, Gutiérrez solicitó asilo político al Gobierno de Brasil desde la embajada de ese país en Quito. El artículo informa sobre el proceso de sucesión presidencial, el contexto de inestabilidad que rodeó el cambio de mando y los primeros desafíos que enfrentó el nuevo gobierno en un escenario marcado por la desconfianza ciudadana y la fragilidad institucional.",El Confidencial,2005-04-21,politica_gobierno,ok
131_DEEPAR_DIRECT_DBSCAN,2026-02-02,2026-02-06,131_DEEPAR_DIRECT_DBSCAN.png,001_2005-04-20,2005-04-20,2005-04-20,001_2005-04-20.png,0.963396,3,Ecuador president thrown out of office," Tras intensas manifestaciones, el parlamento removió a Lucio Gutiérrez. Se reportaron disturbios, uso de gases lacrimógenos y víctimas durante las protestas. Las autoridades avanzaron con medidas legales y cambios de mando, y el vicepresidente Alfredo Palacio fue proclamado para conducir una transición.",The Guardian,2005-04-21,politica_gobierno,ok
131_DEEPAR_DIRECT_DBSCAN,2026-02-02,2026-02-06,131_DEEPAR_DIRECT_DBSCAN.png,001_2005-04-20,2005-04-20,2005-04-20,001_2005-04-20.png,0.963396,3,Ecuador: no light at the end of the tunnel," Alfredo Palacio asumió formalmente la presidencia y anunció un gabinete técnico con la intención de estabilizar el país tras la caída de Gutiérrez. El artículo describe el rol de las Fuerzas Armadas, el ambiente de incertidumbre y las presiones sociales e institucionales que mantenían la crisis abierta.",MercoPress,2005-04-22,politica_gobierno,ok
131_DEEPAR_DIRECT_DBSCAN,2026-02-02,2026-02-06,131_DEEPAR_DIRECT_DBSCAN.png,001_2005-04-20,2005-04-20,2005-04-20,001_2005-04-20.png,0.963396,3,Ecuador: no light at the end of the tunnel," Alfredo Palacio asumió formalmente la presidencia y anunció un gabinete técnico con la intención de estabilizar el país tras la caída de Gutiérrez. El artículo describe el rol de las Fuerzas Armadas, el ambiente de incertidumbre y las presiones sociales e institucionales.",MercoPress,2005-04-22,politica_gobierno,ok
131_DEEPAR_DIRECT_DBSCAN,2026-02-02,2026-02-06,131_DEEPAR_DIRECT_DBSCAN.png,001_2005-04-20,2005-04-20,2005-04-20,001_2005-04-20.png,0.963396,3,Alfredo Palacio asume la presidencia de Ecuador y anuncia reformas profundas," Crónica sobre la posesión de Alfredo Palacio tras la destitución de Lucio Gutiérrez. Se menciona el rechazo ciudadano, el impacto de las protestas y la decisión militar. Palacio inicia con decretos para nombrar ministros y plantea un giro de reformas para recuperar gobernabilidad.",Última Hora (EFE),2005-04-22,politica_gobierno,ok
134_DEEPAR_DIRECT_DBSCAN,2026-02-21,2026-02-24,134_DEEPAR_DIRECT_DBSCAN.png,142_2023-08-15,2023-08-15,2023-08-16,142_2023-08-15.png,0.967128,2,Operativos y hechos delictivos elevan preocupación por seguridad,"Se reportaron operativos, detenciones o investigaciones por delitos, junto con alertas ciudadanas en distintas provincias.",El Universo,2023-08-10,seguridad_crimen,ok
134_DEEPAR_DIRECT_DBSCAN,2026-02-21,2026-02-24,134_DEEPAR_DIRECT_DBSCAN.png,142_2023-08-15,2023-08-15,2023-08-16,142_2023-08-15.png,0.967128,2,Guayaquil registra pico de violencia en agosto 2023 con múltiples balaceras,"Guayaquil enfrenta pico de violencia en agosto 2023 con balaceras diarias y disputas entre bandas por control territorial. Se reportan múltiples homicidios en sectores como el sur y Durán, con Policía desplegando operativos; contexto de escalada criminal que preludia crisis nacional.",El Universo,2023-08-10,seguridad_crimen,ok
134_DEEPAR_DIRECT_DBSCAN,2026-02-21,2026-02-24,134_DEEPAR_DIRECT_DBSCAN.png,142_2023-08-15,2023-08-15,2023-08-16,142_2023-08-15.png,0.967128,2,Decomisos y acciones contra narcotráfico se intensifican,"Fuerzas de seguridad informaron decomisos, capturas y operativos vinculados a narcotráfico y microtráfico en rutas, puertos y ciudades.",El Comercio,2023-08-11,seguridad_crimen,ok
134_DEEPAR_DIRECT_DBSCAN,2026-02-21,2026-02-24,134_DEEPAR_DIRECT_DBSCAN.png,142_2023-08-15,2023-08-15,2023-08-16,142_2023-08-15.png,0.967128,2,Muertes violentas en Ecuador suben en agosto 2023 por narcotráfico,"Ecuador registra aumento de homicidios en agosto 2023, ligados a narcotráfico y pugnas territoriales en Guayas y Manabí. Cifras oficiales muestran escalada; análisis destaca debilidad institucional y necesidad de reformas en seguridad.",Primicias,2023-08-11,seguridad_crimen,ok
134_DEEPAR_DIRECT_DBSCAN,2026-02-21,2026-02-24,134_DEEPAR_DIRECT_DBSCAN.png,142_2023-08-15,2023-08-15,2023-08-16,142_2023-08-15.png,0.967128,2,Decisiones y anuncios del Gobierno marcan la agenda nacional,"Autoridades informaron decisiones de política pública, decretos o acciones institucionales con impacto nacional y en gobiernos locales.",Primicias,2023-08-12,politica_gobierno,ok
134_DEEPAR_DIRECT_DBSCAN,2026-02-21,2026-02-24,134_DEEPAR_DIRECT_DBSCAN.png,142_2023-08-15,2023-08-15,2023-08-16,142_2023-08-15.png,0.967128,2,Indicadores económicos y fiscales reflejan presiones en el país,"Sectores productivos y autoridades revisaron inflación, empleo, finanzas públicas y actividad económica, con énfasis en riesgos y medidas de ajuste.",Expreso,2023-08-13,economia_finanzas,ok
134_DEEPAR_DIRECT_DBSCAN,2026-02-21,2026-02-24,134_DEEPAR_DIRECT_DBSCAN.png,142_2023-08-15,2023-08-15,2023-08-16,142_2023-08-15.png,0.967128,2,Costo de vida y servicios impactan a los hogares,"Se registraron impactos en empleo, educación, salud, movilidad o servicios, con acciones de mitigación y demandas ciudadanas.",Teleamazonas,2023-08-14,riesgo_pais_calidad_vida,ok
134_DEEPAR_DIRECT_DBSCAN,2026-02-21,2026-02-24,134_DEEPAR_DIRECT_DBSCAN.png,142_2023-08-15,2023-08-15,2023-08-16,142_2023-08-15.png,0.967128,2,Decisiones y anuncios del Gobierno marcan la agenda nacional,"Autoridades informaron decisiones de política pública, decretos o acciones institucionales con impacto nacional y en gobiernos locales.",El Universo,2023-08-15,politica_gobierno,ok
134_DEEPAR_DIRECT_DBSCAN,2026-02-21,2026-02-24,134_DEEPAR_DIRECT_DBSCAN.png,142_2023-08-15,2023-08-15,2023-08-16,142_2023-08-15.png,0.967128,2,Estiaje agrava crisis energética en Ecuador en agosto 2023,El estiaje en agosto 2023 reduce caudal de ríos y amenaza generación hidroeléctrica. El gobierno anuncia medidas de ahorro y mantenimiento de plantas; riesgo de apagones en regiones costeras y sierra por sequía prolongada.,El Comercio,2023-08-16,medio_ambiente,ok
134_DEEPAR_DIRECT_DBSCAN,2026-02-21,2026-02-24,134_DEEPAR_DIRECT_DBSCAN.png,142_2023-08-15,2023-08-15,2023-08-16,142_2023-08-15.png,0.967128,2,Operativos y hechos delictivos elevan preocupación por seguridad,"Se reportaron operativos, detenciones o investigaciones por delitos, junto con alertas ciudadanas en distintas provincias.",El Comercio,2023-08-16,seguridad_crimen,ok
134_DEEPAR_DIRECT_DBSCAN,2026-02-21,2026-02-24,134_DEEPAR_DIRECT_DBSCAN.png,142_2023-08-15,2023-08-15,2023-08-16,142_2023-08-15.png,0.967128,2,Decomisos y acciones contra narcotráfico se intensifican,"Fuerzas de seguridad informaron decomisos, capturas y operativos vinculados a narcotráfico y microtráfico en rutas, puertos y ciudades.",Primicias,2023-08-17,seguridad_crimen,ok
134_DEEPAR_DIRECT_DBSCAN,2026-02-21,2026-02-24,134_DEEPAR_DIRECT_DBSCAN.png,142_2023-08-15,2023-08-15,2023-08-16,142_2023-08-15.png,0.967128,2,Indicadores económicos y fiscales reflejan presiones en el país,"Sectores productivos y autoridades revisaron inflación, empleo, finanzas públicas y actividad económica, con énfasis en riesgos y medidas de ajuste.",Expreso,2023-08-18,economia_finanzas,ok
134_DEEPAR_DIRECT_DBSCAN,2026-02-21,2026-02-24,134_DEEPAR_DIRECT_DBSCAN.png,142_2023-08-15,2023-08-15,2023-08-16,142_2023-08-15.png,0.967128,2,Costo de vida y servicios impactan a los hogares,"Se registraron impactos en empleo, educación, salud, movilidad o servicios, con acciones de mitigación y demandas ciudadanas.",Teleamazonas,2023-08-19,riesgo_pais_calidad_vida,ok
134_DEEPAR_DIRECT_DBSCAN,2026-02-21,2026-02-24,134_DEEPAR_DIRECT_DBSCAN.png,142_2023-08-15,2023-08-15,2023-08-16,142_2023-08-15.png,0.967128,2,Eventos climáticos y emergencias afectan localidades,"Se reportaron afectaciones por lluvias, deslizamientos, incendios u otros eventos naturales, con impactos en vías, viviendas y servicios.",El Universo,2023-08-21,medio_ambiente,ok
135_DEEPAR_DIRECT_DBSCAN,2026-02-27,2026-02-27,135_DEEPAR_DIRECT_DBSCAN.png,154_2025-02-08,2025-02-08,2025-02-10,154_2025-02-08.png,0.969064,1,Noboa destaca avances en seguridad al buscar reelección,La campaña se centró en violencia vinculada a narcotráfico y en la evaluación de la efectividad de medidas de seguridad.,Reuters,2025-02-04,seguridad_crimen,ok
135_DEEPAR_DIRECT_DBSCAN,2026-02-27,2026-02-27,135_DEEPAR_DIRECT_DBSCAN.png,154_2025-02-08,2025-02-08,2025-02-10,154_2025-02-08.png,0.969064,1,Inflación mensual en Ecuador vuelve a ser negativa en enero de 2025,"La inflación mensual en Ecuador fue negativa (-0,15%) en enero de 2025, por cuarto mes consecutivo, según el INEC. La anual cerró en 0,26%, con deflación en alimentos y bienes básicos. El análisis destaca impacto de precios internacionales bajos y políticas de control, en contexto de recuperación post-crisis.",Primicias,2025-02-06,economia_finanzas,ok
135_DEEPAR_DIRECT_DBSCAN,2026-02-27,2026-02-27,135_DEEPAR_DIRECT_DBSCAN.png,154_2025-02-08,2025-02-08,2025-02-10,154_2025-02-08.png,0.969064,1,Riesgo país de Ecuador se dispara 259 puntos tras resultados electorales del 9 de febrero,"El riesgo país subió a 1.162 puntos el 10 de febrero de 2025 tras los primeros resultados de elecciones presidenciales. La incertidumbre política elevó spreads en bonos y costos de financiamiento, con análisis de impacto en mercados y perspectivas de estabilidad post-votación.",Primicias,2025-02-10,economia_finanzas,ok
135_DEEPAR_DIRECT_DBSCAN,2026-02-27,2026-02-27,135_DEEPAR_DIRECT_DBSCAN.png,154_2025-02-08,2025-02-08,2025-02-10,154_2025-02-08.png,0.969064,1,Elección presidencial va a segunda vuelta en un escenario dominado por seguridad,"El proceso electoral se encaminó a balotaje tras resultados ajustados entre Daniel Noboa y Luisa González, con la seguridad como tema central.",Al Jazeera,2025-02-10,politica_gobierno,ok
135_DEEPAR_DIRECT_DBSCAN,2026-02-27,2026-02-27,135_DEEPAR_DIRECT_DBSCAN.png,154_2025-02-08,2025-02-08,2025-02-10,154_2025-02-08.png,0.969064,1,La elección se encamina a balotaje tras ‘empate estadístico’,"Cobertura internacional destacó el resultado estrecho, el contexto de violencia y la polarización política.",The Guardian,2025-02-10,politica_gobierno,ok
135_DEEPAR_DIRECT_DBSCAN,2026-02-27,2026-02-27,135_DEEPAR_DIRECT_DBSCAN.png,154_2025-02-08,2025-02-08,2025-02-10,154_2025-02-08.png,0.969064,1,Repunte de la izquierda empuja la elección hacia segunda vuelta,"Medios internacionales siguieron el proceso ecuatoriano, subrayando violencia, economía y gobernabilidad como ejes del debate.",Le Monde,2025-02-10,politica_gobierno,ok
135_DEEPAR_DIRECT_DBSCAN,2026-02-27,2026-02-27,135_DEEPAR_DIRECT_DBSCAN.png,154_2025-02-08,2025-02-08,2025-02-10,154_2025-02-08.png,0.969064,1,Noboa y González disputarán balotaje tras primera vuelta ajustada,"Reuters reportó el estrecho margen en la primera vuelta y la repetición del duelo electoral, con tensiones y debate sobre seguridad y gobernabilidad.",Reuters,2025-02-10,politica_gobierno,ok
135_DEEPAR_DIRECT_DBSCAN,2026-02-27,2026-02-27,135_DEEPAR_DIRECT_DBSCAN.png,154_2025-02-08,2025-02-08,2025-02-10,154_2025-02-08.png,0.969064,1,Lluvias intensas entre el 11 y 17 de febrero de 2025 en Ecuador según Inamhi,"El Inamhi alertó por lluvias intensas y tormentas del 11 al 17 de febrero de 2025 en Costa, Sierra y Amazonía. Se esperan afectaciones por inundaciones, deslizamientos y emergencias en vías, con recomendaciones para GAD y población en zonas vulnerables durante el invierno.",El Universo,2025-02-12,medio_ambiente,ok
135_DEEPAR_DIRECT_DBSCAN,2026-02-27,2026-02-27,135_DEEPAR_DIRECT_DBSCAN.png,154_2025-02-08,2025-02-08,2025-02-10,154_2025-02-08.png,0.969064,1,Análisis sobre elección y efectos para la Amazonía ecuatoriana,"Organizaciones siguieron el proceso electoral y el debate sobre gobernanza, seguridad y políticas con impacto ambiental en la Amazonía.",Amazon Watch,2025-02-13,medio_ambiente,ok
135_DEEPAR_DIRECT_DBSCAN,2026-02-27,2026-02-27,135_DEEPAR_DIRECT_DBSCAN.png,154_2025-02-08,2025-02-08,2025-02-10,154_2025-02-08.png,0.969064,1,Noticiero 24 Horas: emisión central del 13 de febrero,"Resumen de noticias del día con énfasis en coyuntura política, seguridad y servicios.",Teleamazonas,2025-02-13,politica_gobierno,ok
135_DEEPAR_DIRECT_DBSCAN,2026-02-27,2026-02-27,135_DEEPAR_DIRECT_DBSCAN.png,154_2025-02-08,2025-02-08,2025-02-10,154_2025-02-08.png,0.969064,1,Noticiero 24 Horas: emisión central del 14 de febrero,"Cobertura nacional de acontecimientos, incluyendo seguridad, economía y novedades institucionales.",Teleamazonas,2025-02-14,politica_gobierno,ok
135_DEEPAR_DIRECT_DBSCAN,2026-02-27,2026-02-27,135_DEEPAR_DIRECT_DBSCAN.png,154_2025-02-08,2025-02-08,2025-02-10,154_2025-02-08.png,0.969064,1,Análisis local del escenario político y económico tras la primera vuelta,"Medios locales analizaron expectativas económicas y efectos sociales tras la primera vuelta electoral, con atención en seguridad.",Primicias,2025-02-14,riesgo_pais_calidad_vida,ok
135_DEEPAR_DIRECT_DBSCAN,2026-02-27,2026-02-27,135_DEEPAR_DIRECT_DBSCAN.png,154_2025-02-08,2025-02-08,2025-02-10,154_2025-02-08.png,0.969064,1,Operativo deja toneladas de droga incautadas y detenidos,Un operativo policial reportó incautación de varias toneladas de droga y detenciones vinculadas a bandas criminales.,El Oriente,2025-02-14,seguridad_crimen,ok
135_DEEPAR_DIRECT_DBSCAN,2026-02-27,2026-02-27,135_DEEPAR_DIRECT_DBSCAN.png,158_2025-04-04,2025-04-04,2025-04-04,158_2025-04-04.png,0.967858,2,Venezuela exporta más petróleo y Ecuador pierde mercado,"Venezuela aumenta exportaciones de petróleo, afectando la cuota de mercado de Ecuador. La nota analiza impacto en ingresos fiscales, precios internacionales y estrategias del gobierno para mantener competitividad en el sector hidrocarburífero.",La Hora,2025-03-31,economia_finanzas,ok
135_DEEPAR_DIRECT_DBSCAN,2026-02-27,2026-02-27,135_DEEPAR_DIRECT_DBSCAN.png,158_2025-04-04,2025-04-04,2025-04-04,158_2025-04-04.png,0.967858,2,Informe humanitario reporta afectaciones del derrame de petróleo en Esmeraldas,"Se detallaron impactos del derrame en agua, salud, agricultura y medios de vida, así como necesidades y coordinación de respuesta en territorio.",ReliefWeb,2025-04-02,medio_ambiente,ok
135_DEEPAR_DIRECT_DBSCAN,2026-02-27,2026-02-27,135_DEEPAR_DIRECT_DBSCAN.png,158_2025-04-04,2025-04-04,2025-04-04,158_2025-04-04.png,0.967858,2,Ecuador: Derrame de petróleo – Informe de Situación No. 1,"Un reporte humanitario resumió daños, necesidades y respuesta institucional tras el derrame asociado a lluvias y deslizamiento, con afectación a agua, riego y medios de vida.",ReliefWeb,2025-04-02,medio_ambiente,ok
135_DEEPAR_DIRECT_DBSCAN,2026-02-27,2026-02-27,135_DEEPAR_DIRECT_DBSCAN.png,158_2025-04-04,2025-04-04,2025-04-04,158_2025-04-04.png,0.967858,2,Noboa: Ecuador se vuelve más competitivo con aranceles de Donald Trump,"La cobertura revisó el efecto esperado sobre exportaciones, márgenes y cadenas productivas, con atención en pesca, camarón y competencia internacional.",El Comercio,2025-04-04,economia_finanzas,ok
135_DEEPAR_DIRECT_DBSCAN,2026-02-27,2026-02-27,135_DEEPAR_DIRECT_DBSCAN.png,158_2025-04-04,2025-04-04,2025-04-04,158_2025-04-04.png,0.967858,2,Noboa afirma que el país será más competitivo tras aranceles de EE. UU.,"Medios locales compilaron reacciones y análisis sobre aranceles, exportaciones y estrategias para sostener ventas externas en un escenario de cambios regulatorios.",El Oriente,2025-04-04,economia_finanzas,ok
135_DEEPAR_DIRECT_DBSCAN,2026-02-27,2026-02-27,135_DEEPAR_DIRECT_DBSCAN.png,158_2025-04-04,2025-04-04,2025-04-04,158_2025-04-04.png,0.967858,2,Noboa: Ecuador se vuelve “más competitivo” con los aranceles de Trump,"El presidente explicó que, pese al arancel del 10% a productos ecuatorianos, el diferencial frente a competidores con tasas mayores podría favorecer exportaciones como atún y camarón.",swissinfo.ch (Agencia EFE),2025-04-04,economia_finanzas,ok
135_DEEPAR_DIRECT_DBSCAN,2026-02-27,2026-02-27,135_DEEPAR_DIRECT_DBSCAN.png,158_2025-04-04,2025-04-04,2025-04-04,158_2025-04-04.png,0.967858,2,Noboa dice que Ecuador se “vuelve más competitivo” con los aranceles de Trump,"El debate público se enfocó en los aranceles de EE. UU. y el impacto comercial para Ecuador, incluyendo riesgos y oportunidades por cambios en condiciones de mercado.",Expreso (Agencia EFE),2025-04-04,politica_gobierno,ok
135_DEEPAR_DIRECT_DBSCAN,2026-02-27,2026-02-27,135_DEEPAR_DIRECT_DBSCAN.png,158_2025-04-04,2025-04-04,2025-04-04,158_2025-04-04.png,0.967858,2,Noticiero 24 Horas (Emisión Central 04/04/2025),"El informativo incluyó actualidad política y económica, además de reportes de seguridad y servicios en varias provincias durante el periodo electoral.",Teleamazonas,2025-04-04,politica_gobierno,ok
135_DEEPAR_DIRECT_DBSCAN,2026-02-27,2026-02-27,135_DEEPAR_DIRECT_DBSCAN.png,158_2025-04-04,2025-04-04,2025-04-04,158_2025-04-04.png,0.967858,2,Noticiero de Ecuador (Emisión Matinal 07/04/2025),"El noticiero resumió la agenda nacional en días previos a la elección: seguridad, economía, servicios y actividad institucional en Quito, Guayaquil y provincias.",Teleamazonas,2025-04-07,politica_gobierno,ok
135_DEEPAR_DIRECT_DBSCAN,2026-02-27,2026-02-27,135_DEEPAR_DIRECT_DBSCAN.png,158_2025-04-04,2025-04-04,2025-04-04,158_2025-04-04.png,0.967858,2,Ecuador News (Central Broadcast 04/07/2025),"El bloque de noticias incluyó reportes sobre afectaciones sociales, operativos y anuncios oficiales que incidieron en actividades cotidianas y percepción ciudadana.",Teleamazonas (YouTube),2025-04-07,riesgo_pais_calidad_vida,ok
135_DEEPAR_DIRECT_DBSCAN,2026-02-27,2026-02-27,135_DEEPAR_DIRECT_DBSCAN.png,158_2025-04-04,2025-04-04,2025-04-04,158_2025-04-04.png,0.967858,2,El fundador de Blackwater participó en operativo en Guayaquil (según reportes locales),Medios locales reportaron participación o presencia de asesores extranjeros en acciones de seguridad; el hecho se enmarcó en la estrategia gubernamental contra el crimen organizado.,El Oriente,2025-04-07,seguridad_crimen,ok
135_DEEPAR_DIRECT_DBSCAN,2026-02-27,2026-02-27,135_DEEPAR_DIRECT_DBSCAN.png,158_2025-04-04,2025-04-04,2025-04-04,158_2025-04-04.png,0.967858,2,Derrame en el SOTE y force majeure mantienen efectos en exportaciones y finanzas,"En el periodo, continuó el impacto del derrame y la declaratoria de fuerza mayor sobre exportaciones de crudo y gestión de riesgos, con costos de respuesta y monitoreo ambiental.",Reuters,2025-04-09,economia_finanzas,ok
135_DEEPAR_DIRECT_DBSCAN,2026-02-27,2026-02-27,135_DEEPAR_DIRECT_DBSCAN.png,158_2025-04-04,2025-04-04,2025-04-04,158_2025-04-04.png,0.967858,2,Ecuador y EE. UU. discuten apertura comercial y eliminación de barreras,"Reportes señalaron conversaciones sobre acceso de mercado y mecanismos para productos clave de exportación ecuatoriana, en un contexto de negociación y agenda bilateral.",El Oriente,2025-04-09,politica_gobierno,ok
135_DEEPAR_DIRECT_DBSCAN,2026-02-27,2026-02-27,135_DEEPAR_DIRECT_DBSCAN.png,158_2025-04-04,2025-04-04,2025-04-04,158_2025-04-04.png,0.967858,2,Noticiero de Ecuador (Emisión Central 09/04/2025),"El informativo agrupó titulares nacionales sobre campaña electoral, seguridad, economía y eventos en provincias, manteniendo foco en incidentes y decisiones oficiales.",Teleamazonas,2025-04-09,politica_gobierno,ok
136_DEEPAR_DIRECT_DIF,2026-01-30,2026-01-30,136_DEEPAR_DIRECT_DIF.png,142_2023-08-15,2023-08-15,2023-08-16,142_2023-08-15.png,0.962694,2,Operativos y hechos delictivos elevan preocupación por seguridad,"Se reportaron operativos, detenciones o investigaciones por delitos, junto con alertas ciudadanas en distintas provincias.",El Universo,2023-08-10,seguridad_crimen,ok
136_DEEPAR_DIRECT_DIF,2026-01-30,2026-01-30,136_DEEPAR_DIRECT_DIF.png,142_2023-08-15,2023-08-15,2023-08-16,142_2023-08-15.png,0.962694,2,Guayaquil registra pico de violencia en agosto 2023 con múltiples balaceras,"Guayaquil enfrenta pico de violencia en agosto 2023 con balaceras diarias y disputas entre bandas por control territorial. Se reportan múltiples homicidios en sectores como el sur y Durán, con Policía desplegando operativos; contexto de escalada criminal que preludia crisis nacional.",El Universo,2023-08-10,seguridad_crimen,ok
136_DEEPAR_DIRECT_DIF,2026-01-30,2026-01-30,136_DEEPAR_DIRECT_DIF.png,142_2023-08-15,2023-08-15,2023-08-16,142_2023-08-15.png,0.962694,2,Decomisos y acciones contra narcotráfico se intensifican,"Fuerzas de seguridad informaron decomisos, capturas y operativos vinculados a narcotráfico y microtráfico en rutas, puertos y ciudades.",El Comercio,2023-08-11,seguridad_crimen,ok
136_DEEPAR_DIRECT_DIF,2026-01-30,2026-01-30,136_DEEPAR_DIRECT_DIF.png,142_2023-08-15,2023-08-15,2023-08-16,142_2023-08-15.png,0.962694,2,Muertes violentas en Ecuador suben en agosto 2023 por narcotráfico,"Ecuador registra aumento de homicidios en agosto 2023, ligados a narcotráfico y pugnas territoriales en Guayas y Manabí. Cifras oficiales muestran escalada; análisis destaca debilidad institucional y necesidad de reformas en seguridad.",Primicias,2023-08-11,seguridad_crimen,ok
136_DEEPAR_DIRECT_DIF,2026-01-30,2026-01-30,136_DEEPAR_DIRECT_DIF.png,142_2023-08-15,2023-08-15,2023-08-16,142_2023-08-15.png,0.962694,2,Decisiones y anuncios del Gobierno marcan la agenda nacional,"Autoridades informaron decisiones de política pública, decretos o acciones institucionales con impacto nacional y en gobiernos locales.",Primicias,2023-08-12,politica_gobierno,ok
136_DEEPAR_DIRECT_DIF,2026-01-30,2026-01-30,136_DEEPAR_DIRECT_DIF.png,142_2023-08-15,2023-08-15,2023-08-16,142_2023-08-15.png,0.962694,2,Indicadores económicos y fiscales reflejan presiones en el país,"Sectores productivos y autoridades revisaron inflación, empleo, finanzas públicas y actividad económica, con énfasis en riesgos y medidas de ajuste.",Expreso,2023-08-13,economia_finanzas,ok
136_DEEPAR_DIRECT_DIF,2026-01-30,2026-01-30,136_DEEPAR_DIRECT_DIF.png,142_2023-08-15,2023-08-15,2023-08-16,142_2023-08-15.png,0.962694,2,Costo de vida y servicios impactan a los hogares,"Se registraron impactos en empleo, educación, salud, movilidad o servicios, con acciones de mitigación y demandas ciudadanas.",Teleamazonas,2023-08-14,riesgo_pais_calidad_vida,ok
136_DEEPAR_DIRECT_DIF,2026-01-30,2026-01-30,136_DEEPAR_DIRECT_DIF.png,142_2023-08-15,2023-08-15,2023-08-16,142_2023-08-15.png,0.962694,2,Decisiones y anuncios del Gobierno marcan la agenda nacional,"Autoridades informaron decisiones de política pública, decretos o acciones institucionales con impacto nacional y en gobiernos locales.",El Universo,2023-08-15,politica_gobierno,ok
136_DEEPAR_DIRECT_DIF,2026-01-30,2026-01-30,136_DEEPAR_DIRECT_DIF.png,142_2023-08-15,2023-08-15,2023-08-16,142_2023-08-15.png,0.962694,2,Estiaje agrava crisis energética en Ecuador en agosto 2023,El estiaje en agosto 2023 reduce caudal de ríos y amenaza generación hidroeléctrica. El gobierno anuncia medidas de ahorro y mantenimiento de plantas; riesgo de apagones en regiones costeras y sierra por sequía prolongada.,El Comercio,2023-08-16,medio_ambiente,ok
136_DEEPAR_DIRECT_DIF,2026-01-30,2026-01-30,136_DEEPAR_DIRECT_DIF.png,142_2023-08-15,2023-08-15,2023-08-16,142_2023-08-15.png,0.962694,2,Operativos y hechos delictivos elevan preocupación por seguridad,"Se reportaron operativos, detenciones o investigaciones por delitos, junto con alertas ciudadanas en distintas provincias.",El Comercio,2023-08-16,seguridad_crimen,ok
136_DEEPAR_DIRECT_DIF,2026-01-30,2026-01-30,136_DEEPAR_DIRECT_DIF.png,142_2023-08-15,2023-08-15,2023-08-16,142_2023-08-15.png,0.962694,2,Decomisos y acciones contra narcotráfico se intensifican,"Fuerzas de seguridad informaron decomisos, capturas y operativos vinculados a narcotráfico y microtráfico en rutas, puertos y ciudades.",Primicias,2023-08-17,seguridad_crimen,ok
136_DEEPAR_DIRECT_DIF,2026-01-30,2026-01-30,136_DEEPAR_DIRECT_DIF.png,142_2023-08-15,2023-08-15,2023-08-16,142_2023-08-15.png,0.962694,2,Indicadores económicos y fiscales reflejan presiones en el país,"Sectores productivos y autoridades revisaron inflación, empleo, finanzas públicas y actividad económica, con énfasis en riesgos y medidas de ajuste.",Expreso,2023-08-18,economia_finanzas,ok
136_DEEPAR_DIRECT_DIF,2026-01-30,2026-01-30,136_DEEPAR_DIRECT_DIF.png,142_2023-08-15,2023-08-15,2023-08-16,142_2023-08-15.png,0.962694,2,Costo de vida y servicios impactan a los hogares,"Se registraron impactos en empleo, educación, salud, movilidad o servicios, con acciones de mitigación y demandas ciudadanas.",Teleamazonas,2023-08-19,riesgo_pais_calidad_vida,ok
136_DEEPAR_DIRECT_DIF,2026-01-30,2026-01-30,136_DEEPAR_DIRECT_DIF.png,142_2023-08-15,2023-08-15,2023-08-16,142_2023-08-15.png,0.962694,2,Eventos climáticos y emergencias afectan localidades,"Se reportaron afectaciones por lluvias, deslizamientos, incendios u otros eventos naturales, con impactos en vías, viviendas y servicios.",El Universo,2023-08-21,medio_ambiente,ok
137_DEEPAR_DIRECT_DIF,2026-02-02,2026-02-02,137_DEEPAR_DIRECT_DIF.png,142_2023-08-15,2023-08-15,2023-08-16,142_2023-08-15.png,0.957899,2,Operativos y hechos delictivos elevan preocupación por seguridad,"Se reportaron operativos, detenciones o investigaciones por delitos, junto con alertas ciudadanas en distintas provincias.",El Universo,2023-08-10,seguridad_crimen,ok
137_DEEPAR_DIRECT_DIF,2026-02-02,2026-02-02,137_DEEPAR_DIRECT_DIF.png,142_2023-08-15,2023-08-15,2023-08-16,142_2023-08-15.png,0.957899,2,Guayaquil registra pico de violencia en agosto 2023 con múltiples balaceras,"Guayaquil enfrenta pico de violencia en agosto 2023 con balaceras diarias y disputas entre bandas por control territorial. Se reportan múltiples homicidios en sectores como el sur y Durán, con Policía desplegando operativos; contexto de escalada criminal que preludia crisis nacional.",El Universo,2023-08-10,seguridad_crimen,ok
137_DEEPAR_DIRECT_DIF,2026-02-02,2026-02-02,137_DEEPAR_DIRECT_DIF.png,142_2023-08-15,2023-08-15,2023-08-16,142_2023-08-15.png,0.957899,2,Decomisos y acciones contra narcotráfico se intensifican,"Fuerzas de seguridad informaron decomisos, capturas y operativos vinculados a narcotráfico y microtráfico en rutas, puertos y ciudades.",El Comercio,2023-08-11,seguridad_crimen,ok
137_DEEPAR_DIRECT_DIF,2026-02-02,2026-02-02,137_DEEPAR_DIRECT_DIF.png,142_2023-08-15,2023-08-15,2023-08-16,142_2023-08-15.png,0.957899,2,Muertes violentas en Ecuador suben en agosto 2023 por narcotráfico,"Ecuador registra aumento de homicidios en agosto 2023, ligados a narcotráfico y pugnas territoriales en Guayas y Manabí. Cifras oficiales muestran escalada; análisis destaca debilidad institucional y necesidad de reformas en seguridad.",Primicias,2023-08-11,seguridad_crimen,ok
137_DEEPAR_DIRECT_DIF,2026-02-02,2026-02-02,137_DEEPAR_DIRECT_DIF.png,142_2023-08-15,2023-08-15,2023-08-16,142_2023-08-15.png,0.957899,2,Decisiones y anuncios del Gobierno marcan la agenda nacional,"Autoridades informaron decisiones de política pública, decretos o acciones institucionales con impacto nacional y en gobiernos locales.",Primicias,2023-08-12,politica_gobierno,ok
137_DEEPAR_DIRECT_DIF,2026-02-02,2026-02-02,137_DEEPAR_DIRECT_DIF.png,142_2023-08-15,2023-08-15,2023-08-16,142_2023-08-15.png,0.957899,2,Indicadores económicos y fiscales reflejan presiones en el país,"Sectores productivos y autoridades revisaron inflación, empleo, finanzas públicas y actividad económica, con énfasis en riesgos y medidas de ajuste.",Expreso,2023-08-13,economia_finanzas,ok
137_DEEPAR_DIRECT_DIF,2026-02-02,2026-02-02,137_DEEPAR_DIRECT_DIF.png,142_2023-08-15,2023-08-15,2023-08-16,142_2023-08-15.png,0.957899,2,Costo de vida y servicios impactan a los hogares,"Se registraron impactos en empleo, educación, salud, movilidad o servicios, con acciones de mitigación y demandas ciudadanas.",Teleamazonas,2023-08-14,riesgo_pais_calidad_vida,ok
137_DEEPAR_DIRECT_DIF,2026-02-02,2026-02-02,137_DEEPAR_DIRECT_DIF.png,142_2023-08-15,2023-08-15,2023-08-16,142_2023-08-15.png,0.957899,2,Decisiones y anuncios del Gobierno marcan la agenda nacional,"Autoridades informaron decisiones de política pública, decretos o acciones institucionales con impacto nacional y en gobiernos locales.",El Universo,2023-08-15,politica_gobierno,ok
137_DEEPAR_DIRECT_DIF,2026-02-02,2026-02-02,137_DEEPAR_DIRECT_DIF.png,142_2023-08-15,2023-08-15,2023-08-16,142_2023-08-15.png,0.957899,2,Estiaje agrava crisis energética en Ecuador en agosto 2023,El estiaje en agosto 2023 reduce caudal de ríos y amenaza generación hidroeléctrica. El gobierno anuncia medidas de ahorro y mantenimiento de plantas; riesgo de apagones en regiones costeras y sierra por sequía prolongada.,El Comercio,2023-08-16,medio_ambiente,ok
137_DEEPAR_DIRECT_DIF,2026-02-02,2026-02-02,137_DEEPAR_DIRECT_DIF.png,142_2023-08-15,2023-08-15,2023-08-16,142_2023-08-15.png,0.957899,2,Operativos y hechos delictivos elevan preocupación por seguridad,"Se reportaron operativos, detenciones o investigaciones por delitos, junto con alertas ciudadanas en distintas provincias.",El Comercio,2023-08-16,seguridad_crimen,ok
137_DEEPAR_DIRECT_DIF,2026-02-02,2026-02-02,137_DEEPAR_DIRECT_DIF.png,142_2023-08-15,2023-08-15,2023-08-16,142_2023-08-15.png,0.957899,2,Decomisos y acciones contra narcotráfico se intensifican,"Fuerzas de seguridad informaron decomisos, capturas y operativos vinculados a narcotráfico y microtráfico en rutas, puertos y ciudades.",Primicias,2023-08-17,seguridad_crimen,ok
137_DEEPAR_DIRECT_DIF,2026-02-02,2026-02-02,137_DEEPAR_DIRECT_DIF.png,142_2023-08-15,2023-08-15,2023-08-16,142_2023-08-15.png,0.957899,2,Indicadores económicos y fiscales reflejan presiones en el país,"Sectores productivos y autoridades revisaron inflación, empleo, finanzas públicas y actividad económica, con énfasis en riesgos y medidas de ajuste.",Expreso,2023-08-18,economia_finanzas,ok
137_DEEPAR_DIRECT_DIF,2026-02-02,2026-02-02,137_DEEPAR_DIRECT_DIF.png,142_2023-08-15,2023-08-15,2023-08-16,142_2023-08-15.png,0.957899,2,Costo de vida y servicios impactan a los hogares,"Se registraron impactos en empleo, educación, salud, movilidad o servicios, con acciones de mitigación y demandas ciudadanas.",Teleamazonas,2023-08-19,riesgo_pais_calidad_vida,ok
137_DEEPAR_DIRECT_DIF,2026-02-02,2026-02-02,137_DEEPAR_DIRECT_DIF.png,142_2023-08-15,2023-08-15,2023-08-16,142_2023-08-15.png,0.957899,2,Eventos climáticos y emergencias afectan localidades,"Se reportaron afectaciones por lluvias, deslizamientos, incendios u otros eventos naturales, con impactos en vías, viviendas y servicios.",El Universo,2023-08-21,medio_ambiente,ok
137_DEEPAR_DIRECT_DIF,2026-02-02,2026-02-02,137_DEEPAR_DIRECT_DIF.png,002_2005-04-26,2005-04-26,2005-04-26,002_2005-04-26.png,0.949775,5,Ecuador Congress ousts president," El Congreso ecuatoriano destituyó al presidente Lucio Gutiérrez en medio de protestas masivas en Quito. La legislatura designó a Alfredo Palacio como nuevo jefe de Estado mientras las Fuerzas Armadas retiraban su respaldo a Gutiérrez. La salida se dio tras días de enfrentamientos, acusaciones de autoritarismo y crisis institucional, con tensión en calles, aeropuerto y sedes de gobierno.",Al Jazeera,2005-04-21,politica_gobierno,ok
137_DEEPAR_DIRECT_DIF,2026-02-02,2026-02-02,137_DEEPAR_DIRECT_DIF.png,002_2005-04-26,2005-04-26,2005-04-26,002_2005-04-26.png,0.949775,5,Alfredo Palacio juró su cargo como presidente de Ecuador tras la destitución de Lucio Gutiérrez,"El vicepresidente Alfredo Palacio juró como nuevo presidente de Ecuador tras la destitución de Lucio Gutiérrez en medio de una grave crisis política y social. La salida de Gutiérrez del poder se produjo luego de intensas protestas ciudadanas y de la pérdida de apoyo institucional, especialmente de las Fuerzas Armadas. Tras su destitución, Gutiérrez solicitó asilo político al Gobierno de Brasil desde la embajada de ese país en Quito. El artículo informa sobre el proceso de sucesión presidencial, el contexto de inestabilidad que rodeó el cambio de mando y los primeros desafíos que enfrentó el nuevo gobierno en un escenario marcado por la desconfianza ciudadana y la fragilidad institucional.",El Confidencial,2005-04-21,politica_gobierno,ok
137_DEEPAR_DIRECT_DIF,2026-02-02,2026-02-02,137_DEEPAR_DIRECT_DIF.png,002_2005-04-26,2005-04-26,2005-04-26,002_2005-04-26.png,0.949775,5,Ecuador president thrown out of office," Tras intensas manifestaciones, el parlamento removió a Lucio Gutiérrez. Se reportaron disturbios, uso de gases lacrimógenos y víctimas durante las protestas. Las autoridades avanzaron con medidas legales y cambios de mando, y el vicepresidente Alfredo Palacio fue proclamado para conducir una transición.",The Guardian,2005-04-21,politica_gobierno,ok
137_DEEPAR_DIRECT_DIF,2026-02-02,2026-02-02,137_DEEPAR_DIRECT_DIF.png,002_2005-04-26,2005-04-26,2005-04-26,002_2005-04-26.png,0.949775,5,Ecuador: no light at the end of the tunnel," Alfredo Palacio asumió formalmente la presidencia y anunció un gabinete técnico con la intención de estabilizar el país tras la caída de Gutiérrez. El artículo describe el rol de las Fuerzas Armadas, el ambiente de incertidumbre y las presiones sociales e institucionales que mantenían la crisis abierta.",MercoPress,2005-04-22,politica_gobierno,ok
137_DEEPAR_DIRECT_DIF,2026-02-02,2026-02-02,137_DEEPAR_DIRECT_DIF.png,002_2005-04-26,2005-04-26,2005-04-26,002_2005-04-26.png,0.949775,5,Ecuador: no light at the end of the tunnel," Alfredo Palacio asumió formalmente la presidencia y anunció un gabinete técnico con la intención de estabilizar el país tras la caída de Gutiérrez. El artículo describe el rol de las Fuerzas Armadas, el ambiente de incertidumbre y las presiones sociales e institucionales.",MercoPress,2005-04-22,politica_gobierno,ok
137_DEEPAR_DIRECT_DIF,2026-02-02,2026-02-02,137_DEEPAR_DIRECT_DIF.png,002_2005-04-26,2005-04-26,2005-04-26,002_2005-04-26.png,0.949775,5,Alfredo Palacio asume la presidencia de Ecuador y anuncia reformas profundas," Crónica sobre la posesión de Alfredo Palacio tras la destitución de Lucio Gutiérrez. Se menciona el rechazo ciudadano, el impacto de las protestas y la decisión militar. Palacio inicia con decretos para nombrar ministros y plantea un giro de reformas para recuperar gobernabilidad.",Última Hora (EFE),2005-04-22,politica_gobierno,ok
137_DEEPAR_DIRECT_DIF,2026-02-02,2026-02-02,137_DEEPAR_DIRECT_DIF.png,002_2005-04-26,2005-04-26,2005-04-26,002_2005-04-26.png,0.949775,5,US Begins Dealing with New Ecuador Government," Estados Unidos inició contactos oficiales con el gobierno de Alfredo Palacio tras la salida de Gutiérrez. Se describe la cautela inicial, el debate en la OEA sobre la constitucionalidad del cambio y el contexto regional de inestabilidad política, junto con la agenda diplomática de la Secretaria de Estado.",Voice of America,2005-04-26,politica_gobierno,ok
138_DEEPAR_DIRECT_IFOREST,2026-02-24,2026-02-24,138_DEEPAR_DIRECT_IFOREST.png,142_2023-08-15,2023-08-15,2023-08-16,142_2023-08-15.png,0.968305,3,Operativos y hechos delictivos elevan preocupación por seguridad,"Se reportaron operativos, detenciones o investigaciones por delitos, junto con alertas ciudadanas en distintas provincias.",El Universo,2023-08-10,seguridad_crimen,ok
138_DEEPAR_DIRECT_IFOREST,2026-02-24,2026-02-24,138_DEEPAR_DIRECT_IFOREST.png,142_2023-08-15,2023-08-15,2023-08-16,142_2023-08-15.png,0.968305,3,Guayaquil registra pico de violencia en agosto 2023 con múltiples balaceras,"Guayaquil enfrenta pico de violencia en agosto 2023 con balaceras diarias y disputas entre bandas por control territorial. Se reportan múltiples homicidios en sectores como el sur y Durán, con Policía desplegando operativos; contexto de escalada criminal que preludia crisis nacional.",El Universo,2023-08-10,seguridad_crimen,ok
138_DEEPAR_DIRECT_IFOREST,2026-02-24,2026-02-24,138_DEEPAR_DIRECT_IFOREST.png,142_2023-08-15,2023-08-15,2023-08-16,142_2023-08-15.png,0.968305,3,Decomisos y acciones contra narcotráfico se intensifican,"Fuerzas de seguridad informaron decomisos, capturas y operativos vinculados a narcotráfico y microtráfico en rutas, puertos y ciudades.",El Comercio,2023-08-11,seguridad_crimen,ok
138_DEEPAR_DIRECT_IFOREST,2026-02-24,2026-02-24,138_DEEPAR_DIRECT_IFOREST.png,142_2023-08-15,2023-08-15,2023-08-16,142_2023-08-15.png,0.968305,3,Muertes violentas en Ecuador suben en agosto 2023 por narcotráfico,"Ecuador registra aumento de homicidios en agosto 2023, ligados a narcotráfico y pugnas territoriales en Guayas y Manabí. Cifras oficiales muestran escalada; análisis destaca debilidad institucional y necesidad de reformas en seguridad.",Primicias,2023-08-11,seguridad_crimen,ok
138_DEEPAR_DIRECT_IFOREST,2026-02-24,2026-02-24,138_DEEPAR_DIRECT_IFOREST.png,142_2023-08-15,2023-08-15,2023-08-16,142_2023-08-15.png,0.968305,3,Decisiones y anuncios del Gobierno marcan la agenda nacional,"Autoridades informaron decisiones de política pública, decretos o acciones institucionales con impacto nacional y en gobiernos locales.",Primicias,2023-08-12,politica_gobierno,ok
138_DEEPAR_DIRECT_IFOREST,2026-02-24,2026-02-24,138_DEEPAR_DIRECT_IFOREST.png,142_2023-08-15,2023-08-15,2023-08-16,142_2023-08-15.png,0.968305,3,Indicadores económicos y fiscales reflejan presiones en el país,"Sectores productivos y autoridades revisaron inflación, empleo, finanzas públicas y actividad económica, con énfasis en riesgos y medidas de ajuste.",Expreso,2023-08-13,economia_finanzas,ok
138_DEEPAR_DIRECT_IFOREST,2026-02-24,2026-02-24,138_DEEPAR_DIRECT_IFOREST.png,142_2023-08-15,2023-08-15,2023-08-16,142_2023-08-15.png,0.968305,3,Costo de vida y servicios impactan a los hogares,"Se registraron impactos en empleo, educación, salud, movilidad o servicios, con acciones de mitigación y demandas ciudadanas.",Teleamazonas,2023-08-14,riesgo_pais_calidad_vida,ok
138_DEEPAR_DIRECT_IFOREST,2026-02-24,2026-02-24,138_DEEPAR_DIRECT_IFOREST.png,142_2023-08-15,2023-08-15,2023-08-16,142_2023-08-15.png,0.968305,3,Decisiones y anuncios del Gobierno marcan la agenda nacional,"Autoridades informaron decisiones de política pública, decretos o acciones institucionales con impacto nacional y en gobiernos locales.",El Universo,2023-08-15,politica_gobierno,ok
138_DEEPAR_DIRECT_IFOREST,2026-02-24,2026-02-24,138_DEEPAR_DIRECT_IFOREST.png,142_2023-08-15,2023-08-15,2023-08-16,142_2023-08-15.png,0.968305,3,Estiaje agrava crisis energética en Ecuador en agosto 2023,El estiaje en agosto 2023 reduce caudal de ríos y amenaza generación hidroeléctrica. El gobierno anuncia medidas de ahorro y mantenimiento de plantas; riesgo de apagones en regiones costeras y sierra por sequía prolongada.,El Comercio,2023-08-16,medio_ambiente,ok
138_DEEPAR_DIRECT_IFOREST,2026-02-24,2026-02-24,138_DEEPAR_DIRECT_IFOREST.png,142_2023-08-15,2023-08-15,2023-08-16,142_2023-08-15.png,0.968305,3,Operativos y hechos delictivos elevan preocupación por seguridad,"Se reportaron operativos, detenciones o investigaciones por delitos, junto con alertas ciudadanas en distintas provincias.",El Comercio,2023-08-16,seguridad_crimen,ok
138_DEEPAR_DIRECT_IFOREST,2026-02-24,2026-02-24,138_DEEPAR_DIRECT_IFOREST.png,142_2023-08-15,2023-08-15,2023-08-16,142_2023-08-15.png,0.968305,3,Decomisos y acciones contra narcotráfico se intensifican,"Fuerzas de seguridad informaron decomisos, capturas y operativos vinculados a narcotráfico y microtráfico en rutas, puertos y ciudades.",Primicias,2023-08-17,seguridad_crimen,ok
138_DEEPAR_DIRECT_IFOREST,2026-02-24,2026-02-24,138_DEEPAR_DIRECT_IFOREST.png,142_2023-08-15,2023-08-15,2023-08-16,142_2023-08-15.png,0.968305,3,Indicadores económicos y fiscales reflejan presiones en el país,"Sectores productivos y autoridades revisaron inflación, empleo, finanzas públicas y actividad económica, con énfasis en riesgos y medidas de ajuste.",Expreso,2023-08-18,economia_finanzas,ok
138_DEEPAR_DIRECT_IFOREST,2026-02-24,2026-02-24,138_DEEPAR_DIRECT_IFOREST.png,142_2023-08-15,2023-08-15,2023-08-16,142_2023-08-15.png,0.968305,3,Costo de vida y servicios impactan a los hogares,"Se registraron impactos en empleo, educación, salud, movilidad o servicios, con acciones de mitigación y demandas ciudadanas.",Teleamazonas,2023-08-19,riesgo_pais_calidad_vida,ok
138_DEEPAR_DIRECT_IFOREST,2026-02-24,2026-02-24,138_DEEPAR_DIRECT_IFOREST.png,142_2023-08-15,2023-08-15,2023-08-16,142_2023-08-15.png,0.968305,3,Eventos climáticos y emergencias afectan localidades,"Se reportaron afectaciones por lluvias, deslizamientos, incendios u otros eventos naturales, con impactos en vías, viviendas y servicios.",El Universo,2023-08-21,medio_ambiente,ok
140_DEEPAR_DIRECT_TIMESNET,2026-02-21,2026-02-21,140_DEEPAR_DIRECT_TIMESNET.png,091_2020-04-08,2020-04-08,2020-04-09,091_2020-04-08.png,0.968446,1,Coronavirus en Ecuador: los miles de muertos de Guayas que no aparecen en las cifras oficiales,"Guayas registra 6700 muertes en primeros 15 días de abril 2020, muy por encima de cifras oficiales COVID-19. Familias denuncian subregistro; caos sanitario en Guayaquil con cuerpos sin identificar y entierros masivos.",BBC Mundo,2020-04-08,medio_ambiente,ok
140_DEEPAR_DIRECT_TIMESNET,2026-02-21,2026-02-21,140_DEEPAR_DIRECT_TIMESNET.png,091_2020-04-08,2020-04-08,2020-04-09,091_2020-04-08.png,0.968446,1,Guayaquil enfrenta colapso sanitario por COVID-19,"El sistema sanitario de Guayaquil colapsó ante el aumento de fallecidos por coronavirus, afectando gravemente la calidad de vida.",El Universo,2020-04-08,riesgo_pais_calidad_vida,ok
140_DEEPAR_DIRECT_TIMESNET,2026-02-21,2026-02-21,140_DEEPAR_DIRECT_TIMESNET.png,091_2020-04-08,2020-04-08,2020-04-09,091_2020-04-08.png,0.968446,1,Fuerzas Armadas asumen control logístico en Guayaquil,Las Fuerzas Armadas intervinieron en tareas logísticas y de control ante la emergencia sanitaria en Guayaquil.,El Comercio,2020-04-09,seguridad_crimen,ok
140_DEEPAR_DIRECT_TIMESNET,2026-02-21,2026-02-21,140_DEEPAR_DIRECT_TIMESNET.png,158_2025-04-04,2025-04-04,2025-04-04,158_2025-04-04.png,0.963893,3,Venezuela exporta más petróleo y Ecuador pierde mercado,"Venezuela aumenta exportaciones de petróleo, afectando la cuota de mercado de Ecuador. La nota analiza impacto en ingresos fiscales, precios internacionales y estrategias del gobierno para mantener competitividad en el sector hidrocarburífero.",La Hora,2025-03-31,economia_finanzas,ok
140_DEEPAR_DIRECT_TIMESNET,2026-02-21,2026-02-21,140_DEEPAR_DIRECT_TIMESNET.png,158_2025-04-04,2025-04-04,2025-04-04,158_2025-04-04.png,0.963893,3,Informe humanitario reporta afectaciones del derrame de petróleo en Esmeraldas,"Se detallaron impactos del derrame en agua, salud, agricultura y medios de vida, así como necesidades y coordinación de respuesta en territorio.",ReliefWeb,2025-04-02,medio_ambiente,ok
140_DEEPAR_DIRECT_TIMESNET,2026-02-21,2026-02-21,140_DEEPAR_DIRECT_TIMESNET.png,158_2025-04-04,2025-04-04,2025-04-04,158_2025-04-04.png,0.963893,3,Ecuador: Derrame de petróleo – Informe de Situación No. 1,"Un reporte humanitario resumió daños, necesidades y respuesta institucional tras el derrame asociado a lluvias y deslizamiento, con afectación a agua, riego y medios de vida.",ReliefWeb,2025-04-02,medio_ambiente,ok
140_DEEPAR_DIRECT_TIMESNET,2026-02-21,2026-02-21,140_DEEPAR_DIRECT_TIMESNET.png,158_2025-04-04,2025-04-04,2025-04-04,158_2025-04-04.png,0.963893,3,Noboa: Ecuador se vuelve más competitivo con aranceles de Donald Trump,"La cobertura revisó el efecto esperado sobre exportaciones, márgenes y cadenas productivas, con atención en pesca, camarón y competencia internacional.",El Comercio,2025-04-04,economia_finanzas,ok
140_DEEPAR_DIRECT_TIMESNET,2026-02-21,2026-02-21,140_DEEPAR_DIRECT_TIMESNET.png,158_2025-04-04,2025-04-04,2025-04-04,158_2025-04-04.png,0.963893,3,Noboa afirma que el país será más competitivo tras aranceles de EE. UU.,"Medios locales compilaron reacciones y análisis sobre aranceles, exportaciones y estrategias para sostener ventas externas en un escenario de cambios regulatorios.",El Oriente,2025-04-04,economia_finanzas,ok
140_DEEPAR_DIRECT_TIMESNET,2026-02-21,2026-02-21,140_DEEPAR_DIRECT_TIMESNET.png,158_2025-04-04,2025-04-04,2025-04-04,158_2025-04-04.png,0.963893,3,Noboa: Ecuador se vuelve “más competitivo” con los aranceles de Trump,"El presidente explicó que, pese al arancel del 10% a productos ecuatorianos, el diferencial frente a competidores con tasas mayores podría favorecer exportaciones como atún y camarón.",swissinfo.ch (Agencia EFE),2025-04-04,economia_finanzas,ok
140_DEEPAR_DIRECT_TIMESNET,2026-02-21,2026-02-21,140_DEEPAR_DIRECT_TIMESNET.png,158_2025-04-04,2025-04-04,2025-04-04,158_2025-04-04.png,0.963893,3,Noboa dice que Ecuador se “vuelve más competitivo” con los aranceles de Trump,"El debate público se enfocó en los aranceles de EE. UU. y el impacto comercial para Ecuador, incluyendo riesgos y oportunidades por cambios en condiciones de mercado.",Expreso (Agencia EFE),2025-04-04,politica_gobierno,ok
140_DEEPAR_DIRECT_TIMESNET,2026-02-21,2026-02-21,140_DEEPAR_DIRECT_TIMESNET.png,158_2025-04-04,2025-04-04,2025-04-04,158_2025-04-04.png,0.963893,3,Noticiero 24 Horas (Emisión Central 04/04/2025),"El informativo incluyó actualidad política y económica, además de reportes de seguridad y servicios en varias provincias durante el periodo electoral.",Teleamazonas,2025-04-04,politica_gobierno,ok
140_DEEPAR_DIRECT_TIMESNET,2026-02-21,2026-02-21,140_DEEPAR_DIRECT_TIMESNET.png,158_2025-04-04,2025-04-04,2025-04-04,158_2025-04-04.png,0.963893,3,Noticiero de Ecuador (Emisión Matinal 07/04/2025),"El noticiero resumió la agenda nacional en días previos a la elección: seguridad, economía, servicios y actividad institucional en Quito, Guayaquil y provincias.",Teleamazonas,2025-04-07,politica_gobierno,ok
140_DEEPAR_DIRECT_TIMESNET,2026-02-21,2026-02-21,140_DEEPAR_DIRECT_TIMESNET.png,158_2025-04-04,2025-04-04,2025-04-04,158_2025-04-04.png,0.963893,3,Ecuador News (Central Broadcast 04/07/2025),"El bloque de noticias incluyó reportes sobre afectaciones sociales, operativos y anuncios oficiales que incidieron en actividades cotidianas y percepción ciudadana.",Teleamazonas (YouTube),2025-04-07,riesgo_pais_calidad_vida,ok
140_DEEPAR_DIRECT_TIMESNET,2026-02-21,2026-02-21,140_DEEPAR_DIRECT_TIMESNET.png,158_2025-04-04,2025-04-04,2025-04-04,158_2025-04-04.png,0.963893,3,El fundador de Blackwater participó en operativo en Guayaquil (según reportes locales),Medios locales reportaron participación o presencia de asesores extranjeros en acciones de seguridad; el hecho se enmarcó en la estrategia gubernamental contra el crimen organizado.,El Oriente,2025-04-07,seguridad_crimen,ok
140_DEEPAR_DIRECT_TIMESNET,2026-02-21,2026-02-21,140_DEEPAR_DIRECT_TIMESNET.png,158_2025-04-04,2025-04-04,2025-04-04,158_2025-04-04.png,0.963893,3,Derrame en el SOTE y force majeure mantienen efectos en exportaciones y finanzas,"En el periodo, continuó el impacto del derrame y la declaratoria de fuerza mayor sobre exportaciones de crudo y gestión de riesgos, con costos de respuesta y monitoreo ambiental.",Reuters,2025-04-09,economia_finanzas,ok
140_DEEPAR_DIRECT_TIMESNET,2026-02-21,2026-02-21,140_DEEPAR_DIRECT_TIMESNET.png,158_2025-04-04,2025-04-04,2025-04-04,158_2025-04-04.png,0.963893,3,Ecuador y EE. UU. discuten apertura comercial y eliminación de barreras,"Reportes señalaron conversaciones sobre acceso de mercado y mecanismos para productos clave de exportación ecuatoriana, en un contexto de negociación y agenda bilateral.",El Oriente,2025-04-09,politica_gobierno,ok
140_DEEPAR_DIRECT_TIMESNET,2026-02-21,2026-02-21,140_DEEPAR_DIRECT_TIMESNET.png,158_2025-04-04,2025-04-04,2025-04-04,158_2025-04-04.png,0.963893,3,Noticiero de Ecuador (Emisión Central 09/04/2025),"El informativo agrupó titulares nacionales sobre campaña electoral, seguridad, economía y eventos en provincias, manteniendo foco en incidentes y decisiones oficiales.",Teleamazonas,2025-04-09,politica_gobierno,ok
141_DEEPAR_DIRECT_TRANAD,2026-02-24,2026-02-24,141_DEEPAR_DIRECT_TRANAD.png,142_2023-08-15,2023-08-15,2023-08-16,142_2023-08-15.png,0.968305,3,Operativos y hechos delictivos elevan preocupación por seguridad,"Se reportaron operativos, detenciones o investigaciones por delitos, junto con alertas ciudadanas en distintas provincias.",El Universo,2023-08-10,seguridad_crimen,ok
141_DEEPAR_DIRECT_TRANAD,2026-02-24,2026-02-24,141_DEEPAR_DIRECT_TRANAD.png,142_2023-08-15,2023-08-15,2023-08-16,142_2023-08-15.png,0.968305,3,Guayaquil registra pico de violencia en agosto 2023 con múltiples balaceras,"Guayaquil enfrenta pico de violencia en agosto 2023 con balaceras diarias y disputas entre bandas por control territorial. Se reportan múltiples homicidios en sectores como el sur y Durán, con Policía desplegando operativos; contexto de escalada criminal que preludia crisis nacional.",El Universo,2023-08-10,seguridad_crimen,ok
141_DEEPAR_DIRECT_TRANAD,2026-02-24,2026-02-24,141_DEEPAR_DIRECT_TRANAD.png,142_2023-08-15,2023-08-15,2023-08-16,142_2023-08-15.png,0.968305,3,Decomisos y acciones contra narcotráfico se intensifican,"Fuerzas de seguridad informaron decomisos, capturas y operativos vinculados a narcotráfico y microtráfico en rutas, puertos y ciudades.",El Comercio,2023-08-11,seguridad_crimen,ok
141_DEEPAR_DIRECT_TRANAD,2026-02-24,2026-02-24,141_DEEPAR_DIRECT_TRANAD.png,142_2023-08-15,2023-08-15,2023-08-16,142_2023-08-15.png,0.968305,3,Muertes violentas en Ecuador suben en agosto 2023 por narcotráfico,"Ecuador registra aumento de homicidios en agosto 2023, ligados a narcotráfico y pugnas territoriales en Guayas y Manabí. Cifras oficiales muestran escalada; análisis destaca debilidad institucional y necesidad de reformas en seguridad.",Primicias,2023-08-11,seguridad_crimen,ok
141_DEEPAR_DIRECT_TRANAD,2026-02-24,2026-02-24,141_DEEPAR_DIRECT_TRANAD.png,142_2023-08-15,2023-08-15,2023-08-16,142_2023-08-15.png,0.968305,3,Decisiones y anuncios del Gobierno marcan la agenda nacional,"Autoridades informaron decisiones de política pública, decretos o acciones institucionales con impacto nacional y en gobiernos locales.",Primicias,2023-08-12,politica_gobierno,ok
141_DEEPAR_DIRECT_TRANAD,2026-02-24,2026-02-24,141_DEEPAR_DIRECT_TRANAD.png,142_2023-08-15,2023-08-15,2023-08-16,142_2023-08-15.png,0.968305,3,Indicadores económicos y fiscales reflejan presiones en el país,"Sectores productivos y autoridades revisaron inflación, empleo, finanzas públicas y actividad económica, con énfasis en riesgos y medidas de ajuste.",Expreso,2023-08-13,economia_finanzas,ok
141_DEEPAR_DIRECT_TRANAD,2026-02-24,2026-02-24,141_DEEPAR_DIRECT_TRANAD.png,142_2023-08-15,2023-08-15,2023-08-16,142_2023-08-15.png,0.968305,3,Costo de vida y servicios impactan a los hogares,"Se registraron impactos en empleo, educación, salud, movilidad o servicios, con acciones de mitigación y demandas ciudadanas.",Teleamazonas,2023-08-14,riesgo_pais_calidad_vida,ok
141_DEEPAR_DIRECT_TRANAD,2026-02-24,2026-02-24,141_DEEPAR_DIRECT_TRANAD.png,142_2023-08-15,2023-08-15,2023-08-16,142_2023-08-15.png,0.968305,3,Decisiones y anuncios del Gobierno marcan la agenda nacional,"Autoridades informaron decisiones de política pública, decretos o acciones institucionales con impacto nacional y en gobiernos locales.",El Universo,2023-08-15,politica_gobierno,ok
141_DEEPAR_DIRECT_TRANAD,2026-02-24,2026-02-24,141_DEEPAR_DIRECT_TRANAD.png,142_2023-08-15,2023-08-15,2023-08-16,142_2023-08-15.png,0.968305,3,Estiaje agrava crisis energética en Ecuador en agosto 2023,El estiaje en agosto 2023 reduce caudal de ríos y amenaza generación hidroeléctrica. El gobierno anuncia medidas de ahorro y mantenimiento de plantas; riesgo de apagones en regiones costeras y sierra por sequía prolongada.,El Comercio,2023-08-16,medio_ambiente,ok
141_DEEPAR_DIRECT_TRANAD,2026-02-24,2026-02-24,141_DEEPAR_DIRECT_TRANAD.png,142_2023-08-15,2023-08-15,2023-08-16,142_2023-08-15.png,0.968305,3,Operativos y hechos delictivos elevan preocupación por seguridad,"Se reportaron operativos, detenciones o investigaciones por delitos, junto con alertas ciudadanas en distintas provincias.",El Comercio,2023-08-16,seguridad_crimen,ok
141_DEEPAR_DIRECT_TRANAD,2026-02-24,2026-02-24,141_DEEPAR_DIRECT_TRANAD.png,142_2023-08-15,2023-08-15,2023-08-16,142_2023-08-15.png,0.968305,3,Decomisos y acciones contra narcotráfico se intensifican,"Fuerzas de seguridad informaron decomisos, capturas y operativos vinculados a narcotráfico y microtráfico en rutas, puertos y ciudades.",Primicias,2023-08-17,seguridad_crimen,ok
141_DEEPAR_DIRECT_TRANAD,2026-02-24,2026-02-24,141_DEEPAR_DIRECT_TRANAD.png,142_2023-08-15,2023-08-15,2023-08-16,142_2023-08-15.png,0.968305,3,Indicadores económicos y fiscales reflejan presiones en el país,"Sectores productivos y autoridades revisaron inflación, empleo, finanzas públicas y actividad económica, con énfasis en riesgos y medidas de ajuste.",Expreso,2023-08-18,economia_finanzas,ok
141_DEEPAR_DIRECT_TRANAD,2026-02-24,2026-02-24,141_DEEPAR_DIRECT_TRANAD.png,142_2023-08-15,2023-08-15,2023-08-16,142_2023-08-15.png,0.968305,3,Costo de vida y servicios impactan a los hogares,"Se registraron impactos en empleo, educación, salud, movilidad o servicios, con acciones de mitigación y demandas ciudadanas.",Teleamazonas,2023-08-19,riesgo_pais_calidad_vida,ok
141_DEEPAR_DIRECT_TRANAD,2026-02-24,2026-02-24,141_DEEPAR_DIRECT_TRANAD.png,142_2023-08-15,2023-08-15,2023-08-16,142_2023-08-15.png,0.968305,3,Eventos climáticos y emergencias afectan localidades,"Se reportaron afectaciones por lluvias, deslizamientos, incendios u otros eventos naturales, con impactos en vías, viviendas y servicios.",El Universo,2023-08-21,medio_ambiente,ok
142_DEEPAR_FEEDBACK_ARIMA,2026-01-29,2026-01-30,142_DEEPAR_FEEDBACK_ARIMA.png,067_2016-01-12,2016-01-12,2016-01-12,067_2016-01-12.png,0.940596,1,Emergencias viales por lluvias en la Sierra,Deslizamientos y cierres viales se reportaron en provincias de la Sierra debido a las precipitaciones intensas.,El Comercio,2016-01-12,economia_finanzas,ok
142_DEEPAR_FEEDBACK_ARIMA,2026-01-29,2026-01-30,142_DEEPAR_FEEDBACK_ARIMA.png,067_2016-01-12,2016-01-12,2016-01-12,067_2016-01-12.png,0.940596,1,Riesgo país de Ecuador sube por caída petróleo enero 2016,Riesgo país de Ecuador alcanza niveles altos en enero 2016 por caída del petróleo. Spreads en bonos soberanos suben; análisis de impacto en deuda y financiamiento.,El Universo,2016-01-12,economia_finanzas,ok
142_DEEPAR_FEEDBACK_ARIMA,2026-01-29,2026-01-30,142_DEEPAR_FEEDBACK_ARIMA.png,067_2016-01-12,2016-01-12,2016-01-12,067_2016-01-12.png,0.940596,1,Lluvias provocan inundaciones en la Costa,Fuertes lluvias causaron desbordes de ríos e inundaciones en zonas rurales y urbanas de la región Costa.,El Universo,2016-01-12,medio_ambiente,ok
142_DEEPAR_FEEDBACK_ARIMA,2026-01-29,2026-01-30,142_DEEPAR_FEEDBACK_ARIMA.png,104_2020-09-01,2020-09-01,2020-09-01,104_2020-09-01.png,0.936008,2,Ecuador avanza en negociación de vacunas COVID-19 septiembre 2020,Ecuador negocia dosis de vacunas COVID-19 con AstraZeneca y otros laboratorios en septiembre 2020. Ministerio de Salud detalla avances; contexto de pandemia con reducción de casos pero alerta por segunda ola posible.,El Universo,2020-09-01,politica_gobierno,ok
142_DEEPAR_FEEDBACK_ARIMA,2026-01-29,2026-01-30,142_DEEPAR_FEEDBACK_ARIMA.png,104_2020-09-01,2020-09-01,2020-09-01,104_2020-09-01.png,0.936008,2,Gobierno mantiene restricciones ante COVID-19,El COE Nacional ratificó restricciones y evaluó medidas para controlar contagios.,El Universo,2020-09-04,politica_gobierno,ok
142_DEEPAR_FEEDBACK_ARIMA,2026-01-29,2026-01-30,142_DEEPAR_FEEDBACK_ARIMA.png,104_2020-09-01,2020-09-01,2020-09-01,104_2020-09-01.png,0.936008,2,Sistema de salud continúa bajo presión,Hospitales reportaron alta ocupación de camas UCI en varias provincias.,El Comercio,2020-09-04,riesgo_pais_calidad_vida,ok
142_DEEPAR_FEEDBACK_ARIMA,2026-01-29,2026-01-30,142_DEEPAR_FEEDBACK_ARIMA.png,104_2020-09-01,2020-09-01,2020-09-01,104_2020-09-01.png,0.936008,2,Economía muestra lenta recuperación,Indicadores económicos evidenciaron una recuperación gradual tras meses de crisis.,El Universo,2020-09-05,economia_finanzas,ok
142_DEEPAR_FEEDBACK_ARIMA,2026-01-29,2026-01-30,142_DEEPAR_FEEDBACK_ARIMA.png,104_2020-09-01,2020-09-01,2020-09-01,104_2020-09-01.png,0.936008,2,Inseguridad preocupa en zonas urbanas,Autoridades reportaron incremento de robos y asaltos en ciudades principales.,El Comercio,2020-09-06,seguridad_crimen,ok
143_DEEPAR_FEEDBACK_DBSCAN,2026-01-29,2026-02-09,143_DEEPAR_FEEDBACK_DBSCAN.png,067_2016-01-12,2016-01-12,2016-01-12,067_2016-01-12.png,0.939678,1,Emergencias viales por lluvias en la Sierra,Deslizamientos y cierres viales se reportaron en provincias de la Sierra debido a las precipitaciones intensas.,El Comercio,2016-01-12,economia_finanzas,ok
143_DEEPAR_FEEDBACK_DBSCAN,2026-01-29,2026-02-09,143_DEEPAR_FEEDBACK_DBSCAN.png,067_2016-01-12,2016-01-12,2016-01-12,067_2016-01-12.png,0.939678,1,Riesgo país de Ecuador sube por caída petróleo enero 2016,Riesgo país de Ecuador alcanza niveles altos en enero 2016 por caída del petróleo. Spreads en bonos soberanos suben; análisis de impacto en deuda y financiamiento.,El Universo,2016-01-12,economia_finanzas,ok
143_DEEPAR_FEEDBACK_DBSCAN,2026-01-29,2026-02-09,143_DEEPAR_FEEDBACK_DBSCAN.png,067_2016-01-12,2016-01-12,2016-01-12,067_2016-01-12.png,0.939678,1,Lluvias provocan inundaciones en la Costa,Fuertes lluvias causaron desbordes de ríos e inundaciones en zonas rurales y urbanas de la región Costa.,El Universo,2016-01-12,medio_ambiente,ok
143_DEEPAR_FEEDBACK_DBSCAN,2026-01-29,2026-02-09,143_DEEPAR_FEEDBACK_DBSCAN.png,022_2008-10-28,2008-10-28,2008-10-28,022_2008-10-28.png,0.935654,2,150th (Extraordinary) Meeting of the OPEC Conference (Production adjustments)," Comunicado oficial de OPEP sobre recortes de producción acordados en octubre de 2008 para estabilizar el mercado ante caída de precios. Incluye ajustes por país, relevante para contextos de shocks petroleros.",OPEC (Press Release),2008-10-24,economia_finanzas,ok
143_DEEPAR_FEEDBACK_DBSCAN,2026-01-29,2026-02-09,143_DEEPAR_FEEDBACK_DBSCAN.png,022_2008-10-28,2008-10-28,2008-10-28,022_2008-10-28.png,0.935654,2,Oficialismo Ecuador controla comisión legislativa en congreso de transición," Reporte sobre la integración del congreso/órgano legislativo de transición tras la nueva Constitución, destacando la mayoría del movimiento oficialista y el impacto sobre el equilibrio de poderes.",Reuters,2008-10-25,politica_gobierno,ok
143_DEEPAR_FEEDBACK_DBSCAN,2026-01-29,2026-02-09,143_DEEPAR_FEEDBACK_DBSCAN.png,022_2008-10-28,2008-10-28,2008-10-28,022_2008-10-28.png,0.935654,2,Accidente de tránsito deja varios heridos en Azuay,Un accidente de tránsito en una vía del Azuay dejó varios heridos y congestión vehicular.,El Universo,2008-10-27,seguridad_crimen,ok
143_DEEPAR_FEEDBACK_DBSCAN,2026-01-29,2026-02-09,143_DEEPAR_FEEDBACK_DBSCAN.png,022_2008-10-28,2008-10-28,2008-10-28,022_2008-10-28.png,0.935654,2,Riesgo país bordea los 3.000 puntos,"El riesgo país de Ecuador alcanzó niveles cercanos a los 3.000 puntos, reflejando elevada percepción de riesgo soberano.",El Universo,2008-10-28,economia_finanzas,ok
144_DEEPAR_FEEDBACK_DBSCAN,2026-02-17,2026-02-27,144_DEEPAR_FEEDBACK_DBSCAN.png,067_2016-01-12,2016-01-12,2016-01-12,067_2016-01-12.png,0.937247,1,Emergencias viales por lluvias en la Sierra,Deslizamientos y cierres viales se reportaron en provincias de la Sierra debido a las precipitaciones intensas.,El Comercio,2016-01-12,economia_finanzas,ok
144_DEEPAR_FEEDBACK_DBSCAN,2026-02-17,2026-02-27,144_DEEPAR_FEEDBACK_DBSCAN.png,067_2016-01-12,2016-01-12,2016-01-12,067_2016-01-12.png,0.937247,1,Riesgo país de Ecuador sube por caída petróleo enero 2016,Riesgo país de Ecuador alcanza niveles altos en enero 2016 por caída del petróleo. Spreads en bonos soberanos suben; análisis de impacto en deuda y financiamiento.,El Universo,2016-01-12,economia_finanzas,ok
144_DEEPAR_FEEDBACK_DBSCAN,2026-02-17,2026-02-27,144_DEEPAR_FEEDBACK_DBSCAN.png,067_2016-01-12,2016-01-12,2016-01-12,067_2016-01-12.png,0.937247,1,Lluvias provocan inundaciones en la Costa,Fuertes lluvias causaron desbordes de ríos e inundaciones en zonas rurales y urbanas de la región Costa.,El Universo,2016-01-12,medio_ambiente,ok
144_DEEPAR_FEEDBACK_DBSCAN,2026-02-17,2026-02-27,144_DEEPAR_FEEDBACK_DBSCAN.png,104_2020-09-01,2020-09-01,2020-09-01,104_2020-09-01.png,0.935943,2,Ecuador avanza en negociación de vacunas COVID-19 septiembre 2020,Ecuador negocia dosis de vacunas COVID-19 con AstraZeneca y otros laboratorios en septiembre 2020. Ministerio de Salud detalla avances; contexto de pandemia con reducción de casos pero alerta por segunda ola posible.,El Universo,2020-09-01,politica_gobierno,ok
144_DEEPAR_FEEDBACK_DBSCAN,2026-02-17,2026-02-27,144_DEEPAR_FEEDBACK_DBSCAN.png,104_2020-09-01,2020-09-01,2020-09-01,104_2020-09-01.png,0.935943,2,Gobierno mantiene restricciones ante COVID-19,El COE Nacional ratificó restricciones y evaluó medidas para controlar contagios.,El Universo,2020-09-04,politica_gobierno,ok
144_DEEPAR_FEEDBACK_DBSCAN,2026-02-17,2026-02-27,144_DEEPAR_FEEDBACK_DBSCAN.png,104_2020-09-01,2020-09-01,2020-09-01,104_2020-09-01.png,0.935943,2,Sistema de salud continúa bajo presión,Hospitales reportaron alta ocupación de camas UCI en varias provincias.,El Comercio,2020-09-04,riesgo_pais_calidad_vida,ok
144_DEEPAR_FEEDBACK_DBSCAN,2026-02-17,2026-02-27,144_DEEPAR_FEEDBACK_DBSCAN.png,104_2020-09-01,2020-09-01,2020-09-01,104_2020-09-01.png,0.935943,2,Economía muestra lenta recuperación,Indicadores económicos evidenciaron una recuperación gradual tras meses de crisis.,El Universo,2020-09-05,economia_finanzas,ok
144_DEEPAR_FEEDBACK_DBSCAN,2026-02-17,2026-02-27,144_DEEPAR_FEEDBACK_DBSCAN.png,104_2020-09-01,2020-09-01,2020-09-01,104_2020-09-01.png,0.935943,2,Inseguridad preocupa en zonas urbanas,Autoridades reportaron incremento de robos y asaltos en ciudades principales.,El Comercio,2020-09-06,seguridad_crimen,ok
145_DEEPAR_FEEDBACK_DIF,2026-01-31,2026-02-01,145_DEEPAR_FEEDBACK_DIF.png,067_2016-01-12,2016-01-12,2016-01-12,067_2016-01-12.png,0.941687,1,Emergencias viales por lluvias en la Sierra,Deslizamientos y cierres viales se reportaron en provincias de la Sierra debido a las precipitaciones intensas.,El Comercio,2016-01-12,economia_finanzas,ok
145_DEEPAR_FEEDBACK_DIF,2026-01-31,2026-02-01,145_DEEPAR_FEEDBACK_DIF.png,067_2016-01-12,2016-01-12,2016-01-12,067_2016-01-12.png,0.941687,1,Riesgo país de Ecuador sube por caída petróleo enero 2016,Riesgo país de Ecuador alcanza niveles altos en enero 2016 por caída del petróleo. Spreads en bonos soberanos suben; análisis de impacto en deuda y financiamiento.,El Universo,2016-01-12,economia_finanzas,ok
145_DEEPAR_FEEDBACK_DIF,2026-01-31,2026-02-01,145_DEEPAR_FEEDBACK_DIF.png,067_2016-01-12,2016-01-12,2016-01-12,067_2016-01-12.png,0.941687,1,Lluvias provocan inundaciones en la Costa,Fuertes lluvias causaron desbordes de ríos e inundaciones en zonas rurales y urbanas de la región Costa.,El Universo,2016-01-12,medio_ambiente,ok
145_DEEPAR_FEEDBACK_DIF,2026-01-31,2026-02-01,145_DEEPAR_FEEDBACK_DIF.png,022_2008-10-28,2008-10-28,2008-10-28,022_2008-10-28.png,0.935617,3,150th (Extraordinary) Meeting of the OPEC Conference (Production adjustments)," Comunicado oficial de OPEP sobre recortes de producción acordados en octubre de 2008 para estabilizar el mercado ante caída de precios. Incluye ajustes por país, relevante para contextos de shocks petroleros.",OPEC (Press Release),2008-10-24,economia_finanzas,ok
145_DEEPAR_FEEDBACK_DIF,2026-01-31,2026-02-01,145_DEEPAR_FEEDBACK_DIF.png,022_2008-10-28,2008-10-28,2008-10-28,022_2008-10-28.png,0.935617,3,Oficialismo Ecuador controla comisión legislativa en congreso de transición," Reporte sobre la integración del congreso/órgano legislativo de transición tras la nueva Constitución, destacando la mayoría del movimiento oficialista y el impacto sobre el equilibrio de poderes.",Reuters,2008-10-25,politica_gobierno,ok
145_DEEPAR_FEEDBACK_DIF,2026-01-31,2026-02-01,145_DEEPAR_FEEDBACK_DIF.png,022_2008-10-28,2008-10-28,2008-10-28,022_2008-10-28.png,0.935617,3,Accidente de tránsito deja varios heridos en Azuay,Un accidente de tránsito en una vía del Azuay dejó varios heridos y congestión vehicular.,El Universo,2008-10-27,seguridad_crimen,ok
145_DEEPAR_FEEDBACK_DIF,2026-01-31,2026-02-01,145_DEEPAR_FEEDBACK_DIF.png,022_2008-10-28,2008-10-28,2008-10-28,022_2008-10-28.png,0.935617,3,Riesgo país bordea los 3.000 puntos,"El riesgo país de Ecuador alcanzó niveles cercanos a los 3.000 puntos, reflejando elevada percepción de riesgo soberano.",El Universo,2008-10-28,economia_finanzas,ok
146_DEEPAR_FEEDBACK_IFOREST,2026-02-27,2026-02-27,146_DEEPAR_FEEDBACK_IFOREST.png,067_2016-01-12,2016-01-12,2016-01-12,067_2016-01-12.png,0.941991,1,Emergencias viales por lluvias en la Sierra,Deslizamientos y cierres viales se reportaron en provincias de la Sierra debido a las precipitaciones intensas.,El Comercio,2016-01-12,economia_finanzas,ok
146_DEEPAR_FEEDBACK_IFOREST,2026-02-27,2026-02-27,146_DEEPAR_FEEDBACK_IFOREST.png,067_2016-01-12,2016-01-12,2016-01-12,067_2016-01-12.png,0.941991,1,Riesgo país de Ecuador sube por caída petróleo enero 2016,Riesgo país de Ecuador alcanza niveles altos en enero 2016 por caída del petróleo. Spreads en bonos soberanos suben; análisis de impacto en deuda y financiamiento.,El Universo,2016-01-12,economia_finanzas,ok
146_DEEPAR_FEEDBACK_IFOREST,2026-02-27,2026-02-27,146_DEEPAR_FEEDBACK_IFOREST.png,067_2016-01-12,2016-01-12,2016-01-12,067_2016-01-12.png,0.941991,1,Lluvias provocan inundaciones en la Costa,Fuertes lluvias causaron desbordes de ríos e inundaciones en zonas rurales y urbanas de la región Costa.,El Universo,2016-01-12,medio_ambiente,ok
146_DEEPAR_FEEDBACK_IFOREST,2026-02-27,2026-02-27,146_DEEPAR_FEEDBACK_IFOREST.png,104_2020-09-01,2020-09-01,2020-09-01,104_2020-09-01.png,0.938089,2,Ecuador avanza en negociación de vacunas COVID-19 septiembre 2020,Ecuador negocia dosis de vacunas COVID-19 con AstraZeneca y otros laboratorios en septiembre 2020. Ministerio de Salud detalla avances; contexto de pandemia con reducción de casos pero alerta por segunda ola posible.,El Universo,2020-09-01,politica_gobierno,ok
146_DEEPAR_FEEDBACK_IFOREST,2026-02-27,2026-02-27,146_DEEPAR_FEEDBACK_IFOREST.png,104_2020-09-01,2020-09-01,2020-09-01,104_2020-09-01.png,0.938089,2,Gobierno mantiene restricciones ante COVID-19,El COE Nacional ratificó restricciones y evaluó medidas para controlar contagios.,El Universo,2020-09-04,politica_gobierno,ok
146_DEEPAR_FEEDBACK_IFOREST,2026-02-27,2026-02-27,146_DEEPAR_FEEDBACK_IFOREST.png,104_2020-09-01,2020-09-01,2020-09-01,104_2020-09-01.png,0.938089,2,Sistema de salud continúa bajo presión,Hospitales reportaron alta ocupación de camas UCI en varias provincias.,El Comercio,2020-09-04,riesgo_pais_calidad_vida,ok
146_DEEPAR_FEEDBACK_IFOREST,2026-02-27,2026-02-27,146_DEEPAR_FEEDBACK_IFOREST.png,104_2020-09-01,2020-09-01,2020-09-01,104_2020-09-01.png,0.938089,2,Economía muestra lenta recuperación,Indicadores económicos evidenciaron una recuperación gradual tras meses de crisis.,El Universo,2020-09-05,economia_finanzas,ok
146_DEEPAR_FEEDBACK_IFOREST,2026-02-27,2026-02-27,146_DEEPAR_FEEDBACK_IFOREST.png,104_2020-09-01,2020-09-01,2020-09-01,104_2020-09-01.png,0.938089,2,Inseguridad preocupa en zonas urbanas,Autoridades reportaron incremento de robos y asaltos en ciudades principales.,El Comercio,2020-09-06,seguridad_crimen,ok
147_DEEPAR_FEEDBACK_TIMEGPT,2026-02-09,2026-02-09,147_DEEPAR_FEEDBACK_TIMEGPT.png,067_2016-01-12,2016-01-12,2016-01-12,067_2016-01-12.png,0.946864,1,Emergencias viales por lluvias en la Sierra,Deslizamientos y cierres viales se reportaron en provincias de la Sierra debido a las precipitaciones intensas.,El Comercio,2016-01-12,economia_finanzas,ok
147_DEEPAR_FEEDBACK_TIMEGPT,2026-02-09,2026-02-09,147_DEEPAR_FEEDBACK_TIMEGPT.png,067_2016-01-12,2016-01-12,2016-01-12,067_2016-01-12.png,0.946864,1,Riesgo país de Ecuador sube por caída petróleo enero 2016,Riesgo país de Ecuador alcanza niveles altos en enero 2016 por caída del petróleo. Spreads en bonos soberanos suben; análisis de impacto en deuda y financiamiento.,El Universo,2016-01-12,economia_finanzas,ok
147_DEEPAR_FEEDBACK_TIMEGPT,2026-02-09,2026-02-09,147_DEEPAR_FEEDBACK_TIMEGPT.png,067_2016-01-12,2016-01-12,2016-01-12,067_2016-01-12.png,0.946864,1,Lluvias provocan inundaciones en la Costa,Fuertes lluvias causaron desbordes de ríos e inundaciones en zonas rurales y urbanas de la región Costa.,El Universo,2016-01-12,medio_ambiente,ok
147_DEEPAR_FEEDBACK_TIMEGPT,2026-02-09,2026-02-09,147_DEEPAR_FEEDBACK_TIMEGPT.png,022_2008-10-28,2008-10-28,2008-10-28,022_2008-10-28.png,0.93798,3,150th (Extraordinary) Meeting of the OPEC Conference (Production adjustments)," Comunicado oficial de OPEP sobre recortes de producción acordados en octubre de 2008 para estabilizar el mercado ante caída de precios. Incluye ajustes por país, relevante para contextos de shocks petroleros.",OPEC (Press Release),2008-10-24,economia_finanzas,ok
147_DEEPAR_FEEDBACK_TIMEGPT,2026-02-09,2026-02-09,147_DEEPAR_FEEDBACK_TIMEGPT.png,022_2008-10-28,2008-10-28,2008-10-28,022_2008-10-28.png,0.93798,3,Oficialismo Ecuador controla comisión legislativa en congreso de transición," Reporte sobre la integración del congreso/órgano legislativo de transición tras la nueva Constitución, destacando la mayoría del movimiento oficialista y el impacto sobre el equilibrio de poderes.",Reuters,2008-10-25,politica_gobierno,ok
147_DEEPAR_FEEDBACK_TIMEGPT,2026-02-09,2026-02-09,147_DEEPAR_FEEDBACK_TIMEGPT.png,022_2008-10-28,2008-10-28,2008-10-28,022_2008-10-28.png,0.93798,3,Accidente de tránsito deja varios heridos en Azuay,Un accidente de tránsito en una vía del Azuay dejó varios heridos y congestión vehicular.,El Universo,2008-10-27,seguridad_crimen,ok
147_DEEPAR_FEEDBACK_TIMEGPT,2026-02-09,2026-02-09,147_DEEPAR_FEEDBACK_TIMEGPT.png,022_2008-10-28,2008-10-28,2008-10-28,022_2008-10-28.png,0.93798,3,Riesgo país bordea los 3.000 puntos,"El riesgo país de Ecuador alcanzó niveles cercanos a los 3.000 puntos, reflejando elevada percepción de riesgo soberano.",El Universo,2008-10-28,economia_finanzas,ok
148_DEEPAR_FEEDBACK_TIMESNET,2026-02-27,2026-02-27,148_DEEPAR_FEEDBACK_TIMESNET.png,067_2016-01-12,2016-01-12,2016-01-12,067_2016-01-12.png,0.941991,1,Emergencias viales por lluvias en la Sierra,Deslizamientos y cierres viales se reportaron en provincias de la Sierra debido a las precipitaciones intensas.,El Comercio,2016-01-12,economia_finanzas,ok
148_DEEPAR_FEEDBACK_TIMESNET,2026-02-27,2026-02-27,148_DEEPAR_FEEDBACK_TIMESNET.png,067_2016-01-12,2016-01-12,2016-01-12,067_2016-01-12.png,0.941991,1,Riesgo país de Ecuador sube por caída petróleo enero 2016,Riesgo país de Ecuador alcanza niveles altos en enero 2016 por caída del petróleo. Spreads en bonos soberanos suben; análisis de impacto en deuda y financiamiento.,El Universo,2016-01-12,economia_finanzas,ok
148_DEEPAR_FEEDBACK_TIMESNET,2026-02-27,2026-02-27,148_DEEPAR_FEEDBACK_TIMESNET.png,067_2016-01-12,2016-01-12,2016-01-12,067_2016-01-12.png,0.941991,1,Lluvias provocan inundaciones en la Costa,Fuertes lluvias causaron desbordes de ríos e inundaciones en zonas rurales y urbanas de la región Costa.,El Universo,2016-01-12,medio_ambiente,ok
148_DEEPAR_FEEDBACK_TIMESNET,2026-02-27,2026-02-27,148_DEEPAR_FEEDBACK_TIMESNET.png,104_2020-09-01,2020-09-01,2020-09-01,104_2020-09-01.png,0.938089,2,Ecuador avanza en negociación de vacunas COVID-19 septiembre 2020,Ecuador negocia dosis de vacunas COVID-19 con AstraZeneca y otros laboratorios en septiembre 2020. Ministerio de Salud detalla avances; contexto de pandemia con reducción de casos pero alerta por segunda ola posible.,El Universo,2020-09-01,politica_gobierno,ok
148_DEEPAR_FEEDBACK_TIMESNET,2026-02-27,2026-02-27,148_DEEPAR_FEEDBACK_TIMESNET.png,104_2020-09-01,2020-09-01,2020-09-01,104_2020-09-01.png,0.938089,2,Gobierno mantiene restricciones ante COVID-19,El COE Nacional ratificó restricciones y evaluó medidas para controlar contagios.,El Universo,2020-09-04,politica_gobierno,ok
148_DEEPAR_FEEDBACK_TIMESNET,2026-02-27,2026-02-27,148_DEEPAR_FEEDBACK_TIMESNET.png,104_2020-09-01,2020-09-01,2020-09-01,104_2020-09-01.png,0.938089,2,Sistema de salud continúa bajo presión,Hospitales reportaron alta ocupación de camas UCI en varias provincias.,El Comercio,2020-09-04,riesgo_pais_calidad_vida,ok
148_DEEPAR_FEEDBACK_TIMESNET,2026-02-27,2026-02-27,148_DEEPAR_FEEDBACK_TIMESNET.png,104_2020-09-01,2020-09-01,2020-09-01,104_2020-09-01.png,0.938089,2,Economía muestra lenta recuperación,Indicadores económicos evidenciaron una recuperación gradual tras meses de crisis.,El Universo,2020-09-05,economia_finanzas,ok
148_DEEPAR_FEEDBACK_TIMESNET,2026-02-27,2026-02-27,148_DEEPAR_FEEDBACK_TIMESNET.png,104_2020-09-01,2020-09-01,2020-09-01,104_2020-09-01.png,0.938089,2,Inseguridad preocupa en zonas urbanas,Autoridades reportaron incremento de robos y asaltos en ciudades principales.,El Comercio,2020-09-06,seguridad_crimen,ok
149_DEEPAR_FEEDBACK_TRANAD,2026-02-21,2026-02-21,149_DEEPAR_FEEDBACK_TRANAD.png,067_2016-01-12,2016-01-12,2016-01-12,067_2016-01-12.png,0.941278,1,Emergencias viales por lluvias en la Sierra,Deslizamientos y cierres viales se reportaron en provincias de la Sierra debido a las precipitaciones intensas.,El Comercio,2016-01-12,economia_finanzas,ok
149_DEEPAR_FEEDBACK_TRANAD,2026-02-21,2026-02-21,149_DEEPAR_FEEDBACK_TRANAD.png,067_2016-01-12,2016-01-12,2016-01-12,067_2016-01-12.png,0.941278,1,Riesgo país de Ecuador sube por caída petróleo enero 2016,Riesgo país de Ecuador alcanza niveles altos en enero 2016 por caída del petróleo. Spreads en bonos soberanos suben; análisis de impacto en deuda y financiamiento.,El Universo,2016-01-12,economia_finanzas,ok
149_DEEPAR_FEEDBACK_TRANAD,2026-02-21,2026-02-21,149_DEEPAR_FEEDBACK_TRANAD.png,067_2016-01-12,2016-01-12,2016-01-12,067_2016-01-12.png,0.941278,1,Lluvias provocan inundaciones en la Costa,Fuertes lluvias causaron desbordes de ríos e inundaciones en zonas rurales y urbanas de la región Costa.,El Universo,2016-01-12,medio_ambiente,ok
149_DEEPAR_FEEDBACK_TRANAD,2026-02-21,2026-02-21,149_DEEPAR_FEEDBACK_TRANAD.png,022_2008-10-28,2008-10-28,2008-10-28,022_2008-10-28.png,0.935442,3,150th (Extraordinary) Meeting of the OPEC Conference (Production adjustments)," Comunicado oficial de OPEP sobre recortes de producción acordados en octubre de 2008 para estabilizar el mercado ante caída de precios. Incluye ajustes por país, relevante para contextos de shocks petroleros.",OPEC (Press Release),2008-10-24,economia_finanzas,ok
149_DEEPAR_FEEDBACK_TRANAD,2026-02-21,2026-02-21,149_DEEPAR_FEEDBACK_TRANAD.png,022_2008-10-28,2008-10-28,2008-10-28,022_2008-10-28.png,0.935442,3,Oficialismo Ecuador controla comisión legislativa en congreso de transición," Reporte sobre la integración del congreso/órgano legislativo de transición tras la nueva Constitución, destacando la mayoría del movimiento oficialista y el impacto sobre el equilibrio de poderes.",Reuters,2008-10-25,politica_gobierno,ok
149_DEEPAR_FEEDBACK_TRANAD,2026-02-21,2026-02-21,149_DEEPAR_FEEDBACK_TRANAD.png,022_2008-10-28,2008-10-28,2008-10-28,022_2008-10-28.png,0.935442,3,Accidente de tránsito deja varios heridos en Azuay,Un accidente de tránsito en una vía del Azuay dejó varios heridos y congestión vehicular.,El Universo,2008-10-27,seguridad_crimen,ok
149_DEEPAR_FEEDBACK_TRANAD,2026-02-21,2026-02-21,149_DEEPAR_FEEDBACK_TRANAD.png,022_2008-10-28,2008-10-28,2008-10-28,022_2008-10-28.png,0.935442,3,Riesgo país bordea los 3.000 puntos,"El riesgo país de Ecuador alcanzó niveles cercanos a los 3.000 puntos, reflejando elevada percepción de riesgo soberano.",El Universo,2008-10-28,economia_finanzas,ok
