synthetic_id,original_id,synthetic_name,original_name,synthetic_path,original_path,synthetic_folder,original_folder,synthetic_start_date,synthetic_end_date,original_start_date,original_end_date,similarity_cosine,similarity_pct,rank_in_corpus,topk_used,threshold_used,passed_threshold,corpus_size,query_set_size,model_name,model_weights,run_timestamp,tend_synthetic,tend_original,notes
002_ARIMA_DIRECT_DBSCAN,054_2012-09-14,002_ARIMA_DIRECT_DBSCAN.png,054_2012-09-14.png,/home/jacky/DatosSerie/Resultados/Prediccion/anomalias_sinteticos_limpios/002_ARIMA_DIRECT_DBSCAN.png,/home/jacky/DatosSerie/Resultados/GraficosConsolidado/GraficosOriginalLimpios/054_2012-09-14.png,/home/jacky/DatosSerie/Resultados/Prediccion/anomalias_sinteticos_limpios,/home/jacky/DatosSerie/Resultados/GraficosConsolidado/GraficosOriginalLimpios,2026-01-29,2026-01-31,2012-09-14,2012-09-14,0.9352545738220215,76.5%,1,2,0.5,True,162,149,clip-ViT-B-32,laion2b_s34b_b79k,2026-04-25T05:08:52Z,indefinida,bajada,gamma=4.0|ratio_delta=0.001|ventana_tend=5
002_ARIMA_DIRECT_DBSCAN,033_2009-01-05,002_ARIMA_DIRECT_DBSCAN.png,033_2009-01-05.png,/home/jacky/DatosSerie/Resultados/Prediccion/anomalias_sinteticos_limpios/002_ARIMA_DIRECT_DBSCAN.png,/home/jacky/DatosSerie/Resultados/GraficosConsolidado/GraficosOriginalLimpios/033_2009-01-05.png,/home/jacky/DatosSerie/Resultados/Prediccion/anomalias_sinteticos_limpios,/home/jacky/DatosSerie/Resultados/GraficosConsolidado/GraficosOriginalLimpios,2026-01-29,2026-01-31,2009-01-05,2009-01-07,0.9297701716423035,74.7%,2,2,0.5,True,162,149,clip-ViT-B-32,laion2b_s34b_b79k,2026-04-25T05:08:52Z,indefinida,bajada,gamma=4.0|ratio_delta=0.001|ventana_tend=5
005_ARIMA_DIRECT_IFOREST,054_2012-09-14,005_ARIMA_DIRECT_IFOREST.png,054_2012-09-14.png,/home/jacky/DatosSerie/Resultados/Prediccion/anomalias_sinteticos_limpios/005_ARIMA_DIRECT_IFOREST.png,/home/jacky/DatosSerie/Resultados/GraficosConsolidado/GraficosOriginalLimpios/054_2012-09-14.png,/home/jacky/DatosSerie/Resultados/Prediccion/anomalias_sinteticos_limpios,/home/jacky/DatosSerie/Resultados/GraficosConsolidado/GraficosOriginalLimpios,2026-01-29,2026-01-29,2012-09-14,2012-09-14,0.9388085603713989,77.7%,1,2,0.5,True,162,149,clip-ViT-B-32,laion2b_s34b_b79k,2026-04-25T05:08:52Z,indefinida,bajada,gamma=4.0|ratio_delta=0.001|ventana_tend=5
005_ARIMA_DIRECT_IFOREST,032_2008-12-29,005_ARIMA_DIRECT_IFOREST.png,032_2008-12-29.png,/home/jacky/DatosSerie/Resultados/Prediccion/anomalias_sinteticos_limpios/005_ARIMA_DIRECT_IFOREST.png,/home/jacky/DatosSerie/Resultados/GraficosConsolidado/GraficosOriginalLimpios/032_2008-12-29.png,/home/jacky/DatosSerie/Resultados/Prediccion/anomalias_sinteticos_limpios,/home/jacky/DatosSerie/Resultados/GraficosConsolidado/GraficosOriginalLimpios,2026-01-29,2026-01-29,2008-12-29,2008-12-29,0.934290885925293,76.2%,2,2,0.5,True,162,149,clip-ViT-B-32,laion2b_s34b_b79k,2026-04-25T05:08:52Z,indefinida,subida,gamma=4.0|ratio_delta=0.001|ventana_tend=5
006_ARIMA_DIRECT_TIMEGPT,031_2008-12-23,006_ARIMA_DIRECT_TIMEGPT.png,031_2008-12-23.png,/home/jacky/DatosSerie/Resultados/Prediccion/anomalias_sinteticos_limpios/006_ARIMA_DIRECT_TIMEGPT.png,/home/jacky/DatosSerie/Resultados/GraficosConsolidado/GraficosOriginalLimpios/031_2008-12-23.png,/home/jacky/DatosSerie/Resultados/Prediccion/anomalias_sinteticos_limpios,/home/jacky/DatosSerie/Resultados/GraficosConsolidado/GraficosOriginalLimpios,2026-02-09,2026-02-09,2008-12-23,2008-12-23,0.8581922054290771,54.2%,1,2,0.5,True,162,149,clip-ViT-B-32,laion2b_s34b_b79k,2026-04-25T05:08:52Z,indefinida,bajada,gamma=4.0|ratio_delta=0.001|ventana_tend=5
006_ARIMA_DIRECT_TIMEGPT,104_2020-09-01,006_ARIMA_DIRECT_TIMEGPT.png,104_2020-09-01.png,/home/jacky/DatosSerie/Resultados/Prediccion/anomalias_sinteticos_limpios/006_ARIMA_DIRECT_TIMEGPT.png,/home/jacky/DatosSerie/Resultados/GraficosConsolidado/GraficosOriginalLimpios/104_2020-09-01.png,/home/jacky/DatosSerie/Resultados/Prediccion/anomalias_sinteticos_limpios,/home/jacky/DatosSerie/Resultados/GraficosConsolidado/GraficosOriginalLimpios,2026-02-09,2026-02-09,2020-09-01,2020-09-01,0.8558992147445679,53.7%,2,2,0.5,True,162,149,clip-ViT-B-32,laion2b_s34b_b79k,2026-04-25T05:08:52Z,indefinida,bajada,gamma=4.0|ratio_delta=0.001|ventana_tend=5
007_ARIMA_DIRECT_TIMESNET,032_2008-12-29,007_ARIMA_DIRECT_TIMESNET.png,032_2008-12-29.png,/home/jacky/DatosSerie/Resultados/Prediccion/anomalias_sinteticos_limpios/007_ARIMA_DIRECT_TIMESNET.png,/home/jacky/DatosSerie/Resultados/GraficosConsolidado/GraficosOriginalLimpios/032_2008-12-29.png,/home/jacky/DatosSerie/Resultados/Prediccion/anomalias_sinteticos_limpios,/home/jacky/DatosSerie/Resultados/GraficosConsolidado/GraficosOriginalLimpios,2026-02-21,2026-02-21,2008-12-29,2008-12-29,0.8595316410064697,54.6%,1,2,0.5,True,162,149,clip-ViT-B-32,laion2b_s34b_b79k,2026-04-25T05:08:52Z,indefinida,subida,gamma=4.0|ratio_delta=0.001|ventana_tend=5
007_ARIMA_DIRECT_TIMESNET,104_2020-09-01,007_ARIMA_DIRECT_TIMESNET.png,104_2020-09-01.png,/home/jacky/DatosSerie/Resultados/Prediccion/anomalias_sinteticos_limpios/007_ARIMA_DIRECT_TIMESNET.png,/home/jacky/DatosSerie/Resultados/GraficosConsolidado/GraficosOriginalLimpios/104_2020-09-01.png,/home/jacky/DatosSerie/Resultados/Prediccion/anomalias_sinteticos_limpios,/home/jacky/DatosSerie/Resultados/GraficosConsolidado/GraficosOriginalLimpios,2026-02-21,2026-02-21,2020-09-01,2020-09-01,0.8584399819374084,54.3%,2,2,0.5,True,162,149,clip-ViT-B-32,laion2b_s34b_b79k,2026-04-25T05:08:52Z,indefinida,bajada,gamma=4.0|ratio_delta=0.001|ventana_tend=5
008_ARIMA_DIRECT_TRANAD,032_2008-12-29,008_ARIMA_DIRECT_TRANAD.png,032_2008-12-29.png,/home/jacky/DatosSerie/Resultados/Prediccion/anomalias_sinteticos_limpios/008_ARIMA_DIRECT_TRANAD.png,/home/jacky/DatosSerie/Resultados/GraficosConsolidado/GraficosOriginalLimpios/032_2008-12-29.png,/home/jacky/DatosSerie/Resultados/Prediccion/anomalias_sinteticos_limpios,/home/jacky/DatosSerie/Resultados/GraficosConsolidado/GraficosOriginalLimpios,2026-02-21,2026-02-21,2008-12-29,2008-12-29,0.8595316410064697,54.6%,1,2,0.5,True,162,149,clip-ViT-B-32,laion2b_s34b_b79k,2026-04-25T05:08:52Z,indefinida,subida,gamma=4.0|ratio_delta=0.001|ventana_tend=5
008_ARIMA_DIRECT_TRANAD,104_2020-09-01,008_ARIMA_DIRECT_TRANAD.png,104_2020-09-01.png,/home/jacky/DatosSerie/Resultados/Prediccion/anomalias_sinteticos_limpios/008_ARIMA_DIRECT_TRANAD.png,/home/jacky/DatosSerie/Resultados/GraficosConsolidado/GraficosOriginalLimpios/104_2020-09-01.png,/home/jacky/DatosSerie/Resultados/Prediccion/anomalias_sinteticos_limpios,/home/jacky/DatosSerie/Resultados/GraficosConsolidado/GraficosOriginalLimpios,2026-02-21,2026-02-21,2020-09-01,2020-09-01,0.8584399819374084,54.3%,2,2,0.5,True,162,149,clip-ViT-B-32,laion2b_s34b_b79k,2026-04-25T05:08:52Z,indefinida,bajada,gamma=4.0|ratio_delta=0.001|ventana_tend=5
012_ARIMA_FEEDBACK_DBSCAN,032_2008-12-29,012_ARIMA_FEEDBACK_DBSCAN.png,032_2008-12-29.png,/home/jacky/DatosSerie/Resultados/Prediccion/anomalias_sinteticos_limpios/012_ARIMA_FEEDBACK_DBSCAN.png,/home/jacky/DatosSerie/Resultados/GraficosConsolidado/GraficosOriginalLimpios/032_2008-12-29.png,/home/jacky/DatosSerie/Resultados/Prediccion/anomalias_sinteticos_limpios,/home/jacky/DatosSerie/Resultados/GraficosConsolidado/GraficosOriginalLimpios,2026-02-17,2026-02-27,2008-12-29,2008-12-29,0.9501708745956421,81.5%,1,2,0.5,True,162,149,clip-ViT-B-32,laion2b_s34b_b79k,2026-04-25T05:08:52Z,indefinida,subida,gamma=4.0|ratio_delta=0.001|ventana_tend=5
012_ARIMA_FEEDBACK_DBSCAN,067_2016-01-12,012_ARIMA_FEEDBACK_DBSCAN.png,067_2016-01-12.png,/home/jacky/DatosSerie/Resultados/Prediccion/anomalias_sinteticos_limpios/012_ARIMA_FEEDBACK_DBSCAN.png,/home/jacky/DatosSerie/Resultados/GraficosConsolidado/GraficosOriginalLimpios/067_2016-01-12.png,/home/jacky/DatosSerie/Resultados/Prediccion/anomalias_sinteticos_limpios,/home/jacky/DatosSerie/Resultados/GraficosConsolidado/GraficosOriginalLimpios,2026-02-17,2026-02-27,2016-01-12,2016-01-12,0.9466472864151001,80.3%,2,2,0.5,True,162,149,clip-ViT-B-32,laion2b_s34b_b79k,2026-04-25T05:08:52Z,indefinida,subida,gamma=4.0|ratio_delta=0.001|ventana_tend=5
014_ARIMA_FEEDBACK_DIF,149_2024-03-01,014_ARIMA_FEEDBACK_DIF.png,149_2024-03-01.png,/home/jacky/DatosSerie/Resultados/Prediccion/anomalias_sinteticos_limpios/014_ARIMA_FEEDBACK_DIF.png,/home/jacky/DatosSerie/Resultados/GraficosConsolidado/GraficosOriginalLimpios/149_2024-03-01.png,/home/jacky/DatosSerie/Resultados/Prediccion/anomalias_sinteticos_limpios,/home/jacky/DatosSerie/Resultados/GraficosConsolidado/GraficosOriginalLimpios,2026-02-02,2026-02-02,2024-03-01,2024-03-01,0.9610676765441895,85.3%,1,2,0.5,True,162,149,clip-ViT-B-32,laion2b_s34b_b79k,2026-04-25T05:08:52Z,indefinida,bajada,gamma=4.0|ratio_delta=0.001|ventana_tend=5
014_ARIMA_FEEDBACK_DIF,142_2023-08-15,014_ARIMA_FEEDBACK_DIF.png,142_2023-08-15.png,/home/jacky/DatosSerie/Resultados/Prediccion/anomalias_sinteticos_limpios/014_ARIMA_FEEDBACK_DIF.png,/home/jacky/DatosSerie/Resultados/GraficosConsolidado/GraficosOriginalLimpios/142_2023-08-15.png,/home/jacky/DatosSerie/Resultados/Prediccion/anomalias_sinteticos_limpios,/home/jacky/DatosSerie/Resultados/GraficosConsolidado/GraficosOriginalLimpios,2026-02-02,2026-02-02,2023-08-15,2023-08-16,0.9595093727111816,84.8%,2,2,0.5,True,162,149,clip-ViT-B-32,laion2b_s34b_b79k,2026-04-25T05:08:52Z,indefinida,bajada,gamma=4.0|ratio_delta=0.001|ventana_tend=5
016_ARIMA_FEEDBACK_TIMEGPT,149_2024-03-01,016_ARIMA_FEEDBACK_TIMEGPT.png,149_2024-03-01.png,/home/jacky/DatosSerie/Resultados/Prediccion/anomalias_sinteticos_limpios/016_ARIMA_FEEDBACK_TIMEGPT.png,/home/jacky/DatosSerie/Resultados/GraficosConsolidado/GraficosOriginalLimpios/149_2024-03-01.png,/home/jacky/DatosSerie/Resultados/Prediccion/anomalias_sinteticos_limpios,/home/jacky/DatosSerie/Resultados/GraficosConsolidado/GraficosOriginalLimpios,2026-02-09,2026-02-09,2024-03-01,2024-03-01,0.9408754110336304,78.4%,1,2,0.5,True,162,149,clip-ViT-B-32,laion2b_s34b_b79k,2026-04-25T05:08:52Z,indefinida,bajada,gamma=4.0|ratio_delta=0.001|ventana_tend=5
016_ARIMA_FEEDBACK_TIMEGPT,082_2019-12-06,016_ARIMA_FEEDBACK_TIMEGPT.png,082_2019-12-06.png,/home/jacky/DatosSerie/Resultados/Prediccion/anomalias_sinteticos_limpios/016_ARIMA_FEEDBACK_TIMEGPT.png,/home/jacky/DatosSerie/Resultados/GraficosConsolidado/GraficosOriginalLimpios/082_2019-12-06.png,/home/jacky/DatosSerie/Resultados/Prediccion/anomalias_sinteticos_limpios,/home/jacky/DatosSerie/Resultados/GraficosConsolidado/GraficosOriginalLimpios,2026-02-09,2026-02-09,2019-12-06,2019-12-06,0.9365870952606201,76.9%,2,2,0.5,True,162,149,clip-ViT-B-32,laion2b_s34b_b79k,2026-04-25T05:08:52Z,indefinida,bajada,gamma=4.0|ratio_delta=0.001|ventana_tend=5
017_ARIMA_FEEDBACK_TIMESNET,022_2008-10-28,017_ARIMA_FEEDBACK_TIMESNET.png,022_2008-10-28.png,/home/jacky/DatosSerie/Resultados/Prediccion/anomalias_sinteticos_limpios/017_ARIMA_FEEDBACK_TIMESNET.png,/home/jacky/DatosSerie/Resultados/GraficosConsolidado/GraficosOriginalLimpios/022_2008-10-28.png,/home/jacky/DatosSerie/Resultados/Prediccion/anomalias_sinteticos_limpios,/home/jacky/DatosSerie/Resultados/GraficosConsolidado/GraficosOriginalLimpios,2026-02-21,2026-02-21,2008-10-28,2008-10-28,0.9386990666389465,77.6%,1,2,0.5,True,162,149,clip-ViT-B-32,laion2b_s34b_b79k,2026-04-25T05:08:52Z,indefinida,subida,gamma=4.0|ratio_delta=0.001|ventana_tend=5
017_ARIMA_FEEDBACK_TIMESNET,067_2016-01-12,017_ARIMA_FEEDBACK_TIMESNET.png,067_2016-01-12.png,/home/jacky/DatosSerie/Resultados/Prediccion/anomalias_sinteticos_limpios/017_ARIMA_FEEDBACK_TIMESNET.png,/home/jacky/DatosSerie/Resultados/GraficosConsolidado/GraficosOriginalLimpios/067_2016-01-12.png,/home/jacky/DatosSerie/Resultados/Prediccion/anomalias_sinteticos_limpios,/home/jacky/DatosSerie/Resultados/GraficosConsolidado/GraficosOriginalLimpios,2026-02-21,2026-02-21,2016-01-12,2016-01-12,0.9359273910522461,76.7%,2,2,0.5,True,162,149,clip-ViT-B-32,laion2b_s34b_b79k,2026-04-25T05:08:52Z,indefinida,subida,gamma=4.0|ratio_delta=0.001|ventana_tend=5
019_SVR_FEEDBACK_ARIMA,067_2016-01-12,019_SVR_FEEDBACK_ARIMA.png,067_2016-01-12.png,/home/jacky/DatosSerie/Resultados/Prediccion/anomalias_sinteticos_limpios/019_SVR_FEEDBACK_ARIMA.png,/home/jacky/DatosSerie/Resultados/GraficosConsolidado/GraficosOriginalLimpios/067_2016-01-12.png,/home/jacky/DatosSerie/Resultados/Prediccion/anomalias_sinteticos_limpios,/home/jacky/DatosSerie/Resultados/GraficosConsolidado/GraficosOriginalLimpios,2026-01-29,2026-01-30,2016-01-12,2016-01-12,0.9465672969818115,80.3%,1,2,0.5,True,162,149,clip-ViT-B-32,laion2b_s34b_b79k,2026-04-25T05:08:52Z,indefinida,subida,gamma=4.0|ratio_delta=0.001|ventana_tend=5
019_SVR_FEEDBACK_ARIMA,104_2020-09-01,019_SVR_FEEDBACK_ARIMA.png,104_2020-09-01.png,/home/jacky/DatosSerie/Resultados/Prediccion/anomalias_sinteticos_limpios/019_SVR_FEEDBACK_ARIMA.png,/home/jacky/DatosSerie/Resultados/GraficosConsolidado/GraficosOriginalLimpios/104_2020-09-01.png,/home/jacky/DatosSerie/Resultados/Prediccion/anomalias_sinteticos_limpios,/home/jacky/DatosSerie/Resultados/GraficosConsolidado/GraficosOriginalLimpios,2026-01-29,2026-01-30,2020-09-01,2020-09-01,0.939243495464325,77.8%,2,2,0.5,True,162,149,clip-ViT-B-32,laion2b_s34b_b79k,2026-04-25T05:08:52Z,indefinida,bajada,gamma=4.0|ratio_delta=0.001|ventana_tend=5
020_SVR_FEEDBACK_DBSCAN,067_2016-01-12,020_SVR_FEEDBACK_DBSCAN.png,067_2016-01-12.png,/home/jacky/DatosSerie/Resultados/Prediccion/anomalias_sinteticos_limpios/020_SVR_FEEDBACK_DBSCAN.png,/home/jacky/DatosSerie/Resultados/GraficosConsolidado/GraficosOriginalLimpios/067_2016-01-12.png,/home/jacky/DatosSerie/Resultados/Prediccion/anomalias_sinteticos_limpios,/home/jacky/DatosSerie/Resultados/GraficosConsolidado/GraficosOriginalLimpios,2026-01-29,2026-02-09,2016-01-12,2016-01-12,0.9469847679138184,80.4%,1,2,0.5,True,162,149,clip-ViT-B-32,laion2b_s34b_b79k,2026-04-25T05:08:52Z,indefinida,subida,gamma=4.0|ratio_delta=0.001|ventana_tend=5
020_SVR_FEEDBACK_DBSCAN,104_2020-09-01,020_SVR_FEEDBACK_DBSCAN.png,104_2020-09-01.png,/home/jacky/DatosSerie/Resultados/Prediccion/anomalias_sinteticos_limpios/020_SVR_FEEDBACK_DBSCAN.png,/home/jacky/DatosSerie/Resultados/GraficosConsolidado/GraficosOriginalLimpios/104_2020-09-01.png,/home/jacky/DatosSerie/Resultados/Prediccion/anomalias_sinteticos_limpios,/home/jacky/DatosSerie/Resultados/GraficosConsolidado/GraficosOriginalLimpios,2026-01-29,2026-02-09,2020-09-01,2020-09-01,0.9394855499267578,77.9%,2,2,0.5,True,162,149,clip-ViT-B-32,laion2b_s34b_b79k,2026-04-25T05:08:52Z,indefinida,bajada,gamma=4.0|ratio_delta=0.001|ventana_tend=5
021_SVR_FEEDBACK_DBSCAN,067_2016-01-12,021_SVR_FEEDBACK_DBSCAN.png,067_2016-01-12.png,/home/jacky/DatosSerie/Resultados/Prediccion/anomalias_sinteticos_limpios/021_SVR_FEEDBACK_DBSCAN.png,/home/jacky/DatosSerie/Resultados/GraficosConsolidado/GraficosOriginalLimpios/067_2016-01-12.png,/home/jacky/DatosSerie/Resultados/Prediccion/anomalias_sinteticos_limpios,/home/jacky/DatosSerie/Resultados/GraficosConsolidado/GraficosOriginalLimpios,2026-02-16,2026-02-22,2016-01-12,2016-01-12,0.9502428770065308,81.5%,1,2,0.5,True,162,149,clip-ViT-B-32,laion2b_s34b_b79k,2026-04-25T05:08:52Z,subida,subida,gamma=4.0|ratio_delta=0.001|ventana_tend=5
021_SVR_FEEDBACK_DBSCAN,085_2020-02-25,021_SVR_FEEDBACK_DBSCAN.png,085_2020-02-25.png,/home/jacky/DatosSerie/Resultados/Prediccion/anomalias_sinteticos_limpios/021_SVR_FEEDBACK_DBSCAN.png,/home/jacky/DatosSerie/Resultados/GraficosConsolidado/GraficosOriginalLimpios/085_2020-02-25.png,/home/jacky/DatosSerie/Resultados/Prediccion/anomalias_sinteticos_limpios,/home/jacky/DatosSerie/Resultados/GraficosConsolidado/GraficosOriginalLimpios,2026-02-16,2026-02-22,2020-02-25,2020-02-25,0.9421228766441345,78.8%,2,2,0.5,True,162,149,clip-ViT-B-32,laion2b_s34b_b79k,2026-04-25T05:08:52Z,subida,subida,gamma=4.0|ratio_delta=0.001|ventana_tend=5
022_SVR_FEEDBACK_DIF,067_2016-01-12,022_SVR_FEEDBACK_DIF.png,067_2016-01-12.png,/home/jacky/DatosSerie/Resultados/Prediccion/anomalias_sinteticos_limpios/022_SVR_FEEDBACK_DIF.png,/home/jacky/DatosSerie/Resultados/GraficosConsolidado/GraficosOriginalLimpios/067_2016-01-12.png,/home/jacky/DatosSerie/Resultados/Prediccion/anomalias_sinteticos_limpios,/home/jacky/DatosSerie/Resultados/GraficosConsolidado/GraficosOriginalLimpios,2026-01-30,2026-01-30,2016-01-12,2016-01-12,0.9465672969818115,80.3%,1,2,0.5,True,162,149,clip-ViT-B-32,laion2b_s34b_b79k,2026-04-25T05:08:52Z,subida,subida,gamma=4.0|ratio_delta=0.001|ventana_tend=5
022_SVR_FEEDBACK_DIF,032_2008-12-29,022_SVR_FEEDBACK_DIF.png,032_2008-12-29.png,/home/jacky/DatosSerie/Resultados/Prediccion/anomalias_sinteticos_limpios/022_SVR_FEEDBACK_DIF.png,/home/jacky/DatosSerie/Resultados/GraficosConsolidado/GraficosOriginalLimpios/032_2008-12-29.png,/home/jacky/DatosSerie/Resultados/Prediccion/anomalias_sinteticos_limpios,/home/jacky/DatosSerie/Resultados/GraficosConsolidado/GraficosOriginalLimpios,2026-01-30,2026-01-30,2008-12-29,2008-12-29,0.9381850957870483,77.5%,3,2,0.5,True,162,149,clip-ViT-B-32,laion2b_s34b_b79k,2026-04-25T05:08:52Z,subida,subida,gamma=4.0|ratio_delta=0.001|ventana_tend=5
023_SVR_FEEDBACK_DIF,067_2016-01-12,023_SVR_FEEDBACK_DIF.png,067_2016-01-12.png,/home/jacky/DatosSerie/Resultados/Prediccion/anomalias_sinteticos_limpios/023_SVR_FEEDBACK_DIF.png,/home/jacky/DatosSerie/Resultados/GraficosConsolidado/GraficosOriginalLimpios/067_2016-01-12.png,/home/jacky/DatosSerie/Resultados/Prediccion/anomalias_sinteticos_limpios,/home/jacky/DatosSerie/Resultados/GraficosConsolidado/GraficosOriginalLimpios,2026-02-01,2026-02-01,2016-01-12,2016-01-12,0.9440536499023438,79.4%,1,2,0.5,True,162,149,clip-ViT-B-32,laion2b_s34b_b79k,2026-04-25T05:08:52Z,subida,subida,gamma=4.0|ratio_delta=0.001|ventana_tend=5
023_SVR_FEEDBACK_DIF,022_2008-10-28,023_SVR_FEEDBACK_DIF.png,022_2008-10-28.png,/home/jacky/DatosSerie/Resultados/Prediccion/anomalias_sinteticos_limpios/023_SVR_FEEDBACK_DIF.png,/home/jacky/DatosSerie/Resultados/GraficosConsolidado/GraficosOriginalLimpios/022_2008-10-28.png,/home/jacky/DatosSerie/Resultados/Prediccion/anomalias_sinteticos_limpios,/home/jacky/DatosSerie/Resultados/GraficosConsolidado/GraficosOriginalLimpios,2026-02-01,2026-02-01,2008-10-28,2008-10-28,0.936577558517456,76.9%,3,2,0.5,True,162,149,clip-ViT-B-32,laion2b_s34b_b79k,2026-04-25T05:08:52Z,subida,subida,gamma=4.0|ratio_delta=0.001|ventana_tend=5
024_SVR_FEEDBACK_IFOREST,067_2016-01-12,024_SVR_FEEDBACK_IFOREST.png,067_2016-01-12.png,/home/jacky/DatosSerie/Resultados/Prediccion/anomalias_sinteticos_limpios/024_SVR_FEEDBACK_IFOREST.png,/home/jacky/DatosSerie/Resultados/GraficosConsolidado/GraficosOriginalLimpios/067_2016-01-12.png,/home/jacky/DatosSerie/Resultados/Prediccion/anomalias_sinteticos_limpios,/home/jacky/DatosSerie/Resultados/GraficosConsolidado/GraficosOriginalLimpios,2026-01-29,2026-01-29,2016-01-12,2016-01-12,0.9415451884269714,78.6%,1,2,0.5,True,162,149,clip-ViT-B-32,laion2b_s34b_b79k,2026-04-25T05:08:52Z,indefinida,subida,gamma=4.0|ratio_delta=0.001|ventana_tend=5
024_SVR_FEEDBACK_IFOREST,104_2020-09-01,024_SVR_FEEDBACK_IFOREST.png,104_2020-09-01.png,/home/jacky/DatosSerie/Resultados/Prediccion/anomalias_sinteticos_limpios/024_SVR_FEEDBACK_IFOREST.png,/home/jacky/DatosSerie/Resultados/GraficosConsolidado/GraficosOriginalLimpios/104_2020-09-01.png,/home/jacky/DatosSerie/Resultados/Prediccion/anomalias_sinteticos_limpios,/home/jacky/DatosSerie/Resultados/GraficosConsolidado/GraficosOriginalLimpios,2026-01-29,2026-01-29,2020-09-01,2020-09-01,0.9368286728858948,77.0%,2,2,0.5,True,162,149,clip-ViT-B-32,laion2b_s34b_b79k,2026-04-25T05:08:52Z,indefinida,bajada,gamma=4.0|ratio_delta=0.001|ventana_tend=5
025_SVR_FEEDBACK_TIMEGPT,067_2016-01-12,025_SVR_FEEDBACK_TIMEGPT.png,067_2016-01-12.png,/home/jacky/DatosSerie/Resultados/Prediccion/anomalias_sinteticos_limpios/025_SVR_FEEDBACK_TIMEGPT.png,/home/jacky/DatosSerie/Resultados/GraficosConsolidado/GraficosOriginalLimpios/067_2016-01-12.png,/home/jacky/DatosSerie/Resultados/Prediccion/anomalias_sinteticos_limpios,/home/jacky/DatosSerie/Resultados/GraficosConsolidado/GraficosOriginalLimpios,2026-02-09,2026-02-09,2016-01-12,2016-01-12,0.9422885775566101,78.8%,1,2,0.5,True,162,149,clip-ViT-B-32,laion2b_s34b_b79k,2026-04-25T05:08:52Z,subida,subida,gamma=4.0|ratio_delta=0.001|ventana_tend=5
025_SVR_FEEDBACK_TIMEGPT,022_2008-10-28,025_SVR_FEEDBACK_TIMEGPT.png,022_2008-10-28.png,/home/jacky/DatosSerie/Resultados/Prediccion/anomalias_sinteticos_limpios/025_SVR_FEEDBACK_TIMEGPT.png,/home/jacky/DatosSerie/Resultados/GraficosConsolidado/GraficosOriginalLimpios/022_2008-10-28.png,/home/jacky/DatosSerie/Resultados/Prediccion/anomalias_sinteticos_limpios,/home/jacky/DatosSerie/Resultados/GraficosConsolidado/GraficosOriginalLimpios,2026-02-09,2026-02-09,2008-10-28,2008-10-28,0.939291775226593,77.8%,2,2,0.5,True,162,149,clip-ViT-B-32,laion2b_s34b_b79k,2026-04-25T05:08:52Z,subida,subida,gamma=4.0|ratio_delta=0.001|ventana_tend=5
027_SVR_FEEDBACK_TRANAD,067_2016-01-12,027_SVR_FEEDBACK_TRANAD.png,067_2016-01-12.png,/home/jacky/DatosSerie/Resultados/Prediccion/anomalias_sinteticos_limpios/027_SVR_FEEDBACK_TRANAD.png,/home/jacky/DatosSerie/Resultados/GraficosConsolidado/GraficosOriginalLimpios/067_2016-01-12.png,/home/jacky/DatosSerie/Resultados/Prediccion/anomalias_sinteticos_limpios,/home/jacky/DatosSerie/Resultados/GraficosConsolidado/GraficosOriginalLimpios,2026-02-21,2026-02-21,2016-01-12,2016-01-12,0.9445213675498962,79.6%,1,2,0.5,True,162,149,clip-ViT-B-32,laion2b_s34b_b79k,2026-04-25T05:08:52Z,subida,subida,gamma=4.0|ratio_delta=0.001|ventana_tend=5
027_SVR_FEEDBACK_TRANAD,022_2008-10-28,027_SVR_FEEDBACK_TRANAD.png,022_2008-10-28.png,/home/jacky/DatosSerie/Resultados/Prediccion/anomalias_sinteticos_limpios/027_SVR_FEEDBACK_TRANAD.png,/home/jacky/DatosSerie/Resultados/GraficosConsolidado/GraficosOriginalLimpios/022_2008-10-28.png,/home/jacky/DatosSerie/Resultados/Prediccion/anomalias_sinteticos_limpios,/home/jacky/DatosSerie/Resultados/GraficosConsolidado/GraficosOriginalLimpios,2026-02-21,2026-02-21,2008-10-28,2008-10-28,0.9374892115592957,77.2%,2,2,0.5,True,162,149,clip-ViT-B-32,laion2b_s34b_b79k,2026-04-25T05:08:52Z,subida,subida,gamma=4.0|ratio_delta=0.001|ventana_tend=5
028_SVR_DIRECT_ARIMA,017_2008-10-01,028_SVR_DIRECT_ARIMA.png,017_2008-10-01.png,/home/jacky/DatosSerie/Resultados/Prediccion/anomalias_sinteticos_limpios/028_SVR_DIRECT_ARIMA.png,/home/jacky/DatosSerie/Resultados/GraficosConsolidado/GraficosOriginalLimpios/017_2008-10-01.png,/home/jacky/DatosSerie/Resultados/Prediccion/anomalias_sinteticos_limpios,/home/jacky/DatosSerie/Resultados/GraficosConsolidado/GraficosOriginalLimpios,2026-01-29,2026-01-30,2008-10-01,2008-10-02,0.9460001587867737,80.1%,1,2,0.5,True,162,149,clip-ViT-B-32,laion2b_s34b_b79k,2026-04-25T05:08:52Z,indefinida,subida,gamma=4.0|ratio_delta=0.001|ventana_tend=5
028_SVR_DIRECT_ARIMA,142_2023-08-15,028_SVR_DIRECT_ARIMA.png,142_2023-08-15.png,/home/jacky/DatosSerie/Resultados/Prediccion/anomalias_sinteticos_limpios/028_SVR_DIRECT_ARIMA.png,/home/jacky/DatosSerie/Resultados/GraficosConsolidado/GraficosOriginalLimpios/142_2023-08-15.png,/home/jacky/DatosSerie/Resultados/Prediccion/anomalias_sinteticos_limpios,/home/jacky/DatosSerie/Resultados/GraficosConsolidado/GraficosOriginalLimpios,2026-01-29,2026-01-30,2023-08-15,2023-08-16,0.9445886611938477,79.6%,2,2,0.5,True,162,149,clip-ViT-B-32,laion2b_s34b_b79k,2026-04-25T05:08:52Z,indefinida,bajada,gamma=4.0|ratio_delta=0.001|ventana_tend=5
029_SVR_DIRECT_DBSCAN,142_2023-08-15,029_SVR_DIRECT_DBSCAN.png,142_2023-08-15.png,/home/jacky/DatosSerie/Resultados/Prediccion/anomalias_sinteticos_limpios/029_SVR_DIRECT_DBSCAN.png,/home/jacky/DatosSerie/Resultados/GraficosConsolidado/GraficosOriginalLimpios/142_2023-08-15.png,/home/jacky/DatosSerie/Resultados/Prediccion/anomalias_sinteticos_limpios,/home/jacky/DatosSerie/Resultados/GraficosConsolidado/GraficosOriginalLimpios,2026-01-29,2026-02-01,2023-08-15,2023-08-16,0.9546919465065002,83.1%,1,2,0.5,True,162,149,clip-ViT-B-32,laion2b_s34b_b79k,2026-04-25T05:08:52Z,indefinida,bajada,gamma=4.0|ratio_delta=0.001|ventana_tend=5
029_SVR_DIRECT_DBSCAN,093_2020-05-05,029_SVR_DIRECT_DBSCAN.png,093_2020-05-05.png,/home/jacky/DatosSerie/Resultados/Prediccion/anomalias_sinteticos_limpios/029_SVR_DIRECT_DBSCAN.png,/home/jacky/DatosSerie/Resultados/GraficosConsolidado/GraficosOriginalLimpios/093_2020-05-05.png,/home/jacky/DatosSerie/Resultados/Prediccion/anomalias_sinteticos_limpios,/home/jacky/DatosSerie/Resultados/GraficosConsolidado/GraficosOriginalLimpios,2026-01-29,2026-02-01,2020-05-05,2020-05-08,0.9531758427619934,82.5%,2,2,0.5,True,162,149,clip-ViT-B-32,laion2b_s34b_b79k,2026-04-25T05:08:52Z,indefinida,bajada,gamma=4.0|ratio_delta=0.001|ventana_tend=5
030_SVR_DIRECT_DBSCAN,142_2023-08-15,030_SVR_DIRECT_DBSCAN.png,142_2023-08-15.png,/home/jacky/DatosSerie/Resultados/Prediccion/anomalias_sinteticos_limpios/030_SVR_DIRECT_DBSCAN.png,/home/jacky/DatosSerie/Resultados/GraficosConsolidado/GraficosOriginalLimpios/142_2023-08-15.png,/home/jacky/DatosSerie/Resultados/Prediccion/anomalias_sinteticos_limpios,/home/jacky/DatosSerie/Resultados/GraficosConsolidado/GraficosOriginalLimpios,2026-02-09,2026-02-27,2023-08-15,2023-08-16,0.9587688446044922,84.5%,1,2,0.5,True,162,149,clip-ViT-B-32,laion2b_s34b_b79k,2026-04-25T05:08:52Z,indefinida,bajada,gamma=4.0|ratio_delta=0.001|ventana_tend=5
030_SVR_DIRECT_DBSCAN,091_2020-04-08,030_SVR_DIRECT_DBSCAN.png,091_2020-04-08.png,/home/jacky/DatosSerie/Resultados/Prediccion/anomalias_sinteticos_limpios/030_SVR_DIRECT_DBSCAN.png,/home/jacky/DatosSerie/Resultados/GraficosConsolidado/GraficosOriginalLimpios/091_2020-04-08.png,/home/jacky/DatosSerie/Resultados/Prediccion/anomalias_sinteticos_limpios,/home/jacky/DatosSerie/Resultados/GraficosConsolidado/GraficosOriginalLimpios,2026-02-09,2026-02-27,2020-04-08,2020-04-09,0.9575352072715759,84.1%,2,2,0.5,True,162,149,clip-ViT-B-32,laion2b_s34b_b79k,2026-04-25T05:08:52Z,indefinida,subida,gamma=4.0|ratio_delta=0.001|ventana_tend=5
031_SVR_DIRECT_DIF,142_2023-08-15,031_SVR_DIRECT_DIF.png,142_2023-08-15.png,/home/jacky/DatosSerie/Resultados/Prediccion/anomalias_sinteticos_limpios/031_SVR_DIRECT_DIF.png,/home/jacky/DatosSerie/Resultados/GraficosConsolidado/GraficosOriginalLimpios/142_2023-08-15.png,/home/jacky/DatosSerie/Resultados/Prediccion/anomalias_sinteticos_limpios,/home/jacky/DatosSerie/Resultados/GraficosConsolidado/GraficosOriginalLimpios,2026-01-30,2026-01-30,2023-08-15,2023-08-16,0.9445886611938477,79.6%,2,2,0.5,True,162,149,clip-ViT-B-32,laion2b_s34b_b79k,2026-04-25T05:08:52Z,bajada,bajada,gamma=4.0|ratio_delta=0.001|ventana_tend=5
031_SVR_DIRECT_DIF,029_2008-12-04,031_SVR_DIRECT_DIF.png,029_2008-12-04.png,/home/jacky/DatosSerie/Resultados/Prediccion/anomalias_sinteticos_limpios/031_SVR_DIRECT_DIF.png,/home/jacky/DatosSerie/Resultados/GraficosConsolidado/GraficosOriginalLimpios/029_2008-12-04.png,/home/jacky/DatosSerie/Resultados/Prediccion/anomalias_sinteticos_limpios,/home/jacky/DatosSerie/Resultados/GraficosConsolidado/GraficosOriginalLimpios,2026-01-30,2026-01-30,2008-12-04,2008-12-05,0.9441283941268921,79.5%,3,2,0.5,True,162,149,clip-ViT-B-32,laion2b_s34b_b79k,2026-04-25T05:08:52Z,bajada,bajada,gamma=4.0|ratio_delta=0.001|ventana_tend=5
033_SVR_DIRECT_IFOREST,075_2016-04-28,033_SVR_DIRECT_IFOREST.png,075_2016-04-28.png,/home/jacky/DatosSerie/Resultados/Prediccion/anomalias_sinteticos_limpios/033_SVR_DIRECT_IFOREST.png,/home/jacky/DatosSerie/Resultados/GraficosConsolidado/GraficosOriginalLimpios/075_2016-04-28.png,/home/jacky/DatosSerie/Resultados/Prediccion/anomalias_sinteticos_limpios,/home/jacky/DatosSerie/Resultados/GraficosConsolidado/GraficosOriginalLimpios,2026-02-27,2026-02-27,2016-04-28,2016-04-28,0.9551360607147217,83.2%,1,2,0.5,True,162,149,clip-ViT-B-32,laion2b_s34b_b79k,2026-04-25T05:08:52Z,indefinida,bajada,gamma=4.0|ratio_delta=0.001|ventana_tend=5
033_SVR_DIRECT_IFOREST,067_2016-01-12,033_SVR_DIRECT_IFOREST.png,067_2016-01-12.png,/home/jacky/DatosSerie/Resultados/Prediccion/anomalias_sinteticos_limpios/033_SVR_DIRECT_IFOREST.png,/home/jacky/DatosSerie/Resultados/GraficosConsolidado/GraficosOriginalLimpios/067_2016-01-12.png,/home/jacky/DatosSerie/Resultados/Prediccion/anomalias_sinteticos_limpios,/home/jacky/DatosSerie/Resultados/GraficosConsolidado/GraficosOriginalLimpios,2026-02-27,2026-02-27,2016-01-12,2016-01-12,0.9513005018234253,81.9%,2,2,0.5,True,162,149,clip-ViT-B-32,laion2b_s34b_b79k,2026-04-25T05:08:52Z,indefinida,subida,gamma=4.0|ratio_delta=0.001|ventana_tend=5
034_SVR_DIRECT_TIMEGPT,075_2016-04-28,034_SVR_DIRECT_TIMEGPT.png,075_2016-04-28.png,/home/jacky/DatosSerie/Resultados/Prediccion/anomalias_sinteticos_limpios/034_SVR_DIRECT_TIMEGPT.png,/home/jacky/DatosSerie/Resultados/GraficosConsolidado/GraficosOriginalLimpios/075_2016-04-28.png,/home/jacky/DatosSerie/Resultados/Prediccion/anomalias_sinteticos_limpios,/home/jacky/DatosSerie/Resultados/GraficosConsolidado/GraficosOriginalLimpios,2026-02-27,2026-02-27,2016-04-28,2016-04-28,0.9551360607147217,83.2%,1,2,0.5,True,162,149,clip-ViT-B-32,laion2b_s34b_b79k,2026-04-25T05:08:52Z,indefinida,bajada,gamma=4.0|ratio_delta=0.001|ventana_tend=5
034_SVR_DIRECT_TIMEGPT,067_2016-01-12,034_SVR_DIRECT_TIMEGPT.png,067_2016-01-12.png,/home/jacky/DatosSerie/Resultados/Prediccion/anomalias_sinteticos_limpios/034_SVR_DIRECT_TIMEGPT.png,/home/jacky/DatosSerie/Resultados/GraficosConsolidado/GraficosOriginalLimpios/067_2016-01-12.png,/home/jacky/DatosSerie/Resultados/Prediccion/anomalias_sinteticos_limpios,/home/jacky/DatosSerie/Resultados/GraficosConsolidado/GraficosOriginalLimpios,2026-02-27,2026-02-27,2016-01-12,2016-01-12,0.9513005018234253,81.9%,2,2,0.5,True,162,149,clip-ViT-B-32,laion2b_s34b_b79k,2026-04-25T05:08:52Z,indefinida,subida,gamma=4.0|ratio_delta=0.001|ventana_tend=5
035_SVR_DIRECT_TIMESNET,075_2016-04-28,035_SVR_DIRECT_TIMESNET.png,075_2016-04-28.png,/home/jacky/DatosSerie/Resultados/Prediccion/anomalias_sinteticos_limpios/035_SVR_DIRECT_TIMESNET.png,/home/jacky/DatosSerie/Resultados/GraficosConsolidado/GraficosOriginalLimpios/075_2016-04-28.png,/home/jacky/DatosSerie/Resultados/Prediccion/anomalias_sinteticos_limpios,/home/jacky/DatosSerie/Resultados/GraficosConsolidado/GraficosOriginalLimpios,2026-02-27,2026-02-27,2016-04-28,2016-04-28,0.9551360607147217,83.2%,1,2,0.5,True,162,149,clip-ViT-B-32,laion2b_s34b_b79k,2026-04-25T05:08:52Z,indefinida,bajada,gamma=4.0|ratio_delta=0.001|ventana_tend=5
035_SVR_DIRECT_TIMESNET,067_2016-01-12,035_SVR_DIRECT_TIMESNET.png,067_2016-01-12.png,/home/jacky/DatosSerie/Resultados/Prediccion/anomalias_sinteticos_limpios/035_SVR_DIRECT_TIMESNET.png,/home/jacky/DatosSerie/Resultados/GraficosConsolidado/GraficosOriginalLimpios/067_2016-01-12.png,/home/jacky/DatosSerie/Resultados/Prediccion/anomalias_sinteticos_limpios,/home/jacky/DatosSerie/Resultados/GraficosConsolidado/GraficosOriginalLimpios,2026-02-27,2026-02-27,2016-01-12,2016-01-12,0.9513005018234253,81.9%,2,2,0.5,True,162,149,clip-ViT-B-32,laion2b_s34b_b79k,2026-04-25T05:08:52Z,indefinida,subida,gamma=4.0|ratio_delta=0.001|ventana_tend=5
036_SVR_DIRECT_TRANAD,075_2016-04-28,036_SVR_DIRECT_TRANAD.png,075_2016-04-28.png,/home/jacky/DatosSerie/Resultados/Prediccion/anomalias_sinteticos_limpios/036_SVR_DIRECT_TRANAD.png,/home/jacky/DatosSerie/Resultados/GraficosConsolidado/GraficosOriginalLimpios/075_2016-04-28.png,/home/jacky/DatosSerie/Resultados/Prediccion/anomalias_sinteticos_limpios,/home/jacky/DatosSerie/Resultados/GraficosConsolidado/GraficosOriginalLimpios,2026-02-27,2026-02-27,2016-04-28,2016-04-28,0.9551360607147217,83.2%,1,2,0.5,True,162,149,clip-ViT-B-32,laion2b_s34b_b79k,2026-04-25T05:08:52Z,indefinida,bajada,gamma=4.0|ratio_delta=0.001|ventana_tend=5
036_SVR_DIRECT_TRANAD,067_2016-01-12,036_SVR_DIRECT_TRANAD.png,067_2016-01-12.png,/home/jacky/DatosSerie/Resultados/Prediccion/anomalias_sinteticos_limpios/036_SVR_DIRECT_TRANAD.png,/home/jacky/DatosSerie/Resultados/GraficosConsolidado/GraficosOriginalLimpios/067_2016-01-12.png,/home/jacky/DatosSerie/Resultados/Prediccion/anomalias_sinteticos_limpios,/home/jacky/DatosSerie/Resultados/GraficosConsolidado/GraficosOriginalLimpios,2026-02-27,2026-02-27,2016-01-12,2016-01-12,0.9513005018234253,81.9%,2,2,0.5,True,162,149,clip-ViT-B-32,laion2b_s34b_b79k,2026-04-25T05:08:52Z,indefinida,subida,gamma=4.0|ratio_delta=0.001|ventana_tend=5
038_RF_FEEDBACK_ARIMA,086_2020-02-27,038_RF_FEEDBACK_ARIMA.png,086_2020-02-27.png,/home/jacky/DatosSerie/Resultados/Prediccion/anomalias_sinteticos_limpios/038_RF_FEEDBACK_ARIMA.png,/home/jacky/DatosSerie/Resultados/GraficosConsolidado/GraficosOriginalLimpios/086_2020-02-27.png,/home/jacky/DatosSerie/Resultados/Prediccion/anomalias_sinteticos_limpios,/home/jacky/DatosSerie/Resultados/GraficosConsolidado/GraficosOriginalLimpios,2026-02-12,2026-02-12,2020-02-27,2020-02-27,0.9553658962249756,83.3%,1,2,0.5,True,162,149,clip-ViT-B-32,laion2b_s34b_b79k,2026-04-25T05:08:52Z,subida,subida,gamma=4.0|ratio_delta=0.001|ventana_tend=5
038_RF_FEEDBACK_ARIMA,021_2008-10-20,038_RF_FEEDBACK_ARIMA.png,021_2008-10-20.png,/home/jacky/DatosSerie/Resultados/Prediccion/anomalias_sinteticos_limpios/038_RF_FEEDBACK_ARIMA.png,/home/jacky/DatosSerie/Resultados/GraficosConsolidado/GraficosOriginalLimpios/021_2008-10-20.png,/home/jacky/DatosSerie/Resultados/Prediccion/anomalias_sinteticos_limpios,/home/jacky/DatosSerie/Resultados/GraficosConsolidado/GraficosOriginalLimpios,2026-02-12,2026-02-12,2008-10-20,2008-10-24,0.9542617797851562,82.9%,2,2,0.5,True,162,149,clip-ViT-B-32,laion2b_s34b_b79k,2026-04-25T05:08:52Z,subida,subida,gamma=4.0|ratio_delta=0.001|ventana_tend=5
039_RF_FEEDBACK_DBSCAN,020_2008-10-14,039_RF_FEEDBACK_DBSCAN.png,020_2008-10-14.png,/home/jacky/DatosSerie/Resultados/Prediccion/anomalias_sinteticos_limpios/039_RF_FEEDBACK_DBSCAN.png,/home/jacky/DatosSerie/Resultados/GraficosConsolidado/GraficosOriginalLimpios/020_2008-10-14.png,/home/jacky/DatosSerie/Resultados/Prediccion/anomalias_sinteticos_limpios,/home/jacky/DatosSerie/Resultados/GraficosConsolidado/GraficosOriginalLimpios,2026-01-29,2026-02-11,2008-10-14,2008-10-17,0.9553343057632446,83.3%,1,2,0.5,True,162,149,clip-ViT-B-32,laion2b_s34b_b79k,2026-04-25T05:08:52Z,indefinida,subida,gamma=4.0|ratio_delta=0.001|ventana_tend=5
039_RF_FEEDBACK_DBSCAN,086_2020-02-27,039_RF_FEEDBACK_DBSCAN.png,086_2020-02-27.png,/home/jacky/DatosSerie/Resultados/Prediccion/anomalias_sinteticos_limpios/039_RF_FEEDBACK_DBSCAN.png,/home/jacky/DatosSerie/Resultados/GraficosConsolidado/GraficosOriginalLimpios/086_2020-02-27.png,/home/jacky/DatosSerie/Resultados/Prediccion/anomalias_sinteticos_limpios,/home/jacky/DatosSerie/Resultados/GraficosConsolidado/GraficosOriginalLimpios,2026-01-29,2026-02-11,2020-02-27,2020-02-27,0.9523755311965942,82.3%,2,2,0.5,True,162,149,clip-ViT-B-32,laion2b_s34b_b79k,2026-04-25T05:08:52Z,indefinida,subida,gamma=4.0|ratio_delta=0.001|ventana_tend=5
040_RF_FEEDBACK_DBSCAN,021_2008-10-20,040_RF_FEEDBACK_DBSCAN.png,021_2008-10-20.png,/home/jacky/DatosSerie/Resultados/Prediccion/anomalias_sinteticos_limpios/040_RF_FEEDBACK_DBSCAN.png,/home/jacky/DatosSerie/Resultados/GraficosConsolidado/GraficosOriginalLimpios/021_2008-10-20.png,/home/jacky/DatosSerie/Resultados/Prediccion/anomalias_sinteticos_limpios,/home/jacky/DatosSerie/Resultados/GraficosConsolidado/GraficosOriginalLimpios,2026-02-13,2026-02-17,2008-10-20,2008-10-24,0.9564367532730103,83.7%,1,2,0.5,True,162,149,clip-ViT-B-32,laion2b_s34b_b79k,2026-04-25T05:08:52Z,subida,subida,gamma=4.0|ratio_delta=0.001|ventana_tend=5
040_RF_FEEDBACK_DBSCAN,061_2014-12-01,040_RF_FEEDBACK_DBSCAN.png,061_2014-12-01.png,/home/jacky/DatosSerie/Resultados/Prediccion/anomalias_sinteticos_limpios/040_RF_FEEDBACK_DBSCAN.png,/home/jacky/DatosSerie/Resultados/GraficosConsolidado/GraficosOriginalLimpios/061_2014-12-01.png,/home/jacky/DatosSerie/Resultados/Prediccion/anomalias_sinteticos_limpios,/home/jacky/DatosSerie/Resultados/GraficosConsolidado/GraficosOriginalLimpios,2026-02-13,2026-02-17,2014-12-01,2014-12-01,0.953353762626648,82.6%,2,2,0.5,True,162,149,clip-ViT-B-32,laion2b_s34b_b79k,2026-04-25T05:08:52Z,subida,subida,gamma=4.0|ratio_delta=0.001|ventana_tend=5
041_RF_FEEDBACK_DBSCAN,154_2025-02-08,041_RF_FEEDBACK_DBSCAN.png,154_2025-02-08.png,/home/jacky/DatosSerie/Resultados/Prediccion/anomalias_sinteticos_limpios/041_RF_FEEDBACK_DBSCAN.png,/home/jacky/DatosSerie/Resultados/GraficosConsolidado/GraficosOriginalLimpios/154_2025-02-08.png,/home/jacky/DatosSerie/Resultados/Prediccion/anomalias_sinteticos_limpios,/home/jacky/DatosSerie/Resultados/GraficosConsolidado/GraficosOriginalLimpios,2026-02-24,2026-02-25,2025-02-08,2025-02-10,0.9597830772399902,84.9%,1,2,0.5,True,162,149,clip-ViT-B-32,laion2b_s34b_b79k,2026-04-25T05:08:52Z,indefinida,subida,gamma=4.0|ratio_delta=0.001|ventana_tend=5
041_RF_FEEDBACK_DBSCAN,094_2020-05-13,041_RF_FEEDBACK_DBSCAN.png,094_2020-05-13.png,/home/jacky/DatosSerie/Resultados/Prediccion/anomalias_sinteticos_limpios/041_RF_FEEDBACK_DBSCAN.png,/home/jacky/DatosSerie/Resultados/GraficosConsolidado/GraficosOriginalLimpios/094_2020-05-13.png,/home/jacky/DatosSerie/Resultados/Prediccion/anomalias_sinteticos_limpios,/home/jacky/DatosSerie/Resultados/GraficosConsolidado/GraficosOriginalLimpios,2026-02-24,2026-02-25,2020-05-13,2020-05-15,0.9582076668739319,84.3%,2,2,0.5,True,162,149,clip-ViT-B-32,laion2b_s34b_b79k,2026-04-25T05:08:52Z,indefinida,bajada,gamma=4.0|ratio_delta=0.001|ventana_tend=5
042_RF_FEEDBACK_DIF,086_2020-02-27,042_RF_FEEDBACK_DIF.png,086_2020-02-27.png,/home/jacky/DatosSerie/Resultados/Prediccion/anomalias_sinteticos_limpios/042_RF_FEEDBACK_DIF.png,/home/jacky/DatosSerie/Resultados/GraficosConsolidado/GraficosOriginalLimpios/086_2020-02-27.png,/home/jacky/DatosSerie/Resultados/Prediccion/anomalias_sinteticos_limpios,/home/jacky/DatosSerie/Resultados/GraficosConsolidado/GraficosOriginalLimpios,2026-02-12,2026-02-13,2020-02-27,2020-02-27,0.9571003317832947,83.9%,1,2,0.5,True,162,149,clip-ViT-B-32,laion2b_s34b_b79k,2026-04-25T05:08:52Z,subida,subida,gamma=4.0|ratio_delta=0.001|ventana_tend=5
042_RF_FEEDBACK_DIF,085_2020-02-25,042_RF_FEEDBACK_DIF.png,085_2020-02-25.png,/home/jacky/DatosSerie/Resultados/Prediccion/anomalias_sinteticos_limpios/042_RF_FEEDBACK_DIF.png,/home/jacky/DatosSerie/Resultados/GraficosConsolidado/GraficosOriginalLimpios/085_2020-02-25.png,/home/jacky/DatosSerie/Resultados/Prediccion/anomalias_sinteticos_limpios,/home/jacky/DatosSerie/Resultados/GraficosConsolidado/GraficosOriginalLimpios,2026-02-12,2026-02-13,2020-02-25,2020-02-25,0.9525219798088074,82.3%,2,2,0.5,True,162,149,clip-ViT-B-32,laion2b_s34b_b79k,2026-04-25T05:08:52Z,subida,subida,gamma=4.0|ratio_delta=0.001|ventana_tend=5
044_RF_FEEDBACK_TIMEGPT,154_2025-02-08,044_RF_FEEDBACK_TIMEGPT.png,154_2025-02-08.png,/home/jacky/DatosSerie/Resultados/Prediccion/anomalias_sinteticos_limpios/044_RF_FEEDBACK_TIMEGPT.png,/home/jacky/DatosSerie/Resultados/GraficosConsolidado/GraficosOriginalLimpios/154_2025-02-08.png,/home/jacky/DatosSerie/Resultados/Prediccion/anomalias_sinteticos_limpios,/home/jacky/DatosSerie/Resultados/GraficosConsolidado/GraficosOriginalLimpios,2026-02-24,2026-02-24,2025-02-08,2025-02-10,0.9597830772399902,84.9%,1,2,0.5,True,162,149,clip-ViT-B-32,laion2b_s34b_b79k,2026-04-25T05:08:52Z,indefinida,subida,gamma=4.0|ratio_delta=0.001|ventana_tend=5
044_RF_FEEDBACK_TIMEGPT,094_2020-05-13,044_RF_FEEDBACK_TIMEGPT.png,094_2020-05-13.png,/home/jacky/DatosSerie/Resultados/Prediccion/anomalias_sinteticos_limpios/044_RF_FEEDBACK_TIMEGPT.png,/home/jacky/DatosSerie/Resultados/GraficosConsolidado/GraficosOriginalLimpios/094_2020-05-13.png,/home/jacky/DatosSerie/Resultados/Prediccion/anomalias_sinteticos_limpios,/home/jacky/DatosSerie/Resultados/GraficosConsolidado/GraficosOriginalLimpios,2026-02-24,2026-02-24,2020-05-13,2020-05-15,0.9582076668739319,84.3%,2,2,0.5,True,162,149,clip-ViT-B-32,laion2b_s34b_b79k,2026-04-25T05:08:52Z,indefinida,bajada,gamma=4.0|ratio_delta=0.001|ventana_tend=5
046_RF_FEEDBACK_TRANAD,099_2020-06-24,046_RF_FEEDBACK_TRANAD.png,099_2020-06-24.png,/home/jacky/DatosSerie/Resultados/Prediccion/anomalias_sinteticos_limpios/046_RF_FEEDBACK_TRANAD.png,/home/jacky/DatosSerie/Resultados/GraficosConsolidado/GraficosOriginalLimpios/099_2020-06-24.png,/home/jacky/DatosSerie/Resultados/Prediccion/anomalias_sinteticos_limpios,/home/jacky/DatosSerie/Resultados/GraficosConsolidado/GraficosOriginalLimpios,2026-02-21,2026-02-21,2020-06-24,2020-06-26,0.9634270071983337,86.2%,1,2,0.5,True,162,149,clip-ViT-B-32,laion2b_s34b_b79k,2026-04-25T05:08:52Z,indefinida,subida,gamma=4.0|ratio_delta=0.001|ventana_tend=5
046_RF_FEEDBACK_TRANAD,061_2014-12-01,046_RF_FEEDBACK_TRANAD.png,061_2014-12-01.png,/home/jacky/DatosSerie/Resultados/Prediccion/anomalias_sinteticos_limpios/046_RF_FEEDBACK_TRANAD.png,/home/jacky/DatosSerie/Resultados/GraficosConsolidado/GraficosOriginalLimpios/061_2014-12-01.png,/home/jacky/DatosSerie/Resultados/Prediccion/anomalias_sinteticos_limpios,/home/jacky/DatosSerie/Resultados/GraficosConsolidado/GraficosOriginalLimpios,2026-02-21,2026-02-21,2014-12-01,2014-12-01,0.9603022933006287,85.0%,2,2,0.5,True,162,149,clip-ViT-B-32,laion2b_s34b_b79k,2026-04-25T05:08:52Z,indefinida,subida,gamma=4.0|ratio_delta=0.001|ventana_tend=5
047_RF_DIRECT_ARIMA,131_2023-03-15,047_RF_DIRECT_ARIMA.png,131_2023-03-15.png,/home/jacky/DatosSerie/Resultados/Prediccion/anomalias_sinteticos_limpios/047_RF_DIRECT_ARIMA.png,/home/jacky/DatosSerie/Resultados/GraficosConsolidado/GraficosOriginalLimpios/131_2023-03-15.png,/home/jacky/DatosSerie/Resultados/Prediccion/anomalias_sinteticos_limpios,/home/jacky/DatosSerie/Resultados/GraficosConsolidado/GraficosOriginalLimpios,2026-01-29,2026-01-29,2023-03-15,2023-03-15,0.9589430689811707,84.6%,1,2,0.5,True,162,149,clip-ViT-B-32,laion2b_s34b_b79k,2026-04-25T05:08:52Z,indefinida,subida,gamma=4.0|ratio_delta=0.001|ventana_tend=5
047_RF_DIRECT_ARIMA,156_2025-03-06,047_RF_DIRECT_ARIMA.png,156_2025-03-06.png,/home/jacky/DatosSerie/Resultados/Prediccion/anomalias_sinteticos_limpios/047_RF_DIRECT_ARIMA.png,/home/jacky/DatosSerie/Resultados/GraficosConsolidado/GraficosOriginalLimpios/156_2025-03-06.png,/home/jacky/DatosSerie/Resultados/Prediccion/anomalias_sinteticos_limpios,/home/jacky/DatosSerie/Resultados/GraficosConsolidado/GraficosOriginalLimpios,2026-01-29,2026-01-29,2025-03-06,2025-03-06,0.9547100067138672,83.1%,2,2,0.5,True,162,149,clip-ViT-B-32,laion2b_s34b_b79k,2026-04-25T05:08:52Z,indefinida,subida,gamma=4.0|ratio_delta=0.001|ventana_tend=5
048_RF_DIRECT_ARIMA,029_2008-12-04,048_RF_DIRECT_ARIMA.png,029_2008-12-04.png,/home/jacky/DatosSerie/Resultados/Prediccion/anomalias_sinteticos_limpios/048_RF_DIRECT_ARIMA.png,/home/jacky/DatosSerie/Resultados/GraficosConsolidado/GraficosOriginalLimpios/029_2008-12-04.png,/home/jacky/DatosSerie/Resultados/Prediccion/anomalias_sinteticos_limpios,/home/jacky/DatosSerie/Resultados/GraficosConsolidado/GraficosOriginalLimpios,2026-02-06,2026-02-06,2008-12-04,2008-12-05,0.9562847018241882,83.6%,1,2,0.5,True,162,149,clip-ViT-B-32,laion2b_s34b_b79k,2026-04-25T05:08:52Z,indefinida,bajada,gamma=4.0|ratio_delta=0.001|ventana_tend=5
048_RF_DIRECT_ARIMA,078_2019-08-05,048_RF_DIRECT_ARIMA.png,078_2019-08-05.png,/home/jacky/DatosSerie/Resultados/Prediccion/anomalias_sinteticos_limpios/048_RF_DIRECT_ARIMA.png,/home/jacky/DatosSerie/Resultados/GraficosConsolidado/GraficosOriginalLimpios/078_2019-08-05.png,/home/jacky/DatosSerie/Resultados/Prediccion/anomalias_sinteticos_limpios,/home/jacky/DatosSerie/Resultados/GraficosConsolidado/GraficosOriginalLimpios,2026-02-06,2026-02-06,2019-08-05,2019-08-05,0.9534193277359009,82.6%,2,2,0.5,True,162,149,clip-ViT-B-32,laion2b_s34b_b79k,2026-04-25T05:08:52Z,indefinida,subida,gamma=4.0|ratio_delta=0.001|ventana_tend=5
050_RF_DIRECT_DBSCAN,061_2014-12-01,050_RF_DIRECT_DBSCAN.png,061_2014-12-01.png,/home/jacky/DatosSerie/Resultados/Prediccion/anomalias_sinteticos_limpios/050_RF_DIRECT_DBSCAN.png,/home/jacky/DatosSerie/Resultados/GraficosConsolidado/GraficosOriginalLimpios/061_2014-12-01.png,/home/jacky/DatosSerie/Resultados/Prediccion/anomalias_sinteticos_limpios,/home/jacky/DatosSerie/Resultados/GraficosConsolidado/GraficosOriginalLimpios,2026-02-02,2026-02-07,2014-12-01,2014-12-01,0.9572589993476868,84.0%,3,2,0.5,True,162,149,clip-ViT-B-32,laion2b_s34b_b79k,2026-04-25T05:08:52Z,subida,subida,gamma=4.0|ratio_delta=0.001|ventana_tend=5
050_RF_DIRECT_DBSCAN,032_2008-12-29,050_RF_DIRECT_DBSCAN.png,032_2008-12-29.png,/home/jacky/DatosSerie/Resultados/Prediccion/anomalias_sinteticos_limpios/050_RF_DIRECT_DBSCAN.png,/home/jacky/DatosSerie/Resultados/GraficosConsolidado/GraficosOriginalLimpios/032_2008-12-29.png,/home/jacky/DatosSerie/Resultados/Prediccion/anomalias_sinteticos_limpios,/home/jacky/DatosSerie/Resultados/GraficosConsolidado/GraficosOriginalLimpios,2026-02-02,2026-02-07,2008-12-29,2008-12-29,0.9543938636779785,83.0%,5,2,0.5,True,162,149,clip-ViT-B-32,laion2b_s34b_b79k,2026-04-25T05:08:52Z,subida,subida,gamma=4.0|ratio_delta=0.001|ventana_tend=5
051_RF_DIRECT_DBSCAN,149_2024-03-01,051_RF_DIRECT_DBSCAN.png,149_2024-03-01.png,/home/jacky/DatosSerie/Resultados/Prediccion/anomalias_sinteticos_limpios/051_RF_DIRECT_DBSCAN.png,/home/jacky/DatosSerie/Resultados/GraficosConsolidado/GraficosOriginalLimpios/149_2024-03-01.png,/home/jacky/DatosSerie/Resultados/Prediccion/anomalias_sinteticos_limpios,/home/jacky/DatosSerie/Resultados/GraficosConsolidado/GraficosOriginalLimpios,2026-02-10,2026-02-12,2024-03-01,2024-03-01,0.9626208543777466,85.9%,1,2,0.5,True,162,149,clip-ViT-B-32,laion2b_s34b_b79k,2026-04-25T05:08:52Z,bajada,bajada,gamma=4.0|ratio_delta=0.001|ventana_tend=5
051_RF_DIRECT_DBSCAN,082_2019-12-06,051_RF_DIRECT_DBSCAN.png,082_2019-12-06.png,/home/jacky/DatosSerie/Resultados/Prediccion/anomalias_sinteticos_limpios/051_RF_DIRECT_DBSCAN.png,/home/jacky/DatosSerie/Resultados/GraficosConsolidado/GraficosOriginalLimpios/082_2019-12-06.png,/home/jacky/DatosSerie/Resultados/Prediccion/anomalias_sinteticos_limpios,/home/jacky/DatosSerie/Resultados/GraficosConsolidado/GraficosOriginalLimpios,2026-02-10,2026-02-12,2019-12-06,2019-12-06,0.9596819877624512,84.8%,2,2,0.5,True,162,149,clip-ViT-B-32,laion2b_s34b_b79k,2026-04-25T05:08:52Z,bajada,bajada,gamma=4.0|ratio_delta=0.001|ventana_tend=5
052_RF_DIRECT_DBSCAN,070_2016-02-17,052_RF_DIRECT_DBSCAN.png,070_2016-02-17.png,/home/jacky/DatosSerie/Resultados/Prediccion/anomalias_sinteticos_limpios/052_RF_DIRECT_DBSCAN.png,/home/jacky/DatosSerie/Resultados/GraficosConsolidado/GraficosOriginalLimpios/070_2016-02-17.png,/home/jacky/DatosSerie/Resultados/Prediccion/anomalias_sinteticos_limpios,/home/jacky/DatosSerie/Resultados/GraficosConsolidado/GraficosOriginalLimpios,2026-02-18,2026-02-25,2016-02-17,2016-02-17,0.954558789730072,83.0%,1,2,0.5,True,162,149,clip-ViT-B-32,laion2b_s34b_b79k,2026-04-25T05:08:52Z,indefinida,bajada,gamma=4.0|ratio_delta=0.001|ventana_tend=5
052_RF_DIRECT_DBSCAN,032_2008-12-29,052_RF_DIRECT_DBSCAN.png,032_2008-12-29.png,/home/jacky/DatosSerie/Resultados/Prediccion/anomalias_sinteticos_limpios/052_RF_DIRECT_DBSCAN.png,/home/jacky/DatosSerie/Resultados/GraficosConsolidado/GraficosOriginalLimpios/032_2008-12-29.png,/home/jacky/DatosSerie/Resultados/Prediccion/anomalias_sinteticos_limpios,/home/jacky/DatosSerie/Resultados/GraficosConsolidado/GraficosOriginalLimpios,2026-02-18,2026-02-25,2008-12-29,2008-12-29,0.9524810314178467,82.3%,2,2,0.5,True,162,149,clip-ViT-B-32,laion2b_s34b_b79k,2026-04-25T05:08:52Z,indefinida,subida,gamma=4.0|ratio_delta=0.001|ventana_tend=5
053_RF_DIRECT_DBSCAN,061_2014-12-01,053_RF_DIRECT_DBSCAN.png,061_2014-12-01.png,/home/jacky/DatosSerie/Resultados/Prediccion/anomalias_sinteticos_limpios/053_RF_DIRECT_DBSCAN.png,/home/jacky/DatosSerie/Resultados/GraficosConsolidado/GraficosOriginalLimpios/061_2014-12-01.png,/home/jacky/DatosSerie/Resultados/Prediccion/anomalias_sinteticos_limpios,/home/jacky/DatosSerie/Resultados/GraficosConsolidado/GraficosOriginalLimpios,2026-02-27,2026-02-27,2014-12-01,2014-12-01,0.957084596157074,83.9%,1,2,0.5,True,162,149,clip-ViT-B-32,laion2b_s34b_b79k,2026-04-25T05:08:52Z,indefinida,subida,gamma=4.0|ratio_delta=0.001|ventana_tend=5
053_RF_DIRECT_DBSCAN,023_2008-11-03,053_RF_DIRECT_DBSCAN.png,023_2008-11-03.png,/home/jacky/DatosSerie/Resultados/Prediccion/anomalias_sinteticos_limpios/053_RF_DIRECT_DBSCAN.png,/home/jacky/DatosSerie/Resultados/GraficosConsolidado/GraficosOriginalLimpios/023_2008-11-03.png,/home/jacky/DatosSerie/Resultados/Prediccion/anomalias_sinteticos_limpios,/home/jacky/DatosSerie/Resultados/GraficosConsolidado/GraficosOriginalLimpios,2026-02-27,2026-02-27,2008-11-03,2008-11-03,0.9550883769989014,83.2%,2,2,0.5,True,162,149,clip-ViT-B-32,laion2b_s34b_b79k,2026-04-25T05:08:52Z,indefinida,bajada,gamma=4.0|ratio_delta=0.001|ventana_tend=5
054_RF_DIRECT_DIF,078_2019-08-05,054_RF_DIRECT_DIF.png,078_2019-08-05.png,/home/jacky/DatosSerie/Resultados/Prediccion/anomalias_sinteticos_limpios/054_RF_DIRECT_DIF.png,/home/jacky/DatosSerie/Resultados/GraficosConsolidado/GraficosOriginalLimpios/078_2019-08-05.png,/home/jacky/DatosSerie/Resultados/Prediccion/anomalias_sinteticos_limpios,/home/jacky/DatosSerie/Resultados/GraficosConsolidado/GraficosOriginalLimpios,2026-02-01,2026-02-01,2019-08-05,2019-08-05,0.9611495137214661,85.3%,1,2,0.5,True,162,149,clip-ViT-B-32,laion2b_s34b_b79k,2026-04-25T05:08:52Z,subida,subida,gamma=4.0|ratio_delta=0.001|ventana_tend=5
054_RF_DIRECT_DIF,061_2014-12-01,054_RF_DIRECT_DIF.png,061_2014-12-01.png,/home/jacky/DatosSerie/Resultados/Prediccion/anomalias_sinteticos_limpios/054_RF_DIRECT_DIF.png,/home/jacky/DatosSerie/Resultados/GraficosConsolidado/GraficosOriginalLimpios/061_2014-12-01.png,/home/jacky/DatosSerie/Resultados/Prediccion/anomalias_sinteticos_limpios,/home/jacky/DatosSerie/Resultados/GraficosConsolidado/GraficosOriginalLimpios,2026-02-01,2026-02-01,2014-12-01,2014-12-01,0.9582715034484863,84.3%,4,2,0.5,True,162,149,clip-ViT-B-32,laion2b_s34b_b79k,2026-04-25T05:08:52Z,subida,subida,gamma=4.0|ratio_delta=0.001|ventana_tend=5
055_RF_DIRECT_DIF,029_2008-12-04,055_RF_DIRECT_DIF.png,029_2008-12-04.png,/home/jacky/DatosSerie/Resultados/Prediccion/anomalias_sinteticos_limpios/055_RF_DIRECT_DIF.png,/home/jacky/DatosSerie/Resultados/GraficosConsolidado/GraficosOriginalLimpios/029_2008-12-04.png,/home/jacky/DatosSerie/Resultados/Prediccion/anomalias_sinteticos_limpios,/home/jacky/DatosSerie/Resultados/GraficosConsolidado/GraficosOriginalLimpios,2026-02-06,2026-02-06,2008-12-04,2008-12-05,0.9562847018241882,83.6%,1,2,0.5,True,162,149,clip-ViT-B-32,laion2b_s34b_b79k,2026-04-25T05:08:52Z,indefinida,bajada,gamma=4.0|ratio_delta=0.001|ventana_tend=5
055_RF_DIRECT_DIF,078_2019-08-05,055_RF_DIRECT_DIF.png,078_2019-08-05.png,/home/jacky/DatosSerie/Resultados/Prediccion/anomalias_sinteticos_limpios/055_RF_DIRECT_DIF.png,/home/jacky/DatosSerie/Resultados/GraficosConsolidado/GraficosOriginalLimpios/078_2019-08-05.png,/home/jacky/DatosSerie/Resultados/Prediccion/anomalias_sinteticos_limpios,/home/jacky/DatosSerie/Resultados/GraficosConsolidado/GraficosOriginalLimpios,2026-02-06,2026-02-06,2019-08-05,2019-08-05,0.9534193277359009,82.6%,2,2,0.5,True,162,149,clip-ViT-B-32,laion2b_s34b_b79k,2026-04-25T05:08:52Z,indefinida,subida,gamma=4.0|ratio_delta=0.001|ventana_tend=5
056_RF_DIRECT_IFOREST,131_2023-03-15,056_RF_DIRECT_IFOREST.png,131_2023-03-15.png,/home/jacky/DatosSerie/Resultados/Prediccion/anomalias_sinteticos_limpios/056_RF_DIRECT_IFOREST.png,/home/jacky/DatosSerie/Resultados/GraficosConsolidado/GraficosOriginalLimpios/131_2023-03-15.png,/home/jacky/DatosSerie/Resultados/Prediccion/anomalias_sinteticos_limpios,/home/jacky/DatosSerie/Resultados/GraficosConsolidado/GraficosOriginalLimpios,2026-01-29,2026-01-29,2023-03-15,2023-03-15,0.9589430689811707,84.6%,1,2,0.5,True,162,149,clip-ViT-B-32,laion2b_s34b_b79k,2026-04-25T05:08:52Z,indefinida,subida,gamma=4.0|ratio_delta=0.001|ventana_tend=5
056_RF_DIRECT_IFOREST,156_2025-03-06,056_RF_DIRECT_IFOREST.png,156_2025-03-06.png,/home/jacky/DatosSerie/Resultados/Prediccion/anomalias_sinteticos_limpios/056_RF_DIRECT_IFOREST.png,/home/jacky/DatosSerie/Resultados/GraficosConsolidado/GraficosOriginalLimpios/156_2025-03-06.png,/home/jacky/DatosSerie/Resultados/Prediccion/anomalias_sinteticos_limpios,/home/jacky/DatosSerie/Resultados/GraficosConsolidado/GraficosOriginalLimpios,2026-01-29,2026-01-29,2025-03-06,2025-03-06,0.9547100067138672,83.1%,2,2,0.5,True,162,149,clip-ViT-B-32,laion2b_s34b_b79k,2026-04-25T05:08:52Z,indefinida,subida,gamma=4.0|ratio_delta=0.001|ventana_tend=5
057_RF_DIRECT_TIMEGPT,082_2019-12-06,057_RF_DIRECT_TIMEGPT.png,082_2019-12-06.png,/home/jacky/DatosSerie/Resultados/Prediccion/anomalias_sinteticos_limpios/057_RF_DIRECT_TIMEGPT.png,/home/jacky/DatosSerie/Resultados/GraficosConsolidado/GraficosOriginalLimpios/082_2019-12-06.png,/home/jacky/DatosSerie/Resultados/Prediccion/anomalias_sinteticos_limpios,/home/jacky/DatosSerie/Resultados/GraficosConsolidado/GraficosOriginalLimpios,2026-02-09,2026-02-09,2019-12-06,2019-12-06,0.96114182472229,85.3%,1,2,0.5,True,162,149,clip-ViT-B-32,laion2b_s34b_b79k,2026-04-25T05:08:52Z,indefinida,bajada,gamma=4.0|ratio_delta=0.001|ventana_tend=5
057_RF_DIRECT_TIMEGPT,149_2024-03-01,057_RF_DIRECT_TIMEGPT.png,149_2024-03-01.png,/home/jacky/DatosSerie/Resultados/Prediccion/anomalias_sinteticos_limpios/057_RF_DIRECT_TIMEGPT.png,/home/jacky/DatosSerie/Resultados/GraficosConsolidado/GraficosOriginalLimpios/149_2024-03-01.png,/home/jacky/DatosSerie/Resultados/Prediccion/anomalias_sinteticos_limpios,/home/jacky/DatosSerie/Resultados/GraficosConsolidado/GraficosOriginalLimpios,2026-02-09,2026-02-09,2024-03-01,2024-03-01,0.959328293800354,84.7%,2,2,0.5,True,162,149,clip-ViT-B-32,laion2b_s34b_b79k,2026-04-25T05:08:52Z,indefinida,bajada,gamma=4.0|ratio_delta=0.001|ventana_tend=5
058_RF_DIRECT_TIMESNET,102_2020-07-08,058_RF_DIRECT_TIMESNET.png,102_2020-07-08.png,/home/jacky/DatosSerie/Resultados/Prediccion/anomalias_sinteticos_limpios/058_RF_DIRECT_TIMESNET.png,/home/jacky/DatosSerie/Resultados/GraficosConsolidado/GraficosOriginalLimpios/102_2020-07-08.png,/home/jacky/DatosSerie/Resultados/Prediccion/anomalias_sinteticos_limpios,/home/jacky/DatosSerie/Resultados/GraficosConsolidado/GraficosOriginalLimpios,2026-02-21,2026-02-21,2020-07-08,2020-07-09,0.9642360806465149,86.4%,1,2,0.5,True,162,149,clip-ViT-B-32,laion2b_s34b_b79k,2026-04-25T05:08:52Z,indefinida,bajada,gamma=4.0|ratio_delta=0.001|ventana_tend=5
058_RF_DIRECT_TIMESNET,070_2016-02-17,058_RF_DIRECT_TIMESNET.png,070_2016-02-17.png,/home/jacky/DatosSerie/Resultados/Prediccion/anomalias_sinteticos_limpios/058_RF_DIRECT_TIMESNET.png,/home/jacky/DatosSerie/Resultados/GraficosConsolidado/GraficosOriginalLimpios/070_2016-02-17.png,/home/jacky/DatosSerie/Resultados/Prediccion/anomalias_sinteticos_limpios,/home/jacky/DatosSerie/Resultados/GraficosConsolidado/GraficosOriginalLimpios,2026-02-21,2026-02-21,2016-02-17,2016-02-17,0.9563207626342773,83.6%,2,2,0.5,True,162,149,clip-ViT-B-32,laion2b_s34b_b79k,2026-04-25T05:08:52Z,indefinida,bajada,gamma=4.0|ratio_delta=0.001|ventana_tend=5
059_RF_DIRECT_TRANAD,102_2020-07-08,059_RF_DIRECT_TRANAD.png,102_2020-07-08.png,/home/jacky/DatosSerie/Resultados/Prediccion/anomalias_sinteticos_limpios/059_RF_DIRECT_TRANAD.png,/home/jacky/DatosSerie/Resultados/GraficosConsolidado/GraficosOriginalLimpios/102_2020-07-08.png,/home/jacky/DatosSerie/Resultados/Prediccion/anomalias_sinteticos_limpios,/home/jacky/DatosSerie/Resultados/GraficosConsolidado/GraficosOriginalLimpios,2026-02-21,2026-02-21,2020-07-08,2020-07-09,0.9642360806465149,86.4%,1,2,0.5,True,162,149,clip-ViT-B-32,laion2b_s34b_b79k,2026-04-25T05:08:52Z,indefinida,bajada,gamma=4.0|ratio_delta=0.001|ventana_tend=5
059_RF_DIRECT_TRANAD,070_2016-02-17,059_RF_DIRECT_TRANAD.png,070_2016-02-17.png,/home/jacky/DatosSerie/Resultados/Prediccion/anomalias_sinteticos_limpios/059_RF_DIRECT_TRANAD.png,/home/jacky/DatosSerie/Resultados/GraficosConsolidado/GraficosOriginalLimpios/070_2016-02-17.png,/home/jacky/DatosSerie/Resultados/Prediccion/anomalias_sinteticos_limpios,/home/jacky/DatosSerie/Resultados/GraficosConsolidado/GraficosOriginalLimpios,2026-02-21,2026-02-21,2016-02-17,2016-02-17,0.9563207626342773,83.6%,2,2,0.5,True,162,149,clip-ViT-B-32,laion2b_s34b_b79k,2026-04-25T05:08:52Z,indefinida,bajada,gamma=4.0|ratio_delta=0.001|ventana_tend=5
061_PROPHET_DIRECT_ARIMA,082_2019-12-06,061_PROPHET_DIRECT_ARIMA.png,082_2019-12-06.png,/home/jacky/DatosSerie/Resultados/Prediccion/anomalias_sinteticos_limpios/061_PROPHET_DIRECT_ARIMA.png,/home/jacky/DatosSerie/Resultados/GraficosConsolidado/GraficosOriginalLimpios/082_2019-12-06.png,/home/jacky/DatosSerie/Resultados/Prediccion/anomalias_sinteticos_limpios,/home/jacky/DatosSerie/Resultados/GraficosConsolidado/GraficosOriginalLimpios,2026-02-10,2026-02-10,2019-12-06,2019-12-06,0.9604662656784058,85.1%,1,2,0.5,True,162,149,clip-ViT-B-32,laion2b_s34b_b79k,2026-04-25T05:08:52Z,bajada,bajada,gamma=4.0|ratio_delta=0.001|ventana_tend=5
061_PROPHET_DIRECT_ARIMA,070_2016-02-17,061_PROPHET_DIRECT_ARIMA.png,070_2016-02-17.png,/home/jacky/DatosSerie/Resultados/Prediccion/anomalias_sinteticos_limpios/061_PROPHET_DIRECT_ARIMA.png,/home/jacky/DatosSerie/Resultados/GraficosConsolidado/GraficosOriginalLimpios/070_2016-02-17.png,/home/jacky/DatosSerie/Resultados/Prediccion/anomalias_sinteticos_limpios,/home/jacky/DatosSerie/Resultados/GraficosConsolidado/GraficosOriginalLimpios,2026-02-10,2026-02-10,2016-02-17,2016-02-17,0.9576653838157654,84.1%,2,2,0.5,True,162,149,clip-ViT-B-32,laion2b_s34b_b79k,2026-04-25T05:08:52Z,bajada,bajada,gamma=4.0|ratio_delta=0.001|ventana_tend=5
062_PROPHET_DIRECT_DBSCAN,082_2019-12-06,062_PROPHET_DIRECT_DBSCAN.png,082_2019-12-06.png,/home/jacky/DatosSerie/Resultados/Prediccion/anomalias_sinteticos_limpios/062_PROPHET_DIRECT_DBSCAN.png,/home/jacky/DatosSerie/Resultados/GraficosConsolidado/GraficosOriginalLimpios/082_2019-12-06.png,/home/jacky/DatosSerie/Resultados/Prediccion/anomalias_sinteticos_limpios,/home/jacky/DatosSerie/Resultados/GraficosConsolidado/GraficosOriginalLimpios,2026-02-01,2026-02-12,2019-12-06,2019-12-06,0.9580308198928833,84.2%,1,2,0.5,True,162,149,clip-ViT-B-32,laion2b_s34b_b79k,2026-04-25T05:08:52Z,indefinida,bajada,gamma=4.0|ratio_delta=0.001|ventana_tend=5
062_PROPHET_DIRECT_DBSCAN,159_2025-05-07,062_PROPHET_DIRECT_DBSCAN.png,159_2025-05-07.png,/home/jacky/DatosSerie/Resultados/Prediccion/anomalias_sinteticos_limpios/062_PROPHET_DIRECT_DBSCAN.png,/home/jacky/DatosSerie/Resultados/GraficosConsolidado/GraficosOriginalLimpios/159_2025-05-07.png,/home/jacky/DatosSerie/Resultados/Prediccion/anomalias_sinteticos_limpios,/home/jacky/DatosSerie/Resultados/GraficosConsolidado/GraficosOriginalLimpios,2026-02-01,2026-02-12,2025-05-07,2025-05-07,0.9527939558029175,82.4%,2,2,0.5,True,162,149,clip-ViT-B-32,laion2b_s34b_b79k,2026-04-25T05:08:52Z,indefinida,bajada,gamma=4.0|ratio_delta=0.001|ventana_tend=5
064_PROPHET_DIRECT_DIF,082_2019-12-06,064_PROPHET_DIRECT_DIF.png,082_2019-12-06.png,/home/jacky/DatosSerie/Resultados/Prediccion/anomalias_sinteticos_limpios/064_PROPHET_DIRECT_DIF.png,/home/jacky/DatosSerie/Resultados/GraficosConsolidado/GraficosOriginalLimpios/082_2019-12-06.png,/home/jacky/DatosSerie/Resultados/Prediccion/anomalias_sinteticos_limpios,/home/jacky/DatosSerie/Resultados/GraficosConsolidado/GraficosOriginalLimpios,2026-02-10,2026-02-10,2019-12-06,2019-12-06,0.9604662656784058,85.1%,1,2,0.5,True,162,149,clip-ViT-B-32,laion2b_s34b_b79k,2026-04-25T05:08:52Z,bajada,bajada,gamma=4.0|ratio_delta=0.001|ventana_tend=5
064_PROPHET_DIRECT_DIF,070_2016-02-17,064_PROPHET_DIRECT_DIF.png,070_2016-02-17.png,/home/jacky/DatosSerie/Resultados/Prediccion/anomalias_sinteticos_limpios/064_PROPHET_DIRECT_DIF.png,/home/jacky/DatosSerie/Resultados/GraficosConsolidado/GraficosOriginalLimpios/070_2016-02-17.png,/home/jacky/DatosSerie/Resultados/Prediccion/anomalias_sinteticos_limpios,/home/jacky/DatosSerie/Resultados/GraficosConsolidado/GraficosOriginalLimpios,2026-02-10,2026-02-10,2016-02-17,2016-02-17,0.9576653838157654,84.1%,2,2,0.5,True,162,149,clip-ViT-B-32,laion2b_s34b_b79k,2026-04-25T05:08:52Z,bajada,bajada,gamma=4.0|ratio_delta=0.001|ventana_tend=5
067_PROPHET_DIRECT_TIMEGPT,082_2019-12-06,067_PROPHET_DIRECT_TIMEGPT.png,082_2019-12-06.png,/home/jacky/DatosSerie/Resultados/Prediccion/anomalias_sinteticos_limpios/067_PROPHET_DIRECT_TIMEGPT.png,/home/jacky/DatosSerie/Resultados/GraficosConsolidado/GraficosOriginalLimpios/082_2019-12-06.png,/home/jacky/DatosSerie/Resultados/Prediccion/anomalias_sinteticos_limpios,/home/jacky/DatosSerie/Resultados/GraficosConsolidado/GraficosOriginalLimpios,2026-02-09,2026-02-09,2019-12-06,2019-12-06,0.9577924609184265,84.2%,1,2,0.5,True,162,149,clip-ViT-B-32,laion2b_s34b_b79k,2026-04-25T05:08:52Z,indefinida,bajada,gamma=4.0|ratio_delta=0.001|ventana_tend=5
067_PROPHET_DIRECT_TIMEGPT,149_2024-03-01,067_PROPHET_DIRECT_TIMEGPT.png,149_2024-03-01.png,/home/jacky/DatosSerie/Resultados/Prediccion/anomalias_sinteticos_limpios/067_PROPHET_DIRECT_TIMEGPT.png,/home/jacky/DatosSerie/Resultados/GraficosConsolidado/GraficosOriginalLimpios/149_2024-03-01.png,/home/jacky/DatosSerie/Resultados/Prediccion/anomalias_sinteticos_limpios,/home/jacky/DatosSerie/Resultados/GraficosConsolidado/GraficosOriginalLimpios,2026-02-09,2026-02-09,2024-03-01,2024-03-01,0.9504172205924988,81.6%,2,2,0.5,True,162,149,clip-ViT-B-32,laion2b_s34b_b79k,2026-04-25T05:08:52Z,indefinida,bajada,gamma=4.0|ratio_delta=0.001|ventana_tend=5
068_PROPHET_DIRECT_TIMESNET,075_2016-04-28,068_PROPHET_DIRECT_TIMESNET.png,075_2016-04-28.png,/home/jacky/DatosSerie/Resultados/Prediccion/anomalias_sinteticos_limpios/068_PROPHET_DIRECT_TIMESNET.png,/home/jacky/DatosSerie/Resultados/GraficosConsolidado/GraficosOriginalLimpios/075_2016-04-28.png,/home/jacky/DatosSerie/Resultados/Prediccion/anomalias_sinteticos_limpios,/home/jacky/DatosSerie/Resultados/GraficosConsolidado/GraficosOriginalLimpios,2026-02-27,2026-02-27,2016-04-28,2016-04-28,0.9582217931747437,84.3%,1,2,0.5,True,162,149,clip-ViT-B-32,laion2b_s34b_b79k,2026-04-25T05:08:52Z,indefinida,bajada,gamma=4.0|ratio_delta=0.001|ventana_tend=5
068_PROPHET_DIRECT_TIMESNET,093_2020-05-05,068_PROPHET_DIRECT_TIMESNET.png,093_2020-05-05.png,/home/jacky/DatosSerie/Resultados/Prediccion/anomalias_sinteticos_limpios/068_PROPHET_DIRECT_TIMESNET.png,/home/jacky/DatosSerie/Resultados/GraficosConsolidado/GraficosOriginalLimpios/093_2020-05-05.png,/home/jacky/DatosSerie/Resultados/Prediccion/anomalias_sinteticos_limpios,/home/jacky/DatosSerie/Resultados/GraficosConsolidado/GraficosOriginalLimpios,2026-02-27,2026-02-27,2020-05-05,2020-05-08,0.9570479989051819,83.9%,2,2,0.5,True,162,149,clip-ViT-B-32,laion2b_s34b_b79k,2026-04-25T05:08:52Z,indefinida,bajada,gamma=4.0|ratio_delta=0.001|ventana_tend=5
069_PROPHET_DIRECT_TRANAD,075_2016-04-28,069_PROPHET_DIRECT_TRANAD.png,075_2016-04-28.png,/home/jacky/DatosSerie/Resultados/Prediccion/anomalias_sinteticos_limpios/069_PROPHET_DIRECT_TRANAD.png,/home/jacky/DatosSerie/Resultados/GraficosConsolidado/GraficosOriginalLimpios/075_2016-04-28.png,/home/jacky/DatosSerie/Resultados/Prediccion/anomalias_sinteticos_limpios,/home/jacky/DatosSerie/Resultados/GraficosConsolidado/GraficosOriginalLimpios,2026-02-27,2026-02-27,2016-04-28,2016-04-28,0.9582217931747437,84.3%,1,2,0.5,True,162,149,clip-ViT-B-32,laion2b_s34b_b79k,2026-04-25T05:08:52Z,indefinida,bajada,gamma=4.0|ratio_delta=0.001|ventana_tend=5
069_PROPHET_DIRECT_TRANAD,093_2020-05-05,069_PROPHET_DIRECT_TRANAD.png,093_2020-05-05.png,/home/jacky/DatosSerie/Resultados/Prediccion/anomalias_sinteticos_limpios/069_PROPHET_DIRECT_TRANAD.png,/home/jacky/DatosSerie/Resultados/GraficosConsolidado/GraficosOriginalLimpios/093_2020-05-05.png,/home/jacky/DatosSerie/Resultados/Prediccion/anomalias_sinteticos_limpios,/home/jacky/DatosSerie/Resultados/GraficosConsolidado/GraficosOriginalLimpios,2026-02-27,2026-02-27,2020-05-05,2020-05-08,0.9570479989051819,83.9%,2,2,0.5,True,162,149,clip-ViT-B-32,laion2b_s34b_b79k,2026-04-25T05:08:52Z,indefinida,bajada,gamma=4.0|ratio_delta=0.001|ventana_tend=5
071_PROPHET_FEEDBACK_ARIMA,061_2014-12-01,071_PROPHET_FEEDBACK_ARIMA.png,061_2014-12-01.png,/home/jacky/DatosSerie/Resultados/Prediccion/anomalias_sinteticos_limpios/071_PROPHET_FEEDBACK_ARIMA.png,/home/jacky/DatosSerie/Resultados/GraficosConsolidado/GraficosOriginalLimpios/061_2014-12-01.png,/home/jacky/DatosSerie/Resultados/Prediccion/anomalias_sinteticos_limpios,/home/jacky/DatosSerie/Resultados/GraficosConsolidado/GraficosOriginalLimpios,2026-01-31,2026-01-31,2014-12-01,2014-12-01,0.9656437635421753,86.9%,1,2,0.5,True,162,149,clip-ViT-B-32,laion2b_s34b_b79k,2026-04-25T05:08:52Z,indefinida,subida,gamma=4.0|ratio_delta=0.001|ventana_tend=5
071_PROPHET_FEEDBACK_ARIMA,016_2008-09-29,071_PROPHET_FEEDBACK_ARIMA.png,016_2008-09-29.png,/home/jacky/DatosSerie/Resultados/Prediccion/anomalias_sinteticos_limpios/071_PROPHET_FEEDBACK_ARIMA.png,/home/jacky/DatosSerie/Resultados/GraficosConsolidado/GraficosOriginalLimpios/016_2008-09-29.png,/home/jacky/DatosSerie/Resultados/Prediccion/anomalias_sinteticos_limpios,/home/jacky/DatosSerie/Resultados/GraficosConsolidado/GraficosOriginalLimpios,2026-01-31,2026-01-31,2008-09-29,2008-09-29,0.9627478718757629,85.9%,2,2,0.5,True,162,149,clip-ViT-B-32,laion2b_s34b_b79k,2026-04-25T05:08:52Z,indefinida,subida,gamma=4.0|ratio_delta=0.001|ventana_tend=5
073_PROPHET_FEEDBACK_DBSCAN,061_2014-12-01,073_PROPHET_FEEDBACK_DBSCAN.png,061_2014-12-01.png,/home/jacky/DatosSerie/Resultados/Prediccion/anomalias_sinteticos_limpios/073_PROPHET_FEEDBACK_DBSCAN.png,/home/jacky/DatosSerie/Resultados/GraficosConsolidado/GraficosOriginalLimpios/061_2014-12-01.png,/home/jacky/DatosSerie/Resultados/Prediccion/anomalias_sinteticos_limpios,/home/jacky/DatosSerie/Resultados/GraficosConsolidado/GraficosOriginalLimpios,2026-02-01,2026-02-01,2014-12-01,2014-12-01,0.9665157198905945,87.3%,1,2,0.5,True,162,149,clip-ViT-B-32,laion2b_s34b_b79k,2026-04-25T05:08:52Z,indefinida,subida,gamma=4.0|ratio_delta=0.001|ventana_tend=5
073_PROPHET_FEEDBACK_DBSCAN,016_2008-09-29,073_PROPHET_FEEDBACK_DBSCAN.png,016_2008-09-29.png,/home/jacky/DatosSerie/Resultados/Prediccion/anomalias_sinteticos_limpios/073_PROPHET_FEEDBACK_DBSCAN.png,/home/jacky/DatosSerie/Resultados/GraficosConsolidado/GraficosOriginalLimpios/016_2008-09-29.png,/home/jacky/DatosSerie/Resultados/Prediccion/anomalias_sinteticos_limpios,/home/jacky/DatosSerie/Resultados/GraficosConsolidado/GraficosOriginalLimpios,2026-02-01,2026-02-01,2008-09-29,2008-09-29,0.9593815803527832,84.7%,2,2,0.5,True,162,149,clip-ViT-B-32,laion2b_s34b_b79k,2026-04-25T05:08:52Z,indefinida,subida,gamma=4.0|ratio_delta=0.001|ventana_tend=5
074_PROPHET_FEEDBACK_DBSCAN,099_2020-06-24,074_PROPHET_FEEDBACK_DBSCAN.png,099_2020-06-24.png,/home/jacky/DatosSerie/Resultados/Prediccion/anomalias_sinteticos_limpios/074_PROPHET_FEEDBACK_DBSCAN.png,/home/jacky/DatosSerie/Resultados/GraficosConsolidado/GraficosOriginalLimpios/099_2020-06-24.png,/home/jacky/DatosSerie/Resultados/Prediccion/anomalias_sinteticos_limpios,/home/jacky/DatosSerie/Resultados/GraficosConsolidado/GraficosOriginalLimpios,2026-02-05,2026-02-06,2020-06-24,2020-06-26,0.9626575112342834,85.9%,1,2,0.5,True,162,149,clip-ViT-B-32,laion2b_s34b_b79k,2026-04-25T05:08:52Z,indefinida,subida,gamma=4.0|ratio_delta=0.001|ventana_tend=5
074_PROPHET_FEEDBACK_DBSCAN,149_2024-03-01,074_PROPHET_FEEDBACK_DBSCAN.png,149_2024-03-01.png,/home/jacky/DatosSerie/Resultados/Prediccion/anomalias_sinteticos_limpios/074_PROPHET_FEEDBACK_DBSCAN.png,/home/jacky/DatosSerie/Resultados/GraficosConsolidado/GraficosOriginalLimpios/149_2024-03-01.png,/home/jacky/DatosSerie/Resultados/Prediccion/anomalias_sinteticos_limpios,/home/jacky/DatosSerie/Resultados/GraficosConsolidado/GraficosOriginalLimpios,2026-02-05,2026-02-06,2024-03-01,2024-03-01,0.9593999981880188,84.7%,2,2,0.5,True,162,149,clip-ViT-B-32,laion2b_s34b_b79k,2026-04-25T05:08:52Z,indefinida,bajada,gamma=4.0|ratio_delta=0.001|ventana_tend=5
075_PROPHET_FEEDBACK_DBSCAN,082_2019-12-06,075_PROPHET_FEEDBACK_DBSCAN.png,082_2019-12-06.png,/home/jacky/DatosSerie/Resultados/Prediccion/anomalias_sinteticos_limpios/075_PROPHET_FEEDBACK_DBSCAN.png,/home/jacky/DatosSerie/Resultados/GraficosConsolidado/GraficosOriginalLimpios/082_2019-12-06.png,/home/jacky/DatosSerie/Resultados/Prediccion/anomalias_sinteticos_limpios,/home/jacky/DatosSerie/Resultados/GraficosConsolidado/GraficosOriginalLimpios,2026-02-10,2026-02-13,2019-12-06,2019-12-06,0.9604530930519104,85.1%,1,2,0.5,True,162,149,clip-ViT-B-32,laion2b_s34b_b79k,2026-04-25T05:08:52Z,bajada,bajada,gamma=4.0|ratio_delta=0.001|ventana_tend=5
075_PROPHET_FEEDBACK_DBSCAN,070_2016-02-17,075_PROPHET_FEEDBACK_DBSCAN.png,070_2016-02-17.png,/home/jacky/DatosSerie/Resultados/Prediccion/anomalias_sinteticos_limpios/075_PROPHET_FEEDBACK_DBSCAN.png,/home/jacky/DatosSerie/Resultados/GraficosConsolidado/GraficosOriginalLimpios/070_2016-02-17.png,/home/jacky/DatosSerie/Resultados/Prediccion/anomalias_sinteticos_limpios,/home/jacky/DatosSerie/Resultados/GraficosConsolidado/GraficosOriginalLimpios,2026-02-10,2026-02-13,2016-02-17,2016-02-17,0.9553793668746948,83.3%,2,2,0.5,True,162,149,clip-ViT-B-32,laion2b_s34b_b79k,2026-04-25T05:08:52Z,bajada,bajada,gamma=4.0|ratio_delta=0.001|ventana_tend=5
076_PROPHET_FEEDBACK_DBSCAN,149_2024-03-01,076_PROPHET_FEEDBACK_DBSCAN.png,149_2024-03-01.png,/home/jacky/DatosSerie/Resultados/Prediccion/anomalias_sinteticos_limpios/076_PROPHET_FEEDBACK_DBSCAN.png,/home/jacky/DatosSerie/Resultados/GraficosConsolidado/GraficosOriginalLimpios/149_2024-03-01.png,/home/jacky/DatosSerie/Resultados/Prediccion/anomalias_sinteticos_limpios,/home/jacky/DatosSerie/Resultados/GraficosConsolidado/GraficosOriginalLimpios,2026-02-17,2026-02-19,2024-03-01,2024-03-01,0.9559169411659241,83.5%,1,2,0.5,True,162,149,clip-ViT-B-32,laion2b_s34b_b79k,2026-04-25T05:08:52Z,bajada,bajada,gamma=4.0|ratio_delta=0.001|ventana_tend=5
076_PROPHET_FEEDBACK_DBSCAN,071_2016-02-22,076_PROPHET_FEEDBACK_DBSCAN.png,071_2016-02-22.png,/home/jacky/DatosSerie/Resultados/Prediccion/anomalias_sinteticos_limpios/076_PROPHET_FEEDBACK_DBSCAN.png,/home/jacky/DatosSerie/Resultados/GraficosConsolidado/GraficosOriginalLimpios/071_2016-02-22.png,/home/jacky/DatosSerie/Resultados/Prediccion/anomalias_sinteticos_limpios,/home/jacky/DatosSerie/Resultados/GraficosConsolidado/GraficosOriginalLimpios,2026-02-17,2026-02-19,2016-02-22,2016-02-22,0.9543455243110657,83.0%,2,2,0.5,True,162,149,clip-ViT-B-32,laion2b_s34b_b79k,2026-04-25T05:08:52Z,bajada,bajada,gamma=4.0|ratio_delta=0.001|ventana_tend=5
077_PROPHET_FEEDBACK_DBSCAN,149_2024-03-01,077_PROPHET_FEEDBACK_DBSCAN.png,149_2024-03-01.png,/home/jacky/DatosSerie/Resultados/Prediccion/anomalias_sinteticos_limpios/077_PROPHET_FEEDBACK_DBSCAN.png,/home/jacky/DatosSerie/Resultados/GraficosConsolidado/GraficosOriginalLimpios/149_2024-03-01.png,/home/jacky/DatosSerie/Resultados/Prediccion/anomalias_sinteticos_limpios,/home/jacky/DatosSerie/Resultados/GraficosConsolidado/GraficosOriginalLimpios,2026-02-21,2026-02-21,2024-03-01,2024-03-01,0.9511153697967529,81.8%,1,2,0.5,True,162,149,clip-ViT-B-32,laion2b_s34b_b79k,2026-04-25T05:08:52Z,indefinida,bajada,gamma=4.0|ratio_delta=0.001|ventana_tend=5
077_PROPHET_FEEDBACK_DBSCAN,070_2016-02-17,077_PROPHET_FEEDBACK_DBSCAN.png,070_2016-02-17.png,/home/jacky/DatosSerie/Resultados/Prediccion/anomalias_sinteticos_limpios/077_PROPHET_FEEDBACK_DBSCAN.png,/home/jacky/DatosSerie/Resultados/GraficosConsolidado/GraficosOriginalLimpios/070_2016-02-17.png,/home/jacky/DatosSerie/Resultados/Prediccion/anomalias_sinteticos_limpios,/home/jacky/DatosSerie/Resultados/GraficosConsolidado/GraficosOriginalLimpios,2026-02-21,2026-02-21,2016-02-17,2016-02-17,0.9441648721694946,79.5%,2,2,0.5,True,162,149,clip-ViT-B-32,laion2b_s34b_b79k,2026-04-25T05:08:52Z,indefinida,bajada,gamma=4.0|ratio_delta=0.001|ventana_tend=5
078_PROPHET_FEEDBACK_DBSCAN,142_2023-08-15,078_PROPHET_FEEDBACK_DBSCAN.png,142_2023-08-15.png,/home/jacky/DatosSerie/Resultados/Prediccion/anomalias_sinteticos_limpios/078_PROPHET_FEEDBACK_DBSCAN.png,/home/jacky/DatosSerie/Resultados/GraficosConsolidado/GraficosOriginalLimpios/142_2023-08-15.png,/home/jacky/DatosSerie/Resultados/Prediccion/anomalias_sinteticos_limpios,/home/jacky/DatosSerie/Resultados/GraficosConsolidado/GraficosOriginalLimpios,2026-02-23,2026-02-23,2023-08-15,2023-08-16,0.9620857834815979,85.7%,1,2,0.5,True,162,149,clip-ViT-B-32,laion2b_s34b_b79k,2026-04-25T05:08:52Z,indefinida,bajada,gamma=4.0|ratio_delta=0.001|ventana_tend=5
078_PROPHET_FEEDBACK_DBSCAN,149_2024-03-01,078_PROPHET_FEEDBACK_DBSCAN.png,149_2024-03-01.png,/home/jacky/DatosSerie/Resultados/Prediccion/anomalias_sinteticos_limpios/078_PROPHET_FEEDBACK_DBSCAN.png,/home/jacky/DatosSerie/Resultados/GraficosConsolidado/GraficosOriginalLimpios/149_2024-03-01.png,/home/jacky/DatosSerie/Resultados/Prediccion/anomalias_sinteticos_limpios,/home/jacky/DatosSerie/Resultados/GraficosConsolidado/GraficosOriginalLimpios,2026-02-23,2026-02-23,2024-03-01,2024-03-01,0.9584149718284607,84.4%,2,2,0.5,True,162,149,clip-ViT-B-32,laion2b_s34b_b79k,2026-04-25T05:08:52Z,indefinida,bajada,gamma=4.0|ratio_delta=0.001|ventana_tend=5
079_PROPHET_FEEDBACK_DBSCAN,142_2023-08-15,079_PROPHET_FEEDBACK_DBSCAN.png,142_2023-08-15.png,/home/jacky/DatosSerie/Resultados/Prediccion/anomalias_sinteticos_limpios/079_PROPHET_FEEDBACK_DBSCAN.png,/home/jacky/DatosSerie/Resultados/GraficosConsolidado/GraficosOriginalLimpios/142_2023-08-15.png,/home/jacky/DatosSerie/Resultados/Prediccion/anomalias_sinteticos_limpios,/home/jacky/DatosSerie/Resultados/GraficosConsolidado/GraficosOriginalLimpios,2026-02-25,2026-02-27,2023-08-15,2023-08-16,0.9609838724136353,85.3%,1,2,0.5,True,162,149,clip-ViT-B-32,laion2b_s34b_b79k,2026-04-25T05:08:52Z,indefinida,bajada,gamma=4.0|ratio_delta=0.001|ventana_tend=5
079_PROPHET_FEEDBACK_DBSCAN,093_2020-05-05,079_PROPHET_FEEDBACK_DBSCAN.png,093_2020-05-05.png,/home/jacky/DatosSerie/Resultados/Prediccion/anomalias_sinteticos_limpios/079_PROPHET_FEEDBACK_DBSCAN.png,/home/jacky/DatosSerie/Resultados/GraficosConsolidado/GraficosOriginalLimpios/093_2020-05-05.png,/home/jacky/DatosSerie/Resultados/Prediccion/anomalias_sinteticos_limpios,/home/jacky/DatosSerie/Resultados/GraficosConsolidado/GraficosOriginalLimpios,2026-02-25,2026-02-27,2020-05-05,2020-05-08,0.9580997824668884,84.3%,2,2,0.5,True,162,149,clip-ViT-B-32,laion2b_s34b_b79k,2026-04-25T05:08:52Z,indefinida,bajada,gamma=4.0|ratio_delta=0.001|ventana_tend=5
080_PROPHET_FEEDBACK_DIF,070_2016-02-17,080_PROPHET_FEEDBACK_DIF.png,070_2016-02-17.png,/home/jacky/DatosSerie/Resultados/Prediccion/anomalias_sinteticos_limpios/080_PROPHET_FEEDBACK_DIF.png,/home/jacky/DatosSerie/Resultados/GraficosConsolidado/GraficosOriginalLimpios/070_2016-02-17.png,/home/jacky/DatosSerie/Resultados/Prediccion/anomalias_sinteticos_limpios,/home/jacky/DatosSerie/Resultados/GraficosConsolidado/GraficosOriginalLimpios,2026-02-13,2026-02-13,2016-02-17,2016-02-17,0.9549829363822937,83.2%,1,2,0.5,True,162,149,clip-ViT-B-32,laion2b_s34b_b79k,2026-04-25T05:08:52Z,bajada,bajada,gamma=4.0|ratio_delta=0.001|ventana_tend=5
080_PROPHET_FEEDBACK_DIF,075_2016-04-28,080_PROPHET_FEEDBACK_DIF.png,075_2016-04-28.png,/home/jacky/DatosSerie/Resultados/Prediccion/anomalias_sinteticos_limpios/080_PROPHET_FEEDBACK_DIF.png,/home/jacky/DatosSerie/Resultados/GraficosConsolidado/GraficosOriginalLimpios/075_2016-04-28.png,/home/jacky/DatosSerie/Resultados/Prediccion/anomalias_sinteticos_limpios,/home/jacky/DatosSerie/Resultados/GraficosConsolidado/GraficosOriginalLimpios,2026-02-13,2026-02-13,2016-04-28,2016-04-28,0.9516785144805908,82.0%,2,2,0.5,True,162,149,clip-ViT-B-32,laion2b_s34b_b79k,2026-04-25T05:08:52Z,bajada,bajada,gamma=4.0|ratio_delta=0.001|ventana_tend=5
081_PROPHET_FEEDBACK_DIF,149_2024-03-01,081_PROPHET_FEEDBACK_DIF.png,149_2024-03-01.png,/home/jacky/DatosSerie/Resultados/Prediccion/anomalias_sinteticos_limpios/081_PROPHET_FEEDBACK_DIF.png,/home/jacky/DatosSerie/Resultados/GraficosConsolidado/GraficosOriginalLimpios/149_2024-03-01.png,/home/jacky/DatosSerie/Resultados/Prediccion/anomalias_sinteticos_limpios,/home/jacky/DatosSerie/Resultados/GraficosConsolidado/GraficosOriginalLimpios,2026-02-17,2026-02-17,2024-03-01,2024-03-01,0.9559169411659241,83.5%,1,2,0.5,True,162,149,clip-ViT-B-32,laion2b_s34b_b79k,2026-04-25T05:08:52Z,bajada,bajada,gamma=4.0|ratio_delta=0.001|ventana_tend=5
081_PROPHET_FEEDBACK_DIF,071_2016-02-22,081_PROPHET_FEEDBACK_DIF.png,071_2016-02-22.png,/home/jacky/DatosSerie/Resultados/Prediccion/anomalias_sinteticos_limpios/081_PROPHET_FEEDBACK_DIF.png,/home/jacky/DatosSerie/Resultados/GraficosConsolidado/GraficosOriginalLimpios/071_2016-02-22.png,/home/jacky/DatosSerie/Resultados/Prediccion/anomalias_sinteticos_limpios,/home/jacky/DatosSerie/Resultados/GraficosConsolidado/GraficosOriginalLimpios,2026-02-17,2026-02-17,2016-02-22,2016-02-22,0.9543455243110657,83.0%,2,2,0.5,True,162,149,clip-ViT-B-32,laion2b_s34b_b79k,2026-04-25T05:08:52Z,bajada,bajada,gamma=4.0|ratio_delta=0.001|ventana_tend=5
082_PROPHET_FEEDBACK_IFOREST,142_2023-08-15,082_PROPHET_FEEDBACK_IFOREST.png,142_2023-08-15.png,/home/jacky/DatosSerie/Resultados/Prediccion/anomalias_sinteticos_limpios/082_PROPHET_FEEDBACK_IFOREST.png,/home/jacky/DatosSerie/Resultados/GraficosConsolidado/GraficosOriginalLimpios/142_2023-08-15.png,/home/jacky/DatosSerie/Resultados/Prediccion/anomalias_sinteticos_limpios,/home/jacky/DatosSerie/Resultados/GraficosConsolidado/GraficosOriginalLimpios,2026-02-24,2026-02-24,2023-08-15,2023-08-16,0.9622504115104675,85.7%,1,2,0.5,True,162,149,clip-ViT-B-32,laion2b_s34b_b79k,2026-04-25T05:08:52Z,indefinida,bajada,gamma=4.0|ratio_delta=0.001|ventana_tend=5
082_PROPHET_FEEDBACK_IFOREST,149_2024-03-01,082_PROPHET_FEEDBACK_IFOREST.png,149_2024-03-01.png,/home/jacky/DatosSerie/Resultados/Prediccion/anomalias_sinteticos_limpios/082_PROPHET_FEEDBACK_IFOREST.png,/home/jacky/DatosSerie/Resultados/GraficosConsolidado/GraficosOriginalLimpios/149_2024-03-01.png,/home/jacky/DatosSerie/Resultados/Prediccion/anomalias_sinteticos_limpios,/home/jacky/DatosSerie/Resultados/GraficosConsolidado/GraficosOriginalLimpios,2026-02-24,2026-02-24,2024-03-01,2024-03-01,0.9598725438117981,84.9%,2,2,0.5,True,162,149,clip-ViT-B-32,laion2b_s34b_b79k,2026-04-25T05:08:52Z,indefinida,bajada,gamma=4.0|ratio_delta=0.001|ventana_tend=5
084_PROPHET_FEEDBACK_TIMESNET,142_2023-08-15,084_PROPHET_FEEDBACK_TIMESNET.png,142_2023-08-15.png,/home/jacky/DatosSerie/Resultados/Prediccion/anomalias_sinteticos_limpios/084_PROPHET_FEEDBACK_TIMESNET.png,/home/jacky/DatosSerie/Resultados/GraficosConsolidado/GraficosOriginalLimpios/142_2023-08-15.png,/home/jacky/DatosSerie/Resultados/Prediccion/anomalias_sinteticos_limpios,/home/jacky/DatosSerie/Resultados/GraficosConsolidado/GraficosOriginalLimpios,2026-02-27,2026-02-27,2023-08-15,2023-08-16,0.9654785990715027,86.9%,1,2,0.5,True,162,149,clip-ViT-B-32,laion2b_s34b_b79k,2026-04-25T05:08:52Z,indefinida,bajada,gamma=4.0|ratio_delta=0.001|ventana_tend=5
084_PROPHET_FEEDBACK_TIMESNET,091_2020-04-08,084_PROPHET_FEEDBACK_TIMESNET.png,091_2020-04-08.png,/home/jacky/DatosSerie/Resultados/Prediccion/anomalias_sinteticos_limpios/084_PROPHET_FEEDBACK_TIMESNET.png,/home/jacky/DatosSerie/Resultados/GraficosConsolidado/GraficosOriginalLimpios/091_2020-04-08.png,/home/jacky/DatosSerie/Resultados/Prediccion/anomalias_sinteticos_limpios,/home/jacky/DatosSerie/Resultados/GraficosConsolidado/GraficosOriginalLimpios,2026-02-27,2026-02-27,2020-04-08,2020-04-09,0.9641856551170349,86.4%,2,2,0.5,True,162,149,clip-ViT-B-32,laion2b_s34b_b79k,2026-04-25T05:08:52Z,indefinida,subida,gamma=4.0|ratio_delta=0.001|ventana_tend=5
085_PROPHET_FEEDBACK_TRANAD,142_2023-08-15,085_PROPHET_FEEDBACK_TRANAD.png,142_2023-08-15.png,/home/jacky/DatosSerie/Resultados/Prediccion/anomalias_sinteticos_limpios/085_PROPHET_FEEDBACK_TRANAD.png,/home/jacky/DatosSerie/Resultados/GraficosConsolidado/GraficosOriginalLimpios/142_2023-08-15.png,/home/jacky/DatosSerie/Resultados/Prediccion/anomalias_sinteticos_limpios,/home/jacky/DatosSerie/Resultados/GraficosConsolidado/GraficosOriginalLimpios,2026-02-27,2026-02-27,2023-08-15,2023-08-16,0.9654785990715027,86.9%,1,2,0.5,True,162,149,clip-ViT-B-32,laion2b_s34b_b79k,2026-04-25T05:08:52Z,indefinida,bajada,gamma=4.0|ratio_delta=0.001|ventana_tend=5
085_PROPHET_FEEDBACK_TRANAD,091_2020-04-08,085_PROPHET_FEEDBACK_TRANAD.png,091_2020-04-08.png,/home/jacky/DatosSerie/Resultados/Prediccion/anomalias_sinteticos_limpios/085_PROPHET_FEEDBACK_TRANAD.png,/home/jacky/DatosSerie/Resultados/GraficosConsolidado/GraficosOriginalLimpios/091_2020-04-08.png,/home/jacky/DatosSerie/Resultados/Prediccion/anomalias_sinteticos_limpios,/home/jacky/DatosSerie/Resultados/GraficosConsolidado/GraficosOriginalLimpios,2026-02-27,2026-02-27,2020-04-08,2020-04-09,0.9641856551170349,86.4%,2,2,0.5,True,162,149,clip-ViT-B-32,laion2b_s34b_b79k,2026-04-25T05:08:52Z,indefinida,subida,gamma=4.0|ratio_delta=0.001|ventana_tend=5
086_LSTM_FEEDBACK_ARIMA,085_2020-02-25,086_LSTM_FEEDBACK_ARIMA.png,085_2020-02-25.png,/home/jacky/DatosSerie/Resultados/Prediccion/anomalias_sinteticos_limpios/086_LSTM_FEEDBACK_ARIMA.png,/home/jacky/DatosSerie/Resultados/GraficosConsolidado/GraficosOriginalLimpios/085_2020-02-25.png,/home/jacky/DatosSerie/Resultados/Prediccion/anomalias_sinteticos_limpios,/home/jacky/DatosSerie/Resultados/GraficosConsolidado/GraficosOriginalLimpios,2026-01-29,2026-01-29,2020-02-25,2020-02-25,0.943378210067749,79.2%,1,2,0.5,True,162,149,clip-ViT-B-32,laion2b_s34b_b79k,2026-04-25T05:08:52Z,indefinida,subida,gamma=4.0|ratio_delta=0.001|ventana_tend=5
086_LSTM_FEEDBACK_ARIMA,086_2020-02-27,086_LSTM_FEEDBACK_ARIMA.png,086_2020-02-27.png,/home/jacky/DatosSerie/Resultados/Prediccion/anomalias_sinteticos_limpios/086_LSTM_FEEDBACK_ARIMA.png,/home/jacky/DatosSerie/Resultados/GraficosConsolidado/GraficosOriginalLimpios/086_2020-02-27.png,/home/jacky/DatosSerie/Resultados/Prediccion/anomalias_sinteticos_limpios,/home/jacky/DatosSerie/Resultados/GraficosConsolidado/GraficosOriginalLimpios,2026-01-29,2026-01-29,2020-02-27,2020-02-27,0.9408009648323059,78.3%,2,2,0.5,True,162,149,clip-ViT-B-32,laion2b_s34b_b79k,2026-04-25T05:08:52Z,indefinida,subida,gamma=4.0|ratio_delta=0.001|ventana_tend=5
088_LSTM_FEEDBACK_DBSCAN,085_2020-02-25,088_LSTM_FEEDBACK_DBSCAN.png,085_2020-02-25.png,/home/jacky/DatosSerie/Resultados/Prediccion/anomalias_sinteticos_limpios/088_LSTM_FEEDBACK_DBSCAN.png,/home/jacky/DatosSerie/Resultados/GraficosConsolidado/GraficosOriginalLimpios/085_2020-02-25.png,/home/jacky/DatosSerie/Resultados/Prediccion/anomalias_sinteticos_limpios,/home/jacky/DatosSerie/Resultados/GraficosConsolidado/GraficosOriginalLimpios,2026-01-29,2026-01-30,2020-02-25,2020-02-25,0.9508993625640869,81.8%,1,2,0.5,True,162,149,clip-ViT-B-32,laion2b_s34b_b79k,2026-04-25T05:08:52Z,indefinida,subida,gamma=4.0|ratio_delta=0.001|ventana_tend=5
088_LSTM_FEEDBACK_DBSCAN,086_2020-02-27,088_LSTM_FEEDBACK_DBSCAN.png,086_2020-02-27.png,/home/jacky/DatosSerie/Resultados/Prediccion/anomalias_sinteticos_limpios/088_LSTM_FEEDBACK_DBSCAN.png,/home/jacky/DatosSerie/Resultados/GraficosConsolidado/GraficosOriginalLimpios/086_2020-02-27.png,/home/jacky/DatosSerie/Resultados/Prediccion/anomalias_sinteticos_limpios,/home/jacky/DatosSerie/Resultados/GraficosConsolidado/GraficosOriginalLimpios,2026-01-29,2026-01-30,2020-02-27,2020-02-27,0.9463915824890137,80.2%,2,2,0.5,True,162,149,clip-ViT-B-32,laion2b_s34b_b79k,2026-04-25T05:08:52Z,indefinida,subida,gamma=4.0|ratio_delta=0.001|ventana_tend=5
089_LSTM_FEEDBACK_DBSCAN,067_2016-01-12,089_LSTM_FEEDBACK_DBSCAN.png,067_2016-01-12.png,/home/jacky/DatosSerie/Resultados/Prediccion/anomalias_sinteticos_limpios/089_LSTM_FEEDBACK_DBSCAN.png,/home/jacky/DatosSerie/Resultados/GraficosConsolidado/GraficosOriginalLimpios/067_2016-01-12.png,/home/jacky/DatosSerie/Resultados/Prediccion/anomalias_sinteticos_limpios,/home/jacky/DatosSerie/Resultados/GraficosConsolidado/GraficosOriginalLimpios,2026-02-03,2026-02-09,2016-01-12,2016-01-12,0.9463757872581482,80.2%,1,2,0.5,True,162,149,clip-ViT-B-32,laion2b_s34b_b79k,2026-04-25T05:08:52Z,subida,subida,gamma=4.0|ratio_delta=0.001|ventana_tend=5
089_LSTM_FEEDBACK_DBSCAN,085_2020-02-25,089_LSTM_FEEDBACK_DBSCAN.png,085_2020-02-25.png,/home/jacky/DatosSerie/Resultados/Prediccion/anomalias_sinteticos_limpios/089_LSTM_FEEDBACK_DBSCAN.png,/home/jacky/DatosSerie/Resultados/GraficosConsolidado/GraficosOriginalLimpios/085_2020-02-25.png,/home/jacky/DatosSerie/Resultados/Prediccion/anomalias_sinteticos_limpios,/home/jacky/DatosSerie/Resultados/GraficosConsolidado/GraficosOriginalLimpios,2026-02-03,2026-02-09,2020-02-25,2020-02-25,0.9376703500747681,77.3%,2,2,0.5,True,162,149,clip-ViT-B-32,laion2b_s34b_b79k,2026-04-25T05:08:52Z,subida,subida,gamma=4.0|ratio_delta=0.001|ventana_tend=5
090_LSTM_FEEDBACK_DBSCAN,067_2016-01-12,090_LSTM_FEEDBACK_DBSCAN.png,067_2016-01-12.png,/home/jacky/DatosSerie/Resultados/Prediccion/anomalias_sinteticos_limpios/090_LSTM_FEEDBACK_DBSCAN.png,/home/jacky/DatosSerie/Resultados/GraficosConsolidado/GraficosOriginalLimpios/067_2016-01-12.png,/home/jacky/DatosSerie/Resultados/Prediccion/anomalias_sinteticos_limpios,/home/jacky/DatosSerie/Resultados/GraficosConsolidado/GraficosOriginalLimpios,2026-02-16,2026-02-27,2016-01-12,2016-01-12,0.9400718212127686,78.1%,1,2,0.5,True,162,149,clip-ViT-B-32,laion2b_s34b_b79k,2026-04-25T05:08:52Z,indefinida,subida,gamma=4.0|ratio_delta=0.001|ventana_tend=5
090_LSTM_FEEDBACK_DBSCAN,104_2020-09-01,090_LSTM_FEEDBACK_DBSCAN.png,104_2020-09-01.png,/home/jacky/DatosSerie/Resultados/Prediccion/anomalias_sinteticos_limpios/090_LSTM_FEEDBACK_DBSCAN.png,/home/jacky/DatosSerie/Resultados/GraficosConsolidado/GraficosOriginalLimpios/104_2020-09-01.png,/home/jacky/DatosSerie/Resultados/Prediccion/anomalias_sinteticos_limpios,/home/jacky/DatosSerie/Resultados/GraficosConsolidado/GraficosOriginalLimpios,2026-02-16,2026-02-27,2020-09-01,2020-09-01,0.937235414981842,77.2%,2,2,0.5,True,162,149,clip-ViT-B-32,laion2b_s34b_b79k,2026-04-25T05:08:52Z,indefinida,bajada,gamma=4.0|ratio_delta=0.001|ventana_tend=5
091_LSTM_FEEDBACK_DIF,067_2016-01-12,091_LSTM_FEEDBACK_DIF.png,067_2016-01-12.png,/home/jacky/DatosSerie/Resultados/Prediccion/anomalias_sinteticos_limpios/091_LSTM_FEEDBACK_DIF.png,/home/jacky/DatosSerie/Resultados/GraficosConsolidado/GraficosOriginalLimpios/067_2016-01-12.png,/home/jacky/DatosSerie/Resultados/Prediccion/anomalias_sinteticos_limpios,/home/jacky/DatosSerie/Resultados/GraficosConsolidado/GraficosOriginalLimpios,2026-02-09,2026-02-10,2016-01-12,2016-01-12,0.945128321647644,79.8%,1,2,0.5,True,162,149,clip-ViT-B-32,laion2b_s34b_b79k,2026-04-25T05:08:52Z,subida,subida,gamma=4.0|ratio_delta=0.001|ventana_tend=5
091_LSTM_FEEDBACK_DIF,022_2008-10-28,091_LSTM_FEEDBACK_DIF.png,022_2008-10-28.png,/home/jacky/DatosSerie/Resultados/Prediccion/anomalias_sinteticos_limpios/091_LSTM_FEEDBACK_DIF.png,/home/jacky/DatosSerie/Resultados/GraficosConsolidado/GraficosOriginalLimpios/022_2008-10-28.png,/home/jacky/DatosSerie/Resultados/Prediccion/anomalias_sinteticos_limpios,/home/jacky/DatosSerie/Resultados/GraficosConsolidado/GraficosOriginalLimpios,2026-02-09,2026-02-10,2008-10-28,2008-10-28,0.9364068508148193,76.9%,3,2,0.5,True,162,149,clip-ViT-B-32,laion2b_s34b_b79k,2026-04-25T05:08:52Z,subida,subida,gamma=4.0|ratio_delta=0.001|ventana_tend=5
092_LSTM_FEEDBACK_IFOREST,067_2016-01-12,092_LSTM_FEEDBACK_IFOREST.png,067_2016-01-12.png,/home/jacky/DatosSerie/Resultados/Prediccion/anomalias_sinteticos_limpios/092_LSTM_FEEDBACK_IFOREST.png,/home/jacky/DatosSerie/Resultados/GraficosConsolidado/GraficosOriginalLimpios/067_2016-01-12.png,/home/jacky/DatosSerie/Resultados/Prediccion/anomalias_sinteticos_limpios,/home/jacky/DatosSerie/Resultados/GraficosConsolidado/GraficosOriginalLimpios,2026-02-27,2026-02-27,2016-01-12,2016-01-12,0.9424554705619812,78.9%,1,2,0.5,True,162,149,clip-ViT-B-32,laion2b_s34b_b79k,2026-04-25T05:08:52Z,indefinida,subida,gamma=4.0|ratio_delta=0.001|ventana_tend=5
092_LSTM_FEEDBACK_IFOREST,104_2020-09-01,092_LSTM_FEEDBACK_IFOREST.png,104_2020-09-01.png,/home/jacky/DatosSerie/Resultados/Prediccion/anomalias_sinteticos_limpios/092_LSTM_FEEDBACK_IFOREST.png,/home/jacky/DatosSerie/Resultados/GraficosConsolidado/GraficosOriginalLimpios/104_2020-09-01.png,/home/jacky/DatosSerie/Resultados/Prediccion/anomalias_sinteticos_limpios,/home/jacky/DatosSerie/Resultados/GraficosConsolidado/GraficosOriginalLimpios,2026-02-27,2026-02-27,2020-09-01,2020-09-01,0.9371013641357422,77.1%,2,2,0.5,True,162,149,clip-ViT-B-32,laion2b_s34b_b79k,2026-04-25T05:08:52Z,indefinida,bajada,gamma=4.0|ratio_delta=0.001|ventana_tend=5
093_LSTM_FEEDBACK_TIMEGPT,067_2016-01-12,093_LSTM_FEEDBACK_TIMEGPT.png,067_2016-01-12.png,/home/jacky/DatosSerie/Resultados/Prediccion/anomalias_sinteticos_limpios/093_LSTM_FEEDBACK_TIMEGPT.png,/home/jacky/DatosSerie/Resultados/GraficosConsolidado/GraficosOriginalLimpios/067_2016-01-12.png,/home/jacky/DatosSerie/Resultados/Prediccion/anomalias_sinteticos_limpios,/home/jacky/DatosSerie/Resultados/GraficosConsolidado/GraficosOriginalLimpios,2026-02-27,2026-02-27,2016-01-12,2016-01-12,0.9424554705619812,78.9%,1,2,0.5,True,162,149,clip-ViT-B-32,laion2b_s34b_b79k,2026-04-25T05:08:52Z,indefinida,subida,gamma=4.0|ratio_delta=0.001|ventana_tend=5
093_LSTM_FEEDBACK_TIMEGPT,104_2020-09-01,093_LSTM_FEEDBACK_TIMEGPT.png,104_2020-09-01.png,/home/jacky/DatosSerie/Resultados/Prediccion/anomalias_sinteticos_limpios/093_LSTM_FEEDBACK_TIMEGPT.png,/home/jacky/DatosSerie/Resultados/GraficosConsolidado/GraficosOriginalLimpios/104_2020-09-01.png,/home/jacky/DatosSerie/Resultados/Prediccion/anomalias_sinteticos_limpios,/home/jacky/DatosSerie/Resultados/GraficosConsolidado/GraficosOriginalLimpios,2026-02-27,2026-02-27,2020-09-01,2020-09-01,0.9371013641357422,77.1%,2,2,0.5,True,162,149,clip-ViT-B-32,laion2b_s34b_b79k,2026-04-25T05:08:52Z,indefinida,bajada,gamma=4.0|ratio_delta=0.001|ventana_tend=5
094_LSTM_FEEDBACK_TIMESNET,067_2016-01-12,094_LSTM_FEEDBACK_TIMESNET.png,067_2016-01-12.png,/home/jacky/DatosSerie/Resultados/Prediccion/anomalias_sinteticos_limpios/094_LSTM_FEEDBACK_TIMESNET.png,/home/jacky/DatosSerie/Resultados/GraficosConsolidado/GraficosOriginalLimpios/067_2016-01-12.png,/home/jacky/DatosSerie/Resultados/Prediccion/anomalias_sinteticos_limpios,/home/jacky/DatosSerie/Resultados/GraficosConsolidado/GraficosOriginalLimpios,2026-02-27,2026-02-27,2016-01-12,2016-01-12,0.9424554705619812,78.9%,1,2,0.5,True,162,149,clip-ViT-B-32,laion2b_s34b_b79k,2026-04-25T05:08:52Z,indefinida,subida,gamma=4.0|ratio_delta=0.001|ventana_tend=5
094_LSTM_FEEDBACK_TIMESNET,104_2020-09-01,094_LSTM_FEEDBACK_TIMESNET.png,104_2020-09-01.png,/home/jacky/DatosSerie/Resultados/Prediccion/anomalias_sinteticos_limpios/094_LSTM_FEEDBACK_TIMESNET.png,/home/jacky/DatosSerie/Resultados/GraficosConsolidado/GraficosOriginalLimpios/104_2020-09-01.png,/home/jacky/DatosSerie/Resultados/Prediccion/anomalias_sinteticos_limpios,/home/jacky/DatosSerie/Resultados/GraficosConsolidado/GraficosOriginalLimpios,2026-02-27,2026-02-27,2020-09-01,2020-09-01,0.9371013641357422,77.1%,2,2,0.5,True,162,149,clip-ViT-B-32,laion2b_s34b_b79k,2026-04-25T05:08:52Z,indefinida,bajada,gamma=4.0|ratio_delta=0.001|ventana_tend=5
095_LSTM_FEEDBACK_TRANAD,067_2016-01-12,095_LSTM_FEEDBACK_TRANAD.png,067_2016-01-12.png,/home/jacky/DatosSerie/Resultados/Prediccion/anomalias_sinteticos_limpios/095_LSTM_FEEDBACK_TRANAD.png,/home/jacky/DatosSerie/Resultados/GraficosConsolidado/GraficosOriginalLimpios/067_2016-01-12.png,/home/jacky/DatosSerie/Resultados/Prediccion/anomalias_sinteticos_limpios,/home/jacky/DatosSerie/Resultados/GraficosConsolidado/GraficosOriginalLimpios,2026-02-27,2026-02-27,2016-01-12,2016-01-12,0.9424554705619812,78.9%,1,2,0.5,True,162,149,clip-ViT-B-32,laion2b_s34b_b79k,2026-04-25T05:08:52Z,indefinida,subida,gamma=4.0|ratio_delta=0.001|ventana_tend=5
095_LSTM_FEEDBACK_TRANAD,104_2020-09-01,095_LSTM_FEEDBACK_TRANAD.png,104_2020-09-01.png,/home/jacky/DatosSerie/Resultados/Prediccion/anomalias_sinteticos_limpios/095_LSTM_FEEDBACK_TRANAD.png,/home/jacky/DatosSerie/Resultados/GraficosConsolidado/GraficosOriginalLimpios/104_2020-09-01.png,/home/jacky/DatosSerie/Resultados/Prediccion/anomalias_sinteticos_limpios,/home/jacky/DatosSerie/Resultados/GraficosConsolidado/GraficosOriginalLimpios,2026-02-27,2026-02-27,2020-09-01,2020-09-01,0.9371013641357422,77.1%,2,2,0.5,True,162,149,clip-ViT-B-32,laion2b_s34b_b79k,2026-04-25T05:08:52Z,indefinida,bajada,gamma=4.0|ratio_delta=0.001|ventana_tend=5
096_LSTM_DIRECT_ARIMA,091_2020-04-08,096_LSTM_DIRECT_ARIMA.png,091_2020-04-08.png,/home/jacky/DatosSerie/Resultados/Prediccion/anomalias_sinteticos_limpios/096_LSTM_DIRECT_ARIMA.png,/home/jacky/DatosSerie/Resultados/GraficosConsolidado/GraficosOriginalLimpios/091_2020-04-08.png,/home/jacky/DatosSerie/Resultados/Prediccion/anomalias_sinteticos_limpios,/home/jacky/DatosSerie/Resultados/GraficosConsolidado/GraficosOriginalLimpios,2026-01-29,2026-01-29,2020-04-08,2020-04-09,0.966313362121582,87.2%,1,2,0.5,True,162,149,clip-ViT-B-32,laion2b_s34b_b79k,2026-04-25T05:08:52Z,indefinida,subida,gamma=4.0|ratio_delta=0.001|ventana_tend=5
096_LSTM_DIRECT_ARIMA,142_2023-08-15,096_LSTM_DIRECT_ARIMA.png,142_2023-08-15.png,/home/jacky/DatosSerie/Resultados/Prediccion/anomalias_sinteticos_limpios/096_LSTM_DIRECT_ARIMA.png,/home/jacky/DatosSerie/Resultados/GraficosConsolidado/GraficosOriginalLimpios/142_2023-08-15.png,/home/jacky/DatosSerie/Resultados/Prediccion/anomalias_sinteticos_limpios,/home/jacky/DatosSerie/Resultados/GraficosConsolidado/GraficosOriginalLimpios,2026-01-29,2026-01-29,2023-08-15,2023-08-16,0.9589207768440247,84.6%,2,2,0.5,True,162,149,clip-ViT-B-32,laion2b_s34b_b79k,2026-04-25T05:08:52Z,indefinida,bajada,gamma=4.0|ratio_delta=0.001|ventana_tend=5
097_LSTM_DIRECT_ARIMA,091_2020-04-08,097_LSTM_DIRECT_ARIMA.png,091_2020-04-08.png,/home/jacky/DatosSerie/Resultados/Prediccion/anomalias_sinteticos_limpios/097_LSTM_DIRECT_ARIMA.png,/home/jacky/DatosSerie/Resultados/GraficosConsolidado/GraficosOriginalLimpios/091_2020-04-08.png,/home/jacky/DatosSerie/Resultados/Prediccion/anomalias_sinteticos_limpios,/home/jacky/DatosSerie/Resultados/GraficosConsolidado/GraficosOriginalLimpios,2026-02-23,2026-02-23,2020-04-08,2020-04-09,0.9664441347122192,87.2%,1,2,0.5,True,162,149,clip-ViT-B-32,laion2b_s34b_b79k,2026-04-25T05:08:52Z,subida,subida,gamma=4.0|ratio_delta=0.001|ventana_tend=5
097_LSTM_DIRECT_ARIMA,078_2019-08-05,097_LSTM_DIRECT_ARIMA.png,078_2019-08-05.png,/home/jacky/DatosSerie/Resultados/Prediccion/anomalias_sinteticos_limpios/097_LSTM_DIRECT_ARIMA.png,/home/jacky/DatosSerie/Resultados/GraficosConsolidado/GraficosOriginalLimpios/078_2019-08-05.png,/home/jacky/DatosSerie/Resultados/Prediccion/anomalias_sinteticos_limpios,/home/jacky/DatosSerie/Resultados/GraficosConsolidado/GraficosOriginalLimpios,2026-02-23,2026-02-23,2019-08-05,2019-08-05,0.9617569446563721,85.6%,2,2,0.5,True,162,149,clip-ViT-B-32,laion2b_s34b_b79k,2026-04-25T05:08:52Z,subida,subida,gamma=4.0|ratio_delta=0.001|ventana_tend=5
098_LSTM_DIRECT_DBSCAN,091_2020-04-08,098_LSTM_DIRECT_DBSCAN.png,091_2020-04-08.png,/home/jacky/DatosSerie/Resultados/Prediccion/anomalias_sinteticos_limpios/098_LSTM_DIRECT_DBSCAN.png,/home/jacky/DatosSerie/Resultados/GraficosConsolidado/GraficosOriginalLimpios/091_2020-04-08.png,/home/jacky/DatosSerie/Resultados/Prediccion/anomalias_sinteticos_limpios,/home/jacky/DatosSerie/Resultados/GraficosConsolidado/GraficosOriginalLimpios,2026-01-29,2026-02-03,2020-04-08,2020-04-09,0.961820125579834,85.6%,1,2,0.5,True,162,149,clip-ViT-B-32,laion2b_s34b_b79k,2026-04-25T05:08:52Z,indefinida,subida,gamma=4.0|ratio_delta=0.001|ventana_tend=5
098_LSTM_DIRECT_DBSCAN,011_2007-07-27,098_LSTM_DIRECT_DBSCAN.png,011_2007-07-27.png,/home/jacky/DatosSerie/Resultados/Prediccion/anomalias_sinteticos_limpios/098_LSTM_DIRECT_DBSCAN.png,/home/jacky/DatosSerie/Resultados/GraficosConsolidado/GraficosOriginalLimpios/011_2007-07-27.png,/home/jacky/DatosSerie/Resultados/Prediccion/anomalias_sinteticos_limpios,/home/jacky/DatosSerie/Resultados/GraficosConsolidado/GraficosOriginalLimpios,2026-01-29,2026-02-03,2007-07-27,2007-07-27,0.9586595892906189,84.5%,2,2,0.5,True,162,149,clip-ViT-B-32,laion2b_s34b_b79k,2026-04-25T05:08:52Z,indefinida,bajada,gamma=4.0|ratio_delta=0.001|ventana_tend=5
101_LSTM_DIRECT_DBSCAN,091_2020-04-08,101_LSTM_DIRECT_DBSCAN.png,091_2020-04-08.png,/home/jacky/DatosSerie/Resultados/Prediccion/anomalias_sinteticos_limpios/101_LSTM_DIRECT_DBSCAN.png,/home/jacky/DatosSerie/Resultados/GraficosConsolidado/GraficosOriginalLimpios/091_2020-04-08.png,/home/jacky/DatosSerie/Resultados/Prediccion/anomalias_sinteticos_limpios,/home/jacky/DatosSerie/Resultados/GraficosConsolidado/GraficosOriginalLimpios,2026-02-13,2026-02-13,2020-04-08,2020-04-09,0.9562414884567261,83.6%,1,2,0.5,True,162,149,clip-ViT-B-32,laion2b_s34b_b79k,2026-04-25T05:08:52Z,subida,subida,gamma=4.0|ratio_delta=0.001|ventana_tend=5
101_LSTM_DIRECT_DBSCAN,078_2019-08-05,101_LSTM_DIRECT_DBSCAN.png,078_2019-08-05.png,/home/jacky/DatosSerie/Resultados/Prediccion/anomalias_sinteticos_limpios/101_LSTM_DIRECT_DBSCAN.png,/home/jacky/DatosSerie/Resultados/GraficosConsolidado/GraficosOriginalLimpios/078_2019-08-05.png,/home/jacky/DatosSerie/Resultados/Prediccion/anomalias_sinteticos_limpios,/home/jacky/DatosSerie/Resultados/GraficosConsolidado/GraficosOriginalLimpios,2026-02-13,2026-02-13,2019-08-05,2019-08-05,0.9525038003921509,82.3%,3,2,0.5,True,162,149,clip-ViT-B-32,laion2b_s34b_b79k,2026-04-25T05:08:52Z,subida,subida,gamma=4.0|ratio_delta=0.001|ventana_tend=5
102_LSTM_DIRECT_DBSCAN,091_2020-04-08,102_LSTM_DIRECT_DBSCAN.png,091_2020-04-08.png,/home/jacky/DatosSerie/Resultados/Prediccion/anomalias_sinteticos_limpios/102_LSTM_DIRECT_DBSCAN.png,/home/jacky/DatosSerie/Resultados/GraficosConsolidado/GraficosOriginalLimpios/091_2020-04-08.png,/home/jacky/DatosSerie/Resultados/Prediccion/anomalias_sinteticos_limpios,/home/jacky/DatosSerie/Resultados/GraficosConsolidado/GraficosOriginalLimpios,2026-02-16,2026-02-19,2020-04-08,2020-04-09,0.9633797407150269,86.1%,1,2,0.5,True,162,149,clip-ViT-B-32,laion2b_s34b_b79k,2026-04-25T05:08:52Z,subida,subida,gamma=4.0|ratio_delta=0.001|ventana_tend=5
102_LSTM_DIRECT_DBSCAN,078_2019-08-05,102_LSTM_DIRECT_DBSCAN.png,078_2019-08-05.png,/home/jacky/DatosSerie/Resultados/Prediccion/anomalias_sinteticos_limpios/102_LSTM_DIRECT_DBSCAN.png,/home/jacky/DatosSerie/Resultados/GraficosConsolidado/GraficosOriginalLimpios/078_2019-08-05.png,/home/jacky/DatosSerie/Resultados/Prediccion/anomalias_sinteticos_limpios,/home/jacky/DatosSerie/Resultados/GraficosConsolidado/GraficosOriginalLimpios,2026-02-16,2026-02-19,2019-08-05,2019-08-05,0.9603086113929749,85.0%,2,2,0.5,True,162,149,clip-ViT-B-32,laion2b_s34b_b79k,2026-04-25T05:08:52Z,subida,subida,gamma=4.0|ratio_delta=0.001|ventana_tend=5
103_LSTM_DIRECT_DBSCAN,091_2020-04-08,103_LSTM_DIRECT_DBSCAN.png,091_2020-04-08.png,/home/jacky/DatosSerie/Resultados/Prediccion/anomalias_sinteticos_limpios/103_LSTM_DIRECT_DBSCAN.png,/home/jacky/DatosSerie/Resultados/GraficosConsolidado/GraficosOriginalLimpios/091_2020-04-08.png,/home/jacky/DatosSerie/Resultados/Prediccion/anomalias_sinteticos_limpios,/home/jacky/DatosSerie/Resultados/GraficosConsolidado/GraficosOriginalLimpios,2026-02-21,2026-02-27,2020-04-08,2020-04-09,0.9647200703620911,86.6%,1,2,0.5,True,162,149,clip-ViT-B-32,laion2b_s34b_b79k,2026-04-25T05:08:52Z,indefinida,subida,gamma=4.0|ratio_delta=0.001|ventana_tend=5
103_LSTM_DIRECT_DBSCAN,078_2019-08-05,103_LSTM_DIRECT_DBSCAN.png,078_2019-08-05.png,/home/jacky/DatosSerie/Resultados/Prediccion/anomalias_sinteticos_limpios/103_LSTM_DIRECT_DBSCAN.png,/home/jacky/DatosSerie/Resultados/GraficosConsolidado/GraficosOriginalLimpios/078_2019-08-05.png,/home/jacky/DatosSerie/Resultados/Prediccion/anomalias_sinteticos_limpios,/home/jacky/DatosSerie/Resultados/GraficosConsolidado/GraficosOriginalLimpios,2026-02-21,2026-02-27,2019-08-05,2019-08-05,0.9588608145713806,84.5%,2,2,0.5,True,162,149,clip-ViT-B-32,laion2b_s34b_b79k,2026-04-25T05:08:52Z,indefinida,subida,gamma=4.0|ratio_delta=0.001|ventana_tend=5
104_LSTM_DIRECT_DIF,091_2020-04-08,104_LSTM_DIRECT_DIF.png,091_2020-04-08.png,/home/jacky/DatosSerie/Resultados/Prediccion/anomalias_sinteticos_limpios/104_LSTM_DIRECT_DIF.png,/home/jacky/DatosSerie/Resultados/GraficosConsolidado/GraficosOriginalLimpios/091_2020-04-08.png,/home/jacky/DatosSerie/Resultados/Prediccion/anomalias_sinteticos_limpios,/home/jacky/DatosSerie/Resultados/GraficosConsolidado/GraficosOriginalLimpios,2026-02-18,2026-02-18,2020-04-08,2020-04-09,0.9607364535331726,85.2%,1,2,0.5,True,162,149,clip-ViT-B-32,laion2b_s34b_b79k,2026-04-25T05:08:52Z,subida,subida,gamma=4.0|ratio_delta=0.001|ventana_tend=5
104_LSTM_DIRECT_DIF,078_2019-08-05,104_LSTM_DIRECT_DIF.png,078_2019-08-05.png,/home/jacky/DatosSerie/Resultados/Prediccion/anomalias_sinteticos_limpios/104_LSTM_DIRECT_DIF.png,/home/jacky/DatosSerie/Resultados/GraficosConsolidado/GraficosOriginalLimpios/078_2019-08-05.png,/home/jacky/DatosSerie/Resultados/Prediccion/anomalias_sinteticos_limpios,/home/jacky/DatosSerie/Resultados/GraficosConsolidado/GraficosOriginalLimpios,2026-02-18,2026-02-18,2019-08-05,2019-08-05,0.9568477869033813,83.8%,2,2,0.5,True,162,149,clip-ViT-B-32,laion2b_s34b_b79k,2026-04-25T05:08:52Z,subida,subida,gamma=4.0|ratio_delta=0.001|ventana_tend=5
105_LSTM_DIRECT_DIF,091_2020-04-08,105_LSTM_DIRECT_DIF.png,091_2020-04-08.png,/home/jacky/DatosSerie/Resultados/Prediccion/anomalias_sinteticos_limpios/105_LSTM_DIRECT_DIF.png,/home/jacky/DatosSerie/Resultados/GraficosConsolidado/GraficosOriginalLimpios/091_2020-04-08.png,/home/jacky/DatosSerie/Resultados/Prediccion/anomalias_sinteticos_limpios,/home/jacky/DatosSerie/Resultados/GraficosConsolidado/GraficosOriginalLimpios,2026-02-23,2026-02-23,2020-04-08,2020-04-09,0.9664441347122192,87.2%,1,2,0.5,True,162,149,clip-ViT-B-32,laion2b_s34b_b79k,2026-04-25T05:08:52Z,subida,subida,gamma=4.0|ratio_delta=0.001|ventana_tend=5
105_LSTM_DIRECT_DIF,078_2019-08-05,105_LSTM_DIRECT_DIF.png,078_2019-08-05.png,/home/jacky/DatosSerie/Resultados/Prediccion/anomalias_sinteticos_limpios/105_LSTM_DIRECT_DIF.png,/home/jacky/DatosSerie/Resultados/GraficosConsolidado/GraficosOriginalLimpios/078_2019-08-05.png,/home/jacky/DatosSerie/Resultados/Prediccion/anomalias_sinteticos_limpios,/home/jacky/DatosSerie/Resultados/GraficosConsolidado/GraficosOriginalLimpios,2026-02-23,2026-02-23,2019-08-05,2019-08-05,0.9617569446563721,85.6%,2,2,0.5,True,162,149,clip-ViT-B-32,laion2b_s34b_b79k,2026-04-25T05:08:52Z,subida,subida,gamma=4.0|ratio_delta=0.001|ventana_tend=5
106_LSTM_DIRECT_IFOREST,091_2020-04-08,106_LSTM_DIRECT_IFOREST.png,091_2020-04-08.png,/home/jacky/DatosSerie/Resultados/Prediccion/anomalias_sinteticos_limpios/106_LSTM_DIRECT_IFOREST.png,/home/jacky/DatosSerie/Resultados/GraficosConsolidado/GraficosOriginalLimpios/091_2020-04-08.png,/home/jacky/DatosSerie/Resultados/Prediccion/anomalias_sinteticos_limpios,/home/jacky/DatosSerie/Resultados/GraficosConsolidado/GraficosOriginalLimpios,2026-02-23,2026-02-23,2020-04-08,2020-04-09,0.9664441347122192,87.2%,1,2,0.5,True,162,149,clip-ViT-B-32,laion2b_s34b_b79k,2026-04-25T05:08:52Z,subida,subida,gamma=4.0|ratio_delta=0.001|ventana_tend=5
106_LSTM_DIRECT_IFOREST,078_2019-08-05,106_LSTM_DIRECT_IFOREST.png,078_2019-08-05.png,/home/jacky/DatosSerie/Resultados/Prediccion/anomalias_sinteticos_limpios/106_LSTM_DIRECT_IFOREST.png,/home/jacky/DatosSerie/Resultados/GraficosConsolidado/GraficosOriginalLimpios/078_2019-08-05.png,/home/jacky/DatosSerie/Resultados/Prediccion/anomalias_sinteticos_limpios,/home/jacky/DatosSerie/Resultados/GraficosConsolidado/GraficosOriginalLimpios,2026-02-23,2026-02-23,2019-08-05,2019-08-05,0.9617569446563721,85.6%,2,2,0.5,True,162,149,clip-ViT-B-32,laion2b_s34b_b79k,2026-04-25T05:08:52Z,subida,subida,gamma=4.0|ratio_delta=0.001|ventana_tend=5
110_NBEATS_DIRECT_ARIMA,142_2023-08-15,110_NBEATS_DIRECT_ARIMA.png,142_2023-08-15.png,/home/jacky/DatosSerie/Resultados/Prediccion/anomalias_sinteticos_limpios/110_NBEATS_DIRECT_ARIMA.png,/home/jacky/DatosSerie/Resultados/GraficosConsolidado/GraficosOriginalLimpios/142_2023-08-15.png,/home/jacky/DatosSerie/Resultados/Prediccion/anomalias_sinteticos_limpios,/home/jacky/DatosSerie/Resultados/GraficosConsolidado/GraficosOriginalLimpios,2026-01-29,2026-01-29,2023-08-15,2023-08-16,0.9660020470619202,87.1%,1,2,0.5,True,162,149,clip-ViT-B-32,laion2b_s34b_b79k,2026-04-25T05:08:52Z,indefinida,bajada,gamma=4.0|ratio_delta=0.001|ventana_tend=5
110_NBEATS_DIRECT_ARIMA,091_2020-04-08,110_NBEATS_DIRECT_ARIMA.png,091_2020-04-08.png,/home/jacky/DatosSerie/Resultados/Prediccion/anomalias_sinteticos_limpios/110_NBEATS_DIRECT_ARIMA.png,/home/jacky/DatosSerie/Resultados/GraficosConsolidado/GraficosOriginalLimpios/091_2020-04-08.png,/home/jacky/DatosSerie/Resultados/Prediccion/anomalias_sinteticos_limpios,/home/jacky/DatosSerie/Resultados/GraficosConsolidado/GraficosOriginalLimpios,2026-01-29,2026-01-29,2020-04-08,2020-04-09,0.9647034406661987,86.6%,2,2,0.5,True,162,149,clip-ViT-B-32,laion2b_s34b_b79k,2026-04-25T05:08:52Z,indefinida,subida,gamma=4.0|ratio_delta=0.001|ventana_tend=5
111_NBEATS_DIRECT_ARIMA,142_2023-08-15,111_NBEATS_DIRECT_ARIMA.png,142_2023-08-15.png,/home/jacky/DatosSerie/Resultados/Prediccion/anomalias_sinteticos_limpios/111_NBEATS_DIRECT_ARIMA.png,/home/jacky/DatosSerie/Resultados/GraficosConsolidado/GraficosOriginalLimpios/142_2023-08-15.png,/home/jacky/DatosSerie/Resultados/Prediccion/anomalias_sinteticos_limpios,/home/jacky/DatosSerie/Resultados/GraficosConsolidado/GraficosOriginalLimpios,2026-02-12,2026-02-12,2023-08-15,2023-08-16,0.9609948396682739,85.3%,1,2,0.5,True,162,149,clip-ViT-B-32,laion2b_s34b_b79k,2026-04-25T05:08:52Z,indefinida,bajada,gamma=4.0|ratio_delta=0.001|ventana_tend=5
111_NBEATS_DIRECT_ARIMA,091_2020-04-08,111_NBEATS_DIRECT_ARIMA.png,091_2020-04-08.png,/home/jacky/DatosSerie/Resultados/Prediccion/anomalias_sinteticos_limpios/111_NBEATS_DIRECT_ARIMA.png,/home/jacky/DatosSerie/Resultados/GraficosConsolidado/GraficosOriginalLimpios/091_2020-04-08.png,/home/jacky/DatosSerie/Resultados/Prediccion/anomalias_sinteticos_limpios,/home/jacky/DatosSerie/Resultados/GraficosConsolidado/GraficosOriginalLimpios,2026-02-12,2026-02-12,2020-04-08,2020-04-09,0.9593435525894165,84.7%,2,2,0.5,True,162,149,clip-ViT-B-32,laion2b_s34b_b79k,2026-04-25T05:08:52Z,indefinida,subida,gamma=4.0|ratio_delta=0.001|ventana_tend=5
112_NBEATS_DIRECT_DBSCAN,091_2020-04-08,112_NBEATS_DIRECT_DBSCAN.png,091_2020-04-08.png,/home/jacky/DatosSerie/Resultados/Prediccion/anomalias_sinteticos_limpios/112_NBEATS_DIRECT_DBSCAN.png,/home/jacky/DatosSerie/Resultados/GraficosConsolidado/GraficosOriginalLimpios/091_2020-04-08.png,/home/jacky/DatosSerie/Resultados/Prediccion/anomalias_sinteticos_limpios,/home/jacky/DatosSerie/Resultados/GraficosConsolidado/GraficosOriginalLimpios,2026-01-29,2026-01-30,2020-04-08,2020-04-09,0.966949999332428,87.4%,1,2,0.5,True,162,149,clip-ViT-B-32,laion2b_s34b_b79k,2026-04-25T05:08:52Z,indefinida,subida,gamma=4.0|ratio_delta=0.001|ventana_tend=5
112_NBEATS_DIRECT_DBSCAN,078_2019-08-05,112_NBEATS_DIRECT_DBSCAN.png,078_2019-08-05.png,/home/jacky/DatosSerie/Resultados/Prediccion/anomalias_sinteticos_limpios/112_NBEATS_DIRECT_DBSCAN.png,/home/jacky/DatosSerie/Resultados/GraficosConsolidado/GraficosOriginalLimpios/078_2019-08-05.png,/home/jacky/DatosSerie/Resultados/Prediccion/anomalias_sinteticos_limpios,/home/jacky/DatosSerie/Resultados/GraficosConsolidado/GraficosOriginalLimpios,2026-01-29,2026-01-30,2019-08-05,2019-08-05,0.9625334739685059,85.8%,2,2,0.5,True,162,149,clip-ViT-B-32,laion2b_s34b_b79k,2026-04-25T05:08:52Z,indefinida,subida,gamma=4.0|ratio_delta=0.001|ventana_tend=5
113_NBEATS_DIRECT_DBSCAN,142_2023-08-15,113_NBEATS_DIRECT_DBSCAN.png,142_2023-08-15.png,/home/jacky/DatosSerie/Resultados/Prediccion/anomalias_sinteticos_limpios/113_NBEATS_DIRECT_DBSCAN.png,/home/jacky/DatosSerie/Resultados/GraficosConsolidado/GraficosOriginalLimpios/142_2023-08-15.png,/home/jacky/DatosSerie/Resultados/Prediccion/anomalias_sinteticos_limpios,/home/jacky/DatosSerie/Resultados/GraficosConsolidado/GraficosOriginalLimpios,2026-02-01,2026-02-01,2023-08-15,2023-08-16,0.9689066410064697,88.1%,1,2,0.5,True,162,149,clip-ViT-B-32,laion2b_s34b_b79k,2026-04-25T05:08:52Z,indefinida,bajada,gamma=4.0|ratio_delta=0.001|ventana_tend=5
113_NBEATS_DIRECT_DBSCAN,091_2020-04-08,113_NBEATS_DIRECT_DBSCAN.png,091_2020-04-08.png,/home/jacky/DatosSerie/Resultados/Prediccion/anomalias_sinteticos_limpios/113_NBEATS_DIRECT_DBSCAN.png,/home/jacky/DatosSerie/Resultados/GraficosConsolidado/GraficosOriginalLimpios/091_2020-04-08.png,/home/jacky/DatosSerie/Resultados/Prediccion/anomalias_sinteticos_limpios,/home/jacky/DatosSerie/Resultados/GraficosConsolidado/GraficosOriginalLimpios,2026-02-01,2026-02-01,2020-04-08,2020-04-09,0.966145932674408,87.1%,2,2,0.5,True,162,149,clip-ViT-B-32,laion2b_s34b_b79k,2026-04-25T05:08:52Z,indefinida,subida,gamma=4.0|ratio_delta=0.001|ventana_tend=5
115_NBEATS_DIRECT_DBSCAN,142_2023-08-15,115_NBEATS_DIRECT_DBSCAN.png,142_2023-08-15.png,/home/jacky/DatosSerie/Resultados/Prediccion/anomalias_sinteticos_limpios/115_NBEATS_DIRECT_DBSCAN.png,/home/jacky/DatosSerie/Resultados/GraficosConsolidado/GraficosOriginalLimpios/142_2023-08-15.png,/home/jacky/DatosSerie/Resultados/Prediccion/anomalias_sinteticos_limpios,/home/jacky/DatosSerie/Resultados/GraficosConsolidado/GraficosOriginalLimpios,2026-02-05,2026-02-05,2023-08-15,2023-08-16,0.9687814712524414,88.1%,1,2,0.5,True,162,149,clip-ViT-B-32,laion2b_s34b_b79k,2026-04-25T05:08:52Z,indefinida,bajada,gamma=4.0|ratio_delta=0.001|ventana_tend=5
115_NBEATS_DIRECT_DBSCAN,091_2020-04-08,115_NBEATS_DIRECT_DBSCAN.png,091_2020-04-08.png,/home/jacky/DatosSerie/Resultados/Prediccion/anomalias_sinteticos_limpios/115_NBEATS_DIRECT_DBSCAN.png,/home/jacky/DatosSerie/Resultados/GraficosConsolidado/GraficosOriginalLimpios/091_2020-04-08.png,/home/jacky/DatosSerie/Resultados/Prediccion/anomalias_sinteticos_limpios,/home/jacky/DatosSerie/Resultados/GraficosConsolidado/GraficosOriginalLimpios,2026-02-05,2026-02-05,2020-04-08,2020-04-09,0.9646803140640259,86.6%,2,2,0.5,True,162,149,clip-ViT-B-32,laion2b_s34b_b79k,2026-04-25T05:08:52Z,indefinida,subida,gamma=4.0|ratio_delta=0.001|ventana_tend=5
116_NBEATS_DIRECT_DBSCAN,142_2023-08-15,116_NBEATS_DIRECT_DBSCAN.png,142_2023-08-15.png,/home/jacky/DatosSerie/Resultados/Prediccion/anomalias_sinteticos_limpios/116_NBEATS_DIRECT_DBSCAN.png,/home/jacky/DatosSerie/Resultados/GraficosConsolidado/GraficosOriginalLimpios/142_2023-08-15.png,/home/jacky/DatosSerie/Resultados/Prediccion/anomalias_sinteticos_limpios,/home/jacky/DatosSerie/Resultados/GraficosConsolidado/GraficosOriginalLimpios,2026-02-07,2026-02-10,2023-08-15,2023-08-16,0.9610559940338135,85.3%,1,2,0.5,True,162,149,clip-ViT-B-32,laion2b_s34b_b79k,2026-04-25T05:08:52Z,indefinida,bajada,gamma=4.0|ratio_delta=0.001|ventana_tend=5
116_NBEATS_DIRECT_DBSCAN,091_2020-04-08,116_NBEATS_DIRECT_DBSCAN.png,091_2020-04-08.png,/home/jacky/DatosSerie/Resultados/Prediccion/anomalias_sinteticos_limpios/116_NBEATS_DIRECT_DBSCAN.png,/home/jacky/DatosSerie/Resultados/GraficosConsolidado/GraficosOriginalLimpios/091_2020-04-08.png,/home/jacky/DatosSerie/Resultados/Prediccion/anomalias_sinteticos_limpios,/home/jacky/DatosSerie/Resultados/GraficosConsolidado/GraficosOriginalLimpios,2026-02-07,2026-02-10,2020-04-08,2020-04-09,0.9589372873306274,84.6%,2,2,0.5,True,162,149,clip-ViT-B-32,laion2b_s34b_b79k,2026-04-25T05:08:52Z,indefinida,subida,gamma=4.0|ratio_delta=0.001|ventana_tend=5
117_NBEATS_DIRECT_DBSCAN,142_2023-08-15,117_NBEATS_DIRECT_DBSCAN.png,142_2023-08-15.png,/home/jacky/DatosSerie/Resultados/Prediccion/anomalias_sinteticos_limpios/117_NBEATS_DIRECT_DBSCAN.png,/home/jacky/DatosSerie/Resultados/GraficosConsolidado/GraficosOriginalLimpios/142_2023-08-15.png,/home/jacky/DatosSerie/Resultados/Prediccion/anomalias_sinteticos_limpios,/home/jacky/DatosSerie/Resultados/GraficosConsolidado/GraficosOriginalLimpios,2026-02-12,2026-02-12,2023-08-15,2023-08-16,0.9609948396682739,85.3%,1,2,0.5,True,162,149,clip-ViT-B-32,laion2b_s34b_b79k,2026-04-25T05:08:52Z,indefinida,bajada,gamma=4.0|ratio_delta=0.001|ventana_tend=5
117_NBEATS_DIRECT_DBSCAN,091_2020-04-08,117_NBEATS_DIRECT_DBSCAN.png,091_2020-04-08.png,/home/jacky/DatosSerie/Resultados/Prediccion/anomalias_sinteticos_limpios/117_NBEATS_DIRECT_DBSCAN.png,/home/jacky/DatosSerie/Resultados/GraficosConsolidado/GraficosOriginalLimpios/091_2020-04-08.png,/home/jacky/DatosSerie/Resultados/Prediccion/anomalias_sinteticos_limpios,/home/jacky/DatosSerie/Resultados/GraficosConsolidado/GraficosOriginalLimpios,2026-02-12,2026-02-12,2020-04-08,2020-04-09,0.9593435525894165,84.7%,2,2,0.5,True,162,149,clip-ViT-B-32,laion2b_s34b_b79k,2026-04-25T05:08:52Z,indefinida,subida,gamma=4.0|ratio_delta=0.001|ventana_tend=5
119_NBEATS_DIRECT_DIF,142_2023-08-15,119_NBEATS_DIRECT_DIF.png,142_2023-08-15.png,/home/jacky/DatosSerie/Resultados/Prediccion/anomalias_sinteticos_limpios/119_NBEATS_DIRECT_DIF.png,/home/jacky/DatosSerie/Resultados/GraficosConsolidado/GraficosOriginalLimpios/142_2023-08-15.png,/home/jacky/DatosSerie/Resultados/Prediccion/anomalias_sinteticos_limpios,/home/jacky/DatosSerie/Resultados/GraficosConsolidado/GraficosOriginalLimpios,2026-02-12,2026-02-13,2023-08-15,2023-08-16,0.9592989087104797,84.7%,1,2,0.5,True,162,149,clip-ViT-B-32,laion2b_s34b_b79k,2026-04-25T05:08:52Z,indefinida,bajada,gamma=4.0|ratio_delta=0.001|ventana_tend=5
119_NBEATS_DIRECT_DIF,091_2020-04-08,119_NBEATS_DIRECT_DIF.png,091_2020-04-08.png,/home/jacky/DatosSerie/Resultados/Prediccion/anomalias_sinteticos_limpios/119_NBEATS_DIRECT_DIF.png,/home/jacky/DatosSerie/Resultados/GraficosConsolidado/GraficosOriginalLimpios/091_2020-04-08.png,/home/jacky/DatosSerie/Resultados/Prediccion/anomalias_sinteticos_limpios,/home/jacky/DatosSerie/Resultados/GraficosConsolidado/GraficosOriginalLimpios,2026-02-12,2026-02-13,2020-04-08,2020-04-09,0.9572007656097412,83.9%,2,2,0.5,True,162,149,clip-ViT-B-32,laion2b_s34b_b79k,2026-04-25T05:08:52Z,indefinida,subida,gamma=4.0|ratio_delta=0.001|ventana_tend=5
120_NBEATS_DIRECT_IFOREST,142_2023-08-15,120_NBEATS_DIRECT_IFOREST.png,142_2023-08-15.png,/home/jacky/DatosSerie/Resultados/Prediccion/anomalias_sinteticos_limpios/120_NBEATS_DIRECT_IFOREST.png,/home/jacky/DatosSerie/Resultados/GraficosConsolidado/GraficosOriginalLimpios/142_2023-08-15.png,/home/jacky/DatosSerie/Resultados/Prediccion/anomalias_sinteticos_limpios,/home/jacky/DatosSerie/Resultados/GraficosConsolidado/GraficosOriginalLimpios,2026-02-12,2026-02-12,2023-08-15,2023-08-16,0.9609948396682739,85.3%,1,2,0.5,True,162,149,clip-ViT-B-32,laion2b_s34b_b79k,2026-04-25T05:08:52Z,indefinida,bajada,gamma=4.0|ratio_delta=0.001|ventana_tend=5
120_NBEATS_DIRECT_IFOREST,091_2020-04-08,120_NBEATS_DIRECT_IFOREST.png,091_2020-04-08.png,/home/jacky/DatosSerie/Resultados/Prediccion/anomalias_sinteticos_limpios/120_NBEATS_DIRECT_IFOREST.png,/home/jacky/DatosSerie/Resultados/GraficosConsolidado/GraficosOriginalLimpios/091_2020-04-08.png,/home/jacky/DatosSerie/Resultados/Prediccion/anomalias_sinteticos_limpios,/home/jacky/DatosSerie/Resultados/GraficosConsolidado/GraficosOriginalLimpios,2026-02-12,2026-02-12,2020-04-08,2020-04-09,0.9593435525894165,84.7%,2,2,0.5,True,162,149,clip-ViT-B-32,laion2b_s34b_b79k,2026-04-25T05:08:52Z,indefinida,subida,gamma=4.0|ratio_delta=0.001|ventana_tend=5
121_NBEATS_DIRECT_TIMEGPT,091_2020-04-08,121_NBEATS_DIRECT_TIMEGPT.png,091_2020-04-08.png,/home/jacky/DatosSerie/Resultados/Prediccion/anomalias_sinteticos_limpios/121_NBEATS_DIRECT_TIMEGPT.png,/home/jacky/DatosSerie/Resultados/GraficosConsolidado/GraficosOriginalLimpios/091_2020-04-08.png,/home/jacky/DatosSerie/Resultados/Prediccion/anomalias_sinteticos_limpios,/home/jacky/DatosSerie/Resultados/GraficosConsolidado/GraficosOriginalLimpios,2026-02-20,2026-02-20,2020-04-08,2020-04-09,0.9549257755279541,83.2%,1,2,0.5,True,162,149,clip-ViT-B-32,laion2b_s34b_b79k,2026-04-25T05:08:52Z,indefinida,subida,gamma=4.0|ratio_delta=0.001|ventana_tend=5
121_NBEATS_DIRECT_TIMEGPT,142_2023-08-15,121_NBEATS_DIRECT_TIMEGPT.png,142_2023-08-15.png,/home/jacky/DatosSerie/Resultados/Prediccion/anomalias_sinteticos_limpios/121_NBEATS_DIRECT_TIMEGPT.png,/home/jacky/DatosSerie/Resultados/GraficosConsolidado/GraficosOriginalLimpios/142_2023-08-15.png,/home/jacky/DatosSerie/Resultados/Prediccion/anomalias_sinteticos_limpios,/home/jacky/DatosSerie/Resultados/GraficosConsolidado/GraficosOriginalLimpios,2026-02-20,2026-02-20,2023-08-15,2023-08-16,0.9529733061790466,82.5%,2,2,0.5,True,162,149,clip-ViT-B-32,laion2b_s34b_b79k,2026-04-25T05:08:52Z,indefinida,bajada,gamma=4.0|ratio_delta=0.001|ventana_tend=5
122_NBEATS_DIRECT_TIMESNET,091_2020-04-08,122_NBEATS_DIRECT_TIMESNET.png,091_2020-04-08.png,/home/jacky/DatosSerie/Resultados/Prediccion/anomalias_sinteticos_limpios/122_NBEATS_DIRECT_TIMESNET.png,/home/jacky/DatosSerie/Resultados/GraficosConsolidado/GraficosOriginalLimpios/091_2020-04-08.png,/home/jacky/DatosSerie/Resultados/Prediccion/anomalias_sinteticos_limpios,/home/jacky/DatosSerie/Resultados/GraficosConsolidado/GraficosOriginalLimpios,2026-02-22,2026-02-22,2020-04-08,2020-04-09,0.9512844681739807,81.9%,1,2,0.5,True,162,149,clip-ViT-B-32,laion2b_s34b_b79k,2026-04-25T05:08:52Z,indefinida,subida,gamma=4.0|ratio_delta=0.001|ventana_tend=5
122_NBEATS_DIRECT_TIMESNET,038_2009-02-23,122_NBEATS_DIRECT_TIMESNET.png,038_2009-02-23.png,/home/jacky/DatosSerie/Resultados/Prediccion/anomalias_sinteticos_limpios/122_NBEATS_DIRECT_TIMESNET.png,/home/jacky/DatosSerie/Resultados/GraficosConsolidado/GraficosOriginalLimpios/038_2009-02-23.png,/home/jacky/DatosSerie/Resultados/Prediccion/anomalias_sinteticos_limpios,/home/jacky/DatosSerie/Resultados/GraficosConsolidado/GraficosOriginalLimpios,2026-02-22,2026-02-22,2009-02-23,2009-02-25,0.9492413997650146,81.2%,2,2,0.5,True,162,149,clip-ViT-B-32,laion2b_s34b_b79k,2026-04-25T05:08:52Z,indefinida,bajada,gamma=4.0|ratio_delta=0.001|ventana_tend=5
123_NBEATS_DIRECT_TRANAD,038_2009-02-23,123_NBEATS_DIRECT_TRANAD.png,038_2009-02-23.png,/home/jacky/DatosSerie/Resultados/Prediccion/anomalias_sinteticos_limpios/123_NBEATS_DIRECT_TRANAD.png,/home/jacky/DatosSerie/Resultados/GraficosConsolidado/GraficosOriginalLimpios/038_2009-02-23.png,/home/jacky/DatosSerie/Resultados/Prediccion/anomalias_sinteticos_limpios,/home/jacky/DatosSerie/Resultados/GraficosConsolidado/GraficosOriginalLimpios,2026-02-23,2026-02-23,2009-02-23,2009-02-25,0.9582937955856323,84.3%,1,2,0.5,True,162,149,clip-ViT-B-32,laion2b_s34b_b79k,2026-04-25T05:08:52Z,indefinida,bajada,gamma=4.0|ratio_delta=0.001|ventana_tend=5
123_NBEATS_DIRECT_TRANAD,091_2020-04-08,123_NBEATS_DIRECT_TRANAD.png,091_2020-04-08.png,/home/jacky/DatosSerie/Resultados/Prediccion/anomalias_sinteticos_limpios/123_NBEATS_DIRECT_TRANAD.png,/home/jacky/DatosSerie/Resultados/GraficosConsolidado/GraficosOriginalLimpios/091_2020-04-08.png,/home/jacky/DatosSerie/Resultados/Prediccion/anomalias_sinteticos_limpios,/home/jacky/DatosSerie/Resultados/GraficosConsolidado/GraficosOriginalLimpios,2026-02-23,2026-02-23,2020-04-08,2020-04-09,0.9556966423988342,83.4%,2,2,0.5,True,162,149,clip-ViT-B-32,laion2b_s34b_b79k,2026-04-25T05:08:52Z,indefinida,subida,gamma=4.0|ratio_delta=0.001|ventana_tend=5
124_NBEATS_FEEDBACK_ARIMA,032_2008-12-29,124_NBEATS_FEEDBACK_ARIMA.png,032_2008-12-29.png,/home/jacky/DatosSerie/Resultados/Prediccion/anomalias_sinteticos_limpios/124_NBEATS_FEEDBACK_ARIMA.png,/home/jacky/DatosSerie/Resultados/GraficosConsolidado/GraficosOriginalLimpios/032_2008-12-29.png,/home/jacky/DatosSerie/Resultados/Prediccion/anomalias_sinteticos_limpios,/home/jacky/DatosSerie/Resultados/GraficosConsolidado/GraficosOriginalLimpios,2026-01-29,2026-01-29,2008-12-29,2008-12-29,0.8595316410064697,54.6%,1,2,0.5,True,162,149,clip-ViT-B-32,laion2b_s34b_b79k,2026-04-25T05:08:52Z,indefinida,subida,gamma=4.0|ratio_delta=0.001|ventana_tend=5
124_NBEATS_FEEDBACK_ARIMA,104_2020-09-01,124_NBEATS_FEEDBACK_ARIMA.png,104_2020-09-01.png,/home/jacky/DatosSerie/Resultados/Prediccion/anomalias_sinteticos_limpios/124_NBEATS_FEEDBACK_ARIMA.png,/home/jacky/DatosSerie/Resultados/GraficosConsolidado/GraficosOriginalLimpios/104_2020-09-01.png,/home/jacky/DatosSerie/Resultados/Prediccion/anomalias_sinteticos_limpios,/home/jacky/DatosSerie/Resultados/GraficosConsolidado/GraficosOriginalLimpios,2026-01-29,2026-01-29,2020-09-01,2020-09-01,0.8584399819374084,54.3%,2,2,0.5,True,162,149,clip-ViT-B-32,laion2b_s34b_b79k,2026-04-25T05:08:52Z,indefinida,bajada,gamma=4.0|ratio_delta=0.001|ventana_tend=5
125_NBEATS_FEEDBACK_DIF,032_2008-12-29,125_NBEATS_FEEDBACK_DIF.png,032_2008-12-29.png,/home/jacky/DatosSerie/Resultados/Prediccion/anomalias_sinteticos_limpios/125_NBEATS_FEEDBACK_DIF.png,/home/jacky/DatosSerie/Resultados/GraficosConsolidado/GraficosOriginalLimpios/032_2008-12-29.png,/home/jacky/DatosSerie/Resultados/Prediccion/anomalias_sinteticos_limpios,/home/jacky/DatosSerie/Resultados/GraficosConsolidado/GraficosOriginalLimpios,2026-01-30,2026-02-27,2008-12-29,2008-12-29,0.8595316410064697,54.6%,1,2,0.5,True,162,149,clip-ViT-B-32,laion2b_s34b_b79k,2026-04-25T05:08:52Z,indefinida,subida,gamma=4.0|ratio_delta=0.001|ventana_tend=5
125_NBEATS_FEEDBACK_DIF,104_2020-09-01,125_NBEATS_FEEDBACK_DIF.png,104_2020-09-01.png,/home/jacky/DatosSerie/Resultados/Prediccion/anomalias_sinteticos_limpios/125_NBEATS_FEEDBACK_DIF.png,/home/jacky/DatosSerie/Resultados/GraficosConsolidado/GraficosOriginalLimpios/104_2020-09-01.png,/home/jacky/DatosSerie/Resultados/Prediccion/anomalias_sinteticos_limpios,/home/jacky/DatosSerie/Resultados/GraficosConsolidado/GraficosOriginalLimpios,2026-01-30,2026-02-27,2020-09-01,2020-09-01,0.8584399819374084,54.3%,2,2,0.5,True,162,149,clip-ViT-B-32,laion2b_s34b_b79k,2026-04-25T05:08:52Z,indefinida,bajada,gamma=4.0|ratio_delta=0.001|ventana_tend=5
126_NBEATS_FEEDBACK_TIMEGPT,032_2008-12-29,126_NBEATS_FEEDBACK_TIMEGPT.png,032_2008-12-29.png,/home/jacky/DatosSerie/Resultados/Prediccion/anomalias_sinteticos_limpios/126_NBEATS_FEEDBACK_TIMEGPT.png,/home/jacky/DatosSerie/Resultados/GraficosConsolidado/GraficosOriginalLimpios/032_2008-12-29.png,/home/jacky/DatosSerie/Resultados/Prediccion/anomalias_sinteticos_limpios,/home/jacky/DatosSerie/Resultados/GraficosConsolidado/GraficosOriginalLimpios,2026-02-09,2026-02-12,2008-12-29,2008-12-29,0.8595316410064697,54.6%,1,2,0.5,True,162,149,clip-ViT-B-32,laion2b_s34b_b79k,2026-04-25T05:08:52Z,indefinida,subida,gamma=4.0|ratio_delta=0.001|ventana_tend=5
126_NBEATS_FEEDBACK_TIMEGPT,104_2020-09-01,126_NBEATS_FEEDBACK_TIMEGPT.png,104_2020-09-01.png,/home/jacky/DatosSerie/Resultados/Prediccion/anomalias_sinteticos_limpios/126_NBEATS_FEEDBACK_TIMEGPT.png,/home/jacky/DatosSerie/Resultados/GraficosConsolidado/GraficosOriginalLimpios/104_2020-09-01.png,/home/jacky/DatosSerie/Resultados/Prediccion/anomalias_sinteticos_limpios,/home/jacky/DatosSerie/Resultados/GraficosConsolidado/GraficosOriginalLimpios,2026-02-09,2026-02-12,2020-09-01,2020-09-01,0.8584399819374084,54.3%,2,2,0.5,True,162,149,clip-ViT-B-32,laion2b_s34b_b79k,2026-04-25T05:08:52Z,indefinida,bajada,gamma=4.0|ratio_delta=0.001|ventana_tend=5
127_NBEATS_FEEDBACK_TIMESNET,032_2008-12-29,127_NBEATS_FEEDBACK_TIMESNET.png,032_2008-12-29.png,/home/jacky/DatosSerie/Resultados/Prediccion/anomalias_sinteticos_limpios/127_NBEATS_FEEDBACK_TIMESNET.png,/home/jacky/DatosSerie/Resultados/GraficosConsolidado/GraficosOriginalLimpios/032_2008-12-29.png,/home/jacky/DatosSerie/Resultados/Prediccion/anomalias_sinteticos_limpios,/home/jacky/DatosSerie/Resultados/GraficosConsolidado/GraficosOriginalLimpios,2026-02-21,2026-02-22,2008-12-29,2008-12-29,0.8595316410064697,54.6%,1,2,0.5,True,162,149,clip-ViT-B-32,laion2b_s34b_b79k,2026-04-25T05:08:52Z,indefinida,subida,gamma=4.0|ratio_delta=0.001|ventana_tend=5
127_NBEATS_FEEDBACK_TIMESNET,104_2020-09-01,127_NBEATS_FEEDBACK_TIMESNET.png,104_2020-09-01.png,/home/jacky/DatosSerie/Resultados/Prediccion/anomalias_sinteticos_limpios/127_NBEATS_FEEDBACK_TIMESNET.png,/home/jacky/DatosSerie/Resultados/GraficosConsolidado/GraficosOriginalLimpios/104_2020-09-01.png,/home/jacky/DatosSerie/Resultados/Prediccion/anomalias_sinteticos_limpios,/home/jacky/DatosSerie/Resultados/GraficosConsolidado/GraficosOriginalLimpios,2026-02-21,2026-02-22,2020-09-01,2020-09-01,0.8584399819374084,54.3%,2,2,0.5,True,162,149,clip-ViT-B-32,laion2b_s34b_b79k,2026-04-25T05:08:52Z,indefinida,bajada,gamma=4.0|ratio_delta=0.001|ventana_tend=5
128_NBEATS_FEEDBACK_TRANAD,032_2008-12-29,128_NBEATS_FEEDBACK_TRANAD.png,032_2008-12-29.png,/home/jacky/DatosSerie/Resultados/Prediccion/anomalias_sinteticos_limpios/128_NBEATS_FEEDBACK_TRANAD.png,/home/jacky/DatosSerie/Resultados/GraficosConsolidado/GraficosOriginalLimpios/032_2008-12-29.png,/home/jacky/DatosSerie/Resultados/Prediccion/anomalias_sinteticos_limpios,/home/jacky/DatosSerie/Resultados/GraficosConsolidado/GraficosOriginalLimpios,2026-02-21,2026-02-22,2008-12-29,2008-12-29,0.8595316410064697,54.6%,1,2,0.5,True,162,149,clip-ViT-B-32,laion2b_s34b_b79k,2026-04-25T05:08:52Z,indefinida,subida,gamma=4.0|ratio_delta=0.001|ventana_tend=5
128_NBEATS_FEEDBACK_TRANAD,104_2020-09-01,128_NBEATS_FEEDBACK_TRANAD.png,104_2020-09-01.png,/home/jacky/DatosSerie/Resultados/Prediccion/anomalias_sinteticos_limpios/128_NBEATS_FEEDBACK_TRANAD.png,/home/jacky/DatosSerie/Resultados/GraficosConsolidado/GraficosOriginalLimpios/104_2020-09-01.png,/home/jacky/DatosSerie/Resultados/Prediccion/anomalias_sinteticos_limpios,/home/jacky/DatosSerie/Resultados/GraficosConsolidado/GraficosOriginalLimpios,2026-02-21,2026-02-22,2020-09-01,2020-09-01,0.8584399819374084,54.3%,2,2,0.5,True,162,149,clip-ViT-B-32,laion2b_s34b_b79k,2026-04-25T05:08:52Z,indefinida,bajada,gamma=4.0|ratio_delta=0.001|ventana_tend=5
129_DEEPAR_DIRECT_ARIMA,091_2020-04-08,129_DEEPAR_DIRECT_ARIMA.png,091_2020-04-08.png,/home/jacky/DatosSerie/Resultados/Prediccion/anomalias_sinteticos_limpios/129_DEEPAR_DIRECT_ARIMA.png,/home/jacky/DatosSerie/Resultados/GraficosConsolidado/GraficosOriginalLimpios/091_2020-04-08.png,/home/jacky/DatosSerie/Resultados/Prediccion/anomalias_sinteticos_limpios,/home/jacky/DatosSerie/Resultados/GraficosConsolidado/GraficosOriginalLimpios,2026-01-29,2026-01-30,2020-04-08,2020-04-09,0.969123125076294,88.2%,1,2,0.5,True,162,149,clip-ViT-B-32,laion2b_s34b_b79k,2026-04-25T05:08:52Z,indefinida,subida,gamma=4.0|ratio_delta=0.001|ventana_tend=5
129_DEEPAR_DIRECT_ARIMA,142_2023-08-15,129_DEEPAR_DIRECT_ARIMA.png,142_2023-08-15.png,/home/jacky/DatosSerie/Resultados/Prediccion/anomalias_sinteticos_limpios/129_DEEPAR_DIRECT_ARIMA.png,/home/jacky/DatosSerie/Resultados/GraficosConsolidado/GraficosOriginalLimpios/142_2023-08-15.png,/home/jacky/DatosSerie/Resultados/Prediccion/anomalias_sinteticos_limpios,/home/jacky/DatosSerie/Resultados/GraficosConsolidado/GraficosOriginalLimpios,2026-01-29,2026-01-30,2023-08-15,2023-08-16,0.9626942873001099,85.9%,2,2,0.5,True,162,149,clip-ViT-B-32,laion2b_s34b_b79k,2026-04-25T05:08:52Z,indefinida,bajada,gamma=4.0|ratio_delta=0.001|ventana_tend=5
130_DEEPAR_DIRECT_DBSCAN,091_2020-04-08,130_DEEPAR_DIRECT_DBSCAN.png,091_2020-04-08.png,/home/jacky/DatosSerie/Resultados/Prediccion/anomalias_sinteticos_limpios/130_DEEPAR_DIRECT_DBSCAN.png,/home/jacky/DatosSerie/Resultados/GraficosConsolidado/GraficosOriginalLimpios/091_2020-04-08.png,/home/jacky/DatosSerie/Resultados/Prediccion/anomalias_sinteticos_limpios,/home/jacky/DatosSerie/Resultados/GraficosConsolidado/GraficosOriginalLimpios,2026-01-29,2026-01-31,2020-04-08,2020-04-09,0.9634882211685181,86.2%,1,2,0.5,True,162,149,clip-ViT-B-32,laion2b_s34b_b79k,2026-04-25T05:08:52Z,indefinida,subida,gamma=4.0|ratio_delta=0.001|ventana_tend=5
130_DEEPAR_DIRECT_DBSCAN,142_2023-08-15,130_DEEPAR_DIRECT_DBSCAN.png,142_2023-08-15.png,/home/jacky/DatosSerie/Resultados/Prediccion/anomalias_sinteticos_limpios/130_DEEPAR_DIRECT_DBSCAN.png,/home/jacky/DatosSerie/Resultados/GraficosConsolidado/GraficosOriginalLimpios/142_2023-08-15.png,/home/jacky/DatosSerie/Resultados/Prediccion/anomalias_sinteticos_limpios,/home/jacky/DatosSerie/Resultados/GraficosConsolidado/GraficosOriginalLimpios,2026-01-29,2026-01-31,2023-08-15,2023-08-16,0.9574090838432312,84.0%,2,2,0.5,True,162,149,clip-ViT-B-32,laion2b_s34b_b79k,2026-04-25T05:08:52Z,indefinida,bajada,gamma=4.0|ratio_delta=0.001|ventana_tend=5
131_DEEPAR_DIRECT_DBSCAN,091_2020-04-08,131_DEEPAR_DIRECT_DBSCAN.png,091_2020-04-08.png,/home/jacky/DatosSerie/Resultados/Prediccion/anomalias_sinteticos_limpios/131_DEEPAR_DIRECT_DBSCAN.png,/home/jacky/DatosSerie/Resultados/GraficosConsolidado/GraficosOriginalLimpios/091_2020-04-08.png,/home/jacky/DatosSerie/Resultados/Prediccion/anomalias_sinteticos_limpios,/home/jacky/DatosSerie/Resultados/GraficosConsolidado/GraficosOriginalLimpios,2026-02-02,2026-02-06,2020-04-08,2020-04-09,0.9686711430549622,88.0%,1,2,0.5,True,162,149,clip-ViT-B-32,laion2b_s34b_b79k,2026-04-25T05:08:52Z,subida,subida,gamma=4.0|ratio_delta=0.001|ventana_tend=5
131_DEEPAR_DIRECT_DBSCAN,001_2005-04-20,131_DEEPAR_DIRECT_DBSCAN.png,001_2005-04-20.png,/home/jacky/DatosSerie/Resultados/Prediccion/anomalias_sinteticos_limpios/131_DEEPAR_DIRECT_DBSCAN.png,/home/jacky/DatosSerie/Resultados/GraficosConsolidado/GraficosOriginalLimpios/001_2005-04-20.png,/home/jacky/DatosSerie/Resultados/Prediccion/anomalias_sinteticos_limpios,/home/jacky/DatosSerie/Resultados/GraficosConsolidado/GraficosOriginalLimpios,2026-02-02,2026-02-06,2005-04-20,2005-04-20,0.9633963704109192,86.1%,3,2,0.5,True,162,149,clip-ViT-B-32,laion2b_s34b_b79k,2026-04-25T05:08:52Z,subida,subida,gamma=4.0|ratio_delta=0.001|ventana_tend=5
134_DEEPAR_DIRECT_DBSCAN,142_2023-08-15,134_DEEPAR_DIRECT_DBSCAN.png,142_2023-08-15.png,/home/jacky/DatosSerie/Resultados/Prediccion/anomalias_sinteticos_limpios/134_DEEPAR_DIRECT_DBSCAN.png,/home/jacky/DatosSerie/Resultados/GraficosConsolidado/GraficosOriginalLimpios/142_2023-08-15.png,/home/jacky/DatosSerie/Resultados/Prediccion/anomalias_sinteticos_limpios,/home/jacky/DatosSerie/Resultados/GraficosConsolidado/GraficosOriginalLimpios,2026-02-21,2026-02-24,2023-08-15,2023-08-16,0.9671278595924377,87.5%,2,2,0.5,True,162,149,clip-ViT-B-32,laion2b_s34b_b79k,2026-04-25T05:08:52Z,bajada,bajada,gamma=4.0|ratio_delta=0.001|ventana_tend=5
135_DEEPAR_DIRECT_DBSCAN,154_2025-02-08,135_DEEPAR_DIRECT_DBSCAN.png,154_2025-02-08.png,/home/jacky/DatosSerie/Resultados/Prediccion/anomalias_sinteticos_limpios/135_DEEPAR_DIRECT_DBSCAN.png,/home/jacky/DatosSerie/Resultados/GraficosConsolidado/GraficosOriginalLimpios/154_2025-02-08.png,/home/jacky/DatosSerie/Resultados/Prediccion/anomalias_sinteticos_limpios,/home/jacky/DatosSerie/Resultados/GraficosConsolidado/GraficosOriginalLimpios,2026-02-27,2026-02-27,2025-02-08,2025-02-10,0.9690641760826111,88.2%,1,2,0.5,True,162,149,clip-ViT-B-32,laion2b_s34b_b79k,2026-04-25T05:08:52Z,indefinida,subida,gamma=4.0|ratio_delta=0.001|ventana_tend=5
135_DEEPAR_DIRECT_DBSCAN,158_2025-04-04,135_DEEPAR_DIRECT_DBSCAN.png,158_2025-04-04.png,/home/jacky/DatosSerie/Resultados/Prediccion/anomalias_sinteticos_limpios/135_DEEPAR_DIRECT_DBSCAN.png,/home/jacky/DatosSerie/Resultados/GraficosConsolidado/GraficosOriginalLimpios/158_2025-04-04.png,/home/jacky/DatosSerie/Resultados/Prediccion/anomalias_sinteticos_limpios,/home/jacky/DatosSerie/Resultados/GraficosConsolidado/GraficosOriginalLimpios,2026-02-27,2026-02-27,2025-04-04,2025-04-04,0.9678583145141602,87.8%,2,2,0.5,True,162,149,clip-ViT-B-32,laion2b_s34b_b79k,2026-04-25T05:08:52Z,indefinida,subida,gamma=4.0|ratio_delta=0.001|ventana_tend=5
136_DEEPAR_DIRECT_DIF,142_2023-08-15,136_DEEPAR_DIRECT_DIF.png,142_2023-08-15.png,/home/jacky/DatosSerie/Resultados/Prediccion/anomalias_sinteticos_limpios/136_DEEPAR_DIRECT_DIF.png,/home/jacky/DatosSerie/Resultados/GraficosConsolidado/GraficosOriginalLimpios/142_2023-08-15.png,/home/jacky/DatosSerie/Resultados/Prediccion/anomalias_sinteticos_limpios,/home/jacky/DatosSerie/Resultados/GraficosConsolidado/GraficosOriginalLimpios,2026-01-30,2026-01-30,2023-08-15,2023-08-16,0.9626942873001099,85.9%,2,2,0.5,True,162,149,clip-ViT-B-32,laion2b_s34b_b79k,2026-04-25T05:08:52Z,bajada,bajada,gamma=4.0|ratio_delta=0.001|ventana_tend=5
137_DEEPAR_DIRECT_DIF,142_2023-08-15,137_DEEPAR_DIRECT_DIF.png,142_2023-08-15.png,/home/jacky/DatosSerie/Resultados/Prediccion/anomalias_sinteticos_limpios/137_DEEPAR_DIRECT_DIF.png,/home/jacky/DatosSerie/Resultados/GraficosConsolidado/GraficosOriginalLimpios/142_2023-08-15.png,/home/jacky/DatosSerie/Resultados/Prediccion/anomalias_sinteticos_limpios,/home/jacky/DatosSerie/Resultados/GraficosConsolidado/GraficosOriginalLimpios,2026-02-02,2026-02-02,2023-08-15,2023-08-16,0.9578989744186401,84.2%,2,2,0.5,True,162,149,clip-ViT-B-32,laion2b_s34b_b79k,2026-04-25T05:08:52Z,bajada,bajada,gamma=4.0|ratio_delta=0.001|ventana_tend=5
137_DEEPAR_DIRECT_DIF,002_2005-04-26,137_DEEPAR_DIRECT_DIF.png,002_2005-04-26.png,/home/jacky/DatosSerie/Resultados/Prediccion/anomalias_sinteticos_limpios/137_DEEPAR_DIRECT_DIF.png,/home/jacky/DatosSerie/Resultados/GraficosConsolidado/GraficosOriginalLimpios/002_2005-04-26.png,/home/jacky/DatosSerie/Resultados/Prediccion/anomalias_sinteticos_limpios,/home/jacky/DatosSerie/Resultados/GraficosConsolidado/GraficosOriginalLimpios,2026-02-02,2026-02-02,2005-04-26,2005-04-26,0.9497748017311096,81.4%,5,2,0.5,True,162,149,clip-ViT-B-32,laion2b_s34b_b79k,2026-04-25T05:08:52Z,bajada,bajada,gamma=4.0|ratio_delta=0.001|ventana_tend=5
138_DEEPAR_DIRECT_IFOREST,142_2023-08-15,138_DEEPAR_DIRECT_IFOREST.png,142_2023-08-15.png,/home/jacky/DatosSerie/Resultados/Prediccion/anomalias_sinteticos_limpios/138_DEEPAR_DIRECT_IFOREST.png,/home/jacky/DatosSerie/Resultados/GraficosConsolidado/GraficosOriginalLimpios/142_2023-08-15.png,/home/jacky/DatosSerie/Resultados/Prediccion/anomalias_sinteticos_limpios,/home/jacky/DatosSerie/Resultados/GraficosConsolidado/GraficosOriginalLimpios,2026-02-24,2026-02-24,2023-08-15,2023-08-16,0.9683045148849487,87.9%,3,2,0.5,True,162,149,clip-ViT-B-32,laion2b_s34b_b79k,2026-04-25T05:08:52Z,bajada,bajada,gamma=4.0|ratio_delta=0.001|ventana_tend=5
140_DEEPAR_DIRECT_TIMESNET,091_2020-04-08,140_DEEPAR_DIRECT_TIMESNET.png,091_2020-04-08.png,/home/jacky/DatosSerie/Resultados/Prediccion/anomalias_sinteticos_limpios/140_DEEPAR_DIRECT_TIMESNET.png,/home/jacky/DatosSerie/Resultados/GraficosConsolidado/GraficosOriginalLimpios/091_2020-04-08.png,/home/jacky/DatosSerie/Resultados/Prediccion/anomalias_sinteticos_limpios,/home/jacky/DatosSerie/Resultados/GraficosConsolidado/GraficosOriginalLimpios,2026-02-21,2026-02-21,2020-04-08,2020-04-09,0.9684455990791321,88.0%,1,2,0.5,True,162,149,clip-ViT-B-32,laion2b_s34b_b79k,2026-04-25T05:08:52Z,subida,subida,gamma=4.0|ratio_delta=0.001|ventana_tend=5
140_DEEPAR_DIRECT_TIMESNET,158_2025-04-04,140_DEEPAR_DIRECT_TIMESNET.png,158_2025-04-04.png,/home/jacky/DatosSerie/Resultados/Prediccion/anomalias_sinteticos_limpios/140_DEEPAR_DIRECT_TIMESNET.png,/home/jacky/DatosSerie/Resultados/GraficosConsolidado/GraficosOriginalLimpios/158_2025-04-04.png,/home/jacky/DatosSerie/Resultados/Prediccion/anomalias_sinteticos_limpios,/home/jacky/DatosSerie/Resultados/GraficosConsolidado/GraficosOriginalLimpios,2026-02-21,2026-02-21,2025-04-04,2025-04-04,0.963892936706543,86.3%,3,2,0.5,True,162,149,clip-ViT-B-32,laion2b_s34b_b79k,2026-04-25T05:08:52Z,subida,subida,gamma=4.0|ratio_delta=0.001|ventana_tend=5
141_DEEPAR_DIRECT_TRANAD,142_2023-08-15,141_DEEPAR_DIRECT_TRANAD.png,142_2023-08-15.png,/home/jacky/DatosSerie/Resultados/Prediccion/anomalias_sinteticos_limpios/141_DEEPAR_DIRECT_TRANAD.png,/home/jacky/DatosSerie/Resultados/GraficosConsolidado/GraficosOriginalLimpios/142_2023-08-15.png,/home/jacky/DatosSerie/Resultados/Prediccion/anomalias_sinteticos_limpios,/home/jacky/DatosSerie/Resultados/GraficosConsolidado/GraficosOriginalLimpios,2026-02-24,2026-02-24,2023-08-15,2023-08-16,0.9683045148849487,87.9%,3,2,0.5,True,162,149,clip-ViT-B-32,laion2b_s34b_b79k,2026-04-25T05:08:52Z,bajada,bajada,gamma=4.0|ratio_delta=0.001|ventana_tend=5
142_DEEPAR_FEEDBACK_ARIMA,067_2016-01-12,142_DEEPAR_FEEDBACK_ARIMA.png,067_2016-01-12.png,/home/jacky/DatosSerie/Resultados/Prediccion/anomalias_sinteticos_limpios/142_DEEPAR_FEEDBACK_ARIMA.png,/home/jacky/DatosSerie/Resultados/GraficosConsolidado/GraficosOriginalLimpios/067_2016-01-12.png,/home/jacky/DatosSerie/Resultados/Prediccion/anomalias_sinteticos_limpios,/home/jacky/DatosSerie/Resultados/GraficosConsolidado/GraficosOriginalLimpios,2026-01-29,2026-01-30,2016-01-12,2016-01-12,0.9405956864356995,78.3%,1,2,0.5,True,162,149,clip-ViT-B-32,laion2b_s34b_b79k,2026-04-25T05:08:52Z,indefinida,subida,gamma=4.0|ratio_delta=0.001|ventana_tend=5
142_DEEPAR_FEEDBACK_ARIMA,104_2020-09-01,142_DEEPAR_FEEDBACK_ARIMA.png,104_2020-09-01.png,/home/jacky/DatosSerie/Resultados/Prediccion/anomalias_sinteticos_limpios/142_DEEPAR_FEEDBACK_ARIMA.png,/home/jacky/DatosSerie/Resultados/GraficosConsolidado/GraficosOriginalLimpios/104_2020-09-01.png,/home/jacky/DatosSerie/Resultados/Prediccion/anomalias_sinteticos_limpios,/home/jacky/DatosSerie/Resultados/GraficosConsolidado/GraficosOriginalLimpios,2026-01-29,2026-01-30,2020-09-01,2020-09-01,0.9360077381134033,76.8%,2,2,0.5,True,162,149,clip-ViT-B-32,laion2b_s34b_b79k,2026-04-25T05:08:52Z,indefinida,bajada,gamma=4.0|ratio_delta=0.001|ventana_tend=5
143_DEEPAR_FEEDBACK_DBSCAN,067_2016-01-12,143_DEEPAR_FEEDBACK_DBSCAN.png,067_2016-01-12.png,/home/jacky/DatosSerie/Resultados/Prediccion/anomalias_sinteticos_limpios/143_DEEPAR_FEEDBACK_DBSCAN.png,/home/jacky/DatosSerie/Resultados/GraficosConsolidado/GraficosOriginalLimpios/067_2016-01-12.png,/home/jacky/DatosSerie/Resultados/Prediccion/anomalias_sinteticos_limpios,/home/jacky/DatosSerie/Resultados/GraficosConsolidado/GraficosOriginalLimpios,2026-01-29,2026-02-09,2016-01-12,2016-01-12,0.9396780729293823,78.0%,1,2,0.5,True,162,149,clip-ViT-B-32,laion2b_s34b_b79k,2026-04-25T05:08:52Z,indefinida,subida,gamma=4.0|ratio_delta=0.001|ventana_tend=5
143_DEEPAR_FEEDBACK_DBSCAN,022_2008-10-28,143_DEEPAR_FEEDBACK_DBSCAN.png,022_2008-10-28.png,/home/jacky/DatosSerie/Resultados/Prediccion/anomalias_sinteticos_limpios/143_DEEPAR_FEEDBACK_DBSCAN.png,/home/jacky/DatosSerie/Resultados/GraficosConsolidado/GraficosOriginalLimpios/022_2008-10-28.png,/home/jacky/DatosSerie/Resultados/Prediccion/anomalias_sinteticos_limpios,/home/jacky/DatosSerie/Resultados/GraficosConsolidado/GraficosOriginalLimpios,2026-01-29,2026-02-09,2008-10-28,2008-10-28,0.9356542825698853,76.6%,2,2,0.5,True,162,149,clip-ViT-B-32,laion2b_s34b_b79k,2026-04-25T05:08:52Z,indefinida,subida,gamma=4.0|ratio_delta=0.001|ventana_tend=5
144_DEEPAR_FEEDBACK_DBSCAN,067_2016-01-12,144_DEEPAR_FEEDBACK_DBSCAN.png,067_2016-01-12.png,/home/jacky/DatosSerie/Resultados/Prediccion/anomalias_sinteticos_limpios/144_DEEPAR_FEEDBACK_DBSCAN.png,/home/jacky/DatosSerie/Resultados/GraficosConsolidado/GraficosOriginalLimpios/067_2016-01-12.png,/home/jacky/DatosSerie/Resultados/Prediccion/anomalias_sinteticos_limpios,/home/jacky/DatosSerie/Resultados/GraficosConsolidado/GraficosOriginalLimpios,2026-02-17,2026-02-27,2016-01-12,2016-01-12,0.9372470378875732,77.2%,1,2,0.5,True,162,149,clip-ViT-B-32,laion2b_s34b_b79k,2026-04-25T05:08:52Z,indefinida,subida,gamma=4.0|ratio_delta=0.001|ventana_tend=5
144_DEEPAR_FEEDBACK_DBSCAN,104_2020-09-01,144_DEEPAR_FEEDBACK_DBSCAN.png,104_2020-09-01.png,/home/jacky/DatosSerie/Resultados/Prediccion/anomalias_sinteticos_limpios/144_DEEPAR_FEEDBACK_DBSCAN.png,/home/jacky/DatosSerie/Resultados/GraficosConsolidado/GraficosOriginalLimpios/104_2020-09-01.png,/home/jacky/DatosSerie/Resultados/Prediccion/anomalias_sinteticos_limpios,/home/jacky/DatosSerie/Resultados/GraficosConsolidado/GraficosOriginalLimpios,2026-02-17,2026-02-27,2020-09-01,2020-09-01,0.9359427690505981,76.7%,2,2,0.5,True,162,149,clip-ViT-B-32,laion2b_s34b_b79k,2026-04-25T05:08:52Z,indefinida,bajada,gamma=4.0|ratio_delta=0.001|ventana_tend=5
145_DEEPAR_FEEDBACK_DIF,067_2016-01-12,145_DEEPAR_FEEDBACK_DIF.png,067_2016-01-12.png,/home/jacky/DatosSerie/Resultados/Prediccion/anomalias_sinteticos_limpios/145_DEEPAR_FEEDBACK_DIF.png,/home/jacky/DatosSerie/Resultados/GraficosConsolidado/GraficosOriginalLimpios/067_2016-01-12.png,/home/jacky/DatosSerie/Resultados/Prediccion/anomalias_sinteticos_limpios,/home/jacky/DatosSerie/Resultados/GraficosConsolidado/GraficosOriginalLimpios,2026-01-31,2026-02-01,2016-01-12,2016-01-12,0.941687285900116,78.6%,1,2,0.5,True,162,149,clip-ViT-B-32,laion2b_s34b_b79k,2026-04-25T05:08:52Z,subida,subida,gamma=4.0|ratio_delta=0.001|ventana_tend=5
145_DEEPAR_FEEDBACK_DIF,022_2008-10-28,145_DEEPAR_FEEDBACK_DIF.png,022_2008-10-28.png,/home/jacky/DatosSerie/Resultados/Prediccion/anomalias_sinteticos_limpios/145_DEEPAR_FEEDBACK_DIF.png,/home/jacky/DatosSerie/Resultados/GraficosConsolidado/GraficosOriginalLimpios/022_2008-10-28.png,/home/jacky/DatosSerie/Resultados/Prediccion/anomalias_sinteticos_limpios,/home/jacky/DatosSerie/Resultados/GraficosConsolidado/GraficosOriginalLimpios,2026-01-31,2026-02-01,2008-10-28,2008-10-28,0.9356167912483215,76.6%,3,2,0.5,True,162,149,clip-ViT-B-32,laion2b_s34b_b79k,2026-04-25T05:08:52Z,subida,subida,gamma=4.0|ratio_delta=0.001|ventana_tend=5
146_DEEPAR_FEEDBACK_IFOREST,067_2016-01-12,146_DEEPAR_FEEDBACK_IFOREST.png,067_2016-01-12.png,/home/jacky/DatosSerie/Resultados/Prediccion/anomalias_sinteticos_limpios/146_DEEPAR_FEEDBACK_IFOREST.png,/home/jacky/DatosSerie/Resultados/GraficosConsolidado/GraficosOriginalLimpios/067_2016-01-12.png,/home/jacky/DatosSerie/Resultados/Prediccion/anomalias_sinteticos_limpios,/home/jacky/DatosSerie/Resultados/GraficosConsolidado/GraficosOriginalLimpios,2026-02-27,2026-02-27,2016-01-12,2016-01-12,0.9419909119606018,78.7%,1,2,0.5,True,162,149,clip-ViT-B-32,laion2b_s34b_b79k,2026-04-25T05:08:52Z,indefinida,subida,gamma=4.0|ratio_delta=0.001|ventana_tend=5
146_DEEPAR_FEEDBACK_IFOREST,104_2020-09-01,146_DEEPAR_FEEDBACK_IFOREST.png,104_2020-09-01.png,/home/jacky/DatosSerie/Resultados/Prediccion/anomalias_sinteticos_limpios/146_DEEPAR_FEEDBACK_IFOREST.png,/home/jacky/DatosSerie/Resultados/GraficosConsolidado/GraficosOriginalLimpios/104_2020-09-01.png,/home/jacky/DatosSerie/Resultados/Prediccion/anomalias_sinteticos_limpios,/home/jacky/DatosSerie/Resultados/GraficosConsolidado/GraficosOriginalLimpios,2026-02-27,2026-02-27,2020-09-01,2020-09-01,0.9380887746810913,77.4%,2,2,0.5,True,162,149,clip-ViT-B-32,laion2b_s34b_b79k,2026-04-25T05:08:52Z,indefinida,bajada,gamma=4.0|ratio_delta=0.001|ventana_tend=5
147_DEEPAR_FEEDBACK_TIMEGPT,067_2016-01-12,147_DEEPAR_FEEDBACK_TIMEGPT.png,067_2016-01-12.png,/home/jacky/DatosSerie/Resultados/Prediccion/anomalias_sinteticos_limpios/147_DEEPAR_FEEDBACK_TIMEGPT.png,/home/jacky/DatosSerie/Resultados/GraficosConsolidado/GraficosOriginalLimpios/067_2016-01-12.png,/home/jacky/DatosSerie/Resultados/Prediccion/anomalias_sinteticos_limpios,/home/jacky/DatosSerie/Resultados/GraficosConsolidado/GraficosOriginalLimpios,2026-02-09,2026-02-09,2016-01-12,2016-01-12,0.9468643069267273,80.4%,1,2,0.5,True,162,149,clip-ViT-B-32,laion2b_s34b_b79k,2026-04-25T05:08:52Z,subida,subida,gamma=4.0|ratio_delta=0.001|ventana_tend=5
147_DEEPAR_FEEDBACK_TIMEGPT,022_2008-10-28,147_DEEPAR_FEEDBACK_TIMEGPT.png,022_2008-10-28.png,/home/jacky/DatosSerie/Resultados/Prediccion/anomalias_sinteticos_limpios/147_DEEPAR_FEEDBACK_TIMEGPT.png,/home/jacky/DatosSerie/Resultados/GraficosConsolidado/GraficosOriginalLimpios/022_2008-10-28.png,/home/jacky/DatosSerie/Resultados/Prediccion/anomalias_sinteticos_limpios,/home/jacky/DatosSerie/Resultados/GraficosConsolidado/GraficosOriginalLimpios,2026-02-09,2026-02-09,2008-10-28,2008-10-28,0.9379799962043762,77.4%,3,2,0.5,True,162,149,clip-ViT-B-32,laion2b_s34b_b79k,2026-04-25T05:08:52Z,subida,subida,gamma=4.0|ratio_delta=0.001|ventana_tend=5
148_DEEPAR_FEEDBACK_TIMESNET,067_2016-01-12,148_DEEPAR_FEEDBACK_TIMESNET.png,067_2016-01-12.png,/home/jacky/DatosSerie/Resultados/Prediccion/anomalias_sinteticos_limpios/148_DEEPAR_FEEDBACK_TIMESNET.png,/home/jacky/DatosSerie/Resultados/GraficosConsolidado/GraficosOriginalLimpios/067_2016-01-12.png,/home/jacky/DatosSerie/Resultados/Prediccion/anomalias_sinteticos_limpios,/home/jacky/DatosSerie/Resultados/GraficosConsolidado/GraficosOriginalLimpios,2026-02-27,2026-02-27,2016-01-12,2016-01-12,0.9419909119606018,78.7%,1,2,0.5,True,162,149,clip-ViT-B-32,laion2b_s34b_b79k,2026-04-25T05:08:52Z,indefinida,subida,gamma=4.0|ratio_delta=0.001|ventana_tend=5
148_DEEPAR_FEEDBACK_TIMESNET,104_2020-09-01,148_DEEPAR_FEEDBACK_TIMESNET.png,104_2020-09-01.png,/home/jacky/DatosSerie/Resultados/Prediccion/anomalias_sinteticos_limpios/148_DEEPAR_FEEDBACK_TIMESNET.png,/home/jacky/DatosSerie/Resultados/GraficosConsolidado/GraficosOriginalLimpios/104_2020-09-01.png,/home/jacky/DatosSerie/Resultados/Prediccion/anomalias_sinteticos_limpios,/home/jacky/DatosSerie/Resultados/GraficosConsolidado/GraficosOriginalLimpios,2026-02-27,2026-02-27,2020-09-01,2020-09-01,0.9380887746810913,77.4%,2,2,0.5,True,162,149,clip-ViT-B-32,laion2b_s34b_b79k,2026-04-25T05:08:52Z,indefinida,bajada,gamma=4.0|ratio_delta=0.001|ventana_tend=5
149_DEEPAR_FEEDBACK_TRANAD,067_2016-01-12,149_DEEPAR_FEEDBACK_TRANAD.png,067_2016-01-12.png,/home/jacky/DatosSerie/Resultados/Prediccion/anomalias_sinteticos_limpios/149_DEEPAR_FEEDBACK_TRANAD.png,/home/jacky/DatosSerie/Resultados/GraficosConsolidado/GraficosOriginalLimpios/067_2016-01-12.png,/home/jacky/DatosSerie/Resultados/Prediccion/anomalias_sinteticos_limpios,/home/jacky/DatosSerie/Resultados/GraficosConsolidado/GraficosOriginalLimpios,2026-02-21,2026-02-21,2016-01-12,2016-01-12,0.941278338432312,78.5%,1,2,0.5,True,162,149,clip-ViT-B-32,laion2b_s34b_b79k,2026-04-25T05:08:52Z,subida,subida,gamma=4.0|ratio_delta=0.001|ventana_tend=5
149_DEEPAR_FEEDBACK_TRANAD,022_2008-10-28,149_DEEPAR_FEEDBACK_TRANAD.png,022_2008-10-28.png,/home/jacky/DatosSerie/Resultados/Prediccion/anomalias_sinteticos_limpios/149_DEEPAR_FEEDBACK_TRANAD.png,/home/jacky/DatosSerie/Resultados/GraficosConsolidado/GraficosOriginalLimpios/022_2008-10-28.png,/home/jacky/DatosSerie/Resultados/Prediccion/anomalias_sinteticos_limpios,/home/jacky/DatosSerie/Resultados/GraficosConsolidado/GraficosOriginalLimpios,2026-02-21,2026-02-21,2008-10-28,2008-10-28,0.935442328453064,76.6%,3,2,0.5,True,162,149,clip-ViT-B-32,laion2b_s34b_b79k,2026-04-25T05:08:52Z,subida,subida,gamma=4.0|ratio_delta=0.001|ventana_tend=5
